INFO - 2024-02-26 05:57:53 --> Session: Class initialized using 'CodeIgniter\Session\Handlers\FileHandler' driver.
INFO - 2024-02-26 05:58:12 --> Session: Class initialized using 'CodeIgniter\Session\Handlers\FileHandler' driver.
INFO - 2024-02-26 06:02:07 --> Session: Class initialized using 'CodeIgniter\Session\Handlers\FileHandler' driver.
INFO - 2024-02-26 06:02:24 --> Session: Class initialized using 'CodeIgniter\Session\Handlers\FileHandler' driver.
INFO - 2024-02-26 06:02:25 --> Session: Class initialized using 'CodeIgniter\Session\Handlers\FileHandler' driver.
INFO - 2024-02-26 06:02:30 --> Session: Class initialized using 'CodeIgniter\Session\Handlers\FileHandler' driver.
INFO - 2024-02-26 06:02:34 --> Session: Class initialized using 'CodeIgniter\Session\Handlers\FileHandler' driver.
INFO - 2024-02-26 06:03:41 --> Session: Class initialized using 'CodeIgniter\Session\Handlers\FileHandler' driver.
INFO - 2024-02-26 06:05:25 --> Session: Class initialized using 'CodeIgniter\Session\Handlers\FileHandler' driver.
INFO - 2024-02-26 06:05:26 --> Session: Class initialized using 'CodeIgniter\Session\Handlers\FileHandler' driver.
INFO - 2024-02-26 06:05:29 --> Session: Class initialized using 'CodeIgniter\Session\Handlers\FileHandler' driver.
INFO - 2024-02-26 06:05:40 --> Session: Class initialized using 'CodeIgniter\Session\Handlers\FileHandler' driver.
INFO - 2024-02-26 06:12:09 --> Session: Class initialized using 'CodeIgniter\Session\Handlers\FileHandler' driver.
CRITICAL - 2024-02-26 06:12:09 --> Undefined variable $avatar
in APPPATH\Controllers\TeacherDashboardController.php on line 99.
 1 APPPATH\Controllers\TeacherDashboardController.php(99): CodeIgniter\Debug\Exceptions->errorHandler(2, 'Undefined variable $avatar', 'D:\\laragon\\www\\SchoolingTime\\app\\Controllers\\TeacherDashboardController.php', 99)
 2 SYSTEMPATH\CodeIgniter.php(942): App\Controllers\TeacherDashboardController->teacher_course_insert_db()
 3 SYSTEMPATH\CodeIgniter.php(502): CodeIgniter\CodeIgniter->runController(Object(App\Controllers\TeacherDashboardController))
 4 SYSTEMPATH\CodeIgniter.php(361): CodeIgniter\CodeIgniter->handleRequest(null, Object(Config\Cache), false)
 5 FCPATH\index.php(79): CodeIgniter\CodeIgniter->run()
INFO - 2024-02-26 06:12:27 --> Session: Class initialized using 'CodeIgniter\Session\Handlers\FileHandler' driver.
INFO - 2024-02-26 06:15:27 --> Session: Class initialized using 'CodeIgniter\Session\Handlers\FileHandler' driver.
ERROR - 2024-02-26 06:15:27 --> mysqli_sql_exception: Column 'course_duration' cannot be null in D:\laragon\www\SchoolingTime\vendor\codeigniter4\framework\system\Database\MySQLi\Connection.php:306
Stack trace:
#0 D:\laragon\www\SchoolingTime\vendor\codeigniter4\framework\system\Database\MySQLi\Connection.php(306): mysqli->query('INSERT INTO `te...', 0)
#1 D:\laragon\www\SchoolingTime\vendor\codeigniter4\framework\system\Database\BaseConnection.php(693): CodeIgniter\Database\MySQLi\Connection->execute('INSERT INTO `te...')
#2 D:\laragon\www\SchoolingTime\vendor\codeigniter4\framework\system\Database\BaseConnection.php(607): CodeIgniter\Database\BaseConnection->simpleQuery('INSERT INTO `te...')
#3 D:\laragon\www\SchoolingTime\vendor\codeigniter4\framework\system\Database\BaseBuilder.php(2308): CodeIgniter\Database\BaseConnection->query('INSERT INTO `te...', Array, false)
#4 D:\laragon\www\SchoolingTime\vendor\codeigniter4\framework\system\Model.php(319): CodeIgniter\Database\BaseBuilder->insert()
#5 D:\laragon\www\SchoolingTime\vendor\codeigniter4\framework\system\BaseModel.php(788): CodeIgniter\Model->doInsert(Array)
#6 D:\laragon\www\SchoolingTime\vendor\codeigniter4\framework\system\Model.php(715): CodeIgniter\BaseModel->insert(Array, true)
#7 D:\laragon\www\SchoolingTime\app\Controllers\TeacherDashboardController.php(103): CodeIgniter\Model->insert(Array)
#8 D:\laragon\www\SchoolingTime\vendor\codeigniter4\framework\system\CodeIgniter.php(942): App\Controllers\TeacherDashboardController->teacher_course_insert_db()
#9 D:\laragon\www\SchoolingTime\vendor\codeigniter4\framework\system\CodeIgniter.php(502): CodeIgniter\CodeIgniter->runController(Object(App\Controllers\TeacherDashboardController))
#10 D:\laragon\www\SchoolingTime\vendor\codeigniter4\framework\system\CodeIgniter.php(361): CodeIgniter\CodeIgniter->handleRequest(NULL, Object(Config\Cache), false)
#11 D:\laragon\www\SchoolingTime\index.php(79): CodeIgniter\CodeIgniter->run()
#12 {main}
CRITICAL - 2024-02-26 06:15:27 --> Column 'course_duration' cannot be null
in SYSTEMPATH\Database\BaseConnection.php on line 647.
 1 SYSTEMPATH\Database\BaseBuilder.php(2308): CodeIgniter\Database\BaseConnection->query('INSERT INTO `teacher_course` (`course_teacher_id`, `coures_title`, `course_type_name`, `course_category_id`, `course_level`, `course_duration`, `course_start_date`, `course_schedule`, `course_note`, `what_you_will_learn`, `course_price`, `demo_class_link`, `course_pic`, `course_prerequisite`, `course_status`) VALUES (:course_teacher_id:, :coures_title:, :course_type_name:, :course_category_id:, :course_level:, :course_duration:, :course_start_date:, :course_schedule:, :course_note:, :what_you_will_learn:, :course_price:, :demo_class_link:, :course_pic:, :course_prerequisite:, :course_status:)', [...], false)
 2 SYSTEMPATH\Model.php(319): CodeIgniter\Database\BaseBuilder->insert()
 3 SYSTEMPATH\BaseModel.php(788): CodeIgniter\Model->doInsert([...])
 4 SYSTEMPATH\Model.php(715): CodeIgniter\BaseModel->insert([...], true)
 5 APPPATH\Controllers\TeacherDashboardController.php(103): CodeIgniter\Model->insert([...])
 6 SYSTEMPATH\CodeIgniter.php(942): App\Controllers\TeacherDashboardController->teacher_course_insert_db()
 7 SYSTEMPATH\CodeIgniter.php(502): CodeIgniter\CodeIgniter->runController(Object(App\Controllers\TeacherDashboardController))
 8 SYSTEMPATH\CodeIgniter.php(361): CodeIgniter\CodeIgniter->handleRequest(null, Object(Config\Cache), false)
 9 FCPATH\index.php(79): CodeIgniter\CodeIgniter->run()
INFO - 2024-02-26 09:45:28 --> Session: Class initialized using 'CodeIgniter\Session\Handlers\FileHandler' driver.
ERROR - 2024-02-26 09:45:28 --> mysqli_sql_exception: Unknown column 'teacher_course.course_duration' in 'field list' in D:\laragon\www\SchoolingTime\vendor\codeigniter4\framework\system\Database\MySQLi\Connection.php:306
Stack trace:
#0 D:\laragon\www\SchoolingTime\vendor\codeigniter4\framework\system\Database\MySQLi\Connection.php(306): mysqli->query('SELECT teacher_...', 0)
#1 D:\laragon\www\SchoolingTime\vendor\codeigniter4\framework\system\Database\BaseConnection.php(693): CodeIgniter\Database\MySQLi\Connection->execute('SELECT teacher_...')
#2 D:\laragon\www\SchoolingTime\vendor\codeigniter4\framework\system\Database\BaseConnection.php(607): CodeIgniter\Database\BaseConnection->simpleQuery('SELECT teacher_...')
#3 D:\laragon\www\SchoolingTime\app\Views\include\homepage_tab_three_courses.php(60): CodeIgniter\Database\BaseConnection->query('SELECT teacher_...')
#4 D:\laragon\www\SchoolingTime\vendor\codeigniter4\framework\system\View\View.php(228): include('D:\\laragon\\www\\...')
#5 D:\laragon\www\SchoolingTime\vendor\codeigniter4\framework\system\View\View.php(231): CodeIgniter\View\View->CodeIgniter\View\{closure}()
#6 D:\laragon\www\SchoolingTime\vendor\codeigniter4\framework\system\View\View.php(469): CodeIgniter\View\View->render('include/homepag...', NULL, true)
#7 D:\laragon\www\SchoolingTime\app\Views\homepageView.php(25): CodeIgniter\View\View->include('include/homepag...')
#8 D:\laragon\www\SchoolingTime\vendor\codeigniter4\framework\system\View\View.php(228): include('D:\\laragon\\www\\...')
#9 D:\laragon\www\SchoolingTime\vendor\codeigniter4\framework\system\View\View.php(231): CodeIgniter\View\View->CodeIgniter\View\{closure}()
#10 D:\laragon\www\SchoolingTime\vendor\codeigniter4\framework\system\Common.php(1190): CodeIgniter\View\View->render('homepageView', Array, true)
#11 D:\laragon\www\SchoolingTime\app\Controllers\HomepageController.php(14): view('homepageView')
#12 D:\laragon\www\SchoolingTime\vendor\codeigniter4\framework\system\CodeIgniter.php(942): App\Controllers\HomepageController->index()
#13 D:\laragon\www\SchoolingTime\vendor\codeigniter4\framework\system\CodeIgniter.php(502): CodeIgniter\CodeIgniter->runController(Object(App\Controllers\HomepageController))
#14 D:\laragon\www\SchoolingTime\vendor\codeigniter4\framework\system\CodeIgniter.php(361): CodeIgniter\CodeIgniter->handleRequest(NULL, Object(Config\Cache), false)
#15 D:\laragon\www\SchoolingTime\index.php(79): CodeIgniter\CodeIgniter->run()
#16 {main}
CRITICAL - 2024-02-26 09:45:28 --> Unknown column 'teacher_course.course_duration' in 'field list'
in SYSTEMPATH\Database\BaseConnection.php on line 647.
 1 APPPATH\Views\include\homepage_tab_three_courses.php(60): CodeIgniter\Database\BaseConnection->query('SELECT teacher_profile.last_educational_institute, teacher_profile.teacher_edu_his,
      teacher_profile.teacher_pro_his, teacher_profile.teacher_certi_award, teacher_profile.teacher_pic,
      teacher_course.coures_title, teacher_course.course_level, teacher_course.course_duration,
      teacher_course.course_schedule,teacher_course.course_note,teacher_course.course_pic,
      teacher_course.course_teacher_id,teacher_course.course_id,
      teacher_course.course_status,teacher_course.course_type_name    
      FROM teacher_course
      LEFT JOIN teacher_profile ON teacher_profile.teacher_id = teacher_course.course_teacher_id')
 2 SYSTEMPATH\View\View.php(228): include('D:\\laragon\\www\\SchoolingTime\\app\\Views\\include\\homepage_tab_three_courses.php')
 3 SYSTEMPATH\View\View.php(231): CodeIgniter\View\View->CodeIgniter\View\{closure}()
 4 SYSTEMPATH\View\View.php(469): CodeIgniter\View\View->render('include/homepage_tab_three_courses', null, true)
 5 APPPATH\Views\homepageView.php(25): CodeIgniter\View\View->include('include/homepage_tab_three_courses')
 6 SYSTEMPATH\View\View.php(228): include('D:\\laragon\\www\\SchoolingTime\\app\\Views\\homepageView.php')
 7 SYSTEMPATH\View\View.php(231): CodeIgniter\View\View->CodeIgniter\View\{closure}()
 8 SYSTEMPATH\Common.php(1190): CodeIgniter\View\View->render('homepageView', [], true)
 9 APPPATH\Controllers\HomepageController.php(14): view('homepageView')
10 SYSTEMPATH\CodeIgniter.php(942): App\Controllers\HomepageController->index()
11 SYSTEMPATH\CodeIgniter.php(502): CodeIgniter\CodeIgniter->runController(Object(App\Controllers\HomepageController))
12 SYSTEMPATH\CodeIgniter.php(361): CodeIgniter\CodeIgniter->handleRequest(null, Object(Config\Cache), false)
13 FCPATH\index.php(79): CodeIgniter\CodeIgniter->run()
INFO - 2024-02-26 09:45:37 --> Session: Class initialized using 'CodeIgniter\Session\Handlers\FileHandler' driver.
ERROR - 2024-02-26 09:45:37 --> mysqli_sql_exception: Unknown column 'teacher_course.course_duration' in 'field list' in D:\laragon\www\SchoolingTime\vendor\codeigniter4\framework\system\Database\MySQLi\Connection.php:306
Stack trace:
#0 D:\laragon\www\SchoolingTime\vendor\codeigniter4\framework\system\Database\MySQLi\Connection.php(306): mysqli->query('SELECT teacher_...', 0)
#1 D:\laragon\www\SchoolingTime\vendor\codeigniter4\framework\system\Database\BaseConnection.php(693): CodeIgniter\Database\MySQLi\Connection->execute('SELECT teacher_...')
#2 D:\laragon\www\SchoolingTime\vendor\codeigniter4\framework\system\Database\BaseConnection.php(607): CodeIgniter\Database\BaseConnection->simpleQuery('SELECT teacher_...')
#3 D:\laragon\www\SchoolingTime\app\Views\include\homepage_tab_three_courses.php(60): CodeIgniter\Database\BaseConnection->query('SELECT teacher_...')
#4 D:\laragon\www\SchoolingTime\vendor\codeigniter4\framework\system\View\View.php(228): include('D:\\laragon\\www\\...')
#5 D:\laragon\www\SchoolingTime\vendor\codeigniter4\framework\system\View\View.php(231): CodeIgniter\View\View->CodeIgniter\View\{closure}()
#6 D:\laragon\www\SchoolingTime\vendor\codeigniter4\framework\system\View\View.php(469): CodeIgniter\View\View->render('include/homepag...', NULL, true)
#7 D:\laragon\www\SchoolingTime\app\Views\homepageView.php(25): CodeIgniter\View\View->include('include/homepag...')
#8 D:\laragon\www\SchoolingTime\vendor\codeigniter4\framework\system\View\View.php(228): include('D:\\laragon\\www\\...')
#9 D:\laragon\www\SchoolingTime\vendor\codeigniter4\framework\system\View\View.php(231): CodeIgniter\View\View->CodeIgniter\View\{closure}()
#10 D:\laragon\www\SchoolingTime\vendor\codeigniter4\framework\system\Common.php(1190): CodeIgniter\View\View->render('homepageView', Array, true)
#11 D:\laragon\www\SchoolingTime\app\Controllers\HomepageController.php(14): view('homepageView')
#12 D:\laragon\www\SchoolingTime\vendor\codeigniter4\framework\system\CodeIgniter.php(942): App\Controllers\HomepageController->index()
#13 D:\laragon\www\SchoolingTime\vendor\codeigniter4\framework\system\CodeIgniter.php(502): CodeIgniter\CodeIgniter->runController(Object(App\Controllers\HomepageController))
#14 D:\laragon\www\SchoolingTime\vendor\codeigniter4\framework\system\CodeIgniter.php(361): CodeIgniter\CodeIgniter->handleRequest(NULL, Object(Config\Cache), false)
#15 D:\laragon\www\SchoolingTime\index.php(79): CodeIgniter\CodeIgniter->run()
#16 {main}
CRITICAL - 2024-02-26 09:45:37 --> Unknown column 'teacher_course.course_duration' in 'field list'
in SYSTEMPATH\Database\BaseConnection.php on line 647.
 1 APPPATH\Views\include\homepage_tab_three_courses.php(60): CodeIgniter\Database\BaseConnection->query('SELECT teacher_profile.last_educational_institute, teacher_profile.teacher_edu_his,
      teacher_profile.teacher_pro_his, teacher_profile.teacher_certi_award, teacher_profile.teacher_pic,
      teacher_course.coures_title, teacher_course.course_level, teacher_course.course_duration,
      teacher_course.course_schedule,teacher_course.course_note,teacher_course.course_pic,
      teacher_course.course_teacher_id,teacher_course.course_id,
      teacher_course.course_status,teacher_course.course_type_name    
      FROM teacher_course
      LEFT JOIN teacher_profile ON teacher_profile.teacher_id = teacher_course.course_teacher_id')
 2 SYSTEMPATH\View\View.php(228): include('D:\\laragon\\www\\SchoolingTime\\app\\Views\\include\\homepage_tab_three_courses.php')
 3 SYSTEMPATH\View\View.php(231): CodeIgniter\View\View->CodeIgniter\View\{closure}()
 4 SYSTEMPATH\View\View.php(469): CodeIgniter\View\View->render('include/homepage_tab_three_courses', null, true)
 5 APPPATH\Views\homepageView.php(25): CodeIgniter\View\View->include('include/homepage_tab_three_courses')
 6 SYSTEMPATH\View\View.php(228): include('D:\\laragon\\www\\SchoolingTime\\app\\Views\\homepageView.php')
 7 SYSTEMPATH\View\View.php(231): CodeIgniter\View\View->CodeIgniter\View\{closure}()
 8 SYSTEMPATH\Common.php(1190): CodeIgniter\View\View->render('homepageView', [], true)
 9 APPPATH\Controllers\HomepageController.php(14): view('homepageView')
10 SYSTEMPATH\CodeIgniter.php(942): App\Controllers\HomepageController->index()
11 SYSTEMPATH\CodeIgniter.php(502): CodeIgniter\CodeIgniter->runController(Object(App\Controllers\HomepageController))
12 SYSTEMPATH\CodeIgniter.php(361): CodeIgniter\CodeIgniter->handleRequest(null, Object(Config\Cache), false)
13 FCPATH\index.php(79): CodeIgniter\CodeIgniter->run()
INFO - 2024-02-26 09:45:37 --> Session: Class initialized using 'CodeIgniter\Session\Handlers\FileHandler' driver.
ERROR - 2024-02-26 09:45:37 --> mysqli_sql_exception: Unknown column 'teacher_course.course_duration' in 'field list' in D:\laragon\www\SchoolingTime\vendor\codeigniter4\framework\system\Database\MySQLi\Connection.php:306
Stack trace:
#0 D:\laragon\www\SchoolingTime\vendor\codeigniter4\framework\system\Database\MySQLi\Connection.php(306): mysqli->query('SELECT teacher_...', 0)
#1 D:\laragon\www\SchoolingTime\vendor\codeigniter4\framework\system\Database\BaseConnection.php(693): CodeIgniter\Database\MySQLi\Connection->execute('SELECT teacher_...')
#2 D:\laragon\www\SchoolingTime\vendor\codeigniter4\framework\system\Database\BaseConnection.php(607): CodeIgniter\Database\BaseConnection->simpleQuery('SELECT teacher_...')
#3 D:\laragon\www\SchoolingTime\app\Views\include\homepage_tab_three_courses.php(60): CodeIgniter\Database\BaseConnection->query('SELECT teacher_...')
#4 D:\laragon\www\SchoolingTime\vendor\codeigniter4\framework\system\View\View.php(228): include('D:\\laragon\\www\\...')
#5 D:\laragon\www\SchoolingTime\vendor\codeigniter4\framework\system\View\View.php(231): CodeIgniter\View\View->CodeIgniter\View\{closure}()
#6 D:\laragon\www\SchoolingTime\vendor\codeigniter4\framework\system\View\View.php(469): CodeIgniter\View\View->render('include/homepag...', NULL, true)
#7 D:\laragon\www\SchoolingTime\app\Views\homepageView.php(25): CodeIgniter\View\View->include('include/homepag...')
#8 D:\laragon\www\SchoolingTime\vendor\codeigniter4\framework\system\View\View.php(228): include('D:\\laragon\\www\\...')
#9 D:\laragon\www\SchoolingTime\vendor\codeigniter4\framework\system\View\View.php(231): CodeIgniter\View\View->CodeIgniter\View\{closure}()
#10 D:\laragon\www\SchoolingTime\vendor\codeigniter4\framework\system\Common.php(1190): CodeIgniter\View\View->render('homepageView', Array, true)
#11 D:\laragon\www\SchoolingTime\app\Controllers\HomepageController.php(14): view('homepageView')
#12 D:\laragon\www\SchoolingTime\vendor\codeigniter4\framework\system\CodeIgniter.php(942): App\Controllers\HomepageController->index()
#13 D:\laragon\www\SchoolingTime\vendor\codeigniter4\framework\system\CodeIgniter.php(502): CodeIgniter\CodeIgniter->runController(Object(App\Controllers\HomepageController))
#14 D:\laragon\www\SchoolingTime\vendor\codeigniter4\framework\system\CodeIgniter.php(361): CodeIgniter\CodeIgniter->handleRequest(NULL, Object(Config\Cache), false)
#15 D:\laragon\www\SchoolingTime\index.php(79): CodeIgniter\CodeIgniter->run()
#16 {main}
CRITICAL - 2024-02-26 09:45:37 --> Unknown column 'teacher_course.course_duration' in 'field list'
in SYSTEMPATH\Database\BaseConnection.php on line 647.
 1 APPPATH\Views\include\homepage_tab_three_courses.php(60): CodeIgniter\Database\BaseConnection->query('SELECT teacher_profile.last_educational_institute, teacher_profile.teacher_edu_his,
      teacher_profile.teacher_pro_his, teacher_profile.teacher_certi_award, teacher_profile.teacher_pic,
      teacher_course.coures_title, teacher_course.course_level, teacher_course.course_duration,
      teacher_course.course_schedule,teacher_course.course_note,teacher_course.course_pic,
      teacher_course.course_teacher_id,teacher_course.course_id,
      teacher_course.course_status,teacher_course.course_type_name    
      FROM teacher_course
      LEFT JOIN teacher_profile ON teacher_profile.teacher_id = teacher_course.course_teacher_id')
 2 SYSTEMPATH\View\View.php(228): include('D:\\laragon\\www\\SchoolingTime\\app\\Views\\include\\homepage_tab_three_courses.php')
 3 SYSTEMPATH\View\View.php(231): CodeIgniter\View\View->CodeIgniter\View\{closure}()
 4 SYSTEMPATH\View\View.php(469): CodeIgniter\View\View->render('include/homepage_tab_three_courses', null, true)
 5 APPPATH\Views\homepageView.php(25): CodeIgniter\View\View->include('include/homepage_tab_three_courses')
 6 SYSTEMPATH\View\View.php(228): include('D:\\laragon\\www\\SchoolingTime\\app\\Views\\homepageView.php')
 7 SYSTEMPATH\View\View.php(231): CodeIgniter\View\View->CodeIgniter\View\{closure}()
 8 SYSTEMPATH\Common.php(1190): CodeIgniter\View\View->render('homepageView', [], true)
 9 APPPATH\Controllers\HomepageController.php(14): view('homepageView')
10 SYSTEMPATH\CodeIgniter.php(942): App\Controllers\HomepageController->index()
11 SYSTEMPATH\CodeIgniter.php(502): CodeIgniter\CodeIgniter->runController(Object(App\Controllers\HomepageController))
12 SYSTEMPATH\CodeIgniter.php(361): CodeIgniter\CodeIgniter->handleRequest(null, Object(Config\Cache), false)
13 FCPATH\index.php(79): CodeIgniter\CodeIgniter->run()
INFO - 2024-02-26 09:45:37 --> Session: Class initialized using 'CodeIgniter\Session\Handlers\FileHandler' driver.
ERROR - 2024-02-26 09:45:37 --> mysqli_sql_exception: Unknown column 'teacher_course.course_duration' in 'field list' in D:\laragon\www\SchoolingTime\vendor\codeigniter4\framework\system\Database\MySQLi\Connection.php:306
Stack trace:
#0 D:\laragon\www\SchoolingTime\vendor\codeigniter4\framework\system\Database\MySQLi\Connection.php(306): mysqli->query('SELECT teacher_...', 0)
#1 D:\laragon\www\SchoolingTime\vendor\codeigniter4\framework\system\Database\BaseConnection.php(693): CodeIgniter\Database\MySQLi\Connection->execute('SELECT teacher_...')
#2 D:\laragon\www\SchoolingTime\vendor\codeigniter4\framework\system\Database\BaseConnection.php(607): CodeIgniter\Database\BaseConnection->simpleQuery('SELECT teacher_...')
#3 D:\laragon\www\SchoolingTime\app\Views\include\homepage_tab_three_courses.php(60): CodeIgniter\Database\BaseConnection->query('SELECT teacher_...')
#4 D:\laragon\www\SchoolingTime\vendor\codeigniter4\framework\system\View\View.php(228): include('D:\\laragon\\www\\...')
#5 D:\laragon\www\SchoolingTime\vendor\codeigniter4\framework\system\View\View.php(231): CodeIgniter\View\View->CodeIgniter\View\{closure}()
#6 D:\laragon\www\SchoolingTime\vendor\codeigniter4\framework\system\View\View.php(469): CodeIgniter\View\View->render('include/homepag...', NULL, true)
#7 D:\laragon\www\SchoolingTime\app\Views\homepageView.php(25): CodeIgniter\View\View->include('include/homepag...')
#8 D:\laragon\www\SchoolingTime\vendor\codeigniter4\framework\system\View\View.php(228): include('D:\\laragon\\www\\...')
#9 D:\laragon\www\SchoolingTime\vendor\codeigniter4\framework\system\View\View.php(231): CodeIgniter\View\View->CodeIgniter\View\{closure}()
#10 D:\laragon\www\SchoolingTime\vendor\codeigniter4\framework\system\Common.php(1190): CodeIgniter\View\View->render('homepageView', Array, true)
#11 D:\laragon\www\SchoolingTime\app\Controllers\HomepageController.php(14): view('homepageView')
#12 D:\laragon\www\SchoolingTime\vendor\codeigniter4\framework\system\CodeIgniter.php(942): App\Controllers\HomepageController->index()
#13 D:\laragon\www\SchoolingTime\vendor\codeigniter4\framework\system\CodeIgniter.php(502): CodeIgniter\CodeIgniter->runController(Object(App\Controllers\HomepageController))
#14 D:\laragon\www\SchoolingTime\vendor\codeigniter4\framework\system\CodeIgniter.php(361): CodeIgniter\CodeIgniter->handleRequest(NULL, Object(Config\Cache), false)
#15 D:\laragon\www\SchoolingTime\index.php(79): CodeIgniter\CodeIgniter->run()
#16 {main}
CRITICAL - 2024-02-26 09:45:37 --> Unknown column 'teacher_course.course_duration' in 'field list'
in SYSTEMPATH\Database\BaseConnection.php on line 647.
 1 APPPATH\Views\include\homepage_tab_three_courses.php(60): CodeIgniter\Database\BaseConnection->query('SELECT teacher_profile.last_educational_institute, teacher_profile.teacher_edu_his,
      teacher_profile.teacher_pro_his, teacher_profile.teacher_certi_award, teacher_profile.teacher_pic,
      teacher_course.coures_title, teacher_course.course_level, teacher_course.course_duration,
      teacher_course.course_schedule,teacher_course.course_note,teacher_course.course_pic,
      teacher_course.course_teacher_id,teacher_course.course_id,
      teacher_course.course_status,teacher_course.course_type_name    
      FROM teacher_course
      LEFT JOIN teacher_profile ON teacher_profile.teacher_id = teacher_course.course_teacher_id')
 2 SYSTEMPATH\View\View.php(228): include('D:\\laragon\\www\\SchoolingTime\\app\\Views\\include\\homepage_tab_three_courses.php')
 3 SYSTEMPATH\View\View.php(231): CodeIgniter\View\View->CodeIgniter\View\{closure}()
 4 SYSTEMPATH\View\View.php(469): CodeIgniter\View\View->render('include/homepage_tab_three_courses', null, true)
 5 APPPATH\Views\homepageView.php(25): CodeIgniter\View\View->include('include/homepage_tab_three_courses')
 6 SYSTEMPATH\View\View.php(228): include('D:\\laragon\\www\\SchoolingTime\\app\\Views\\homepageView.php')
 7 SYSTEMPATH\View\View.php(231): CodeIgniter\View\View->CodeIgniter\View\{closure}()
 8 SYSTEMPATH\Common.php(1190): CodeIgniter\View\View->render('homepageView', [], true)
 9 APPPATH\Controllers\HomepageController.php(14): view('homepageView')
10 SYSTEMPATH\CodeIgniter.php(942): App\Controllers\HomepageController->index()
11 SYSTEMPATH\CodeIgniter.php(502): CodeIgniter\CodeIgniter->runController(Object(App\Controllers\HomepageController))
12 SYSTEMPATH\CodeIgniter.php(361): CodeIgniter\CodeIgniter->handleRequest(null, Object(Config\Cache), false)
13 FCPATH\index.php(79): CodeIgniter\CodeIgniter->run()
INFO - 2024-02-26 09:45:37 --> Session: Class initialized using 'CodeIgniter\Session\Handlers\FileHandler' driver.
ERROR - 2024-02-26 09:45:37 --> mysqli_sql_exception: Unknown column 'teacher_course.course_duration' in 'field list' in D:\laragon\www\SchoolingTime\vendor\codeigniter4\framework\system\Database\MySQLi\Connection.php:306
Stack trace:
#0 D:\laragon\www\SchoolingTime\vendor\codeigniter4\framework\system\Database\MySQLi\Connection.php(306): mysqli->query('SELECT teacher_...', 0)
#1 D:\laragon\www\SchoolingTime\vendor\codeigniter4\framework\system\Database\BaseConnection.php(693): CodeIgniter\Database\MySQLi\Connection->execute('SELECT teacher_...')
#2 D:\laragon\www\SchoolingTime\vendor\codeigniter4\framework\system\Database\BaseConnection.php(607): CodeIgniter\Database\BaseConnection->simpleQuery('SELECT teacher_...')
#3 D:\laragon\www\SchoolingTime\app\Views\include\homepage_tab_three_courses.php(60): CodeIgniter\Database\BaseConnection->query('SELECT teacher_...')
#4 D:\laragon\www\SchoolingTime\vendor\codeigniter4\framework\system\View\View.php(228): include('D:\\laragon\\www\\...')
#5 D:\laragon\www\SchoolingTime\vendor\codeigniter4\framework\system\View\View.php(231): CodeIgniter\View\View->CodeIgniter\View\{closure}()
#6 D:\laragon\www\SchoolingTime\vendor\codeigniter4\framework\system\View\View.php(469): CodeIgniter\View\View->render('include/homepag...', NULL, true)
#7 D:\laragon\www\SchoolingTime\app\Views\homepageView.php(25): CodeIgniter\View\View->include('include/homepag...')
#8 D:\laragon\www\SchoolingTime\vendor\codeigniter4\framework\system\View\View.php(228): include('D:\\laragon\\www\\...')
#9 D:\laragon\www\SchoolingTime\vendor\codeigniter4\framework\system\View\View.php(231): CodeIgniter\View\View->CodeIgniter\View\{closure}()
#10 D:\laragon\www\SchoolingTime\vendor\codeigniter4\framework\system\Common.php(1190): CodeIgniter\View\View->render('homepageView', Array, true)
#11 D:\laragon\www\SchoolingTime\app\Controllers\HomepageController.php(14): view('homepageView')
#12 D:\laragon\www\SchoolingTime\vendor\codeigniter4\framework\system\CodeIgniter.php(942): App\Controllers\HomepageController->index()
#13 D:\laragon\www\SchoolingTime\vendor\codeigniter4\framework\system\CodeIgniter.php(502): CodeIgniter\CodeIgniter->runController(Object(App\Controllers\HomepageController))
#14 D:\laragon\www\SchoolingTime\vendor\codeigniter4\framework\system\CodeIgniter.php(361): CodeIgniter\CodeIgniter->handleRequest(NULL, Object(Config\Cache), false)
#15 D:\laragon\www\SchoolingTime\index.php(79): CodeIgniter\CodeIgniter->run()
#16 {main}
CRITICAL - 2024-02-26 09:45:37 --> Unknown column 'teacher_course.course_duration' in 'field list'
in SYSTEMPATH\Database\BaseConnection.php on line 647.
 1 APPPATH\Views\include\homepage_tab_three_courses.php(60): CodeIgniter\Database\BaseConnection->query('SELECT teacher_profile.last_educational_institute, teacher_profile.teacher_edu_his,
      teacher_profile.teacher_pro_his, teacher_profile.teacher_certi_award, teacher_profile.teacher_pic,
      teacher_course.coures_title, teacher_course.course_level, teacher_course.course_duration,
      teacher_course.course_schedule,teacher_course.course_note,teacher_course.course_pic,
      teacher_course.course_teacher_id,teacher_course.course_id,
      teacher_course.course_status,teacher_course.course_type_name    
      FROM teacher_course
      LEFT JOIN teacher_profile ON teacher_profile.teacher_id = teacher_course.course_teacher_id')
 2 SYSTEMPATH\View\View.php(228): include('D:\\laragon\\www\\SchoolingTime\\app\\Views\\include\\homepage_tab_three_courses.php')
 3 SYSTEMPATH\View\View.php(231): CodeIgniter\View\View->CodeIgniter\View\{closure}()
 4 SYSTEMPATH\View\View.php(469): CodeIgniter\View\View->render('include/homepage_tab_three_courses', null, true)
 5 APPPATH\Views\homepageView.php(25): CodeIgniter\View\View->include('include/homepage_tab_three_courses')
 6 SYSTEMPATH\View\View.php(228): include('D:\\laragon\\www\\SchoolingTime\\app\\Views\\homepageView.php')
 7 SYSTEMPATH\View\View.php(231): CodeIgniter\View\View->CodeIgniter\View\{closure}()
 8 SYSTEMPATH\Common.php(1190): CodeIgniter\View\View->render('homepageView', [], true)
 9 APPPATH\Controllers\HomepageController.php(14): view('homepageView')
10 SYSTEMPATH\CodeIgniter.php(942): App\Controllers\HomepageController->index()
11 SYSTEMPATH\CodeIgniter.php(502): CodeIgniter\CodeIgniter->runController(Object(App\Controllers\HomepageController))
12 SYSTEMPATH\CodeIgniter.php(361): CodeIgniter\CodeIgniter->handleRequest(null, Object(Config\Cache), false)
13 FCPATH\index.php(79): CodeIgniter\CodeIgniter->run()
INFO - 2024-02-26 09:45:38 --> Session: Class initialized using 'CodeIgniter\Session\Handlers\FileHandler' driver.
ERROR - 2024-02-26 09:45:38 --> mysqli_sql_exception: Unknown column 'teacher_course.course_duration' in 'field list' in D:\laragon\www\SchoolingTime\vendor\codeigniter4\framework\system\Database\MySQLi\Connection.php:306
Stack trace:
#0 D:\laragon\www\SchoolingTime\vendor\codeigniter4\framework\system\Database\MySQLi\Connection.php(306): mysqli->query('SELECT teacher_...', 0)
#1 D:\laragon\www\SchoolingTime\vendor\codeigniter4\framework\system\Database\BaseConnection.php(693): CodeIgniter\Database\MySQLi\Connection->execute('SELECT teacher_...')
#2 D:\laragon\www\SchoolingTime\vendor\codeigniter4\framework\system\Database\BaseConnection.php(607): CodeIgniter\Database\BaseConnection->simpleQuery('SELECT teacher_...')
#3 D:\laragon\www\SchoolingTime\app\Views\include\homepage_tab_three_courses.php(60): CodeIgniter\Database\BaseConnection->query('SELECT teacher_...')
#4 D:\laragon\www\SchoolingTime\vendor\codeigniter4\framework\system\View\View.php(228): include('D:\\laragon\\www\\...')
#5 D:\laragon\www\SchoolingTime\vendor\codeigniter4\framework\system\View\View.php(231): CodeIgniter\View\View->CodeIgniter\View\{closure}()
#6 D:\laragon\www\SchoolingTime\vendor\codeigniter4\framework\system\View\View.php(469): CodeIgniter\View\View->render('include/homepag...', NULL, true)
#7 D:\laragon\www\SchoolingTime\app\Views\homepageView.php(25): CodeIgniter\View\View->include('include/homepag...')
#8 D:\laragon\www\SchoolingTime\vendor\codeigniter4\framework\system\View\View.php(228): include('D:\\laragon\\www\\...')
#9 D:\laragon\www\SchoolingTime\vendor\codeigniter4\framework\system\View\View.php(231): CodeIgniter\View\View->CodeIgniter\View\{closure}()
#10 D:\laragon\www\SchoolingTime\vendor\codeigniter4\framework\system\Common.php(1190): CodeIgniter\View\View->render('homepageView', Array, true)
#11 D:\laragon\www\SchoolingTime\app\Controllers\HomepageController.php(14): view('homepageView')
#12 D:\laragon\www\SchoolingTime\vendor\codeigniter4\framework\system\CodeIgniter.php(942): App\Controllers\HomepageController->index()
#13 D:\laragon\www\SchoolingTime\vendor\codeigniter4\framework\system\CodeIgniter.php(502): CodeIgniter\CodeIgniter->runController(Object(App\Controllers\HomepageController))
#14 D:\laragon\www\SchoolingTime\vendor\codeigniter4\framework\system\CodeIgniter.php(361): CodeIgniter\CodeIgniter->handleRequest(NULL, Object(Config\Cache), false)
#15 D:\laragon\www\SchoolingTime\index.php(79): CodeIgniter\CodeIgniter->run()
#16 {main}
CRITICAL - 2024-02-26 09:45:38 --> Unknown column 'teacher_course.course_duration' in 'field list'
in SYSTEMPATH\Database\BaseConnection.php on line 647.
 1 APPPATH\Views\include\homepage_tab_three_courses.php(60): CodeIgniter\Database\BaseConnection->query('SELECT teacher_profile.last_educational_institute, teacher_profile.teacher_edu_his,
      teacher_profile.teacher_pro_his, teacher_profile.teacher_certi_award, teacher_profile.teacher_pic,
      teacher_course.coures_title, teacher_course.course_level, teacher_course.course_duration,
      teacher_course.course_schedule,teacher_course.course_note,teacher_course.course_pic,
      teacher_course.course_teacher_id,teacher_course.course_id,
      teacher_course.course_status,teacher_course.course_type_name    
      FROM teacher_course
      LEFT JOIN teacher_profile ON teacher_profile.teacher_id = teacher_course.course_teacher_id')
 2 SYSTEMPATH\View\View.php(228): include('D:\\laragon\\www\\SchoolingTime\\app\\Views\\include\\homepage_tab_three_courses.php')
 3 SYSTEMPATH\View\View.php(231): CodeIgniter\View\View->CodeIgniter\View\{closure}()
 4 SYSTEMPATH\View\View.php(469): CodeIgniter\View\View->render('include/homepage_tab_three_courses', null, true)
 5 APPPATH\Views\homepageView.php(25): CodeIgniter\View\View->include('include/homepage_tab_three_courses')
 6 SYSTEMPATH\View\View.php(228): include('D:\\laragon\\www\\SchoolingTime\\app\\Views\\homepageView.php')
 7 SYSTEMPATH\View\View.php(231): CodeIgniter\View\View->CodeIgniter\View\{closure}()
 8 SYSTEMPATH\Common.php(1190): CodeIgniter\View\View->render('homepageView', [], true)
 9 APPPATH\Controllers\HomepageController.php(14): view('homepageView')
10 SYSTEMPATH\CodeIgniter.php(942): App\Controllers\HomepageController->index()
11 SYSTEMPATH\CodeIgniter.php(502): CodeIgniter\CodeIgniter->runController(Object(App\Controllers\HomepageController))
12 SYSTEMPATH\CodeIgniter.php(361): CodeIgniter\CodeIgniter->handleRequest(null, Object(Config\Cache), false)
13 FCPATH\index.php(79): CodeIgniter\CodeIgniter->run()
INFO - 2024-02-26 09:45:38 --> Session: Class initialized using 'CodeIgniter\Session\Handlers\FileHandler' driver.
ERROR - 2024-02-26 09:45:38 --> mysqli_sql_exception: Unknown column 'teacher_course.course_duration' in 'field list' in D:\laragon\www\SchoolingTime\vendor\codeigniter4\framework\system\Database\MySQLi\Connection.php:306
Stack trace:
#0 D:\laragon\www\SchoolingTime\vendor\codeigniter4\framework\system\Database\MySQLi\Connection.php(306): mysqli->query('SELECT teacher_...', 0)
#1 D:\laragon\www\SchoolingTime\vendor\codeigniter4\framework\system\Database\BaseConnection.php(693): CodeIgniter\Database\MySQLi\Connection->execute('SELECT teacher_...')
#2 D:\laragon\www\SchoolingTime\vendor\codeigniter4\framework\system\Database\BaseConnection.php(607): CodeIgniter\Database\BaseConnection->simpleQuery('SELECT teacher_...')
#3 D:\laragon\www\SchoolingTime\app\Views\include\homepage_tab_three_courses.php(60): CodeIgniter\Database\BaseConnection->query('SELECT teacher_...')
#4 D:\laragon\www\SchoolingTime\vendor\codeigniter4\framework\system\View\View.php(228): include('D:\\laragon\\www\\...')
#5 D:\laragon\www\SchoolingTime\vendor\codeigniter4\framework\system\View\View.php(231): CodeIgniter\View\View->CodeIgniter\View\{closure}()
#6 D:\laragon\www\SchoolingTime\vendor\codeigniter4\framework\system\View\View.php(469): CodeIgniter\View\View->render('include/homepag...', NULL, true)
#7 D:\laragon\www\SchoolingTime\app\Views\homepageView.php(25): CodeIgniter\View\View->include('include/homepag...')
#8 D:\laragon\www\SchoolingTime\vendor\codeigniter4\framework\system\View\View.php(228): include('D:\\laragon\\www\\...')
#9 D:\laragon\www\SchoolingTime\vendor\codeigniter4\framework\system\View\View.php(231): CodeIgniter\View\View->CodeIgniter\View\{closure}()
#10 D:\laragon\www\SchoolingTime\vendor\codeigniter4\framework\system\Common.php(1190): CodeIgniter\View\View->render('homepageView', Array, true)
#11 D:\laragon\www\SchoolingTime\app\Controllers\HomepageController.php(14): view('homepageView')
#12 D:\laragon\www\SchoolingTime\vendor\codeigniter4\framework\system\CodeIgniter.php(942): App\Controllers\HomepageController->index()
#13 D:\laragon\www\SchoolingTime\vendor\codeigniter4\framework\system\CodeIgniter.php(502): CodeIgniter\CodeIgniter->runController(Object(App\Controllers\HomepageController))
#14 D:\laragon\www\SchoolingTime\vendor\codeigniter4\framework\system\CodeIgniter.php(361): CodeIgniter\CodeIgniter->handleRequest(NULL, Object(Config\Cache), false)
#15 D:\laragon\www\SchoolingTime\index.php(79): CodeIgniter\CodeIgniter->run()
#16 {main}
CRITICAL - 2024-02-26 09:45:38 --> Unknown column 'teacher_course.course_duration' in 'field list'
in SYSTEMPATH\Database\BaseConnection.php on line 647.
 1 APPPATH\Views\include\homepage_tab_three_courses.php(60): CodeIgniter\Database\BaseConnection->query('SELECT teacher_profile.last_educational_institute, teacher_profile.teacher_edu_his,
      teacher_profile.teacher_pro_his, teacher_profile.teacher_certi_award, teacher_profile.teacher_pic,
      teacher_course.coures_title, teacher_course.course_level, teacher_course.course_duration,
      teacher_course.course_schedule,teacher_course.course_note,teacher_course.course_pic,
      teacher_course.course_teacher_id,teacher_course.course_id,
      teacher_course.course_status,teacher_course.course_type_name    
      FROM teacher_course
      LEFT JOIN teacher_profile ON teacher_profile.teacher_id = teacher_course.course_teacher_id')
 2 SYSTEMPATH\View\View.php(228): include('D:\\laragon\\www\\SchoolingTime\\app\\Views\\include\\homepage_tab_three_courses.php')
 3 SYSTEMPATH\View\View.php(231): CodeIgniter\View\View->CodeIgniter\View\{closure}()
 4 SYSTEMPATH\View\View.php(469): CodeIgniter\View\View->render('include/homepage_tab_three_courses', null, true)
 5 APPPATH\Views\homepageView.php(25): CodeIgniter\View\View->include('include/homepage_tab_three_courses')
 6 SYSTEMPATH\View\View.php(228): include('D:\\laragon\\www\\SchoolingTime\\app\\Views\\homepageView.php')
 7 SYSTEMPATH\View\View.php(231): CodeIgniter\View\View->CodeIgniter\View\{closure}()
 8 SYSTEMPATH\Common.php(1190): CodeIgniter\View\View->render('homepageView', [], true)
 9 APPPATH\Controllers\HomepageController.php(14): view('homepageView')
10 SYSTEMPATH\CodeIgniter.php(942): App\Controllers\HomepageController->index()
11 SYSTEMPATH\CodeIgniter.php(502): CodeIgniter\CodeIgniter->runController(Object(App\Controllers\HomepageController))
12 SYSTEMPATH\CodeIgniter.php(361): CodeIgniter\CodeIgniter->handleRequest(null, Object(Config\Cache), false)
13 FCPATH\index.php(79): CodeIgniter\CodeIgniter->run()
INFO - 2024-02-26 09:45:38 --> Session: Class initialized using 'CodeIgniter\Session\Handlers\FileHandler' driver.
ERROR - 2024-02-26 09:45:38 --> mysqli_sql_exception: Unknown column 'teacher_course.course_duration' in 'field list' in D:\laragon\www\SchoolingTime\vendor\codeigniter4\framework\system\Database\MySQLi\Connection.php:306
Stack trace:
#0 D:\laragon\www\SchoolingTime\vendor\codeigniter4\framework\system\Database\MySQLi\Connection.php(306): mysqli->query('SELECT teacher_...', 0)
#1 D:\laragon\www\SchoolingTime\vendor\codeigniter4\framework\system\Database\BaseConnection.php(693): CodeIgniter\Database\MySQLi\Connection->execute('SELECT teacher_...')
#2 D:\laragon\www\SchoolingTime\vendor\codeigniter4\framework\system\Database\BaseConnection.php(607): CodeIgniter\Database\BaseConnection->simpleQuery('SELECT teacher_...')
#3 D:\laragon\www\SchoolingTime\app\Views\include\homepage_tab_three_courses.php(60): CodeIgniter\Database\BaseConnection->query('SELECT teacher_...')
#4 D:\laragon\www\SchoolingTime\vendor\codeigniter4\framework\system\View\View.php(228): include('D:\\laragon\\www\\...')
#5 D:\laragon\www\SchoolingTime\vendor\codeigniter4\framework\system\View\View.php(231): CodeIgniter\View\View->CodeIgniter\View\{closure}()
#6 D:\laragon\www\SchoolingTime\vendor\codeigniter4\framework\system\View\View.php(469): CodeIgniter\View\View->render('include/homepag...', NULL, true)
#7 D:\laragon\www\SchoolingTime\app\Views\homepageView.php(25): CodeIgniter\View\View->include('include/homepag...')
#8 D:\laragon\www\SchoolingTime\vendor\codeigniter4\framework\system\View\View.php(228): include('D:\\laragon\\www\\...')
#9 D:\laragon\www\SchoolingTime\vendor\codeigniter4\framework\system\View\View.php(231): CodeIgniter\View\View->CodeIgniter\View\{closure}()
#10 D:\laragon\www\SchoolingTime\vendor\codeigniter4\framework\system\Common.php(1190): CodeIgniter\View\View->render('homepageView', Array, true)
#11 D:\laragon\www\SchoolingTime\app\Controllers\HomepageController.php(14): view('homepageView')
#12 D:\laragon\www\SchoolingTime\vendor\codeigniter4\framework\system\CodeIgniter.php(942): App\Controllers\HomepageController->index()
#13 D:\laragon\www\SchoolingTime\vendor\codeigniter4\framework\system\CodeIgniter.php(502): CodeIgniter\CodeIgniter->runController(Object(App\Controllers\HomepageController))
#14 D:\laragon\www\SchoolingTime\vendor\codeigniter4\framework\system\CodeIgniter.php(361): CodeIgniter\CodeIgniter->handleRequest(NULL, Object(Config\Cache), false)
#15 D:\laragon\www\SchoolingTime\index.php(79): CodeIgniter\CodeIgniter->run()
#16 {main}
CRITICAL - 2024-02-26 09:45:38 --> Unknown column 'teacher_course.course_duration' in 'field list'
in SYSTEMPATH\Database\BaseConnection.php on line 647.
 1 APPPATH\Views\include\homepage_tab_three_courses.php(60): CodeIgniter\Database\BaseConnection->query('SELECT teacher_profile.last_educational_institute, teacher_profile.teacher_edu_his,
      teacher_profile.teacher_pro_his, teacher_profile.teacher_certi_award, teacher_profile.teacher_pic,
      teacher_course.coures_title, teacher_course.course_level, teacher_course.course_duration,
      teacher_course.course_schedule,teacher_course.course_note,teacher_course.course_pic,
      teacher_course.course_teacher_id,teacher_course.course_id,
      teacher_course.course_status,teacher_course.course_type_name    
      FROM teacher_course
      LEFT JOIN teacher_profile ON teacher_profile.teacher_id = teacher_course.course_teacher_id')
 2 SYSTEMPATH\View\View.php(228): include('D:\\laragon\\www\\SchoolingTime\\app\\Views\\include\\homepage_tab_three_courses.php')
 3 SYSTEMPATH\View\View.php(231): CodeIgniter\View\View->CodeIgniter\View\{closure}()
 4 SYSTEMPATH\View\View.php(469): CodeIgniter\View\View->render('include/homepage_tab_three_courses', null, true)
 5 APPPATH\Views\homepageView.php(25): CodeIgniter\View\View->include('include/homepage_tab_three_courses')
 6 SYSTEMPATH\View\View.php(228): include('D:\\laragon\\www\\SchoolingTime\\app\\Views\\homepageView.php')
 7 SYSTEMPATH\View\View.php(231): CodeIgniter\View\View->CodeIgniter\View\{closure}()
 8 SYSTEMPATH\Common.php(1190): CodeIgniter\View\View->render('homepageView', [], true)
 9 APPPATH\Controllers\HomepageController.php(14): view('homepageView')
10 SYSTEMPATH\CodeIgniter.php(942): App\Controllers\HomepageController->index()
11 SYSTEMPATH\CodeIgniter.php(502): CodeIgniter\CodeIgniter->runController(Object(App\Controllers\HomepageController))
12 SYSTEMPATH\CodeIgniter.php(361): CodeIgniter\CodeIgniter->handleRequest(null, Object(Config\Cache), false)
13 FCPATH\index.php(79): CodeIgniter\CodeIgniter->run()
INFO - 2024-02-26 09:45:38 --> Session: Class initialized using 'CodeIgniter\Session\Handlers\FileHandler' driver.
ERROR - 2024-02-26 09:45:38 --> mysqli_sql_exception: Unknown column 'teacher_course.course_duration' in 'field list' in D:\laragon\www\SchoolingTime\vendor\codeigniter4\framework\system\Database\MySQLi\Connection.php:306
Stack trace:
#0 D:\laragon\www\SchoolingTime\vendor\codeigniter4\framework\system\Database\MySQLi\Connection.php(306): mysqli->query('SELECT teacher_...', 0)
#1 D:\laragon\www\SchoolingTime\vendor\codeigniter4\framework\system\Database\BaseConnection.php(693): CodeIgniter\Database\MySQLi\Connection->execute('SELECT teacher_...')
#2 D:\laragon\www\SchoolingTime\vendor\codeigniter4\framework\system\Database\BaseConnection.php(607): CodeIgniter\Database\BaseConnection->simpleQuery('SELECT teacher_...')
#3 D:\laragon\www\SchoolingTime\app\Views\include\homepage_tab_three_courses.php(60): CodeIgniter\Database\BaseConnection->query('SELECT teacher_...')
#4 D:\laragon\www\SchoolingTime\vendor\codeigniter4\framework\system\View\View.php(228): include('D:\\laragon\\www\\...')
#5 D:\laragon\www\SchoolingTime\vendor\codeigniter4\framework\system\View\View.php(231): CodeIgniter\View\View->CodeIgniter\View\{closure}()
#6 D:\laragon\www\SchoolingTime\vendor\codeigniter4\framework\system\View\View.php(469): CodeIgniter\View\View->render('include/homepag...', NULL, true)
#7 D:\laragon\www\SchoolingTime\app\Views\homepageView.php(25): CodeIgniter\View\View->include('include/homepag...')
#8 D:\laragon\www\SchoolingTime\vendor\codeigniter4\framework\system\View\View.php(228): include('D:\\laragon\\www\\...')
#9 D:\laragon\www\SchoolingTime\vendor\codeigniter4\framework\system\View\View.php(231): CodeIgniter\View\View->CodeIgniter\View\{closure}()
#10 D:\laragon\www\SchoolingTime\vendor\codeigniter4\framework\system\Common.php(1190): CodeIgniter\View\View->render('homepageView', Array, true)
#11 D:\laragon\www\SchoolingTime\app\Controllers\HomepageController.php(14): view('homepageView')
#12 D:\laragon\www\SchoolingTime\vendor\codeigniter4\framework\system\CodeIgniter.php(942): App\Controllers\HomepageController->index()
#13 D:\laragon\www\SchoolingTime\vendor\codeigniter4\framework\system\CodeIgniter.php(502): CodeIgniter\CodeIgniter->runController(Object(App\Controllers\HomepageController))
#14 D:\laragon\www\SchoolingTime\vendor\codeigniter4\framework\system\CodeIgniter.php(361): CodeIgniter\CodeIgniter->handleRequest(NULL, Object(Config\Cache), false)
#15 D:\laragon\www\SchoolingTime\index.php(79): CodeIgniter\CodeIgniter->run()
#16 {main}
CRITICAL - 2024-02-26 09:45:38 --> Unknown column 'teacher_course.course_duration' in 'field list'
in SYSTEMPATH\Database\BaseConnection.php on line 647.
 1 APPPATH\Views\include\homepage_tab_three_courses.php(60): CodeIgniter\Database\BaseConnection->query('SELECT teacher_profile.last_educational_institute, teacher_profile.teacher_edu_his,
      teacher_profile.teacher_pro_his, teacher_profile.teacher_certi_award, teacher_profile.teacher_pic,
      teacher_course.coures_title, teacher_course.course_level, teacher_course.course_duration,
      teacher_course.course_schedule,teacher_course.course_note,teacher_course.course_pic,
      teacher_course.course_teacher_id,teacher_course.course_id,
      teacher_course.course_status,teacher_course.course_type_name    
      FROM teacher_course
      LEFT JOIN teacher_profile ON teacher_profile.teacher_id = teacher_course.course_teacher_id')
 2 SYSTEMPATH\View\View.php(228): include('D:\\laragon\\www\\SchoolingTime\\app\\Views\\include\\homepage_tab_three_courses.php')
 3 SYSTEMPATH\View\View.php(231): CodeIgniter\View\View->CodeIgniter\View\{closure}()
 4 SYSTEMPATH\View\View.php(469): CodeIgniter\View\View->render('include/homepage_tab_three_courses', null, true)
 5 APPPATH\Views\homepageView.php(25): CodeIgniter\View\View->include('include/homepage_tab_three_courses')
 6 SYSTEMPATH\View\View.php(228): include('D:\\laragon\\www\\SchoolingTime\\app\\Views\\homepageView.php')
 7 SYSTEMPATH\View\View.php(231): CodeIgniter\View\View->CodeIgniter\View\{closure}()
 8 SYSTEMPATH\Common.php(1190): CodeIgniter\View\View->render('homepageView', [], true)
 9 APPPATH\Controllers\HomepageController.php(14): view('homepageView')
10 SYSTEMPATH\CodeIgniter.php(942): App\Controllers\HomepageController->index()
11 SYSTEMPATH\CodeIgniter.php(502): CodeIgniter\CodeIgniter->runController(Object(App\Controllers\HomepageController))
12 SYSTEMPATH\CodeIgniter.php(361): CodeIgniter\CodeIgniter->handleRequest(null, Object(Config\Cache), false)
13 FCPATH\index.php(79): CodeIgniter\CodeIgniter->run()
INFO - 2024-02-26 09:45:38 --> Session: Class initialized using 'CodeIgniter\Session\Handlers\FileHandler' driver.
ERROR - 2024-02-26 09:45:38 --> mysqli_sql_exception: Unknown column 'teacher_course.course_duration' in 'field list' in D:\laragon\www\SchoolingTime\vendor\codeigniter4\framework\system\Database\MySQLi\Connection.php:306
Stack trace:
#0 D:\laragon\www\SchoolingTime\vendor\codeigniter4\framework\system\Database\MySQLi\Connection.php(306): mysqli->query('SELECT teacher_...', 0)
#1 D:\laragon\www\SchoolingTime\vendor\codeigniter4\framework\system\Database\BaseConnection.php(693): CodeIgniter\Database\MySQLi\Connection->execute('SELECT teacher_...')
#2 D:\laragon\www\SchoolingTime\vendor\codeigniter4\framework\system\Database\BaseConnection.php(607): CodeIgniter\Database\BaseConnection->simpleQuery('SELECT teacher_...')
#3 D:\laragon\www\SchoolingTime\app\Views\include\homepage_tab_three_courses.php(60): CodeIgniter\Database\BaseConnection->query('SELECT teacher_...')
#4 D:\laragon\www\SchoolingTime\vendor\codeigniter4\framework\system\View\View.php(228): include('D:\\laragon\\www\\...')
#5 D:\laragon\www\SchoolingTime\vendor\codeigniter4\framework\system\View\View.php(231): CodeIgniter\View\View->CodeIgniter\View\{closure}()
#6 D:\laragon\www\SchoolingTime\vendor\codeigniter4\framework\system\View\View.php(469): CodeIgniter\View\View->render('include/homepag...', NULL, true)
#7 D:\laragon\www\SchoolingTime\app\Views\homepageView.php(25): CodeIgniter\View\View->include('include/homepag...')
#8 D:\laragon\www\SchoolingTime\vendor\codeigniter4\framework\system\View\View.php(228): include('D:\\laragon\\www\\...')
#9 D:\laragon\www\SchoolingTime\vendor\codeigniter4\framework\system\View\View.php(231): CodeIgniter\View\View->CodeIgniter\View\{closure}()
#10 D:\laragon\www\SchoolingTime\vendor\codeigniter4\framework\system\Common.php(1190): CodeIgniter\View\View->render('homepageView', Array, true)
#11 D:\laragon\www\SchoolingTime\app\Controllers\HomepageController.php(14): view('homepageView')
#12 D:\laragon\www\SchoolingTime\vendor\codeigniter4\framework\system\CodeIgniter.php(942): App\Controllers\HomepageController->index()
#13 D:\laragon\www\SchoolingTime\vendor\codeigniter4\framework\system\CodeIgniter.php(502): CodeIgniter\CodeIgniter->runController(Object(App\Controllers\HomepageController))
#14 D:\laragon\www\SchoolingTime\vendor\codeigniter4\framework\system\CodeIgniter.php(361): CodeIgniter\CodeIgniter->handleRequest(NULL, Object(Config\Cache), false)
#15 D:\laragon\www\SchoolingTime\index.php(79): CodeIgniter\CodeIgniter->run()
#16 {main}
CRITICAL - 2024-02-26 09:45:38 --> Unknown column 'teacher_course.course_duration' in 'field list'
in SYSTEMPATH\Database\BaseConnection.php on line 647.
 1 APPPATH\Views\include\homepage_tab_three_courses.php(60): CodeIgniter\Database\BaseConnection->query('SELECT teacher_profile.last_educational_institute, teacher_profile.teacher_edu_his,
      teacher_profile.teacher_pro_his, teacher_profile.teacher_certi_award, teacher_profile.teacher_pic,
      teacher_course.coures_title, teacher_course.course_level, teacher_course.course_duration,
      teacher_course.course_schedule,teacher_course.course_note,teacher_course.course_pic,
      teacher_course.course_teacher_id,teacher_course.course_id,
      teacher_course.course_status,teacher_course.course_type_name    
      FROM teacher_course
      LEFT JOIN teacher_profile ON teacher_profile.teacher_id = teacher_course.course_teacher_id')
 2 SYSTEMPATH\View\View.php(228): include('D:\\laragon\\www\\SchoolingTime\\app\\Views\\include\\homepage_tab_three_courses.php')
 3 SYSTEMPATH\View\View.php(231): CodeIgniter\View\View->CodeIgniter\View\{closure}()
 4 SYSTEMPATH\View\View.php(469): CodeIgniter\View\View->render('include/homepage_tab_three_courses', null, true)
 5 APPPATH\Views\homepageView.php(25): CodeIgniter\View\View->include('include/homepage_tab_three_courses')
 6 SYSTEMPATH\View\View.php(228): include('D:\\laragon\\www\\SchoolingTime\\app\\Views\\homepageView.php')
 7 SYSTEMPATH\View\View.php(231): CodeIgniter\View\View->CodeIgniter\View\{closure}()
 8 SYSTEMPATH\Common.php(1190): CodeIgniter\View\View->render('homepageView', [], true)
 9 APPPATH\Controllers\HomepageController.php(14): view('homepageView')
10 SYSTEMPATH\CodeIgniter.php(942): App\Controllers\HomepageController->index()
11 SYSTEMPATH\CodeIgniter.php(502): CodeIgniter\CodeIgniter->runController(Object(App\Controllers\HomepageController))
12 SYSTEMPATH\CodeIgniter.php(361): CodeIgniter\CodeIgniter->handleRequest(null, Object(Config\Cache), false)
13 FCPATH\index.php(79): CodeIgniter\CodeIgniter->run()
INFO - 2024-02-26 09:45:39 --> Session: Class initialized using 'CodeIgniter\Session\Handlers\FileHandler' driver.
ERROR - 2024-02-26 09:45:39 --> mysqli_sql_exception: Unknown column 'teacher_course.course_duration' in 'field list' in D:\laragon\www\SchoolingTime\vendor\codeigniter4\framework\system\Database\MySQLi\Connection.php:306
Stack trace:
#0 D:\laragon\www\SchoolingTime\vendor\codeigniter4\framework\system\Database\MySQLi\Connection.php(306): mysqli->query('SELECT teacher_...', 0)
#1 D:\laragon\www\SchoolingTime\vendor\codeigniter4\framework\system\Database\BaseConnection.php(693): CodeIgniter\Database\MySQLi\Connection->execute('SELECT teacher_...')
#2 D:\laragon\www\SchoolingTime\vendor\codeigniter4\framework\system\Database\BaseConnection.php(607): CodeIgniter\Database\BaseConnection->simpleQuery('SELECT teacher_...')
#3 D:\laragon\www\SchoolingTime\app\Views\include\homepage_tab_three_courses.php(60): CodeIgniter\Database\BaseConnection->query('SELECT teacher_...')
#4 D:\laragon\www\SchoolingTime\vendor\codeigniter4\framework\system\View\View.php(228): include('D:\\laragon\\www\\...')
#5 D:\laragon\www\SchoolingTime\vendor\codeigniter4\framework\system\View\View.php(231): CodeIgniter\View\View->CodeIgniter\View\{closure}()
#6 D:\laragon\www\SchoolingTime\vendor\codeigniter4\framework\system\View\View.php(469): CodeIgniter\View\View->render('include/homepag...', NULL, true)
#7 D:\laragon\www\SchoolingTime\app\Views\homepageView.php(25): CodeIgniter\View\View->include('include/homepag...')
#8 D:\laragon\www\SchoolingTime\vendor\codeigniter4\framework\system\View\View.php(228): include('D:\\laragon\\www\\...')
#9 D:\laragon\www\SchoolingTime\vendor\codeigniter4\framework\system\View\View.php(231): CodeIgniter\View\View->CodeIgniter\View\{closure}()
#10 D:\laragon\www\SchoolingTime\vendor\codeigniter4\framework\system\Common.php(1190): CodeIgniter\View\View->render('homepageView', Array, true)
#11 D:\laragon\www\SchoolingTime\app\Controllers\HomepageController.php(14): view('homepageView')
#12 D:\laragon\www\SchoolingTime\vendor\codeigniter4\framework\system\CodeIgniter.php(942): App\Controllers\HomepageController->index()
#13 D:\laragon\www\SchoolingTime\vendor\codeigniter4\framework\system\CodeIgniter.php(502): CodeIgniter\CodeIgniter->runController(Object(App\Controllers\HomepageController))
#14 D:\laragon\www\SchoolingTime\vendor\codeigniter4\framework\system\CodeIgniter.php(361): CodeIgniter\CodeIgniter->handleRequest(NULL, Object(Config\Cache), false)
#15 D:\laragon\www\SchoolingTime\index.php(79): CodeIgniter\CodeIgniter->run()
#16 {main}
CRITICAL - 2024-02-26 09:45:39 --> Unknown column 'teacher_course.course_duration' in 'field list'
in SYSTEMPATH\Database\BaseConnection.php on line 647.
 1 APPPATH\Views\include\homepage_tab_three_courses.php(60): CodeIgniter\Database\BaseConnection->query('SELECT teacher_profile.last_educational_institute, teacher_profile.teacher_edu_his,
      teacher_profile.teacher_pro_his, teacher_profile.teacher_certi_award, teacher_profile.teacher_pic,
      teacher_course.coures_title, teacher_course.course_level, teacher_course.course_duration,
      teacher_course.course_schedule,teacher_course.course_note,teacher_course.course_pic,
      teacher_course.course_teacher_id,teacher_course.course_id,
      teacher_course.course_status,teacher_course.course_type_name    
      FROM teacher_course
      LEFT JOIN teacher_profile ON teacher_profile.teacher_id = teacher_course.course_teacher_id')
 2 SYSTEMPATH\View\View.php(228): include('D:\\laragon\\www\\SchoolingTime\\app\\Views\\include\\homepage_tab_three_courses.php')
 3 SYSTEMPATH\View\View.php(231): CodeIgniter\View\View->CodeIgniter\View\{closure}()
 4 SYSTEMPATH\View\View.php(469): CodeIgniter\View\View->render('include/homepage_tab_three_courses', null, true)
 5 APPPATH\Views\homepageView.php(25): CodeIgniter\View\View->include('include/homepage_tab_three_courses')
 6 SYSTEMPATH\View\View.php(228): include('D:\\laragon\\www\\SchoolingTime\\app\\Views\\homepageView.php')
 7 SYSTEMPATH\View\View.php(231): CodeIgniter\View\View->CodeIgniter\View\{closure}()
 8 SYSTEMPATH\Common.php(1190): CodeIgniter\View\View->render('homepageView', [], true)
 9 APPPATH\Controllers\HomepageController.php(14): view('homepageView')
10 SYSTEMPATH\CodeIgniter.php(942): App\Controllers\HomepageController->index()
11 SYSTEMPATH\CodeIgniter.php(502): CodeIgniter\CodeIgniter->runController(Object(App\Controllers\HomepageController))
12 SYSTEMPATH\CodeIgniter.php(361): CodeIgniter\CodeIgniter->handleRequest(null, Object(Config\Cache), false)
13 FCPATH\index.php(79): CodeIgniter\CodeIgniter->run()
INFO - 2024-02-26 09:45:39 --> Session: Class initialized using 'CodeIgniter\Session\Handlers\FileHandler' driver.
ERROR - 2024-02-26 09:45:39 --> mysqli_sql_exception: Unknown column 'teacher_course.course_duration' in 'field list' in D:\laragon\www\SchoolingTime\vendor\codeigniter4\framework\system\Database\MySQLi\Connection.php:306
Stack trace:
#0 D:\laragon\www\SchoolingTime\vendor\codeigniter4\framework\system\Database\MySQLi\Connection.php(306): mysqli->query('SELECT teacher_...', 0)
#1 D:\laragon\www\SchoolingTime\vendor\codeigniter4\framework\system\Database\BaseConnection.php(693): CodeIgniter\Database\MySQLi\Connection->execute('SELECT teacher_...')
#2 D:\laragon\www\SchoolingTime\vendor\codeigniter4\framework\system\Database\BaseConnection.php(607): CodeIgniter\Database\BaseConnection->simpleQuery('SELECT teacher_...')
#3 D:\laragon\www\SchoolingTime\app\Views\include\homepage_tab_three_courses.php(60): CodeIgniter\Database\BaseConnection->query('SELECT teacher_...')
#4 D:\laragon\www\SchoolingTime\vendor\codeigniter4\framework\system\View\View.php(228): include('D:\\laragon\\www\\...')
#5 D:\laragon\www\SchoolingTime\vendor\codeigniter4\framework\system\View\View.php(231): CodeIgniter\View\View->CodeIgniter\View\{closure}()
#6 D:\laragon\www\SchoolingTime\vendor\codeigniter4\framework\system\View\View.php(469): CodeIgniter\View\View->render('include/homepag...', NULL, true)
#7 D:\laragon\www\SchoolingTime\app\Views\homepageView.php(25): CodeIgniter\View\View->include('include/homepag...')
#8 D:\laragon\www\SchoolingTime\vendor\codeigniter4\framework\system\View\View.php(228): include('D:\\laragon\\www\\...')
#9 D:\laragon\www\SchoolingTime\vendor\codeigniter4\framework\system\View\View.php(231): CodeIgniter\View\View->CodeIgniter\View\{closure}()
#10 D:\laragon\www\SchoolingTime\vendor\codeigniter4\framework\system\Common.php(1190): CodeIgniter\View\View->render('homepageView', Array, true)
#11 D:\laragon\www\SchoolingTime\app\Controllers\HomepageController.php(14): view('homepageView')
#12 D:\laragon\www\SchoolingTime\vendor\codeigniter4\framework\system\CodeIgniter.php(942): App\Controllers\HomepageController->index()
#13 D:\laragon\www\SchoolingTime\vendor\codeigniter4\framework\system\CodeIgniter.php(502): CodeIgniter\CodeIgniter->runController(Object(App\Controllers\HomepageController))
#14 D:\laragon\www\SchoolingTime\vendor\codeigniter4\framework\system\CodeIgniter.php(361): CodeIgniter\CodeIgniter->handleRequest(NULL, Object(Config\Cache), false)
#15 D:\laragon\www\SchoolingTime\index.php(79): CodeIgniter\CodeIgniter->run()
#16 {main}
CRITICAL - 2024-02-26 09:45:39 --> Unknown column 'teacher_course.course_duration' in 'field list'
in SYSTEMPATH\Database\BaseConnection.php on line 647.
 1 APPPATH\Views\include\homepage_tab_three_courses.php(60): CodeIgniter\Database\BaseConnection->query('SELECT teacher_profile.last_educational_institute, teacher_profile.teacher_edu_his,
      teacher_profile.teacher_pro_his, teacher_profile.teacher_certi_award, teacher_profile.teacher_pic,
      teacher_course.coures_title, teacher_course.course_level, teacher_course.course_duration,
      teacher_course.course_schedule,teacher_course.course_note,teacher_course.course_pic,
      teacher_course.course_teacher_id,teacher_course.course_id,
      teacher_course.course_status,teacher_course.course_type_name    
      FROM teacher_course
      LEFT JOIN teacher_profile ON teacher_profile.teacher_id = teacher_course.course_teacher_id')
 2 SYSTEMPATH\View\View.php(228): include('D:\\laragon\\www\\SchoolingTime\\app\\Views\\include\\homepage_tab_three_courses.php')
 3 SYSTEMPATH\View\View.php(231): CodeIgniter\View\View->CodeIgniter\View\{closure}()
 4 SYSTEMPATH\View\View.php(469): CodeIgniter\View\View->render('include/homepage_tab_three_courses', null, true)
 5 APPPATH\Views\homepageView.php(25): CodeIgniter\View\View->include('include/homepage_tab_three_courses')
 6 SYSTEMPATH\View\View.php(228): include('D:\\laragon\\www\\SchoolingTime\\app\\Views\\homepageView.php')
 7 SYSTEMPATH\View\View.php(231): CodeIgniter\View\View->CodeIgniter\View\{closure}()
 8 SYSTEMPATH\Common.php(1190): CodeIgniter\View\View->render('homepageView', [], true)
 9 APPPATH\Controllers\HomepageController.php(14): view('homepageView')
10 SYSTEMPATH\CodeIgniter.php(942): App\Controllers\HomepageController->index()
11 SYSTEMPATH\CodeIgniter.php(502): CodeIgniter\CodeIgniter->runController(Object(App\Controllers\HomepageController))
12 SYSTEMPATH\CodeIgniter.php(361): CodeIgniter\CodeIgniter->handleRequest(null, Object(Config\Cache), false)
13 FCPATH\index.php(79): CodeIgniter\CodeIgniter->run()
INFO - 2024-02-26 09:45:39 --> Session: Class initialized using 'CodeIgniter\Session\Handlers\FileHandler' driver.
ERROR - 2024-02-26 09:45:39 --> mysqli_sql_exception: Unknown column 'teacher_course.course_duration' in 'field list' in D:\laragon\www\SchoolingTime\vendor\codeigniter4\framework\system\Database\MySQLi\Connection.php:306
Stack trace:
#0 D:\laragon\www\SchoolingTime\vendor\codeigniter4\framework\system\Database\MySQLi\Connection.php(306): mysqli->query('SELECT teacher_...', 0)
#1 D:\laragon\www\SchoolingTime\vendor\codeigniter4\framework\system\Database\BaseConnection.php(693): CodeIgniter\Database\MySQLi\Connection->execute('SELECT teacher_...')
#2 D:\laragon\www\SchoolingTime\vendor\codeigniter4\framework\system\Database\BaseConnection.php(607): CodeIgniter\Database\BaseConnection->simpleQuery('SELECT teacher_...')
#3 D:\laragon\www\SchoolingTime\app\Views\include\homepage_tab_three_courses.php(60): CodeIgniter\Database\BaseConnection->query('SELECT teacher_...')
#4 D:\laragon\www\SchoolingTime\vendor\codeigniter4\framework\system\View\View.php(228): include('D:\\laragon\\www\\...')
#5 D:\laragon\www\SchoolingTime\vendor\codeigniter4\framework\system\View\View.php(231): CodeIgniter\View\View->CodeIgniter\View\{closure}()
#6 D:\laragon\www\SchoolingTime\vendor\codeigniter4\framework\system\View\View.php(469): CodeIgniter\View\View->render('include/homepag...', NULL, true)
#7 D:\laragon\www\SchoolingTime\app\Views\homepageView.php(25): CodeIgniter\View\View->include('include/homepag...')
#8 D:\laragon\www\SchoolingTime\vendor\codeigniter4\framework\system\View\View.php(228): include('D:\\laragon\\www\\...')
#9 D:\laragon\www\SchoolingTime\vendor\codeigniter4\framework\system\View\View.php(231): CodeIgniter\View\View->CodeIgniter\View\{closure}()
#10 D:\laragon\www\SchoolingTime\vendor\codeigniter4\framework\system\Common.php(1190): CodeIgniter\View\View->render('homepageView', Array, true)
#11 D:\laragon\www\SchoolingTime\app\Controllers\HomepageController.php(14): view('homepageView')
#12 D:\laragon\www\SchoolingTime\vendor\codeigniter4\framework\system\CodeIgniter.php(942): App\Controllers\HomepageController->index()
#13 D:\laragon\www\SchoolingTime\vendor\codeigniter4\framework\system\CodeIgniter.php(502): CodeIgniter\CodeIgniter->runController(Object(App\Controllers\HomepageController))
#14 D:\laragon\www\SchoolingTime\vendor\codeigniter4\framework\system\CodeIgniter.php(361): CodeIgniter\CodeIgniter->handleRequest(NULL, Object(Config\Cache), false)
#15 D:\laragon\www\SchoolingTime\index.php(79): CodeIgniter\CodeIgniter->run()
#16 {main}
CRITICAL - 2024-02-26 09:45:39 --> Unknown column 'teacher_course.course_duration' in 'field list'
in SYSTEMPATH\Database\BaseConnection.php on line 647.
 1 APPPATH\Views\include\homepage_tab_three_courses.php(60): CodeIgniter\Database\BaseConnection->query('SELECT teacher_profile.last_educational_institute, teacher_profile.teacher_edu_his,
      teacher_profile.teacher_pro_his, teacher_profile.teacher_certi_award, teacher_profile.teacher_pic,
      teacher_course.coures_title, teacher_course.course_level, teacher_course.course_duration,
      teacher_course.course_schedule,teacher_course.course_note,teacher_course.course_pic,
      teacher_course.course_teacher_id,teacher_course.course_id,
      teacher_course.course_status,teacher_course.course_type_name    
      FROM teacher_course
      LEFT JOIN teacher_profile ON teacher_profile.teacher_id = teacher_course.course_teacher_id')
 2 SYSTEMPATH\View\View.php(228): include('D:\\laragon\\www\\SchoolingTime\\app\\Views\\include\\homepage_tab_three_courses.php')
 3 SYSTEMPATH\View\View.php(231): CodeIgniter\View\View->CodeIgniter\View\{closure}()
 4 SYSTEMPATH\View\View.php(469): CodeIgniter\View\View->render('include/homepage_tab_three_courses', null, true)
 5 APPPATH\Views\homepageView.php(25): CodeIgniter\View\View->include('include/homepage_tab_three_courses')
 6 SYSTEMPATH\View\View.php(228): include('D:\\laragon\\www\\SchoolingTime\\app\\Views\\homepageView.php')
 7 SYSTEMPATH\View\View.php(231): CodeIgniter\View\View->CodeIgniter\View\{closure}()
 8 SYSTEMPATH\Common.php(1190): CodeIgniter\View\View->render('homepageView', [], true)
 9 APPPATH\Controllers\HomepageController.php(14): view('homepageView')
10 SYSTEMPATH\CodeIgniter.php(942): App\Controllers\HomepageController->index()
11 SYSTEMPATH\CodeIgniter.php(502): CodeIgniter\CodeIgniter->runController(Object(App\Controllers\HomepageController))
12 SYSTEMPATH\CodeIgniter.php(361): CodeIgniter\CodeIgniter->handleRequest(null, Object(Config\Cache), false)
13 FCPATH\index.php(79): CodeIgniter\CodeIgniter->run()
INFO - 2024-02-26 09:45:39 --> Session: Class initialized using 'CodeIgniter\Session\Handlers\FileHandler' driver.
ERROR - 2024-02-26 09:45:39 --> mysqli_sql_exception: Unknown column 'teacher_course.course_duration' in 'field list' in D:\laragon\www\SchoolingTime\vendor\codeigniter4\framework\system\Database\MySQLi\Connection.php:306
Stack trace:
#0 D:\laragon\www\SchoolingTime\vendor\codeigniter4\framework\system\Database\MySQLi\Connection.php(306): mysqli->query('SELECT teacher_...', 0)
#1 D:\laragon\www\SchoolingTime\vendor\codeigniter4\framework\system\Database\BaseConnection.php(693): CodeIgniter\Database\MySQLi\Connection->execute('SELECT teacher_...')
#2 D:\laragon\www\SchoolingTime\vendor\codeigniter4\framework\system\Database\BaseConnection.php(607): CodeIgniter\Database\BaseConnection->simpleQuery('SELECT teacher_...')
#3 D:\laragon\www\SchoolingTime\app\Views\include\homepage_tab_three_courses.php(60): CodeIgniter\Database\BaseConnection->query('SELECT teacher_...')
#4 D:\laragon\www\SchoolingTime\vendor\codeigniter4\framework\system\View\View.php(228): include('D:\\laragon\\www\\...')
#5 D:\laragon\www\SchoolingTime\vendor\codeigniter4\framework\system\View\View.php(231): CodeIgniter\View\View->CodeIgniter\View\{closure}()
#6 D:\laragon\www\SchoolingTime\vendor\codeigniter4\framework\system\View\View.php(469): CodeIgniter\View\View->render('include/homepag...', NULL, true)
#7 D:\laragon\www\SchoolingTime\app\Views\homepageView.php(25): CodeIgniter\View\View->include('include/homepag...')
#8 D:\laragon\www\SchoolingTime\vendor\codeigniter4\framework\system\View\View.php(228): include('D:\\laragon\\www\\...')
#9 D:\laragon\www\SchoolingTime\vendor\codeigniter4\framework\system\View\View.php(231): CodeIgniter\View\View->CodeIgniter\View\{closure}()
#10 D:\laragon\www\SchoolingTime\vendor\codeigniter4\framework\system\Common.php(1190): CodeIgniter\View\View->render('homepageView', Array, true)
#11 D:\laragon\www\SchoolingTime\app\Controllers\HomepageController.php(14): view('homepageView')
#12 D:\laragon\www\SchoolingTime\vendor\codeigniter4\framework\system\CodeIgniter.php(942): App\Controllers\HomepageController->index()
#13 D:\laragon\www\SchoolingTime\vendor\codeigniter4\framework\system\CodeIgniter.php(502): CodeIgniter\CodeIgniter->runController(Object(App\Controllers\HomepageController))
#14 D:\laragon\www\SchoolingTime\vendor\codeigniter4\framework\system\CodeIgniter.php(361): CodeIgniter\CodeIgniter->handleRequest(NULL, Object(Config\Cache), false)
#15 D:\laragon\www\SchoolingTime\index.php(79): CodeIgniter\CodeIgniter->run()
#16 {main}
CRITICAL - 2024-02-26 09:45:39 --> Unknown column 'teacher_course.course_duration' in 'field list'
in SYSTEMPATH\Database\BaseConnection.php on line 647.
 1 APPPATH\Views\include\homepage_tab_three_courses.php(60): CodeIgniter\Database\BaseConnection->query('SELECT teacher_profile.last_educational_institute, teacher_profile.teacher_edu_his,
      teacher_profile.teacher_pro_his, teacher_profile.teacher_certi_award, teacher_profile.teacher_pic,
      teacher_course.coures_title, teacher_course.course_level, teacher_course.course_duration,
      teacher_course.course_schedule,teacher_course.course_note,teacher_course.course_pic,
      teacher_course.course_teacher_id,teacher_course.course_id,
      teacher_course.course_status,teacher_course.course_type_name    
      FROM teacher_course
      LEFT JOIN teacher_profile ON teacher_profile.teacher_id = teacher_course.course_teacher_id')
 2 SYSTEMPATH\View\View.php(228): include('D:\\laragon\\www\\SchoolingTime\\app\\Views\\include\\homepage_tab_three_courses.php')
 3 SYSTEMPATH\View\View.php(231): CodeIgniter\View\View->CodeIgniter\View\{closure}()
 4 SYSTEMPATH\View\View.php(469): CodeIgniter\View\View->render('include/homepage_tab_three_courses', null, true)
 5 APPPATH\Views\homepageView.php(25): CodeIgniter\View\View->include('include/homepage_tab_three_courses')
 6 SYSTEMPATH\View\View.php(228): include('D:\\laragon\\www\\SchoolingTime\\app\\Views\\homepageView.php')
 7 SYSTEMPATH\View\View.php(231): CodeIgniter\View\View->CodeIgniter\View\{closure}()
 8 SYSTEMPATH\Common.php(1190): CodeIgniter\View\View->render('homepageView', [], true)
 9 APPPATH\Controllers\HomepageController.php(14): view('homepageView')
10 SYSTEMPATH\CodeIgniter.php(942): App\Controllers\HomepageController->index()
11 SYSTEMPATH\CodeIgniter.php(502): CodeIgniter\CodeIgniter->runController(Object(App\Controllers\HomepageController))
12 SYSTEMPATH\CodeIgniter.php(361): CodeIgniter\CodeIgniter->handleRequest(null, Object(Config\Cache), false)
13 FCPATH\index.php(79): CodeIgniter\CodeIgniter->run()
INFO - 2024-02-26 09:45:39 --> Session: Class initialized using 'CodeIgniter\Session\Handlers\FileHandler' driver.
ERROR - 2024-02-26 09:45:39 --> mysqli_sql_exception: Unknown column 'teacher_course.course_duration' in 'field list' in D:\laragon\www\SchoolingTime\vendor\codeigniter4\framework\system\Database\MySQLi\Connection.php:306
Stack trace:
#0 D:\laragon\www\SchoolingTime\vendor\codeigniter4\framework\system\Database\MySQLi\Connection.php(306): mysqli->query('SELECT teacher_...', 0)
#1 D:\laragon\www\SchoolingTime\vendor\codeigniter4\framework\system\Database\BaseConnection.php(693): CodeIgniter\Database\MySQLi\Connection->execute('SELECT teacher_...')
#2 D:\laragon\www\SchoolingTime\vendor\codeigniter4\framework\system\Database\BaseConnection.php(607): CodeIgniter\Database\BaseConnection->simpleQuery('SELECT teacher_...')
#3 D:\laragon\www\SchoolingTime\app\Views\include\homepage_tab_three_courses.php(60): CodeIgniter\Database\BaseConnection->query('SELECT teacher_...')
#4 D:\laragon\www\SchoolingTime\vendor\codeigniter4\framework\system\View\View.php(228): include('D:\\laragon\\www\\...')
#5 D:\laragon\www\SchoolingTime\vendor\codeigniter4\framework\system\View\View.php(231): CodeIgniter\View\View->CodeIgniter\View\{closure}()
#6 D:\laragon\www\SchoolingTime\vendor\codeigniter4\framework\system\View\View.php(469): CodeIgniter\View\View->render('include/homepag...', NULL, true)
#7 D:\laragon\www\SchoolingTime\app\Views\homepageView.php(25): CodeIgniter\View\View->include('include/homepag...')
#8 D:\laragon\www\SchoolingTime\vendor\codeigniter4\framework\system\View\View.php(228): include('D:\\laragon\\www\\...')
#9 D:\laragon\www\SchoolingTime\vendor\codeigniter4\framework\system\View\View.php(231): CodeIgniter\View\View->CodeIgniter\View\{closure}()
#10 D:\laragon\www\SchoolingTime\vendor\codeigniter4\framework\system\Common.php(1190): CodeIgniter\View\View->render('homepageView', Array, true)
#11 D:\laragon\www\SchoolingTime\app\Controllers\HomepageController.php(14): view('homepageView')
#12 D:\laragon\www\SchoolingTime\vendor\codeigniter4\framework\system\CodeIgniter.php(942): App\Controllers\HomepageController->index()
#13 D:\laragon\www\SchoolingTime\vendor\codeigniter4\framework\system\CodeIgniter.php(502): CodeIgniter\CodeIgniter->runController(Object(App\Controllers\HomepageController))
#14 D:\laragon\www\SchoolingTime\vendor\codeigniter4\framework\system\CodeIgniter.php(361): CodeIgniter\CodeIgniter->handleRequest(NULL, Object(Config\Cache), false)
#15 D:\laragon\www\SchoolingTime\index.php(79): CodeIgniter\CodeIgniter->run()
#16 {main}
CRITICAL - 2024-02-26 09:45:39 --> Unknown column 'teacher_course.course_duration' in 'field list'
in SYSTEMPATH\Database\BaseConnection.php on line 647.
 1 APPPATH\Views\include\homepage_tab_three_courses.php(60): CodeIgniter\Database\BaseConnection->query('SELECT teacher_profile.last_educational_institute, teacher_profile.teacher_edu_his,
      teacher_profile.teacher_pro_his, teacher_profile.teacher_certi_award, teacher_profile.teacher_pic,
      teacher_course.coures_title, teacher_course.course_level, teacher_course.course_duration,
      teacher_course.course_schedule,teacher_course.course_note,teacher_course.course_pic,
      teacher_course.course_teacher_id,teacher_course.course_id,
      teacher_course.course_status,teacher_course.course_type_name    
      FROM teacher_course
      LEFT JOIN teacher_profile ON teacher_profile.teacher_id = teacher_course.course_teacher_id')
 2 SYSTEMPATH\View\View.php(228): include('D:\\laragon\\www\\SchoolingTime\\app\\Views\\include\\homepage_tab_three_courses.php')
 3 SYSTEMPATH\View\View.php(231): CodeIgniter\View\View->CodeIgniter\View\{closure}()
 4 SYSTEMPATH\View\View.php(469): CodeIgniter\View\View->render('include/homepage_tab_three_courses', null, true)
 5 APPPATH\Views\homepageView.php(25): CodeIgniter\View\View->include('include/homepage_tab_three_courses')
 6 SYSTEMPATH\View\View.php(228): include('D:\\laragon\\www\\SchoolingTime\\app\\Views\\homepageView.php')
 7 SYSTEMPATH\View\View.php(231): CodeIgniter\View\View->CodeIgniter\View\{closure}()
 8 SYSTEMPATH\Common.php(1190): CodeIgniter\View\View->render('homepageView', [], true)
 9 APPPATH\Controllers\HomepageController.php(14): view('homepageView')
10 SYSTEMPATH\CodeIgniter.php(942): App\Controllers\HomepageController->index()
11 SYSTEMPATH\CodeIgniter.php(502): CodeIgniter\CodeIgniter->runController(Object(App\Controllers\HomepageController))
12 SYSTEMPATH\CodeIgniter.php(361): CodeIgniter\CodeIgniter->handleRequest(null, Object(Config\Cache), false)
13 FCPATH\index.php(79): CodeIgniter\CodeIgniter->run()
INFO - 2024-02-26 09:45:39 --> Session: Class initialized using 'CodeIgniter\Session\Handlers\FileHandler' driver.
ERROR - 2024-02-26 09:45:39 --> mysqli_sql_exception: Unknown column 'teacher_course.course_duration' in 'field list' in D:\laragon\www\SchoolingTime\vendor\codeigniter4\framework\system\Database\MySQLi\Connection.php:306
Stack trace:
#0 D:\laragon\www\SchoolingTime\vendor\codeigniter4\framework\system\Database\MySQLi\Connection.php(306): mysqli->query('SELECT teacher_...', 0)
#1 D:\laragon\www\SchoolingTime\vendor\codeigniter4\framework\system\Database\BaseConnection.php(693): CodeIgniter\Database\MySQLi\Connection->execute('SELECT teacher_...')
#2 D:\laragon\www\SchoolingTime\vendor\codeigniter4\framework\system\Database\BaseConnection.php(607): CodeIgniter\Database\BaseConnection->simpleQuery('SELECT teacher_...')
#3 D:\laragon\www\SchoolingTime\app\Views\include\homepage_tab_three_courses.php(60): CodeIgniter\Database\BaseConnection->query('SELECT teacher_...')
#4 D:\laragon\www\SchoolingTime\vendor\codeigniter4\framework\system\View\View.php(228): include('D:\\laragon\\www\\...')
#5 D:\laragon\www\SchoolingTime\vendor\codeigniter4\framework\system\View\View.php(231): CodeIgniter\View\View->CodeIgniter\View\{closure}()
#6 D:\laragon\www\SchoolingTime\vendor\codeigniter4\framework\system\View\View.php(469): CodeIgniter\View\View->render('include/homepag...', NULL, true)
#7 D:\laragon\www\SchoolingTime\app\Views\homepageView.php(25): CodeIgniter\View\View->include('include/homepag...')
#8 D:\laragon\www\SchoolingTime\vendor\codeigniter4\framework\system\View\View.php(228): include('D:\\laragon\\www\\...')
#9 D:\laragon\www\SchoolingTime\vendor\codeigniter4\framework\system\View\View.php(231): CodeIgniter\View\View->CodeIgniter\View\{closure}()
#10 D:\laragon\www\SchoolingTime\vendor\codeigniter4\framework\system\Common.php(1190): CodeIgniter\View\View->render('homepageView', Array, true)
#11 D:\laragon\www\SchoolingTime\app\Controllers\HomepageController.php(14): view('homepageView')
#12 D:\laragon\www\SchoolingTime\vendor\codeigniter4\framework\system\CodeIgniter.php(942): App\Controllers\HomepageController->index()
#13 D:\laragon\www\SchoolingTime\vendor\codeigniter4\framework\system\CodeIgniter.php(502): CodeIgniter\CodeIgniter->runController(Object(App\Controllers\HomepageController))
#14 D:\laragon\www\SchoolingTime\vendor\codeigniter4\framework\system\CodeIgniter.php(361): CodeIgniter\CodeIgniter->handleRequest(NULL, Object(Config\Cache), false)
#15 D:\laragon\www\SchoolingTime\index.php(79): CodeIgniter\CodeIgniter->run()
#16 {main}
CRITICAL - 2024-02-26 09:45:39 --> Unknown column 'teacher_course.course_duration' in 'field list'
in SYSTEMPATH\Database\BaseConnection.php on line 647.
 1 APPPATH\Views\include\homepage_tab_three_courses.php(60): CodeIgniter\Database\BaseConnection->query('SELECT teacher_profile.last_educational_institute, teacher_profile.teacher_edu_his,
      teacher_profile.teacher_pro_his, teacher_profile.teacher_certi_award, teacher_profile.teacher_pic,
      teacher_course.coures_title, teacher_course.course_level, teacher_course.course_duration,
      teacher_course.course_schedule,teacher_course.course_note,teacher_course.course_pic,
      teacher_course.course_teacher_id,teacher_course.course_id,
      teacher_course.course_status,teacher_course.course_type_name    
      FROM teacher_course
      LEFT JOIN teacher_profile ON teacher_profile.teacher_id = teacher_course.course_teacher_id')
 2 SYSTEMPATH\View\View.php(228): include('D:\\laragon\\www\\SchoolingTime\\app\\Views\\include\\homepage_tab_three_courses.php')
 3 SYSTEMPATH\View\View.php(231): CodeIgniter\View\View->CodeIgniter\View\{closure}()
 4 SYSTEMPATH\View\View.php(469): CodeIgniter\View\View->render('include/homepage_tab_three_courses', null, true)
 5 APPPATH\Views\homepageView.php(25): CodeIgniter\View\View->include('include/homepage_tab_three_courses')
 6 SYSTEMPATH\View\View.php(228): include('D:\\laragon\\www\\SchoolingTime\\app\\Views\\homepageView.php')
 7 SYSTEMPATH\View\View.php(231): CodeIgniter\View\View->CodeIgniter\View\{closure}()
 8 SYSTEMPATH\Common.php(1190): CodeIgniter\View\View->render('homepageView', [], true)
 9 APPPATH\Controllers\HomepageController.php(14): view('homepageView')
10 SYSTEMPATH\CodeIgniter.php(942): App\Controllers\HomepageController->index()
11 SYSTEMPATH\CodeIgniter.php(502): CodeIgniter\CodeIgniter->runController(Object(App\Controllers\HomepageController))
12 SYSTEMPATH\CodeIgniter.php(361): CodeIgniter\CodeIgniter->handleRequest(null, Object(Config\Cache), false)
13 FCPATH\index.php(79): CodeIgniter\CodeIgniter->run()
INFO - 2024-02-26 09:45:39 --> Session: Class initialized using 'CodeIgniter\Session\Handlers\FileHandler' driver.
ERROR - 2024-02-26 09:45:39 --> mysqli_sql_exception: Unknown column 'teacher_course.course_duration' in 'field list' in D:\laragon\www\SchoolingTime\vendor\codeigniter4\framework\system\Database\MySQLi\Connection.php:306
Stack trace:
#0 D:\laragon\www\SchoolingTime\vendor\codeigniter4\framework\system\Database\MySQLi\Connection.php(306): mysqli->query('SELECT teacher_...', 0)
#1 D:\laragon\www\SchoolingTime\vendor\codeigniter4\framework\system\Database\BaseConnection.php(693): CodeIgniter\Database\MySQLi\Connection->execute('SELECT teacher_...')
#2 D:\laragon\www\SchoolingTime\vendor\codeigniter4\framework\system\Database\BaseConnection.php(607): CodeIgniter\Database\BaseConnection->simpleQuery('SELECT teacher_...')
#3 D:\laragon\www\SchoolingTime\app\Views\include\homepage_tab_three_courses.php(60): CodeIgniter\Database\BaseConnection->query('SELECT teacher_...')
#4 D:\laragon\www\SchoolingTime\vendor\codeigniter4\framework\system\View\View.php(228): include('D:\\laragon\\www\\...')
#5 D:\laragon\www\SchoolingTime\vendor\codeigniter4\framework\system\View\View.php(231): CodeIgniter\View\View->CodeIgniter\View\{closure}()
#6 D:\laragon\www\SchoolingTime\vendor\codeigniter4\framework\system\View\View.php(469): CodeIgniter\View\View->render('include/homepag...', NULL, true)
#7 D:\laragon\www\SchoolingTime\app\Views\homepageView.php(25): CodeIgniter\View\View->include('include/homepag...')
#8 D:\laragon\www\SchoolingTime\vendor\codeigniter4\framework\system\View\View.php(228): include('D:\\laragon\\www\\...')
#9 D:\laragon\www\SchoolingTime\vendor\codeigniter4\framework\system\View\View.php(231): CodeIgniter\View\View->CodeIgniter\View\{closure}()
#10 D:\laragon\www\SchoolingTime\vendor\codeigniter4\framework\system\Common.php(1190): CodeIgniter\View\View->render('homepageView', Array, true)
#11 D:\laragon\www\SchoolingTime\app\Controllers\HomepageController.php(14): view('homepageView')
#12 D:\laragon\www\SchoolingTime\vendor\codeigniter4\framework\system\CodeIgniter.php(942): App\Controllers\HomepageController->index()
#13 D:\laragon\www\SchoolingTime\vendor\codeigniter4\framework\system\CodeIgniter.php(502): CodeIgniter\CodeIgniter->runController(Object(App\Controllers\HomepageController))
#14 D:\laragon\www\SchoolingTime\vendor\codeigniter4\framework\system\CodeIgniter.php(361): CodeIgniter\CodeIgniter->handleRequest(NULL, Object(Config\Cache), false)
#15 D:\laragon\www\SchoolingTime\index.php(79): CodeIgniter\CodeIgniter->run()
#16 {main}
CRITICAL - 2024-02-26 09:45:39 --> Unknown column 'teacher_course.course_duration' in 'field list'
in SYSTEMPATH\Database\BaseConnection.php on line 647.
 1 APPPATH\Views\include\homepage_tab_three_courses.php(60): CodeIgniter\Database\BaseConnection->query('SELECT teacher_profile.last_educational_institute, teacher_profile.teacher_edu_his,
      teacher_profile.teacher_pro_his, teacher_profile.teacher_certi_award, teacher_profile.teacher_pic,
      teacher_course.coures_title, teacher_course.course_level, teacher_course.course_duration,
      teacher_course.course_schedule,teacher_course.course_note,teacher_course.course_pic,
      teacher_course.course_teacher_id,teacher_course.course_id,
      teacher_course.course_status,teacher_course.course_type_name    
      FROM teacher_course
      LEFT JOIN teacher_profile ON teacher_profile.teacher_id = teacher_course.course_teacher_id')
 2 SYSTEMPATH\View\View.php(228): include('D:\\laragon\\www\\SchoolingTime\\app\\Views\\include\\homepage_tab_three_courses.php')
 3 SYSTEMPATH\View\View.php(231): CodeIgniter\View\View->CodeIgniter\View\{closure}()
 4 SYSTEMPATH\View\View.php(469): CodeIgniter\View\View->render('include/homepage_tab_three_courses', null, true)
 5 APPPATH\Views\homepageView.php(25): CodeIgniter\View\View->include('include/homepage_tab_three_courses')
 6 SYSTEMPATH\View\View.php(228): include('D:\\laragon\\www\\SchoolingTime\\app\\Views\\homepageView.php')
 7 SYSTEMPATH\View\View.php(231): CodeIgniter\View\View->CodeIgniter\View\{closure}()
 8 SYSTEMPATH\Common.php(1190): CodeIgniter\View\View->render('homepageView', [], true)
 9 APPPATH\Controllers\HomepageController.php(14): view('homepageView')
10 SYSTEMPATH\CodeIgniter.php(942): App\Controllers\HomepageController->index()
11 SYSTEMPATH\CodeIgniter.php(502): CodeIgniter\CodeIgniter->runController(Object(App\Controllers\HomepageController))
12 SYSTEMPATH\CodeIgniter.php(361): CodeIgniter\CodeIgniter->handleRequest(null, Object(Config\Cache), false)
13 FCPATH\index.php(79): CodeIgniter\CodeIgniter->run()
INFO - 2024-02-26 09:45:40 --> Session: Class initialized using 'CodeIgniter\Session\Handlers\FileHandler' driver.
ERROR - 2024-02-26 09:45:40 --> mysqli_sql_exception: Unknown column 'teacher_course.course_duration' in 'field list' in D:\laragon\www\SchoolingTime\vendor\codeigniter4\framework\system\Database\MySQLi\Connection.php:306
Stack trace:
#0 D:\laragon\www\SchoolingTime\vendor\codeigniter4\framework\system\Database\MySQLi\Connection.php(306): mysqli->query('SELECT teacher_...', 0)
#1 D:\laragon\www\SchoolingTime\vendor\codeigniter4\framework\system\Database\BaseConnection.php(693): CodeIgniter\Database\MySQLi\Connection->execute('SELECT teacher_...')
#2 D:\laragon\www\SchoolingTime\vendor\codeigniter4\framework\system\Database\BaseConnection.php(607): CodeIgniter\Database\BaseConnection->simpleQuery('SELECT teacher_...')
#3 D:\laragon\www\SchoolingTime\app\Views\include\homepage_tab_three_courses.php(60): CodeIgniter\Database\BaseConnection->query('SELECT teacher_...')
#4 D:\laragon\www\SchoolingTime\vendor\codeigniter4\framework\system\View\View.php(228): include('D:\\laragon\\www\\...')
#5 D:\laragon\www\SchoolingTime\vendor\codeigniter4\framework\system\View\View.php(231): CodeIgniter\View\View->CodeIgniter\View\{closure}()
#6 D:\laragon\www\SchoolingTime\vendor\codeigniter4\framework\system\View\View.php(469): CodeIgniter\View\View->render('include/homepag...', NULL, true)
#7 D:\laragon\www\SchoolingTime\app\Views\homepageView.php(25): CodeIgniter\View\View->include('include/homepag...')
#8 D:\laragon\www\SchoolingTime\vendor\codeigniter4\framework\system\View\View.php(228): include('D:\\laragon\\www\\...')
#9 D:\laragon\www\SchoolingTime\vendor\codeigniter4\framework\system\View\View.php(231): CodeIgniter\View\View->CodeIgniter\View\{closure}()
#10 D:\laragon\www\SchoolingTime\vendor\codeigniter4\framework\system\Common.php(1190): CodeIgniter\View\View->render('homepageView', Array, true)
#11 D:\laragon\www\SchoolingTime\app\Controllers\HomepageController.php(14): view('homepageView')
#12 D:\laragon\www\SchoolingTime\vendor\codeigniter4\framework\system\CodeIgniter.php(942): App\Controllers\HomepageController->index()
#13 D:\laragon\www\SchoolingTime\vendor\codeigniter4\framework\system\CodeIgniter.php(502): CodeIgniter\CodeIgniter->runController(Object(App\Controllers\HomepageController))
#14 D:\laragon\www\SchoolingTime\vendor\codeigniter4\framework\system\CodeIgniter.php(361): CodeIgniter\CodeIgniter->handleRequest(NULL, Object(Config\Cache), false)
#15 D:\laragon\www\SchoolingTime\index.php(79): CodeIgniter\CodeIgniter->run()
#16 {main}
CRITICAL - 2024-02-26 09:45:40 --> Unknown column 'teacher_course.course_duration' in 'field list'
in SYSTEMPATH\Database\BaseConnection.php on line 647.
 1 APPPATH\Views\include\homepage_tab_three_courses.php(60): CodeIgniter\Database\BaseConnection->query('SELECT teacher_profile.last_educational_institute, teacher_profile.teacher_edu_his,
      teacher_profile.teacher_pro_his, teacher_profile.teacher_certi_award, teacher_profile.teacher_pic,
      teacher_course.coures_title, teacher_course.course_level, teacher_course.course_duration,
      teacher_course.course_schedule,teacher_course.course_note,teacher_course.course_pic,
      teacher_course.course_teacher_id,teacher_course.course_id,
      teacher_course.course_status,teacher_course.course_type_name    
      FROM teacher_course
      LEFT JOIN teacher_profile ON teacher_profile.teacher_id = teacher_course.course_teacher_id')
 2 SYSTEMPATH\View\View.php(228): include('D:\\laragon\\www\\SchoolingTime\\app\\Views\\include\\homepage_tab_three_courses.php')
 3 SYSTEMPATH\View\View.php(231): CodeIgniter\View\View->CodeIgniter\View\{closure}()
 4 SYSTEMPATH\View\View.php(469): CodeIgniter\View\View->render('include/homepage_tab_three_courses', null, true)
 5 APPPATH\Views\homepageView.php(25): CodeIgniter\View\View->include('include/homepage_tab_three_courses')
 6 SYSTEMPATH\View\View.php(228): include('D:\\laragon\\www\\SchoolingTime\\app\\Views\\homepageView.php')
 7 SYSTEMPATH\View\View.php(231): CodeIgniter\View\View->CodeIgniter\View\{closure}()
 8 SYSTEMPATH\Common.php(1190): CodeIgniter\View\View->render('homepageView', [], true)
 9 APPPATH\Controllers\HomepageController.php(14): view('homepageView')
10 SYSTEMPATH\CodeIgniter.php(942): App\Controllers\HomepageController->index()
11 SYSTEMPATH\CodeIgniter.php(502): CodeIgniter\CodeIgniter->runController(Object(App\Controllers\HomepageController))
12 SYSTEMPATH\CodeIgniter.php(361): CodeIgniter\CodeIgniter->handleRequest(null, Object(Config\Cache), false)
13 FCPATH\index.php(79): CodeIgniter\CodeIgniter->run()
INFO - 2024-02-26 09:45:40 --> Session: Class initialized using 'CodeIgniter\Session\Handlers\FileHandler' driver.
ERROR - 2024-02-26 09:45:40 --> mysqli_sql_exception: Unknown column 'teacher_course.course_duration' in 'field list' in D:\laragon\www\SchoolingTime\vendor\codeigniter4\framework\system\Database\MySQLi\Connection.php:306
Stack trace:
#0 D:\laragon\www\SchoolingTime\vendor\codeigniter4\framework\system\Database\MySQLi\Connection.php(306): mysqli->query('SELECT teacher_...', 0)
#1 D:\laragon\www\SchoolingTime\vendor\codeigniter4\framework\system\Database\BaseConnection.php(693): CodeIgniter\Database\MySQLi\Connection->execute('SELECT teacher_...')
#2 D:\laragon\www\SchoolingTime\vendor\codeigniter4\framework\system\Database\BaseConnection.php(607): CodeIgniter\Database\BaseConnection->simpleQuery('SELECT teacher_...')
#3 D:\laragon\www\SchoolingTime\app\Views\include\homepage_tab_three_courses.php(60): CodeIgniter\Database\BaseConnection->query('SELECT teacher_...')
#4 D:\laragon\www\SchoolingTime\vendor\codeigniter4\framework\system\View\View.php(228): include('D:\\laragon\\www\\...')
#5 D:\laragon\www\SchoolingTime\vendor\codeigniter4\framework\system\View\View.php(231): CodeIgniter\View\View->CodeIgniter\View\{closure}()
#6 D:\laragon\www\SchoolingTime\vendor\codeigniter4\framework\system\View\View.php(469): CodeIgniter\View\View->render('include/homepag...', NULL, true)
#7 D:\laragon\www\SchoolingTime\app\Views\homepageView.php(25): CodeIgniter\View\View->include('include/homepag...')
#8 D:\laragon\www\SchoolingTime\vendor\codeigniter4\framework\system\View\View.php(228): include('D:\\laragon\\www\\...')
#9 D:\laragon\www\SchoolingTime\vendor\codeigniter4\framework\system\View\View.php(231): CodeIgniter\View\View->CodeIgniter\View\{closure}()
#10 D:\laragon\www\SchoolingTime\vendor\codeigniter4\framework\system\Common.php(1190): CodeIgniter\View\View->render('homepageView', Array, true)
#11 D:\laragon\www\SchoolingTime\app\Controllers\HomepageController.php(14): view('homepageView')
#12 D:\laragon\www\SchoolingTime\vendor\codeigniter4\framework\system\CodeIgniter.php(942): App\Controllers\HomepageController->index()
#13 D:\laragon\www\SchoolingTime\vendor\codeigniter4\framework\system\CodeIgniter.php(502): CodeIgniter\CodeIgniter->runController(Object(App\Controllers\HomepageController))
#14 D:\laragon\www\SchoolingTime\vendor\codeigniter4\framework\system\CodeIgniter.php(361): CodeIgniter\CodeIgniter->handleRequest(NULL, Object(Config\Cache), false)
#15 D:\laragon\www\SchoolingTime\index.php(79): CodeIgniter\CodeIgniter->run()
#16 {main}
CRITICAL - 2024-02-26 09:45:40 --> Unknown column 'teacher_course.course_duration' in 'field list'
in SYSTEMPATH\Database\BaseConnection.php on line 647.
 1 APPPATH\Views\include\homepage_tab_three_courses.php(60): CodeIgniter\Database\BaseConnection->query('SELECT teacher_profile.last_educational_institute, teacher_profile.teacher_edu_his,
      teacher_profile.teacher_pro_his, teacher_profile.teacher_certi_award, teacher_profile.teacher_pic,
      teacher_course.coures_title, teacher_course.course_level, teacher_course.course_duration,
      teacher_course.course_schedule,teacher_course.course_note,teacher_course.course_pic,
      teacher_course.course_teacher_id,teacher_course.course_id,
      teacher_course.course_status,teacher_course.course_type_name    
      FROM teacher_course
      LEFT JOIN teacher_profile ON teacher_profile.teacher_id = teacher_course.course_teacher_id')
 2 SYSTEMPATH\View\View.php(228): include('D:\\laragon\\www\\SchoolingTime\\app\\Views\\include\\homepage_tab_three_courses.php')
 3 SYSTEMPATH\View\View.php(231): CodeIgniter\View\View->CodeIgniter\View\{closure}()
 4 SYSTEMPATH\View\View.php(469): CodeIgniter\View\View->render('include/homepage_tab_three_courses', null, true)
 5 APPPATH\Views\homepageView.php(25): CodeIgniter\View\View->include('include/homepage_tab_three_courses')
 6 SYSTEMPATH\View\View.php(228): include('D:\\laragon\\www\\SchoolingTime\\app\\Views\\homepageView.php')
 7 SYSTEMPATH\View\View.php(231): CodeIgniter\View\View->CodeIgniter\View\{closure}()
 8 SYSTEMPATH\Common.php(1190): CodeIgniter\View\View->render('homepageView', [], true)
 9 APPPATH\Controllers\HomepageController.php(14): view('homepageView')
10 SYSTEMPATH\CodeIgniter.php(942): App\Controllers\HomepageController->index()
11 SYSTEMPATH\CodeIgniter.php(502): CodeIgniter\CodeIgniter->runController(Object(App\Controllers\HomepageController))
12 SYSTEMPATH\CodeIgniter.php(361): CodeIgniter\CodeIgniter->handleRequest(null, Object(Config\Cache), false)
13 FCPATH\index.php(79): CodeIgniter\CodeIgniter->run()
INFO - 2024-02-26 09:45:40 --> Session: Class initialized using 'CodeIgniter\Session\Handlers\FileHandler' driver.
ERROR - 2024-02-26 09:45:40 --> mysqli_sql_exception: Unknown column 'teacher_course.course_duration' in 'field list' in D:\laragon\www\SchoolingTime\vendor\codeigniter4\framework\system\Database\MySQLi\Connection.php:306
Stack trace:
#0 D:\laragon\www\SchoolingTime\vendor\codeigniter4\framework\system\Database\MySQLi\Connection.php(306): mysqli->query('SELECT teacher_...', 0)
#1 D:\laragon\www\SchoolingTime\vendor\codeigniter4\framework\system\Database\BaseConnection.php(693): CodeIgniter\Database\MySQLi\Connection->execute('SELECT teacher_...')
#2 D:\laragon\www\SchoolingTime\vendor\codeigniter4\framework\system\Database\BaseConnection.php(607): CodeIgniter\Database\BaseConnection->simpleQuery('SELECT teacher_...')
#3 D:\laragon\www\SchoolingTime\app\Views\include\homepage_tab_three_courses.php(60): CodeIgniter\Database\BaseConnection->query('SELECT teacher_...')
#4 D:\laragon\www\SchoolingTime\vendor\codeigniter4\framework\system\View\View.php(228): include('D:\\laragon\\www\\...')
#5 D:\laragon\www\SchoolingTime\vendor\codeigniter4\framework\system\View\View.php(231): CodeIgniter\View\View->CodeIgniter\View\{closure}()
#6 D:\laragon\www\SchoolingTime\vendor\codeigniter4\framework\system\View\View.php(469): CodeIgniter\View\View->render('include/homepag...', NULL, true)
#7 D:\laragon\www\SchoolingTime\app\Views\homepageView.php(25): CodeIgniter\View\View->include('include/homepag...')
#8 D:\laragon\www\SchoolingTime\vendor\codeigniter4\framework\system\View\View.php(228): include('D:\\laragon\\www\\...')
#9 D:\laragon\www\SchoolingTime\vendor\codeigniter4\framework\system\View\View.php(231): CodeIgniter\View\View->CodeIgniter\View\{closure}()
#10 D:\laragon\www\SchoolingTime\vendor\codeigniter4\framework\system\Common.php(1190): CodeIgniter\View\View->render('homepageView', Array, true)
#11 D:\laragon\www\SchoolingTime\app\Controllers\HomepageController.php(14): view('homepageView')
#12 D:\laragon\www\SchoolingTime\vendor\codeigniter4\framework\system\CodeIgniter.php(942): App\Controllers\HomepageController->index()
#13 D:\laragon\www\SchoolingTime\vendor\codeigniter4\framework\system\CodeIgniter.php(502): CodeIgniter\CodeIgniter->runController(Object(App\Controllers\HomepageController))
#14 D:\laragon\www\SchoolingTime\vendor\codeigniter4\framework\system\CodeIgniter.php(361): CodeIgniter\CodeIgniter->handleRequest(NULL, Object(Config\Cache), false)
#15 D:\laragon\www\SchoolingTime\index.php(79): CodeIgniter\CodeIgniter->run()
#16 {main}
CRITICAL - 2024-02-26 09:45:40 --> Unknown column 'teacher_course.course_duration' in 'field list'
in SYSTEMPATH\Database\BaseConnection.php on line 647.
 1 APPPATH\Views\include\homepage_tab_three_courses.php(60): CodeIgniter\Database\BaseConnection->query('SELECT teacher_profile.last_educational_institute, teacher_profile.teacher_edu_his,
      teacher_profile.teacher_pro_his, teacher_profile.teacher_certi_award, teacher_profile.teacher_pic,
      teacher_course.coures_title, teacher_course.course_level, teacher_course.course_duration,
      teacher_course.course_schedule,teacher_course.course_note,teacher_course.course_pic,
      teacher_course.course_teacher_id,teacher_course.course_id,
      teacher_course.course_status,teacher_course.course_type_name    
      FROM teacher_course
      LEFT JOIN teacher_profile ON teacher_profile.teacher_id = teacher_course.course_teacher_id')
 2 SYSTEMPATH\View\View.php(228): include('D:\\laragon\\www\\SchoolingTime\\app\\Views\\include\\homepage_tab_three_courses.php')
 3 SYSTEMPATH\View\View.php(231): CodeIgniter\View\View->CodeIgniter\View\{closure}()
 4 SYSTEMPATH\View\View.php(469): CodeIgniter\View\View->render('include/homepage_tab_three_courses', null, true)
 5 APPPATH\Views\homepageView.php(25): CodeIgniter\View\View->include('include/homepage_tab_three_courses')
 6 SYSTEMPATH\View\View.php(228): include('D:\\laragon\\www\\SchoolingTime\\app\\Views\\homepageView.php')
 7 SYSTEMPATH\View\View.php(231): CodeIgniter\View\View->CodeIgniter\View\{closure}()
 8 SYSTEMPATH\Common.php(1190): CodeIgniter\View\View->render('homepageView', [], true)
 9 APPPATH\Controllers\HomepageController.php(14): view('homepageView')
10 SYSTEMPATH\CodeIgniter.php(942): App\Controllers\HomepageController->index()
11 SYSTEMPATH\CodeIgniter.php(502): CodeIgniter\CodeIgniter->runController(Object(App\Controllers\HomepageController))
12 SYSTEMPATH\CodeIgniter.php(361): CodeIgniter\CodeIgniter->handleRequest(null, Object(Config\Cache), false)
13 FCPATH\index.php(79): CodeIgniter\CodeIgniter->run()
INFO - 2024-02-26 09:45:40 --> Session: Class initialized using 'CodeIgniter\Session\Handlers\FileHandler' driver.
ERROR - 2024-02-26 09:45:40 --> mysqli_sql_exception: Unknown column 'teacher_course.course_duration' in 'field list' in D:\laragon\www\SchoolingTime\vendor\codeigniter4\framework\system\Database\MySQLi\Connection.php:306
Stack trace:
#0 D:\laragon\www\SchoolingTime\vendor\codeigniter4\framework\system\Database\MySQLi\Connection.php(306): mysqli->query('SELECT teacher_...', 0)
#1 D:\laragon\www\SchoolingTime\vendor\codeigniter4\framework\system\Database\BaseConnection.php(693): CodeIgniter\Database\MySQLi\Connection->execute('SELECT teacher_...')
#2 D:\laragon\www\SchoolingTime\vendor\codeigniter4\framework\system\Database\BaseConnection.php(607): CodeIgniter\Database\BaseConnection->simpleQuery('SELECT teacher_...')
#3 D:\laragon\www\SchoolingTime\app\Views\include\homepage_tab_three_courses.php(60): CodeIgniter\Database\BaseConnection->query('SELECT teacher_...')
#4 D:\laragon\www\SchoolingTime\vendor\codeigniter4\framework\system\View\View.php(228): include('D:\\laragon\\www\\...')
#5 D:\laragon\www\SchoolingTime\vendor\codeigniter4\framework\system\View\View.php(231): CodeIgniter\View\View->CodeIgniter\View\{closure}()
#6 D:\laragon\www\SchoolingTime\vendor\codeigniter4\framework\system\View\View.php(469): CodeIgniter\View\View->render('include/homepag...', NULL, true)
#7 D:\laragon\www\SchoolingTime\app\Views\homepageView.php(25): CodeIgniter\View\View->include('include/homepag...')
#8 D:\laragon\www\SchoolingTime\vendor\codeigniter4\framework\system\View\View.php(228): include('D:\\laragon\\www\\...')
#9 D:\laragon\www\SchoolingTime\vendor\codeigniter4\framework\system\View\View.php(231): CodeIgniter\View\View->CodeIgniter\View\{closure}()
#10 D:\laragon\www\SchoolingTime\vendor\codeigniter4\framework\system\Common.php(1190): CodeIgniter\View\View->render('homepageView', Array, true)
#11 D:\laragon\www\SchoolingTime\app\Controllers\HomepageController.php(14): view('homepageView')
#12 D:\laragon\www\SchoolingTime\vendor\codeigniter4\framework\system\CodeIgniter.php(942): App\Controllers\HomepageController->index()
#13 D:\laragon\www\SchoolingTime\vendor\codeigniter4\framework\system\CodeIgniter.php(502): CodeIgniter\CodeIgniter->runController(Object(App\Controllers\HomepageController))
#14 D:\laragon\www\SchoolingTime\vendor\codeigniter4\framework\system\CodeIgniter.php(361): CodeIgniter\CodeIgniter->handleRequest(NULL, Object(Config\Cache), false)
#15 D:\laragon\www\SchoolingTime\index.php(79): CodeIgniter\CodeIgniter->run()
#16 {main}
CRITICAL - 2024-02-26 09:45:40 --> Unknown column 'teacher_course.course_duration' in 'field list'
in SYSTEMPATH\Database\BaseConnection.php on line 647.
 1 APPPATH\Views\include\homepage_tab_three_courses.php(60): CodeIgniter\Database\BaseConnection->query('SELECT teacher_profile.last_educational_institute, teacher_profile.teacher_edu_his,
      teacher_profile.teacher_pro_his, teacher_profile.teacher_certi_award, teacher_profile.teacher_pic,
      teacher_course.coures_title, teacher_course.course_level, teacher_course.course_duration,
      teacher_course.course_schedule,teacher_course.course_note,teacher_course.course_pic,
      teacher_course.course_teacher_id,teacher_course.course_id,
      teacher_course.course_status,teacher_course.course_type_name    
      FROM teacher_course
      LEFT JOIN teacher_profile ON teacher_profile.teacher_id = teacher_course.course_teacher_id')
 2 SYSTEMPATH\View\View.php(228): include('D:\\laragon\\www\\SchoolingTime\\app\\Views\\include\\homepage_tab_three_courses.php')
 3 SYSTEMPATH\View\View.php(231): CodeIgniter\View\View->CodeIgniter\View\{closure}()
 4 SYSTEMPATH\View\View.php(469): CodeIgniter\View\View->render('include/homepage_tab_three_courses', null, true)
 5 APPPATH\Views\homepageView.php(25): CodeIgniter\View\View->include('include/homepage_tab_three_courses')
 6 SYSTEMPATH\View\View.php(228): include('D:\\laragon\\www\\SchoolingTime\\app\\Views\\homepageView.php')
 7 SYSTEMPATH\View\View.php(231): CodeIgniter\View\View->CodeIgniter\View\{closure}()
 8 SYSTEMPATH\Common.php(1190): CodeIgniter\View\View->render('homepageView', [], true)
 9 APPPATH\Controllers\HomepageController.php(14): view('homepageView')
10 SYSTEMPATH\CodeIgniter.php(942): App\Controllers\HomepageController->index()
11 SYSTEMPATH\CodeIgniter.php(502): CodeIgniter\CodeIgniter->runController(Object(App\Controllers\HomepageController))
12 SYSTEMPATH\CodeIgniter.php(361): CodeIgniter\CodeIgniter->handleRequest(null, Object(Config\Cache), false)
13 FCPATH\index.php(79): CodeIgniter\CodeIgniter->run()
INFO - 2024-02-26 09:45:40 --> Session: Class initialized using 'CodeIgniter\Session\Handlers\FileHandler' driver.
ERROR - 2024-02-26 09:45:40 --> mysqli_sql_exception: Unknown column 'teacher_course.course_duration' in 'field list' in D:\laragon\www\SchoolingTime\vendor\codeigniter4\framework\system\Database\MySQLi\Connection.php:306
Stack trace:
#0 D:\laragon\www\SchoolingTime\vendor\codeigniter4\framework\system\Database\MySQLi\Connection.php(306): mysqli->query('SELECT teacher_...', 0)
#1 D:\laragon\www\SchoolingTime\vendor\codeigniter4\framework\system\Database\BaseConnection.php(693): CodeIgniter\Database\MySQLi\Connection->execute('SELECT teacher_...')
#2 D:\laragon\www\SchoolingTime\vendor\codeigniter4\framework\system\Database\BaseConnection.php(607): CodeIgniter\Database\BaseConnection->simpleQuery('SELECT teacher_...')
#3 D:\laragon\www\SchoolingTime\app\Views\include\homepage_tab_three_courses.php(60): CodeIgniter\Database\BaseConnection->query('SELECT teacher_...')
#4 D:\laragon\www\SchoolingTime\vendor\codeigniter4\framework\system\View\View.php(228): include('D:\\laragon\\www\\...')
#5 D:\laragon\www\SchoolingTime\vendor\codeigniter4\framework\system\View\View.php(231): CodeIgniter\View\View->CodeIgniter\View\{closure}()
#6 D:\laragon\www\SchoolingTime\vendor\codeigniter4\framework\system\View\View.php(469): CodeIgniter\View\View->render('include/homepag...', NULL, true)
#7 D:\laragon\www\SchoolingTime\app\Views\homepageView.php(25): CodeIgniter\View\View->include('include/homepag...')
#8 D:\laragon\www\SchoolingTime\vendor\codeigniter4\framework\system\View\View.php(228): include('D:\\laragon\\www\\...')
#9 D:\laragon\www\SchoolingTime\vendor\codeigniter4\framework\system\View\View.php(231): CodeIgniter\View\View->CodeIgniter\View\{closure}()
#10 D:\laragon\www\SchoolingTime\vendor\codeigniter4\framework\system\Common.php(1190): CodeIgniter\View\View->render('homepageView', Array, true)
#11 D:\laragon\www\SchoolingTime\app\Controllers\HomepageController.php(14): view('homepageView')
#12 D:\laragon\www\SchoolingTime\vendor\codeigniter4\framework\system\CodeIgniter.php(942): App\Controllers\HomepageController->index()
#13 D:\laragon\www\SchoolingTime\vendor\codeigniter4\framework\system\CodeIgniter.php(502): CodeIgniter\CodeIgniter->runController(Object(App\Controllers\HomepageController))
#14 D:\laragon\www\SchoolingTime\vendor\codeigniter4\framework\system\CodeIgniter.php(361): CodeIgniter\CodeIgniter->handleRequest(NULL, Object(Config\Cache), false)
#15 D:\laragon\www\SchoolingTime\index.php(79): CodeIgniter\CodeIgniter->run()
#16 {main}
CRITICAL - 2024-02-26 09:45:40 --> Unknown column 'teacher_course.course_duration' in 'field list'
in SYSTEMPATH\Database\BaseConnection.php on line 647.
 1 APPPATH\Views\include\homepage_tab_three_courses.php(60): CodeIgniter\Database\BaseConnection->query('SELECT teacher_profile.last_educational_institute, teacher_profile.teacher_edu_his,
      teacher_profile.teacher_pro_his, teacher_profile.teacher_certi_award, teacher_profile.teacher_pic,
      teacher_course.coures_title, teacher_course.course_level, teacher_course.course_duration,
      teacher_course.course_schedule,teacher_course.course_note,teacher_course.course_pic,
      teacher_course.course_teacher_id,teacher_course.course_id,
      teacher_course.course_status,teacher_course.course_type_name    
      FROM teacher_course
      LEFT JOIN teacher_profile ON teacher_profile.teacher_id = teacher_course.course_teacher_id')
 2 SYSTEMPATH\View\View.php(228): include('D:\\laragon\\www\\SchoolingTime\\app\\Views\\include\\homepage_tab_three_courses.php')
 3 SYSTEMPATH\View\View.php(231): CodeIgniter\View\View->CodeIgniter\View\{closure}()
 4 SYSTEMPATH\View\View.php(469): CodeIgniter\View\View->render('include/homepage_tab_three_courses', null, true)
 5 APPPATH\Views\homepageView.php(25): CodeIgniter\View\View->include('include/homepage_tab_three_courses')
 6 SYSTEMPATH\View\View.php(228): include('D:\\laragon\\www\\SchoolingTime\\app\\Views\\homepageView.php')
 7 SYSTEMPATH\View\View.php(231): CodeIgniter\View\View->CodeIgniter\View\{closure}()
 8 SYSTEMPATH\Common.php(1190): CodeIgniter\View\View->render('homepageView', [], true)
 9 APPPATH\Controllers\HomepageController.php(14): view('homepageView')
10 SYSTEMPATH\CodeIgniter.php(942): App\Controllers\HomepageController->index()
11 SYSTEMPATH\CodeIgniter.php(502): CodeIgniter\CodeIgniter->runController(Object(App\Controllers\HomepageController))
12 SYSTEMPATH\CodeIgniter.php(361): CodeIgniter\CodeIgniter->handleRequest(null, Object(Config\Cache), false)
13 FCPATH\index.php(79): CodeIgniter\CodeIgniter->run()
INFO - 2024-02-26 09:45:40 --> Session: Class initialized using 'CodeIgniter\Session\Handlers\FileHandler' driver.
ERROR - 2024-02-26 09:45:40 --> mysqli_sql_exception: Unknown column 'teacher_course.course_duration' in 'field list' in D:\laragon\www\SchoolingTime\vendor\codeigniter4\framework\system\Database\MySQLi\Connection.php:306
Stack trace:
#0 D:\laragon\www\SchoolingTime\vendor\codeigniter4\framework\system\Database\MySQLi\Connection.php(306): mysqli->query('SELECT teacher_...', 0)
#1 D:\laragon\www\SchoolingTime\vendor\codeigniter4\framework\system\Database\BaseConnection.php(693): CodeIgniter\Database\MySQLi\Connection->execute('SELECT teacher_...')
#2 D:\laragon\www\SchoolingTime\vendor\codeigniter4\framework\system\Database\BaseConnection.php(607): CodeIgniter\Database\BaseConnection->simpleQuery('SELECT teacher_...')
#3 D:\laragon\www\SchoolingTime\app\Views\include\homepage_tab_three_courses.php(60): CodeIgniter\Database\BaseConnection->query('SELECT teacher_...')
#4 D:\laragon\www\SchoolingTime\vendor\codeigniter4\framework\system\View\View.php(228): include('D:\\laragon\\www\\...')
#5 D:\laragon\www\SchoolingTime\vendor\codeigniter4\framework\system\View\View.php(231): CodeIgniter\View\View->CodeIgniter\View\{closure}()
#6 D:\laragon\www\SchoolingTime\vendor\codeigniter4\framework\system\View\View.php(469): CodeIgniter\View\View->render('include/homepag...', NULL, true)
#7 D:\laragon\www\SchoolingTime\app\Views\homepageView.php(25): CodeIgniter\View\View->include('include/homepag...')
#8 D:\laragon\www\SchoolingTime\vendor\codeigniter4\framework\system\View\View.php(228): include('D:\\laragon\\www\\...')
#9 D:\laragon\www\SchoolingTime\vendor\codeigniter4\framework\system\View\View.php(231): CodeIgniter\View\View->CodeIgniter\View\{closure}()
#10 D:\laragon\www\SchoolingTime\vendor\codeigniter4\framework\system\Common.php(1190): CodeIgniter\View\View->render('homepageView', Array, true)
#11 D:\laragon\www\SchoolingTime\app\Controllers\HomepageController.php(14): view('homepageView')
#12 D:\laragon\www\SchoolingTime\vendor\codeigniter4\framework\system\CodeIgniter.php(942): App\Controllers\HomepageController->index()
#13 D:\laragon\www\SchoolingTime\vendor\codeigniter4\framework\system\CodeIgniter.php(502): CodeIgniter\CodeIgniter->runController(Object(App\Controllers\HomepageController))
#14 D:\laragon\www\SchoolingTime\vendor\codeigniter4\framework\system\CodeIgniter.php(361): CodeIgniter\CodeIgniter->handleRequest(NULL, Object(Config\Cache), false)
#15 D:\laragon\www\SchoolingTime\index.php(79): CodeIgniter\CodeIgniter->run()
#16 {main}
CRITICAL - 2024-02-26 09:45:40 --> Unknown column 'teacher_course.course_duration' in 'field list'
in SYSTEMPATH\Database\BaseConnection.php on line 647.
 1 APPPATH\Views\include\homepage_tab_three_courses.php(60): CodeIgniter\Database\BaseConnection->query('SELECT teacher_profile.last_educational_institute, teacher_profile.teacher_edu_his,
      teacher_profile.teacher_pro_his, teacher_profile.teacher_certi_award, teacher_profile.teacher_pic,
      teacher_course.coures_title, teacher_course.course_level, teacher_course.course_duration,
      teacher_course.course_schedule,teacher_course.course_note,teacher_course.course_pic,
      teacher_course.course_teacher_id,teacher_course.course_id,
      teacher_course.course_status,teacher_course.course_type_name    
      FROM teacher_course
      LEFT JOIN teacher_profile ON teacher_profile.teacher_id = teacher_course.course_teacher_id')
 2 SYSTEMPATH\View\View.php(228): include('D:\\laragon\\www\\SchoolingTime\\app\\Views\\include\\homepage_tab_three_courses.php')
 3 SYSTEMPATH\View\View.php(231): CodeIgniter\View\View->CodeIgniter\View\{closure}()
 4 SYSTEMPATH\View\View.php(469): CodeIgniter\View\View->render('include/homepage_tab_three_courses', null, true)
 5 APPPATH\Views\homepageView.php(25): CodeIgniter\View\View->include('include/homepage_tab_three_courses')
 6 SYSTEMPATH\View\View.php(228): include('D:\\laragon\\www\\SchoolingTime\\app\\Views\\homepageView.php')
 7 SYSTEMPATH\View\View.php(231): CodeIgniter\View\View->CodeIgniter\View\{closure}()
 8 SYSTEMPATH\Common.php(1190): CodeIgniter\View\View->render('homepageView', [], true)
 9 APPPATH\Controllers\HomepageController.php(14): view('homepageView')
10 SYSTEMPATH\CodeIgniter.php(942): App\Controllers\HomepageController->index()
11 SYSTEMPATH\CodeIgniter.php(502): CodeIgniter\CodeIgniter->runController(Object(App\Controllers\HomepageController))
12 SYSTEMPATH\CodeIgniter.php(361): CodeIgniter\CodeIgniter->handleRequest(null, Object(Config\Cache), false)
13 FCPATH\index.php(79): CodeIgniter\CodeIgniter->run()
INFO - 2024-02-26 09:45:40 --> Session: Class initialized using 'CodeIgniter\Session\Handlers\FileHandler' driver.
ERROR - 2024-02-26 09:45:40 --> mysqli_sql_exception: Unknown column 'teacher_course.course_duration' in 'field list' in D:\laragon\www\SchoolingTime\vendor\codeigniter4\framework\system\Database\MySQLi\Connection.php:306
Stack trace:
#0 D:\laragon\www\SchoolingTime\vendor\codeigniter4\framework\system\Database\MySQLi\Connection.php(306): mysqli->query('SELECT teacher_...', 0)
#1 D:\laragon\www\SchoolingTime\vendor\codeigniter4\framework\system\Database\BaseConnection.php(693): CodeIgniter\Database\MySQLi\Connection->execute('SELECT teacher_...')
#2 D:\laragon\www\SchoolingTime\vendor\codeigniter4\framework\system\Database\BaseConnection.php(607): CodeIgniter\Database\BaseConnection->simpleQuery('SELECT teacher_...')
#3 D:\laragon\www\SchoolingTime\app\Views\include\homepage_tab_three_courses.php(60): CodeIgniter\Database\BaseConnection->query('SELECT teacher_...')
#4 D:\laragon\www\SchoolingTime\vendor\codeigniter4\framework\system\View\View.php(228): include('D:\\laragon\\www\\...')
#5 D:\laragon\www\SchoolingTime\vendor\codeigniter4\framework\system\View\View.php(231): CodeIgniter\View\View->CodeIgniter\View\{closure}()
#6 D:\laragon\www\SchoolingTime\vendor\codeigniter4\framework\system\View\View.php(469): CodeIgniter\View\View->render('include/homepag...', NULL, true)
#7 D:\laragon\www\SchoolingTime\app\Views\homepageView.php(25): CodeIgniter\View\View->include('include/homepag...')
#8 D:\laragon\www\SchoolingTime\vendor\codeigniter4\framework\system\View\View.php(228): include('D:\\laragon\\www\\...')
#9 D:\laragon\www\SchoolingTime\vendor\codeigniter4\framework\system\View\View.php(231): CodeIgniter\View\View->CodeIgniter\View\{closure}()
#10 D:\laragon\www\SchoolingTime\vendor\codeigniter4\framework\system\Common.php(1190): CodeIgniter\View\View->render('homepageView', Array, true)
#11 D:\laragon\www\SchoolingTime\app\Controllers\HomepageController.php(14): view('homepageView')
#12 D:\laragon\www\SchoolingTime\vendor\codeigniter4\framework\system\CodeIgniter.php(942): App\Controllers\HomepageController->index()
#13 D:\laragon\www\SchoolingTime\vendor\codeigniter4\framework\system\CodeIgniter.php(502): CodeIgniter\CodeIgniter->runController(Object(App\Controllers\HomepageController))
#14 D:\laragon\www\SchoolingTime\vendor\codeigniter4\framework\system\CodeIgniter.php(361): CodeIgniter\CodeIgniter->handleRequest(NULL, Object(Config\Cache), false)
#15 D:\laragon\www\SchoolingTime\index.php(79): CodeIgniter\CodeIgniter->run()
#16 {main}
CRITICAL - 2024-02-26 09:45:40 --> Unknown column 'teacher_course.course_duration' in 'field list'
in SYSTEMPATH\Database\BaseConnection.php on line 647.
 1 APPPATH\Views\include\homepage_tab_three_courses.php(60): CodeIgniter\Database\BaseConnection->query('SELECT teacher_profile.last_educational_institute, teacher_profile.teacher_edu_his,
      teacher_profile.teacher_pro_his, teacher_profile.teacher_certi_award, teacher_profile.teacher_pic,
      teacher_course.coures_title, teacher_course.course_level, teacher_course.course_duration,
      teacher_course.course_schedule,teacher_course.course_note,teacher_course.course_pic,
      teacher_course.course_teacher_id,teacher_course.course_id,
      teacher_course.course_status,teacher_course.course_type_name    
      FROM teacher_course
      LEFT JOIN teacher_profile ON teacher_profile.teacher_id = teacher_course.course_teacher_id')
 2 SYSTEMPATH\View\View.php(228): include('D:\\laragon\\www\\SchoolingTime\\app\\Views\\include\\homepage_tab_three_courses.php')
 3 SYSTEMPATH\View\View.php(231): CodeIgniter\View\View->CodeIgniter\View\{closure}()
 4 SYSTEMPATH\View\View.php(469): CodeIgniter\View\View->render('include/homepage_tab_three_courses', null, true)
 5 APPPATH\Views\homepageView.php(25): CodeIgniter\View\View->include('include/homepage_tab_three_courses')
 6 SYSTEMPATH\View\View.php(228): include('D:\\laragon\\www\\SchoolingTime\\app\\Views\\homepageView.php')
 7 SYSTEMPATH\View\View.php(231): CodeIgniter\View\View->CodeIgniter\View\{closure}()
 8 SYSTEMPATH\Common.php(1190): CodeIgniter\View\View->render('homepageView', [], true)
 9 APPPATH\Controllers\HomepageController.php(14): view('homepageView')
10 SYSTEMPATH\CodeIgniter.php(942): App\Controllers\HomepageController->index()
11 SYSTEMPATH\CodeIgniter.php(502): CodeIgniter\CodeIgniter->runController(Object(App\Controllers\HomepageController))
12 SYSTEMPATH\CodeIgniter.php(361): CodeIgniter\CodeIgniter->handleRequest(null, Object(Config\Cache), false)
13 FCPATH\index.php(79): CodeIgniter\CodeIgniter->run()
INFO - 2024-02-26 09:45:41 --> Session: Class initialized using 'CodeIgniter\Session\Handlers\FileHandler' driver.
ERROR - 2024-02-26 09:45:41 --> mysqli_sql_exception: Unknown column 'teacher_course.course_duration' in 'field list' in D:\laragon\www\SchoolingTime\vendor\codeigniter4\framework\system\Database\MySQLi\Connection.php:306
Stack trace:
#0 D:\laragon\www\SchoolingTime\vendor\codeigniter4\framework\system\Database\MySQLi\Connection.php(306): mysqli->query('SELECT teacher_...', 0)
#1 D:\laragon\www\SchoolingTime\vendor\codeigniter4\framework\system\Database\BaseConnection.php(693): CodeIgniter\Database\MySQLi\Connection->execute('SELECT teacher_...')
#2 D:\laragon\www\SchoolingTime\vendor\codeigniter4\framework\system\Database\BaseConnection.php(607): CodeIgniter\Database\BaseConnection->simpleQuery('SELECT teacher_...')
#3 D:\laragon\www\SchoolingTime\app\Views\include\homepage_tab_three_courses.php(60): CodeIgniter\Database\BaseConnection->query('SELECT teacher_...')
#4 D:\laragon\www\SchoolingTime\vendor\codeigniter4\framework\system\View\View.php(228): include('D:\\laragon\\www\\...')
#5 D:\laragon\www\SchoolingTime\vendor\codeigniter4\framework\system\View\View.php(231): CodeIgniter\View\View->CodeIgniter\View\{closure}()
#6 D:\laragon\www\SchoolingTime\vendor\codeigniter4\framework\system\View\View.php(469): CodeIgniter\View\View->render('include/homepag...', NULL, true)
#7 D:\laragon\www\SchoolingTime\app\Views\homepageView.php(25): CodeIgniter\View\View->include('include/homepag...')
#8 D:\laragon\www\SchoolingTime\vendor\codeigniter4\framework\system\View\View.php(228): include('D:\\laragon\\www\\...')
#9 D:\laragon\www\SchoolingTime\vendor\codeigniter4\framework\system\View\View.php(231): CodeIgniter\View\View->CodeIgniter\View\{closure}()
#10 D:\laragon\www\SchoolingTime\vendor\codeigniter4\framework\system\Common.php(1190): CodeIgniter\View\View->render('homepageView', Array, true)
#11 D:\laragon\www\SchoolingTime\app\Controllers\HomepageController.php(14): view('homepageView')
#12 D:\laragon\www\SchoolingTime\vendor\codeigniter4\framework\system\CodeIgniter.php(942): App\Controllers\HomepageController->index()
#13 D:\laragon\www\SchoolingTime\vendor\codeigniter4\framework\system\CodeIgniter.php(502): CodeIgniter\CodeIgniter->runController(Object(App\Controllers\HomepageController))
#14 D:\laragon\www\SchoolingTime\vendor\codeigniter4\framework\system\CodeIgniter.php(361): CodeIgniter\CodeIgniter->handleRequest(NULL, Object(Config\Cache), false)
#15 D:\laragon\www\SchoolingTime\index.php(79): CodeIgniter\CodeIgniter->run()
#16 {main}
CRITICAL - 2024-02-26 09:45:41 --> Unknown column 'teacher_course.course_duration' in 'field list'
in SYSTEMPATH\Database\BaseConnection.php on line 647.
 1 APPPATH\Views\include\homepage_tab_three_courses.php(60): CodeIgniter\Database\BaseConnection->query('SELECT teacher_profile.last_educational_institute, teacher_profile.teacher_edu_his,
      teacher_profile.teacher_pro_his, teacher_profile.teacher_certi_award, teacher_profile.teacher_pic,
      teacher_course.coures_title, teacher_course.course_level, teacher_course.course_duration,
      teacher_course.course_schedule,teacher_course.course_note,teacher_course.course_pic,
      teacher_course.course_teacher_id,teacher_course.course_id,
      teacher_course.course_status,teacher_course.course_type_name    
      FROM teacher_course
      LEFT JOIN teacher_profile ON teacher_profile.teacher_id = teacher_course.course_teacher_id')
 2 SYSTEMPATH\View\View.php(228): include('D:\\laragon\\www\\SchoolingTime\\app\\Views\\include\\homepage_tab_three_courses.php')
 3 SYSTEMPATH\View\View.php(231): CodeIgniter\View\View->CodeIgniter\View\{closure}()
 4 SYSTEMPATH\View\View.php(469): CodeIgniter\View\View->render('include/homepage_tab_three_courses', null, true)
 5 APPPATH\Views\homepageView.php(25): CodeIgniter\View\View->include('include/homepage_tab_three_courses')
 6 SYSTEMPATH\View\View.php(228): include('D:\\laragon\\www\\SchoolingTime\\app\\Views\\homepageView.php')
 7 SYSTEMPATH\View\View.php(231): CodeIgniter\View\View->CodeIgniter\View\{closure}()
 8 SYSTEMPATH\Common.php(1190): CodeIgniter\View\View->render('homepageView', [], true)
 9 APPPATH\Controllers\HomepageController.php(14): view('homepageView')
10 SYSTEMPATH\CodeIgniter.php(942): App\Controllers\HomepageController->index()
11 SYSTEMPATH\CodeIgniter.php(502): CodeIgniter\CodeIgniter->runController(Object(App\Controllers\HomepageController))
12 SYSTEMPATH\CodeIgniter.php(361): CodeIgniter\CodeIgniter->handleRequest(null, Object(Config\Cache), false)
13 FCPATH\index.php(79): CodeIgniter\CodeIgniter->run()
INFO - 2024-02-26 09:45:41 --> Session: Class initialized using 'CodeIgniter\Session\Handlers\FileHandler' driver.
ERROR - 2024-02-26 09:45:41 --> mysqli_sql_exception: Unknown column 'teacher_course.course_duration' in 'field list' in D:\laragon\www\SchoolingTime\vendor\codeigniter4\framework\system\Database\MySQLi\Connection.php:306
Stack trace:
#0 D:\laragon\www\SchoolingTime\vendor\codeigniter4\framework\system\Database\MySQLi\Connection.php(306): mysqli->query('SELECT teacher_...', 0)
#1 D:\laragon\www\SchoolingTime\vendor\codeigniter4\framework\system\Database\BaseConnection.php(693): CodeIgniter\Database\MySQLi\Connection->execute('SELECT teacher_...')
#2 D:\laragon\www\SchoolingTime\vendor\codeigniter4\framework\system\Database\BaseConnection.php(607): CodeIgniter\Database\BaseConnection->simpleQuery('SELECT teacher_...')
#3 D:\laragon\www\SchoolingTime\app\Views\include\homepage_tab_three_courses.php(60): CodeIgniter\Database\BaseConnection->query('SELECT teacher_...')
#4 D:\laragon\www\SchoolingTime\vendor\codeigniter4\framework\system\View\View.php(228): include('D:\\laragon\\www\\...')
#5 D:\laragon\www\SchoolingTime\vendor\codeigniter4\framework\system\View\View.php(231): CodeIgniter\View\View->CodeIgniter\View\{closure}()
#6 D:\laragon\www\SchoolingTime\vendor\codeigniter4\framework\system\View\View.php(469): CodeIgniter\View\View->render('include/homepag...', NULL, true)
#7 D:\laragon\www\SchoolingTime\app\Views\homepageView.php(25): CodeIgniter\View\View->include('include/homepag...')
#8 D:\laragon\www\SchoolingTime\vendor\codeigniter4\framework\system\View\View.php(228): include('D:\\laragon\\www\\...')
#9 D:\laragon\www\SchoolingTime\vendor\codeigniter4\framework\system\View\View.php(231): CodeIgniter\View\View->CodeIgniter\View\{closure}()
#10 D:\laragon\www\SchoolingTime\vendor\codeigniter4\framework\system\Common.php(1190): CodeIgniter\View\View->render('homepageView', Array, true)
#11 D:\laragon\www\SchoolingTime\app\Controllers\HomepageController.php(14): view('homepageView')
#12 D:\laragon\www\SchoolingTime\vendor\codeigniter4\framework\system\CodeIgniter.php(942): App\Controllers\HomepageController->index()
#13 D:\laragon\www\SchoolingTime\vendor\codeigniter4\framework\system\CodeIgniter.php(502): CodeIgniter\CodeIgniter->runController(Object(App\Controllers\HomepageController))
#14 D:\laragon\www\SchoolingTime\vendor\codeigniter4\framework\system\CodeIgniter.php(361): CodeIgniter\CodeIgniter->handleRequest(NULL, Object(Config\Cache), false)
#15 D:\laragon\www\SchoolingTime\index.php(79): CodeIgniter\CodeIgniter->run()
#16 {main}
CRITICAL - 2024-02-26 09:45:41 --> Unknown column 'teacher_course.course_duration' in 'field list'
in SYSTEMPATH\Database\BaseConnection.php on line 647.
 1 APPPATH\Views\include\homepage_tab_three_courses.php(60): CodeIgniter\Database\BaseConnection->query('SELECT teacher_profile.last_educational_institute, teacher_profile.teacher_edu_his,
      teacher_profile.teacher_pro_his, teacher_profile.teacher_certi_award, teacher_profile.teacher_pic,
      teacher_course.coures_title, teacher_course.course_level, teacher_course.course_duration,
      teacher_course.course_schedule,teacher_course.course_note,teacher_course.course_pic,
      teacher_course.course_teacher_id,teacher_course.course_id,
      teacher_course.course_status,teacher_course.course_type_name    
      FROM teacher_course
      LEFT JOIN teacher_profile ON teacher_profile.teacher_id = teacher_course.course_teacher_id')
 2 SYSTEMPATH\View\View.php(228): include('D:\\laragon\\www\\SchoolingTime\\app\\Views\\include\\homepage_tab_three_courses.php')
 3 SYSTEMPATH\View\View.php(231): CodeIgniter\View\View->CodeIgniter\View\{closure}()
 4 SYSTEMPATH\View\View.php(469): CodeIgniter\View\View->render('include/homepage_tab_three_courses', null, true)
 5 APPPATH\Views\homepageView.php(25): CodeIgniter\View\View->include('include/homepage_tab_three_courses')
 6 SYSTEMPATH\View\View.php(228): include('D:\\laragon\\www\\SchoolingTime\\app\\Views\\homepageView.php')
 7 SYSTEMPATH\View\View.php(231): CodeIgniter\View\View->CodeIgniter\View\{closure}()
 8 SYSTEMPATH\Common.php(1190): CodeIgniter\View\View->render('homepageView', [], true)
 9 APPPATH\Controllers\HomepageController.php(14): view('homepageView')
10 SYSTEMPATH\CodeIgniter.php(942): App\Controllers\HomepageController->index()
11 SYSTEMPATH\CodeIgniter.php(502): CodeIgniter\CodeIgniter->runController(Object(App\Controllers\HomepageController))
12 SYSTEMPATH\CodeIgniter.php(361): CodeIgniter\CodeIgniter->handleRequest(null, Object(Config\Cache), false)
13 FCPATH\index.php(79): CodeIgniter\CodeIgniter->run()
INFO - 2024-02-26 09:45:41 --> Session: Class initialized using 'CodeIgniter\Session\Handlers\FileHandler' driver.
ERROR - 2024-02-26 09:45:41 --> mysqli_sql_exception: Unknown column 'teacher_course.course_duration' in 'field list' in D:\laragon\www\SchoolingTime\vendor\codeigniter4\framework\system\Database\MySQLi\Connection.php:306
Stack trace:
#0 D:\laragon\www\SchoolingTime\vendor\codeigniter4\framework\system\Database\MySQLi\Connection.php(306): mysqli->query('SELECT teacher_...', 0)
#1 D:\laragon\www\SchoolingTime\vendor\codeigniter4\framework\system\Database\BaseConnection.php(693): CodeIgniter\Database\MySQLi\Connection->execute('SELECT teacher_...')
#2 D:\laragon\www\SchoolingTime\vendor\codeigniter4\framework\system\Database\BaseConnection.php(607): CodeIgniter\Database\BaseConnection->simpleQuery('SELECT teacher_...')
#3 D:\laragon\www\SchoolingTime\app\Views\include\homepage_tab_three_courses.php(60): CodeIgniter\Database\BaseConnection->query('SELECT teacher_...')
#4 D:\laragon\www\SchoolingTime\vendor\codeigniter4\framework\system\View\View.php(228): include('D:\\laragon\\www\\...')
#5 D:\laragon\www\SchoolingTime\vendor\codeigniter4\framework\system\View\View.php(231): CodeIgniter\View\View->CodeIgniter\View\{closure}()
#6 D:\laragon\www\SchoolingTime\vendor\codeigniter4\framework\system\View\View.php(469): CodeIgniter\View\View->render('include/homepag...', NULL, true)
#7 D:\laragon\www\SchoolingTime\app\Views\homepageView.php(25): CodeIgniter\View\View->include('include/homepag...')
#8 D:\laragon\www\SchoolingTime\vendor\codeigniter4\framework\system\View\View.php(228): include('D:\\laragon\\www\\...')
#9 D:\laragon\www\SchoolingTime\vendor\codeigniter4\framework\system\View\View.php(231): CodeIgniter\View\View->CodeIgniter\View\{closure}()
#10 D:\laragon\www\SchoolingTime\vendor\codeigniter4\framework\system\Common.php(1190): CodeIgniter\View\View->render('homepageView', Array, true)
#11 D:\laragon\www\SchoolingTime\app\Controllers\HomepageController.php(14): view('homepageView')
#12 D:\laragon\www\SchoolingTime\vendor\codeigniter4\framework\system\CodeIgniter.php(942): App\Controllers\HomepageController->index()
#13 D:\laragon\www\SchoolingTime\vendor\codeigniter4\framework\system\CodeIgniter.php(502): CodeIgniter\CodeIgniter->runController(Object(App\Controllers\HomepageController))
#14 D:\laragon\www\SchoolingTime\vendor\codeigniter4\framework\system\CodeIgniter.php(361): CodeIgniter\CodeIgniter->handleRequest(NULL, Object(Config\Cache), false)
#15 D:\laragon\www\SchoolingTime\index.php(79): CodeIgniter\CodeIgniter->run()
#16 {main}
CRITICAL - 2024-02-26 09:45:41 --> Unknown column 'teacher_course.course_duration' in 'field list'
in SYSTEMPATH\Database\BaseConnection.php on line 647.
 1 APPPATH\Views\include\homepage_tab_three_courses.php(60): CodeIgniter\Database\BaseConnection->query('SELECT teacher_profile.last_educational_institute, teacher_profile.teacher_edu_his,
      teacher_profile.teacher_pro_his, teacher_profile.teacher_certi_award, teacher_profile.teacher_pic,
      teacher_course.coures_title, teacher_course.course_level, teacher_course.course_duration,
      teacher_course.course_schedule,teacher_course.course_note,teacher_course.course_pic,
      teacher_course.course_teacher_id,teacher_course.course_id,
      teacher_course.course_status,teacher_course.course_type_name    
      FROM teacher_course
      LEFT JOIN teacher_profile ON teacher_profile.teacher_id = teacher_course.course_teacher_id')
 2 SYSTEMPATH\View\View.php(228): include('D:\\laragon\\www\\SchoolingTime\\app\\Views\\include\\homepage_tab_three_courses.php')
 3 SYSTEMPATH\View\View.php(231): CodeIgniter\View\View->CodeIgniter\View\{closure}()
 4 SYSTEMPATH\View\View.php(469): CodeIgniter\View\View->render('include/homepage_tab_three_courses', null, true)
 5 APPPATH\Views\homepageView.php(25): CodeIgniter\View\View->include('include/homepage_tab_three_courses')
 6 SYSTEMPATH\View\View.php(228): include('D:\\laragon\\www\\SchoolingTime\\app\\Views\\homepageView.php')
 7 SYSTEMPATH\View\View.php(231): CodeIgniter\View\View->CodeIgniter\View\{closure}()
 8 SYSTEMPATH\Common.php(1190): CodeIgniter\View\View->render('homepageView', [], true)
 9 APPPATH\Controllers\HomepageController.php(14): view('homepageView')
10 SYSTEMPATH\CodeIgniter.php(942): App\Controllers\HomepageController->index()
11 SYSTEMPATH\CodeIgniter.php(502): CodeIgniter\CodeIgniter->runController(Object(App\Controllers\HomepageController))
12 SYSTEMPATH\CodeIgniter.php(361): CodeIgniter\CodeIgniter->handleRequest(null, Object(Config\Cache), false)
13 FCPATH\index.php(79): CodeIgniter\CodeIgniter->run()
INFO - 2024-02-26 09:45:41 --> Session: Class initialized using 'CodeIgniter\Session\Handlers\FileHandler' driver.
ERROR - 2024-02-26 09:45:41 --> mysqli_sql_exception: Unknown column 'teacher_course.course_duration' in 'field list' in D:\laragon\www\SchoolingTime\vendor\codeigniter4\framework\system\Database\MySQLi\Connection.php:306
Stack trace:
#0 D:\laragon\www\SchoolingTime\vendor\codeigniter4\framework\system\Database\MySQLi\Connection.php(306): mysqli->query('SELECT teacher_...', 0)
#1 D:\laragon\www\SchoolingTime\vendor\codeigniter4\framework\system\Database\BaseConnection.php(693): CodeIgniter\Database\MySQLi\Connection->execute('SELECT teacher_...')
#2 D:\laragon\www\SchoolingTime\vendor\codeigniter4\framework\system\Database\BaseConnection.php(607): CodeIgniter\Database\BaseConnection->simpleQuery('SELECT teacher_...')
#3 D:\laragon\www\SchoolingTime\app\Views\include\homepage_tab_three_courses.php(60): CodeIgniter\Database\BaseConnection->query('SELECT teacher_...')
#4 D:\laragon\www\SchoolingTime\vendor\codeigniter4\framework\system\View\View.php(228): include('D:\\laragon\\www\\...')
#5 D:\laragon\www\SchoolingTime\vendor\codeigniter4\framework\system\View\View.php(231): CodeIgniter\View\View->CodeIgniter\View\{closure}()
#6 D:\laragon\www\SchoolingTime\vendor\codeigniter4\framework\system\View\View.php(469): CodeIgniter\View\View->render('include/homepag...', NULL, true)
#7 D:\laragon\www\SchoolingTime\app\Views\homepageView.php(25): CodeIgniter\View\View->include('include/homepag...')
#8 D:\laragon\www\SchoolingTime\vendor\codeigniter4\framework\system\View\View.php(228): include('D:\\laragon\\www\\...')
#9 D:\laragon\www\SchoolingTime\vendor\codeigniter4\framework\system\View\View.php(231): CodeIgniter\View\View->CodeIgniter\View\{closure}()
#10 D:\laragon\www\SchoolingTime\vendor\codeigniter4\framework\system\Common.php(1190): CodeIgniter\View\View->render('homepageView', Array, true)
#11 D:\laragon\www\SchoolingTime\app\Controllers\HomepageController.php(14): view('homepageView')
#12 D:\laragon\www\SchoolingTime\vendor\codeigniter4\framework\system\CodeIgniter.php(942): App\Controllers\HomepageController->index()
#13 D:\laragon\www\SchoolingTime\vendor\codeigniter4\framework\system\CodeIgniter.php(502): CodeIgniter\CodeIgniter->runController(Object(App\Controllers\HomepageController))
#14 D:\laragon\www\SchoolingTime\vendor\codeigniter4\framework\system\CodeIgniter.php(361): CodeIgniter\CodeIgniter->handleRequest(NULL, Object(Config\Cache), false)
#15 D:\laragon\www\SchoolingTime\index.php(79): CodeIgniter\CodeIgniter->run()
#16 {main}
CRITICAL - 2024-02-26 09:45:41 --> Unknown column 'teacher_course.course_duration' in 'field list'
in SYSTEMPATH\Database\BaseConnection.php on line 647.
 1 APPPATH\Views\include\homepage_tab_three_courses.php(60): CodeIgniter\Database\BaseConnection->query('SELECT teacher_profile.last_educational_institute, teacher_profile.teacher_edu_his,
      teacher_profile.teacher_pro_his, teacher_profile.teacher_certi_award, teacher_profile.teacher_pic,
      teacher_course.coures_title, teacher_course.course_level, teacher_course.course_duration,
      teacher_course.course_schedule,teacher_course.course_note,teacher_course.course_pic,
      teacher_course.course_teacher_id,teacher_course.course_id,
      teacher_course.course_status,teacher_course.course_type_name    
      FROM teacher_course
      LEFT JOIN teacher_profile ON teacher_profile.teacher_id = teacher_course.course_teacher_id')
 2 SYSTEMPATH\View\View.php(228): include('D:\\laragon\\www\\SchoolingTime\\app\\Views\\include\\homepage_tab_three_courses.php')
 3 SYSTEMPATH\View\View.php(231): CodeIgniter\View\View->CodeIgniter\View\{closure}()
 4 SYSTEMPATH\View\View.php(469): CodeIgniter\View\View->render('include/homepage_tab_three_courses', null, true)
 5 APPPATH\Views\homepageView.php(25): CodeIgniter\View\View->include('include/homepage_tab_three_courses')
 6 SYSTEMPATH\View\View.php(228): include('D:\\laragon\\www\\SchoolingTime\\app\\Views\\homepageView.php')
 7 SYSTEMPATH\View\View.php(231): CodeIgniter\View\View->CodeIgniter\View\{closure}()
 8 SYSTEMPATH\Common.php(1190): CodeIgniter\View\View->render('homepageView', [], true)
 9 APPPATH\Controllers\HomepageController.php(14): view('homepageView')
10 SYSTEMPATH\CodeIgniter.php(942): App\Controllers\HomepageController->index()
11 SYSTEMPATH\CodeIgniter.php(502): CodeIgniter\CodeIgniter->runController(Object(App\Controllers\HomepageController))
12 SYSTEMPATH\CodeIgniter.php(361): CodeIgniter\CodeIgniter->handleRequest(null, Object(Config\Cache), false)
13 FCPATH\index.php(79): CodeIgniter\CodeIgniter->run()
INFO - 2024-02-26 09:45:41 --> Session: Class initialized using 'CodeIgniter\Session\Handlers\FileHandler' driver.
ERROR - 2024-02-26 09:45:41 --> mysqli_sql_exception: Unknown column 'teacher_course.course_duration' in 'field list' in D:\laragon\www\SchoolingTime\vendor\codeigniter4\framework\system\Database\MySQLi\Connection.php:306
Stack trace:
#0 D:\laragon\www\SchoolingTime\vendor\codeigniter4\framework\system\Database\MySQLi\Connection.php(306): mysqli->query('SELECT teacher_...', 0)
#1 D:\laragon\www\SchoolingTime\vendor\codeigniter4\framework\system\Database\BaseConnection.php(693): CodeIgniter\Database\MySQLi\Connection->execute('SELECT teacher_...')
#2 D:\laragon\www\SchoolingTime\vendor\codeigniter4\framework\system\Database\BaseConnection.php(607): CodeIgniter\Database\BaseConnection->simpleQuery('SELECT teacher_...')
#3 D:\laragon\www\SchoolingTime\app\Views\include\homepage_tab_three_courses.php(60): CodeIgniter\Database\BaseConnection->query('SELECT teacher_...')
#4 D:\laragon\www\SchoolingTime\vendor\codeigniter4\framework\system\View\View.php(228): include('D:\\laragon\\www\\...')
#5 D:\laragon\www\SchoolingTime\vendor\codeigniter4\framework\system\View\View.php(231): CodeIgniter\View\View->CodeIgniter\View\{closure}()
#6 D:\laragon\www\SchoolingTime\vendor\codeigniter4\framework\system\View\View.php(469): CodeIgniter\View\View->render('include/homepag...', NULL, true)
#7 D:\laragon\www\SchoolingTime\app\Views\homepageView.php(25): CodeIgniter\View\View->include('include/homepag...')
#8 D:\laragon\www\SchoolingTime\vendor\codeigniter4\framework\system\View\View.php(228): include('D:\\laragon\\www\\...')
#9 D:\laragon\www\SchoolingTime\vendor\codeigniter4\framework\system\View\View.php(231): CodeIgniter\View\View->CodeIgniter\View\{closure}()
#10 D:\laragon\www\SchoolingTime\vendor\codeigniter4\framework\system\Common.php(1190): CodeIgniter\View\View->render('homepageView', Array, true)
#11 D:\laragon\www\SchoolingTime\app\Controllers\HomepageController.php(14): view('homepageView')
#12 D:\laragon\www\SchoolingTime\vendor\codeigniter4\framework\system\CodeIgniter.php(942): App\Controllers\HomepageController->index()
#13 D:\laragon\www\SchoolingTime\vendor\codeigniter4\framework\system\CodeIgniter.php(502): CodeIgniter\CodeIgniter->runController(Object(App\Controllers\HomepageController))
#14 D:\laragon\www\SchoolingTime\vendor\codeigniter4\framework\system\CodeIgniter.php(361): CodeIgniter\CodeIgniter->handleRequest(NULL, Object(Config\Cache), false)
#15 D:\laragon\www\SchoolingTime\index.php(79): CodeIgniter\CodeIgniter->run()
#16 {main}
CRITICAL - 2024-02-26 09:45:41 --> Unknown column 'teacher_course.course_duration' in 'field list'
in SYSTEMPATH\Database\BaseConnection.php on line 647.
 1 APPPATH\Views\include\homepage_tab_three_courses.php(60): CodeIgniter\Database\BaseConnection->query('SELECT teacher_profile.last_educational_institute, teacher_profile.teacher_edu_his,
      teacher_profile.teacher_pro_his, teacher_profile.teacher_certi_award, teacher_profile.teacher_pic,
      teacher_course.coures_title, teacher_course.course_level, teacher_course.course_duration,
      teacher_course.course_schedule,teacher_course.course_note,teacher_course.course_pic,
      teacher_course.course_teacher_id,teacher_course.course_id,
      teacher_course.course_status,teacher_course.course_type_name    
      FROM teacher_course
      LEFT JOIN teacher_profile ON teacher_profile.teacher_id = teacher_course.course_teacher_id')
 2 SYSTEMPATH\View\View.php(228): include('D:\\laragon\\www\\SchoolingTime\\app\\Views\\include\\homepage_tab_three_courses.php')
 3 SYSTEMPATH\View\View.php(231): CodeIgniter\View\View->CodeIgniter\View\{closure}()
 4 SYSTEMPATH\View\View.php(469): CodeIgniter\View\View->render('include/homepage_tab_three_courses', null, true)
 5 APPPATH\Views\homepageView.php(25): CodeIgniter\View\View->include('include/homepage_tab_three_courses')
 6 SYSTEMPATH\View\View.php(228): include('D:\\laragon\\www\\SchoolingTime\\app\\Views\\homepageView.php')
 7 SYSTEMPATH\View\View.php(231): CodeIgniter\View\View->CodeIgniter\View\{closure}()
 8 SYSTEMPATH\Common.php(1190): CodeIgniter\View\View->render('homepageView', [], true)
 9 APPPATH\Controllers\HomepageController.php(14): view('homepageView')
10 SYSTEMPATH\CodeIgniter.php(942): App\Controllers\HomepageController->index()
11 SYSTEMPATH\CodeIgniter.php(502): CodeIgniter\CodeIgniter->runController(Object(App\Controllers\HomepageController))
12 SYSTEMPATH\CodeIgniter.php(361): CodeIgniter\CodeIgniter->handleRequest(null, Object(Config\Cache), false)
13 FCPATH\index.php(79): CodeIgniter\CodeIgniter->run()
INFO - 2024-02-26 09:45:41 --> Session: Class initialized using 'CodeIgniter\Session\Handlers\FileHandler' driver.
ERROR - 2024-02-26 09:45:41 --> mysqli_sql_exception: Unknown column 'teacher_course.course_duration' in 'field list' in D:\laragon\www\SchoolingTime\vendor\codeigniter4\framework\system\Database\MySQLi\Connection.php:306
Stack trace:
#0 D:\laragon\www\SchoolingTime\vendor\codeigniter4\framework\system\Database\MySQLi\Connection.php(306): mysqli->query('SELECT teacher_...', 0)
#1 D:\laragon\www\SchoolingTime\vendor\codeigniter4\framework\system\Database\BaseConnection.php(693): CodeIgniter\Database\MySQLi\Connection->execute('SELECT teacher_...')
#2 D:\laragon\www\SchoolingTime\vendor\codeigniter4\framework\system\Database\BaseConnection.php(607): CodeIgniter\Database\BaseConnection->simpleQuery('SELECT teacher_...')
#3 D:\laragon\www\SchoolingTime\app\Views\include\homepage_tab_three_courses.php(60): CodeIgniter\Database\BaseConnection->query('SELECT teacher_...')
#4 D:\laragon\www\SchoolingTime\vendor\codeigniter4\framework\system\View\View.php(228): include('D:\\laragon\\www\\...')
#5 D:\laragon\www\SchoolingTime\vendor\codeigniter4\framework\system\View\View.php(231): CodeIgniter\View\View->CodeIgniter\View\{closure}()
#6 D:\laragon\www\SchoolingTime\vendor\codeigniter4\framework\system\View\View.php(469): CodeIgniter\View\View->render('include/homepag...', NULL, true)
#7 D:\laragon\www\SchoolingTime\app\Views\homepageView.php(25): CodeIgniter\View\View->include('include/homepag...')
#8 D:\laragon\www\SchoolingTime\vendor\codeigniter4\framework\system\View\View.php(228): include('D:\\laragon\\www\\...')
#9 D:\laragon\www\SchoolingTime\vendor\codeigniter4\framework\system\View\View.php(231): CodeIgniter\View\View->CodeIgniter\View\{closure}()
#10 D:\laragon\www\SchoolingTime\vendor\codeigniter4\framework\system\Common.php(1190): CodeIgniter\View\View->render('homepageView', Array, true)
#11 D:\laragon\www\SchoolingTime\app\Controllers\HomepageController.php(14): view('homepageView')
#12 D:\laragon\www\SchoolingTime\vendor\codeigniter4\framework\system\CodeIgniter.php(942): App\Controllers\HomepageController->index()
#13 D:\laragon\www\SchoolingTime\vendor\codeigniter4\framework\system\CodeIgniter.php(502): CodeIgniter\CodeIgniter->runController(Object(App\Controllers\HomepageController))
#14 D:\laragon\www\SchoolingTime\vendor\codeigniter4\framework\system\CodeIgniter.php(361): CodeIgniter\CodeIgniter->handleRequest(NULL, Object(Config\Cache), false)
#15 D:\laragon\www\SchoolingTime\index.php(79): CodeIgniter\CodeIgniter->run()
#16 {main}
CRITICAL - 2024-02-26 09:45:41 --> Unknown column 'teacher_course.course_duration' in 'field list'
in SYSTEMPATH\Database\BaseConnection.php on line 647.
 1 APPPATH\Views\include\homepage_tab_three_courses.php(60): CodeIgniter\Database\BaseConnection->query('SELECT teacher_profile.last_educational_institute, teacher_profile.teacher_edu_his,
      teacher_profile.teacher_pro_his, teacher_profile.teacher_certi_award, teacher_profile.teacher_pic,
      teacher_course.coures_title, teacher_course.course_level, teacher_course.course_duration,
      teacher_course.course_schedule,teacher_course.course_note,teacher_course.course_pic,
      teacher_course.course_teacher_id,teacher_course.course_id,
      teacher_course.course_status,teacher_course.course_type_name    
      FROM teacher_course
      LEFT JOIN teacher_profile ON teacher_profile.teacher_id = teacher_course.course_teacher_id')
 2 SYSTEMPATH\View\View.php(228): include('D:\\laragon\\www\\SchoolingTime\\app\\Views\\include\\homepage_tab_three_courses.php')
 3 SYSTEMPATH\View\View.php(231): CodeIgniter\View\View->CodeIgniter\View\{closure}()
 4 SYSTEMPATH\View\View.php(469): CodeIgniter\View\View->render('include/homepage_tab_three_courses', null, true)
 5 APPPATH\Views\homepageView.php(25): CodeIgniter\View\View->include('include/homepage_tab_three_courses')
 6 SYSTEMPATH\View\View.php(228): include('D:\\laragon\\www\\SchoolingTime\\app\\Views\\homepageView.php')
 7 SYSTEMPATH\View\View.php(231): CodeIgniter\View\View->CodeIgniter\View\{closure}()
 8 SYSTEMPATH\Common.php(1190): CodeIgniter\View\View->render('homepageView', [], true)
 9 APPPATH\Controllers\HomepageController.php(14): view('homepageView')
10 SYSTEMPATH\CodeIgniter.php(942): App\Controllers\HomepageController->index()
11 SYSTEMPATH\CodeIgniter.php(502): CodeIgniter\CodeIgniter->runController(Object(App\Controllers\HomepageController))
12 SYSTEMPATH\CodeIgniter.php(361): CodeIgniter\CodeIgniter->handleRequest(null, Object(Config\Cache), false)
13 FCPATH\index.php(79): CodeIgniter\CodeIgniter->run()
INFO - 2024-02-26 09:45:41 --> Session: Class initialized using 'CodeIgniter\Session\Handlers\FileHandler' driver.
ERROR - 2024-02-26 09:45:41 --> mysqli_sql_exception: Unknown column 'teacher_course.course_duration' in 'field list' in D:\laragon\www\SchoolingTime\vendor\codeigniter4\framework\system\Database\MySQLi\Connection.php:306
Stack trace:
#0 D:\laragon\www\SchoolingTime\vendor\codeigniter4\framework\system\Database\MySQLi\Connection.php(306): mysqli->query('SELECT teacher_...', 0)
#1 D:\laragon\www\SchoolingTime\vendor\codeigniter4\framework\system\Database\BaseConnection.php(693): CodeIgniter\Database\MySQLi\Connection->execute('SELECT teacher_...')
#2 D:\laragon\www\SchoolingTime\vendor\codeigniter4\framework\system\Database\BaseConnection.php(607): CodeIgniter\Database\BaseConnection->simpleQuery('SELECT teacher_...')
#3 D:\laragon\www\SchoolingTime\app\Views\include\homepage_tab_three_courses.php(60): CodeIgniter\Database\BaseConnection->query('SELECT teacher_...')
#4 D:\laragon\www\SchoolingTime\vendor\codeigniter4\framework\system\View\View.php(228): include('D:\\laragon\\www\\...')
#5 D:\laragon\www\SchoolingTime\vendor\codeigniter4\framework\system\View\View.php(231): CodeIgniter\View\View->CodeIgniter\View\{closure}()
#6 D:\laragon\www\SchoolingTime\vendor\codeigniter4\framework\system\View\View.php(469): CodeIgniter\View\View->render('include/homepag...', NULL, true)
#7 D:\laragon\www\SchoolingTime\app\Views\homepageView.php(25): CodeIgniter\View\View->include('include/homepag...')
#8 D:\laragon\www\SchoolingTime\vendor\codeigniter4\framework\system\View\View.php(228): include('D:\\laragon\\www\\...')
#9 D:\laragon\www\SchoolingTime\vendor\codeigniter4\framework\system\View\View.php(231): CodeIgniter\View\View->CodeIgniter\View\{closure}()
#10 D:\laragon\www\SchoolingTime\vendor\codeigniter4\framework\system\Common.php(1190): CodeIgniter\View\View->render('homepageView', Array, true)
#11 D:\laragon\www\SchoolingTime\app\Controllers\HomepageController.php(14): view('homepageView')
#12 D:\laragon\www\SchoolingTime\vendor\codeigniter4\framework\system\CodeIgniter.php(942): App\Controllers\HomepageController->index()
#13 D:\laragon\www\SchoolingTime\vendor\codeigniter4\framework\system\CodeIgniter.php(502): CodeIgniter\CodeIgniter->runController(Object(App\Controllers\HomepageController))
#14 D:\laragon\www\SchoolingTime\vendor\codeigniter4\framework\system\CodeIgniter.php(361): CodeIgniter\CodeIgniter->handleRequest(NULL, Object(Config\Cache), false)
#15 D:\laragon\www\SchoolingTime\index.php(79): CodeIgniter\CodeIgniter->run()
#16 {main}
CRITICAL - 2024-02-26 09:45:41 --> Unknown column 'teacher_course.course_duration' in 'field list'
in SYSTEMPATH\Database\BaseConnection.php on line 647.
 1 APPPATH\Views\include\homepage_tab_three_courses.php(60): CodeIgniter\Database\BaseConnection->query('SELECT teacher_profile.last_educational_institute, teacher_profile.teacher_edu_his,
      teacher_profile.teacher_pro_his, teacher_profile.teacher_certi_award, teacher_profile.teacher_pic,
      teacher_course.coures_title, teacher_course.course_level, teacher_course.course_duration,
      teacher_course.course_schedule,teacher_course.course_note,teacher_course.course_pic,
      teacher_course.course_teacher_id,teacher_course.course_id,
      teacher_course.course_status,teacher_course.course_type_name    
      FROM teacher_course
      LEFT JOIN teacher_profile ON teacher_profile.teacher_id = teacher_course.course_teacher_id')
 2 SYSTEMPATH\View\View.php(228): include('D:\\laragon\\www\\SchoolingTime\\app\\Views\\include\\homepage_tab_three_courses.php')
 3 SYSTEMPATH\View\View.php(231): CodeIgniter\View\View->CodeIgniter\View\{closure}()
 4 SYSTEMPATH\View\View.php(469): CodeIgniter\View\View->render('include/homepage_tab_three_courses', null, true)
 5 APPPATH\Views\homepageView.php(25): CodeIgniter\View\View->include('include/homepage_tab_three_courses')
 6 SYSTEMPATH\View\View.php(228): include('D:\\laragon\\www\\SchoolingTime\\app\\Views\\homepageView.php')
 7 SYSTEMPATH\View\View.php(231): CodeIgniter\View\View->CodeIgniter\View\{closure}()
 8 SYSTEMPATH\Common.php(1190): CodeIgniter\View\View->render('homepageView', [], true)
 9 APPPATH\Controllers\HomepageController.php(14): view('homepageView')
10 SYSTEMPATH\CodeIgniter.php(942): App\Controllers\HomepageController->index()
11 SYSTEMPATH\CodeIgniter.php(502): CodeIgniter\CodeIgniter->runController(Object(App\Controllers\HomepageController))
12 SYSTEMPATH\CodeIgniter.php(361): CodeIgniter\CodeIgniter->handleRequest(null, Object(Config\Cache), false)
13 FCPATH\index.php(79): CodeIgniter\CodeIgniter->run()
INFO - 2024-02-26 09:45:41 --> Session: Class initialized using 'CodeIgniter\Session\Handlers\FileHandler' driver.
ERROR - 2024-02-26 09:45:42 --> mysqli_sql_exception: Unknown column 'teacher_course.course_duration' in 'field list' in D:\laragon\www\SchoolingTime\vendor\codeigniter4\framework\system\Database\MySQLi\Connection.php:306
Stack trace:
#0 D:\laragon\www\SchoolingTime\vendor\codeigniter4\framework\system\Database\MySQLi\Connection.php(306): mysqli->query('SELECT teacher_...', 0)
#1 D:\laragon\www\SchoolingTime\vendor\codeigniter4\framework\system\Database\BaseConnection.php(693): CodeIgniter\Database\MySQLi\Connection->execute('SELECT teacher_...')
#2 D:\laragon\www\SchoolingTime\vendor\codeigniter4\framework\system\Database\BaseConnection.php(607): CodeIgniter\Database\BaseConnection->simpleQuery('SELECT teacher_...')
#3 D:\laragon\www\SchoolingTime\app\Views\include\homepage_tab_three_courses.php(60): CodeIgniter\Database\BaseConnection->query('SELECT teacher_...')
#4 D:\laragon\www\SchoolingTime\vendor\codeigniter4\framework\system\View\View.php(228): include('D:\\laragon\\www\\...')
#5 D:\laragon\www\SchoolingTime\vendor\codeigniter4\framework\system\View\View.php(231): CodeIgniter\View\View->CodeIgniter\View\{closure}()
#6 D:\laragon\www\SchoolingTime\vendor\codeigniter4\framework\system\View\View.php(469): CodeIgniter\View\View->render('include/homepag...', NULL, true)
#7 D:\laragon\www\SchoolingTime\app\Views\homepageView.php(25): CodeIgniter\View\View->include('include/homepag...')
#8 D:\laragon\www\SchoolingTime\vendor\codeigniter4\framework\system\View\View.php(228): include('D:\\laragon\\www\\...')
#9 D:\laragon\www\SchoolingTime\vendor\codeigniter4\framework\system\View\View.php(231): CodeIgniter\View\View->CodeIgniter\View\{closure}()
#10 D:\laragon\www\SchoolingTime\vendor\codeigniter4\framework\system\Common.php(1190): CodeIgniter\View\View->render('homepageView', Array, true)
#11 D:\laragon\www\SchoolingTime\app\Controllers\HomepageController.php(14): view('homepageView')
#12 D:\laragon\www\SchoolingTime\vendor\codeigniter4\framework\system\CodeIgniter.php(942): App\Controllers\HomepageController->index()
#13 D:\laragon\www\SchoolingTime\vendor\codeigniter4\framework\system\CodeIgniter.php(502): CodeIgniter\CodeIgniter->runController(Object(App\Controllers\HomepageController))
#14 D:\laragon\www\SchoolingTime\vendor\codeigniter4\framework\system\CodeIgniter.php(361): CodeIgniter\CodeIgniter->handleRequest(NULL, Object(Config\Cache), false)
#15 D:\laragon\www\SchoolingTime\index.php(79): CodeIgniter\CodeIgniter->run()
#16 {main}
CRITICAL - 2024-02-26 09:45:42 --> Unknown column 'teacher_course.course_duration' in 'field list'
in SYSTEMPATH\Database\BaseConnection.php on line 647.
 1 APPPATH\Views\include\homepage_tab_three_courses.php(60): CodeIgniter\Database\BaseConnection->query('SELECT teacher_profile.last_educational_institute, teacher_profile.teacher_edu_his,
      teacher_profile.teacher_pro_his, teacher_profile.teacher_certi_award, teacher_profile.teacher_pic,
      teacher_course.coures_title, teacher_course.course_level, teacher_course.course_duration,
      teacher_course.course_schedule,teacher_course.course_note,teacher_course.course_pic,
      teacher_course.course_teacher_id,teacher_course.course_id,
      teacher_course.course_status,teacher_course.course_type_name    
      FROM teacher_course
      LEFT JOIN teacher_profile ON teacher_profile.teacher_id = teacher_course.course_teacher_id')
 2 SYSTEMPATH\View\View.php(228): include('D:\\laragon\\www\\SchoolingTime\\app\\Views\\include\\homepage_tab_three_courses.php')
 3 SYSTEMPATH\View\View.php(231): CodeIgniter\View\View->CodeIgniter\View\{closure}()
 4 SYSTEMPATH\View\View.php(469): CodeIgniter\View\View->render('include/homepage_tab_three_courses', null, true)
 5 APPPATH\Views\homepageView.php(25): CodeIgniter\View\View->include('include/homepage_tab_three_courses')
 6 SYSTEMPATH\View\View.php(228): include('D:\\laragon\\www\\SchoolingTime\\app\\Views\\homepageView.php')
 7 SYSTEMPATH\View\View.php(231): CodeIgniter\View\View->CodeIgniter\View\{closure}()
 8 SYSTEMPATH\Common.php(1190): CodeIgniter\View\View->render('homepageView', [], true)
 9 APPPATH\Controllers\HomepageController.php(14): view('homepageView')
10 SYSTEMPATH\CodeIgniter.php(942): App\Controllers\HomepageController->index()
11 SYSTEMPATH\CodeIgniter.php(502): CodeIgniter\CodeIgniter->runController(Object(App\Controllers\HomepageController))
12 SYSTEMPATH\CodeIgniter.php(361): CodeIgniter\CodeIgniter->handleRequest(null, Object(Config\Cache), false)
13 FCPATH\index.php(79): CodeIgniter\CodeIgniter->run()
INFO - 2024-02-26 09:45:42 --> Session: Class initialized using 'CodeIgniter\Session\Handlers\FileHandler' driver.
ERROR - 2024-02-26 09:45:42 --> mysqli_sql_exception: Unknown column 'teacher_course.course_duration' in 'field list' in D:\laragon\www\SchoolingTime\vendor\codeigniter4\framework\system\Database\MySQLi\Connection.php:306
Stack trace:
#0 D:\laragon\www\SchoolingTime\vendor\codeigniter4\framework\system\Database\MySQLi\Connection.php(306): mysqli->query('SELECT teacher_...', 0)
#1 D:\laragon\www\SchoolingTime\vendor\codeigniter4\framework\system\Database\BaseConnection.php(693): CodeIgniter\Database\MySQLi\Connection->execute('SELECT teacher_...')
#2 D:\laragon\www\SchoolingTime\vendor\codeigniter4\framework\system\Database\BaseConnection.php(607): CodeIgniter\Database\BaseConnection->simpleQuery('SELECT teacher_...')
#3 D:\laragon\www\SchoolingTime\app\Views\include\homepage_tab_three_courses.php(60): CodeIgniter\Database\BaseConnection->query('SELECT teacher_...')
#4 D:\laragon\www\SchoolingTime\vendor\codeigniter4\framework\system\View\View.php(228): include('D:\\laragon\\www\\...')
#5 D:\laragon\www\SchoolingTime\vendor\codeigniter4\framework\system\View\View.php(231): CodeIgniter\View\View->CodeIgniter\View\{closure}()
#6 D:\laragon\www\SchoolingTime\vendor\codeigniter4\framework\system\View\View.php(469): CodeIgniter\View\View->render('include/homepag...', NULL, true)
#7 D:\laragon\www\SchoolingTime\app\Views\homepageView.php(25): CodeIgniter\View\View->include('include/homepag...')
#8 D:\laragon\www\SchoolingTime\vendor\codeigniter4\framework\system\View\View.php(228): include('D:\\laragon\\www\\...')
#9 D:\laragon\www\SchoolingTime\vendor\codeigniter4\framework\system\View\View.php(231): CodeIgniter\View\View->CodeIgniter\View\{closure}()
#10 D:\laragon\www\SchoolingTime\vendor\codeigniter4\framework\system\Common.php(1190): CodeIgniter\View\View->render('homepageView', Array, true)
#11 D:\laragon\www\SchoolingTime\app\Controllers\HomepageController.php(14): view('homepageView')
#12 D:\laragon\www\SchoolingTime\vendor\codeigniter4\framework\system\CodeIgniter.php(942): App\Controllers\HomepageController->index()
#13 D:\laragon\www\SchoolingTime\vendor\codeigniter4\framework\system\CodeIgniter.php(502): CodeIgniter\CodeIgniter->runController(Object(App\Controllers\HomepageController))
#14 D:\laragon\www\SchoolingTime\vendor\codeigniter4\framework\system\CodeIgniter.php(361): CodeIgniter\CodeIgniter->handleRequest(NULL, Object(Config\Cache), false)
#15 D:\laragon\www\SchoolingTime\index.php(79): CodeIgniter\CodeIgniter->run()
#16 {main}
CRITICAL - 2024-02-26 09:45:42 --> Unknown column 'teacher_course.course_duration' in 'field list'
in SYSTEMPATH\Database\BaseConnection.php on line 647.
 1 APPPATH\Views\include\homepage_tab_three_courses.php(60): CodeIgniter\Database\BaseConnection->query('SELECT teacher_profile.last_educational_institute, teacher_profile.teacher_edu_his,
      teacher_profile.teacher_pro_his, teacher_profile.teacher_certi_award, teacher_profile.teacher_pic,
      teacher_course.coures_title, teacher_course.course_level, teacher_course.course_duration,
      teacher_course.course_schedule,teacher_course.course_note,teacher_course.course_pic,
      teacher_course.course_teacher_id,teacher_course.course_id,
      teacher_course.course_status,teacher_course.course_type_name    
      FROM teacher_course
      LEFT JOIN teacher_profile ON teacher_profile.teacher_id = teacher_course.course_teacher_id')
 2 SYSTEMPATH\View\View.php(228): include('D:\\laragon\\www\\SchoolingTime\\app\\Views\\include\\homepage_tab_three_courses.php')
 3 SYSTEMPATH\View\View.php(231): CodeIgniter\View\View->CodeIgniter\View\{closure}()
 4 SYSTEMPATH\View\View.php(469): CodeIgniter\View\View->render('include/homepage_tab_three_courses', null, true)
 5 APPPATH\Views\homepageView.php(25): CodeIgniter\View\View->include('include/homepage_tab_three_courses')
 6 SYSTEMPATH\View\View.php(228): include('D:\\laragon\\www\\SchoolingTime\\app\\Views\\homepageView.php')
 7 SYSTEMPATH\View\View.php(231): CodeIgniter\View\View->CodeIgniter\View\{closure}()
 8 SYSTEMPATH\Common.php(1190): CodeIgniter\View\View->render('homepageView', [], true)
 9 APPPATH\Controllers\HomepageController.php(14): view('homepageView')
10 SYSTEMPATH\CodeIgniter.php(942): App\Controllers\HomepageController->index()
11 SYSTEMPATH\CodeIgniter.php(502): CodeIgniter\CodeIgniter->runController(Object(App\Controllers\HomepageController))
12 SYSTEMPATH\CodeIgniter.php(361): CodeIgniter\CodeIgniter->handleRequest(null, Object(Config\Cache), false)
13 FCPATH\index.php(79): CodeIgniter\CodeIgniter->run()
INFO - 2024-02-26 09:45:42 --> Session: Class initialized using 'CodeIgniter\Session\Handlers\FileHandler' driver.
ERROR - 2024-02-26 09:45:42 --> mysqli_sql_exception: Unknown column 'teacher_course.course_duration' in 'field list' in D:\laragon\www\SchoolingTime\vendor\codeigniter4\framework\system\Database\MySQLi\Connection.php:306
Stack trace:
#0 D:\laragon\www\SchoolingTime\vendor\codeigniter4\framework\system\Database\MySQLi\Connection.php(306): mysqli->query('SELECT teacher_...', 0)
#1 D:\laragon\www\SchoolingTime\vendor\codeigniter4\framework\system\Database\BaseConnection.php(693): CodeIgniter\Database\MySQLi\Connection->execute('SELECT teacher_...')
#2 D:\laragon\www\SchoolingTime\vendor\codeigniter4\framework\system\Database\BaseConnection.php(607): CodeIgniter\Database\BaseConnection->simpleQuery('SELECT teacher_...')
#3 D:\laragon\www\SchoolingTime\app\Views\include\homepage_tab_three_courses.php(60): CodeIgniter\Database\BaseConnection->query('SELECT teacher_...')
#4 D:\laragon\www\SchoolingTime\vendor\codeigniter4\framework\system\View\View.php(228): include('D:\\laragon\\www\\...')
#5 D:\laragon\www\SchoolingTime\vendor\codeigniter4\framework\system\View\View.php(231): CodeIgniter\View\View->CodeIgniter\View\{closure}()
#6 D:\laragon\www\SchoolingTime\vendor\codeigniter4\framework\system\View\View.php(469): CodeIgniter\View\View->render('include/homepag...', NULL, true)
#7 D:\laragon\www\SchoolingTime\app\Views\homepageView.php(25): CodeIgniter\View\View->include('include/homepag...')
#8 D:\laragon\www\SchoolingTime\vendor\codeigniter4\framework\system\View\View.php(228): include('D:\\laragon\\www\\...')
#9 D:\laragon\www\SchoolingTime\vendor\codeigniter4\framework\system\View\View.php(231): CodeIgniter\View\View->CodeIgniter\View\{closure}()
#10 D:\laragon\www\SchoolingTime\vendor\codeigniter4\framework\system\Common.php(1190): CodeIgniter\View\View->render('homepageView', Array, true)
#11 D:\laragon\www\SchoolingTime\app\Controllers\HomepageController.php(14): view('homepageView')
#12 D:\laragon\www\SchoolingTime\vendor\codeigniter4\framework\system\CodeIgniter.php(942): App\Controllers\HomepageController->index()
#13 D:\laragon\www\SchoolingTime\vendor\codeigniter4\framework\system\CodeIgniter.php(502): CodeIgniter\CodeIgniter->runController(Object(App\Controllers\HomepageController))
#14 D:\laragon\www\SchoolingTime\vendor\codeigniter4\framework\system\CodeIgniter.php(361): CodeIgniter\CodeIgniter->handleRequest(NULL, Object(Config\Cache), false)
#15 D:\laragon\www\SchoolingTime\index.php(79): CodeIgniter\CodeIgniter->run()
#16 {main}
CRITICAL - 2024-02-26 09:45:42 --> Unknown column 'teacher_course.course_duration' in 'field list'
in SYSTEMPATH\Database\BaseConnection.php on line 647.
 1 APPPATH\Views\include\homepage_tab_three_courses.php(60): CodeIgniter\Database\BaseConnection->query('SELECT teacher_profile.last_educational_institute, teacher_profile.teacher_edu_his,
      teacher_profile.teacher_pro_his, teacher_profile.teacher_certi_award, teacher_profile.teacher_pic,
      teacher_course.coures_title, teacher_course.course_level, teacher_course.course_duration,
      teacher_course.course_schedule,teacher_course.course_note,teacher_course.course_pic,
      teacher_course.course_teacher_id,teacher_course.course_id,
      teacher_course.course_status,teacher_course.course_type_name    
      FROM teacher_course
      LEFT JOIN teacher_profile ON teacher_profile.teacher_id = teacher_course.course_teacher_id')
 2 SYSTEMPATH\View\View.php(228): include('D:\\laragon\\www\\SchoolingTime\\app\\Views\\include\\homepage_tab_three_courses.php')
 3 SYSTEMPATH\View\View.php(231): CodeIgniter\View\View->CodeIgniter\View\{closure}()
 4 SYSTEMPATH\View\View.php(469): CodeIgniter\View\View->render('include/homepage_tab_three_courses', null, true)
 5 APPPATH\Views\homepageView.php(25): CodeIgniter\View\View->include('include/homepage_tab_three_courses')
 6 SYSTEMPATH\View\View.php(228): include('D:\\laragon\\www\\SchoolingTime\\app\\Views\\homepageView.php')
 7 SYSTEMPATH\View\View.php(231): CodeIgniter\View\View->CodeIgniter\View\{closure}()
 8 SYSTEMPATH\Common.php(1190): CodeIgniter\View\View->render('homepageView', [], true)
 9 APPPATH\Controllers\HomepageController.php(14): view('homepageView')
10 SYSTEMPATH\CodeIgniter.php(942): App\Controllers\HomepageController->index()
11 SYSTEMPATH\CodeIgniter.php(502): CodeIgniter\CodeIgniter->runController(Object(App\Controllers\HomepageController))
12 SYSTEMPATH\CodeIgniter.php(361): CodeIgniter\CodeIgniter->handleRequest(null, Object(Config\Cache), false)
13 FCPATH\index.php(79): CodeIgniter\CodeIgniter->run()
INFO - 2024-02-26 09:45:42 --> Session: Class initialized using 'CodeIgniter\Session\Handlers\FileHandler' driver.
ERROR - 2024-02-26 09:45:42 --> mysqli_sql_exception: Unknown column 'teacher_course.course_duration' in 'field list' in D:\laragon\www\SchoolingTime\vendor\codeigniter4\framework\system\Database\MySQLi\Connection.php:306
Stack trace:
#0 D:\laragon\www\SchoolingTime\vendor\codeigniter4\framework\system\Database\MySQLi\Connection.php(306): mysqli->query('SELECT teacher_...', 0)
#1 D:\laragon\www\SchoolingTime\vendor\codeigniter4\framework\system\Database\BaseConnection.php(693): CodeIgniter\Database\MySQLi\Connection->execute('SELECT teacher_...')
#2 D:\laragon\www\SchoolingTime\vendor\codeigniter4\framework\system\Database\BaseConnection.php(607): CodeIgniter\Database\BaseConnection->simpleQuery('SELECT teacher_...')
#3 D:\laragon\www\SchoolingTime\app\Views\include\homepage_tab_three_courses.php(60): CodeIgniter\Database\BaseConnection->query('SELECT teacher_...')
#4 D:\laragon\www\SchoolingTime\vendor\codeigniter4\framework\system\View\View.php(228): include('D:\\laragon\\www\\...')
#5 D:\laragon\www\SchoolingTime\vendor\codeigniter4\framework\system\View\View.php(231): CodeIgniter\View\View->CodeIgniter\View\{closure}()
#6 D:\laragon\www\SchoolingTime\vendor\codeigniter4\framework\system\View\View.php(469): CodeIgniter\View\View->render('include/homepag...', NULL, true)
#7 D:\laragon\www\SchoolingTime\app\Views\homepageView.php(25): CodeIgniter\View\View->include('include/homepag...')
#8 D:\laragon\www\SchoolingTime\vendor\codeigniter4\framework\system\View\View.php(228): include('D:\\laragon\\www\\...')
#9 D:\laragon\www\SchoolingTime\vendor\codeigniter4\framework\system\View\View.php(231): CodeIgniter\View\View->CodeIgniter\View\{closure}()
#10 D:\laragon\www\SchoolingTime\vendor\codeigniter4\framework\system\Common.php(1190): CodeIgniter\View\View->render('homepageView', Array, true)
#11 D:\laragon\www\SchoolingTime\app\Controllers\HomepageController.php(14): view('homepageView')
#12 D:\laragon\www\SchoolingTime\vendor\codeigniter4\framework\system\CodeIgniter.php(942): App\Controllers\HomepageController->index()
#13 D:\laragon\www\SchoolingTime\vendor\codeigniter4\framework\system\CodeIgniter.php(502): CodeIgniter\CodeIgniter->runController(Object(App\Controllers\HomepageController))
#14 D:\laragon\www\SchoolingTime\vendor\codeigniter4\framework\system\CodeIgniter.php(361): CodeIgniter\CodeIgniter->handleRequest(NULL, Object(Config\Cache), false)
#15 D:\laragon\www\SchoolingTime\index.php(79): CodeIgniter\CodeIgniter->run()
#16 {main}
CRITICAL - 2024-02-26 09:45:42 --> Unknown column 'teacher_course.course_duration' in 'field list'
in SYSTEMPATH\Database\BaseConnection.php on line 647.
 1 APPPATH\Views\include\homepage_tab_three_courses.php(60): CodeIgniter\Database\BaseConnection->query('SELECT teacher_profile.last_educational_institute, teacher_profile.teacher_edu_his,
      teacher_profile.teacher_pro_his, teacher_profile.teacher_certi_award, teacher_profile.teacher_pic,
      teacher_course.coures_title, teacher_course.course_level, teacher_course.course_duration,
      teacher_course.course_schedule,teacher_course.course_note,teacher_course.course_pic,
      teacher_course.course_teacher_id,teacher_course.course_id,
      teacher_course.course_status,teacher_course.course_type_name    
      FROM teacher_course
      LEFT JOIN teacher_profile ON teacher_profile.teacher_id = teacher_course.course_teacher_id')
 2 SYSTEMPATH\View\View.php(228): include('D:\\laragon\\www\\SchoolingTime\\app\\Views\\include\\homepage_tab_three_courses.php')
 3 SYSTEMPATH\View\View.php(231): CodeIgniter\View\View->CodeIgniter\View\{closure}()
 4 SYSTEMPATH\View\View.php(469): CodeIgniter\View\View->render('include/homepage_tab_three_courses', null, true)
 5 APPPATH\Views\homepageView.php(25): CodeIgniter\View\View->include('include/homepage_tab_three_courses')
 6 SYSTEMPATH\View\View.php(228): include('D:\\laragon\\www\\SchoolingTime\\app\\Views\\homepageView.php')
 7 SYSTEMPATH\View\View.php(231): CodeIgniter\View\View->CodeIgniter\View\{closure}()
 8 SYSTEMPATH\Common.php(1190): CodeIgniter\View\View->render('homepageView', [], true)
 9 APPPATH\Controllers\HomepageController.php(14): view('homepageView')
10 SYSTEMPATH\CodeIgniter.php(942): App\Controllers\HomepageController->index()
11 SYSTEMPATH\CodeIgniter.php(502): CodeIgniter\CodeIgniter->runController(Object(App\Controllers\HomepageController))
12 SYSTEMPATH\CodeIgniter.php(361): CodeIgniter\CodeIgniter->handleRequest(null, Object(Config\Cache), false)
13 FCPATH\index.php(79): CodeIgniter\CodeIgniter->run()
INFO - 2024-02-26 09:45:42 --> Session: Class initialized using 'CodeIgniter\Session\Handlers\FileHandler' driver.
ERROR - 2024-02-26 09:45:42 --> mysqli_sql_exception: Unknown column 'teacher_course.course_duration' in 'field list' in D:\laragon\www\SchoolingTime\vendor\codeigniter4\framework\system\Database\MySQLi\Connection.php:306
Stack trace:
#0 D:\laragon\www\SchoolingTime\vendor\codeigniter4\framework\system\Database\MySQLi\Connection.php(306): mysqli->query('SELECT teacher_...', 0)
#1 D:\laragon\www\SchoolingTime\vendor\codeigniter4\framework\system\Database\BaseConnection.php(693): CodeIgniter\Database\MySQLi\Connection->execute('SELECT teacher_...')
#2 D:\laragon\www\SchoolingTime\vendor\codeigniter4\framework\system\Database\BaseConnection.php(607): CodeIgniter\Database\BaseConnection->simpleQuery('SELECT teacher_...')
#3 D:\laragon\www\SchoolingTime\app\Views\include\homepage_tab_three_courses.php(60): CodeIgniter\Database\BaseConnection->query('SELECT teacher_...')
#4 D:\laragon\www\SchoolingTime\vendor\codeigniter4\framework\system\View\View.php(228): include('D:\\laragon\\www\\...')
#5 D:\laragon\www\SchoolingTime\vendor\codeigniter4\framework\system\View\View.php(231): CodeIgniter\View\View->CodeIgniter\View\{closure}()
#6 D:\laragon\www\SchoolingTime\vendor\codeigniter4\framework\system\View\View.php(469): CodeIgniter\View\View->render('include/homepag...', NULL, true)
#7 D:\laragon\www\SchoolingTime\app\Views\homepageView.php(25): CodeIgniter\View\View->include('include/homepag...')
#8 D:\laragon\www\SchoolingTime\vendor\codeigniter4\framework\system\View\View.php(228): include('D:\\laragon\\www\\...')
#9 D:\laragon\www\SchoolingTime\vendor\codeigniter4\framework\system\View\View.php(231): CodeIgniter\View\View->CodeIgniter\View\{closure}()
#10 D:\laragon\www\SchoolingTime\vendor\codeigniter4\framework\system\Common.php(1190): CodeIgniter\View\View->render('homepageView', Array, true)
#11 D:\laragon\www\SchoolingTime\app\Controllers\HomepageController.php(14): view('homepageView')
#12 D:\laragon\www\SchoolingTime\vendor\codeigniter4\framework\system\CodeIgniter.php(942): App\Controllers\HomepageController->index()
#13 D:\laragon\www\SchoolingTime\vendor\codeigniter4\framework\system\CodeIgniter.php(502): CodeIgniter\CodeIgniter->runController(Object(App\Controllers\HomepageController))
#14 D:\laragon\www\SchoolingTime\vendor\codeigniter4\framework\system\CodeIgniter.php(361): CodeIgniter\CodeIgniter->handleRequest(NULL, Object(Config\Cache), false)
#15 D:\laragon\www\SchoolingTime\index.php(79): CodeIgniter\CodeIgniter->run()
#16 {main}
CRITICAL - 2024-02-26 09:45:42 --> Unknown column 'teacher_course.course_duration' in 'field list'
in SYSTEMPATH\Database\BaseConnection.php on line 647.
 1 APPPATH\Views\include\homepage_tab_three_courses.php(60): CodeIgniter\Database\BaseConnection->query('SELECT teacher_profile.last_educational_institute, teacher_profile.teacher_edu_his,
      teacher_profile.teacher_pro_his, teacher_profile.teacher_certi_award, teacher_profile.teacher_pic,
      teacher_course.coures_title, teacher_course.course_level, teacher_course.course_duration,
      teacher_course.course_schedule,teacher_course.course_note,teacher_course.course_pic,
      teacher_course.course_teacher_id,teacher_course.course_id,
      teacher_course.course_status,teacher_course.course_type_name    
      FROM teacher_course
      LEFT JOIN teacher_profile ON teacher_profile.teacher_id = teacher_course.course_teacher_id')
 2 SYSTEMPATH\View\View.php(228): include('D:\\laragon\\www\\SchoolingTime\\app\\Views\\include\\homepage_tab_three_courses.php')
 3 SYSTEMPATH\View\View.php(231): CodeIgniter\View\View->CodeIgniter\View\{closure}()
 4 SYSTEMPATH\View\View.php(469): CodeIgniter\View\View->render('include/homepage_tab_three_courses', null, true)
 5 APPPATH\Views\homepageView.php(25): CodeIgniter\View\View->include('include/homepage_tab_three_courses')
 6 SYSTEMPATH\View\View.php(228): include('D:\\laragon\\www\\SchoolingTime\\app\\Views\\homepageView.php')
 7 SYSTEMPATH\View\View.php(231): CodeIgniter\View\View->CodeIgniter\View\{closure}()
 8 SYSTEMPATH\Common.php(1190): CodeIgniter\View\View->render('homepageView', [], true)
 9 APPPATH\Controllers\HomepageController.php(14): view('homepageView')
10 SYSTEMPATH\CodeIgniter.php(942): App\Controllers\HomepageController->index()
11 SYSTEMPATH\CodeIgniter.php(502): CodeIgniter\CodeIgniter->runController(Object(App\Controllers\HomepageController))
12 SYSTEMPATH\CodeIgniter.php(361): CodeIgniter\CodeIgniter->handleRequest(null, Object(Config\Cache), false)
13 FCPATH\index.php(79): CodeIgniter\CodeIgniter->run()
INFO - 2024-02-26 09:47:41 --> Session: Class initialized using 'CodeIgniter\Session\Handlers\FileHandler' driver.
ERROR - 2024-02-26 09:47:41 --> mysqli_sql_exception: Unknown column 'teacher_course.course_schedule' in 'field list' in D:\laragon\www\SchoolingTime\vendor\codeigniter4\framework\system\Database\MySQLi\Connection.php:306
Stack trace:
#0 D:\laragon\www\SchoolingTime\vendor\codeigniter4\framework\system\Database\MySQLi\Connection.php(306): mysqli->query('SELECT teacher_...', 0)
#1 D:\laragon\www\SchoolingTime\vendor\codeigniter4\framework\system\Database\BaseConnection.php(693): CodeIgniter\Database\MySQLi\Connection->execute('SELECT teacher_...')
#2 D:\laragon\www\SchoolingTime\vendor\codeigniter4\framework\system\Database\BaseConnection.php(607): CodeIgniter\Database\BaseConnection->simpleQuery('SELECT teacher_...')
#3 D:\laragon\www\SchoolingTime\app\Views\include\homepage_tab_three_courses.php(60): CodeIgniter\Database\BaseConnection->query('SELECT teacher_...')
#4 D:\laragon\www\SchoolingTime\vendor\codeigniter4\framework\system\View\View.php(228): include('D:\\laragon\\www\\...')
#5 D:\laragon\www\SchoolingTime\vendor\codeigniter4\framework\system\View\View.php(231): CodeIgniter\View\View->CodeIgniter\View\{closure}()
#6 D:\laragon\www\SchoolingTime\vendor\codeigniter4\framework\system\View\View.php(469): CodeIgniter\View\View->render('include/homepag...', NULL, true)
#7 D:\laragon\www\SchoolingTime\app\Views\homepageView.php(25): CodeIgniter\View\View->include('include/homepag...')
#8 D:\laragon\www\SchoolingTime\vendor\codeigniter4\framework\system\View\View.php(228): include('D:\\laragon\\www\\...')
#9 D:\laragon\www\SchoolingTime\vendor\codeigniter4\framework\system\View\View.php(231): CodeIgniter\View\View->CodeIgniter\View\{closure}()
#10 D:\laragon\www\SchoolingTime\vendor\codeigniter4\framework\system\Common.php(1190): CodeIgniter\View\View->render('homepageView', Array, true)
#11 D:\laragon\www\SchoolingTime\app\Controllers\HomepageController.php(14): view('homepageView')
#12 D:\laragon\www\SchoolingTime\vendor\codeigniter4\framework\system\CodeIgniter.php(942): App\Controllers\HomepageController->index()
#13 D:\laragon\www\SchoolingTime\vendor\codeigniter4\framework\system\CodeIgniter.php(502): CodeIgniter\CodeIgniter->runController(Object(App\Controllers\HomepageController))
#14 D:\laragon\www\SchoolingTime\vendor\codeigniter4\framework\system\CodeIgniter.php(361): CodeIgniter\CodeIgniter->handleRequest(NULL, Object(Config\Cache), false)
#15 D:\laragon\www\SchoolingTime\index.php(79): CodeIgniter\CodeIgniter->run()
#16 {main}
CRITICAL - 2024-02-26 09:47:41 --> Unknown column 'teacher_course.course_schedule' in 'field list'
in SYSTEMPATH\Database\BaseConnection.php on line 647.
 1 APPPATH\Views\include\homepage_tab_three_courses.php(60): CodeIgniter\Database\BaseConnection->query('SELECT teacher_profile.last_educational_institute, teacher_profile.teacher_edu_his,
      teacher_profile.teacher_pro_his, teacher_profile.teacher_certi_award, teacher_profile.teacher_pic,
      teacher_course.coures_title, teacher_course.course_level, teacher_course.course_duration,
      teacher_course.course_schedule,teacher_course.course_note,teacher_course.course_pic,
      teacher_course.course_teacher_id,teacher_course.course_id,
      teacher_course.course_status,teacher_course.course_type_name    
      FROM teacher_course
      LEFT JOIN teacher_profile ON teacher_profile.teacher_id = teacher_course.course_teacher_id')
 2 SYSTEMPATH\View\View.php(228): include('D:\\laragon\\www\\SchoolingTime\\app\\Views\\include\\homepage_tab_three_courses.php')
 3 SYSTEMPATH\View\View.php(231): CodeIgniter\View\View->CodeIgniter\View\{closure}()
 4 SYSTEMPATH\View\View.php(469): CodeIgniter\View\View->render('include/homepage_tab_three_courses', null, true)
 5 APPPATH\Views\homepageView.php(25): CodeIgniter\View\View->include('include/homepage_tab_three_courses')
 6 SYSTEMPATH\View\View.php(228): include('D:\\laragon\\www\\SchoolingTime\\app\\Views\\homepageView.php')
 7 SYSTEMPATH\View\View.php(231): CodeIgniter\View\View->CodeIgniter\View\{closure}()
 8 SYSTEMPATH\Common.php(1190): CodeIgniter\View\View->render('homepageView', [], true)
 9 APPPATH\Controllers\HomepageController.php(14): view('homepageView')
10 SYSTEMPATH\CodeIgniter.php(942): App\Controllers\HomepageController->index()
11 SYSTEMPATH\CodeIgniter.php(502): CodeIgniter\CodeIgniter->runController(Object(App\Controllers\HomepageController))
12 SYSTEMPATH\CodeIgniter.php(361): CodeIgniter\CodeIgniter->handleRequest(null, Object(Config\Cache), false)
13 FCPATH\index.php(79): CodeIgniter\CodeIgniter->run()
INFO - 2024-02-26 09:49:49 --> Session: Class initialized using 'CodeIgniter\Session\Handlers\FileHandler' driver.
INFO - 2024-02-26 09:50:00 --> Session: Class initialized using 'CodeIgniter\Session\Handlers\FileHandler' driver.
INFO - 2024-02-26 09:51:57 --> Session: Class initialized using 'CodeIgniter\Session\Handlers\FileHandler' driver.
INFO - 2024-02-26 09:53:22 --> Session: Class initialized using 'CodeIgniter\Session\Handlers\FileHandler' driver.
INFO - 2024-02-26 09:54:11 --> Session: Class initialized using 'CodeIgniter\Session\Handlers\FileHandler' driver.
INFO - 2024-02-26 09:54:51 --> Session: Class initialized using 'CodeIgniter\Session\Handlers\FileHandler' driver.
INFO - 2024-02-26 09:54:53 --> Session: Class initialized using 'CodeIgniter\Session\Handlers\FileHandler' driver.
INFO - 2024-02-26 09:54:58 --> Session: Class initialized using 'CodeIgniter\Session\Handlers\FileHandler' driver.
INFO - 2024-02-26 09:54:59 --> Session: Class initialized using 'CodeIgniter\Session\Handlers\FileHandler' driver.
INFO - 2024-02-26 09:54:59 --> Session: Class initialized using 'CodeIgniter\Session\Handlers\FileHandler' driver.
INFO - 2024-02-26 09:54:59 --> Session: Class initialized using 'CodeIgniter\Session\Handlers\FileHandler' driver.
INFO - 2024-02-26 09:54:59 --> Session: Class initialized using 'CodeIgniter\Session\Handlers\FileHandler' driver.
INFO - 2024-02-26 09:55:02 --> Session: Class initialized using 'CodeIgniter\Session\Handlers\FileHandler' driver.
INFO - 2024-02-26 09:55:02 --> Session: Class initialized using 'CodeIgniter\Session\Handlers\FileHandler' driver.
INFO - 2024-02-26 09:55:04 --> Session: Class initialized using 'CodeIgniter\Session\Handlers\FileHandler' driver.
INFO - 2024-02-26 09:55:05 --> Session: Class initialized using 'CodeIgniter\Session\Handlers\FileHandler' driver.
INFO - 2024-02-26 09:55:05 --> Session: Class initialized using 'CodeIgniter\Session\Handlers\FileHandler' driver.
INFO - 2024-02-26 09:55:10 --> Session: Class initialized using 'CodeIgniter\Session\Handlers\FileHandler' driver.
INFO - 2024-02-26 09:58:46 --> Session: Class initialized using 'CodeIgniter\Session\Handlers\FileHandler' driver.
ERROR - 2024-02-26 09:58:46 --> mysqli_sql_exception: Unknown column 'teacher_course.course_duration' in 'field list' in D:\laragon\www\SchoolingTime\vendor\codeigniter4\framework\system\Database\MySQLi\Connection.php:306
Stack trace:
#0 D:\laragon\www\SchoolingTime\vendor\codeigniter4\framework\system\Database\MySQLi\Connection.php(306): mysqli->query('SELECT teacher_...', 0)
#1 D:\laragon\www\SchoolingTime\vendor\codeigniter4\framework\system\Database\BaseConnection.php(693): CodeIgniter\Database\MySQLi\Connection->execute('SELECT teacher_...')
#2 D:\laragon\www\SchoolingTime\vendor\codeigniter4\framework\system\Database\BaseConnection.php(607): CodeIgniter\Database\BaseConnection->simpleQuery('SELECT teacher_...')
#3 D:\laragon\www\SchoolingTime\app\Views\include\homepage_tab_three_courses.php(60): CodeIgniter\Database\BaseConnection->query('SELECT teacher_...')
#4 D:\laragon\www\SchoolingTime\vendor\codeigniter4\framework\system\View\View.php(228): include('D:\\laragon\\www\\...')
#5 D:\laragon\www\SchoolingTime\vendor\codeigniter4\framework\system\View\View.php(231): CodeIgniter\View\View->CodeIgniter\View\{closure}()
#6 D:\laragon\www\SchoolingTime\vendor\codeigniter4\framework\system\View\View.php(469): CodeIgniter\View\View->render('include/homepag...', NULL, true)
#7 D:\laragon\www\SchoolingTime\app\Views\homepageView.php(25): CodeIgniter\View\View->include('include/homepag...')
#8 D:\laragon\www\SchoolingTime\vendor\codeigniter4\framework\system\View\View.php(228): include('D:\\laragon\\www\\...')
#9 D:\laragon\www\SchoolingTime\vendor\codeigniter4\framework\system\View\View.php(231): CodeIgniter\View\View->CodeIgniter\View\{closure}()
#10 D:\laragon\www\SchoolingTime\vendor\codeigniter4\framework\system\Common.php(1190): CodeIgniter\View\View->render('homepageView', Array, true)
#11 D:\laragon\www\SchoolingTime\app\Controllers\HomepageController.php(14): view('homepageView')
#12 D:\laragon\www\SchoolingTime\vendor\codeigniter4\framework\system\CodeIgniter.php(942): App\Controllers\HomepageController->index()
#13 D:\laragon\www\SchoolingTime\vendor\codeigniter4\framework\system\CodeIgniter.php(502): CodeIgniter\CodeIgniter->runController(Object(App\Controllers\HomepageController))
#14 D:\laragon\www\SchoolingTime\vendor\codeigniter4\framework\system\CodeIgniter.php(361): CodeIgniter\CodeIgniter->handleRequest(NULL, Object(Config\Cache), false)
#15 D:\laragon\www\SchoolingTime\index.php(79): CodeIgniter\CodeIgniter->run()
#16 {main}
CRITICAL - 2024-02-26 09:58:46 --> Unknown column 'teacher_course.course_duration' in 'field list'
in SYSTEMPATH\Database\BaseConnection.php on line 647.
 1 APPPATH\Views\include\homepage_tab_three_courses.php(60): CodeIgniter\Database\BaseConnection->query('SELECT teacher_profile.last_educational_institute, teacher_profile.teacher_edu_his,
      teacher_profile.teacher_pro_his, teacher_profile.teacher_certi_award, teacher_profile.teacher_pic,
      teacher_course.coures_title, teacher_course.course_level, teacher_course.course_duration,
      teacher_course.course_schedule,teacher_course.course_note,teacher_course.course_pic,
      teacher_course.course_teacher_id,teacher_course.course_id,
      teacher_course.course_status,teacher_course.course_type_name    
      FROM teacher_course
      LEFT JOIN teacher_profile ON teacher_profile.teacher_id = teacher_course.course_teacher_id')
 2 SYSTEMPATH\View\View.php(228): include('D:\\laragon\\www\\SchoolingTime\\app\\Views\\include\\homepage_tab_three_courses.php')
 3 SYSTEMPATH\View\View.php(231): CodeIgniter\View\View->CodeIgniter\View\{closure}()
 4 SYSTEMPATH\View\View.php(469): CodeIgniter\View\View->render('include/homepage_tab_three_courses', null, true)
 5 APPPATH\Views\homepageView.php(25): CodeIgniter\View\View->include('include/homepage_tab_three_courses')
 6 SYSTEMPATH\View\View.php(228): include('D:\\laragon\\www\\SchoolingTime\\app\\Views\\homepageView.php')
 7 SYSTEMPATH\View\View.php(231): CodeIgniter\View\View->CodeIgniter\View\{closure}()
 8 SYSTEMPATH\Common.php(1190): CodeIgniter\View\View->render('homepageView', [], true)
 9 APPPATH\Controllers\HomepageController.php(14): view('homepageView')
10 SYSTEMPATH\CodeIgniter.php(942): App\Controllers\HomepageController->index()
11 SYSTEMPATH\CodeIgniter.php(502): CodeIgniter\CodeIgniter->runController(Object(App\Controllers\HomepageController))
12 SYSTEMPATH\CodeIgniter.php(361): CodeIgniter\CodeIgniter->handleRequest(null, Object(Config\Cache), false)
13 FCPATH\index.php(79): CodeIgniter\CodeIgniter->run()
INFO - 2024-02-26 10:10:08 --> Session: Class initialized using 'CodeIgniter\Session\Handlers\FileHandler' driver.
ERROR - 2024-02-26 10:10:08 --> mysqli_sql_exception: Unknown column 'teacher_course.course_schedule' in 'field list' in D:\laragon\www\SchoolingTime\vendor\codeigniter4\framework\system\Database\MySQLi\Connection.php:306
Stack trace:
#0 D:\laragon\www\SchoolingTime\vendor\codeigniter4\framework\system\Database\MySQLi\Connection.php(306): mysqli->query('SELECT teacher_...', 0)
#1 D:\laragon\www\SchoolingTime\vendor\codeigniter4\framework\system\Database\BaseConnection.php(693): CodeIgniter\Database\MySQLi\Connection->execute('SELECT teacher_...')
#2 D:\laragon\www\SchoolingTime\vendor\codeigniter4\framework\system\Database\BaseConnection.php(607): CodeIgniter\Database\BaseConnection->simpleQuery('SELECT teacher_...')
#3 D:\laragon\www\SchoolingTime\app\Views\include\homepage_tab_three_courses.php(60): CodeIgniter\Database\BaseConnection->query('SELECT teacher_...')
#4 D:\laragon\www\SchoolingTime\vendor\codeigniter4\framework\system\View\View.php(228): include('D:\\laragon\\www\\...')
#5 D:\laragon\www\SchoolingTime\vendor\codeigniter4\framework\system\View\View.php(231): CodeIgniter\View\View->CodeIgniter\View\{closure}()
#6 D:\laragon\www\SchoolingTime\vendor\codeigniter4\framework\system\View\View.php(469): CodeIgniter\View\View->render('include/homepag...', NULL, true)
#7 D:\laragon\www\SchoolingTime\app\Views\homepageView.php(25): CodeIgniter\View\View->include('include/homepag...')
#8 D:\laragon\www\SchoolingTime\vendor\codeigniter4\framework\system\View\View.php(228): include('D:\\laragon\\www\\...')
#9 D:\laragon\www\SchoolingTime\vendor\codeigniter4\framework\system\View\View.php(231): CodeIgniter\View\View->CodeIgniter\View\{closure}()
#10 D:\laragon\www\SchoolingTime\vendor\codeigniter4\framework\system\Common.php(1190): CodeIgniter\View\View->render('homepageView', Array, true)
#11 D:\laragon\www\SchoolingTime\app\Controllers\HomepageController.php(14): view('homepageView')
#12 D:\laragon\www\SchoolingTime\vendor\codeigniter4\framework\system\CodeIgniter.php(942): App\Controllers\HomepageController->index()
#13 D:\laragon\www\SchoolingTime\vendor\codeigniter4\framework\system\CodeIgniter.php(502): CodeIgniter\CodeIgniter->runController(Object(App\Controllers\HomepageController))
#14 D:\laragon\www\SchoolingTime\vendor\codeigniter4\framework\system\CodeIgniter.php(361): CodeIgniter\CodeIgniter->handleRequest(NULL, Object(Config\Cache), false)
#15 D:\laragon\www\SchoolingTime\index.php(79): CodeIgniter\CodeIgniter->run()
#16 {main}
CRITICAL - 2024-02-26 10:10:08 --> Unknown column 'teacher_course.course_schedule' in 'field list'
in SYSTEMPATH\Database\BaseConnection.php on line 647.
 1 APPPATH\Views\include\homepage_tab_three_courses.php(60): CodeIgniter\Database\BaseConnection->query('SELECT teacher_profile.last_educational_institute, teacher_profile.teacher_edu_his,
      teacher_profile.teacher_pro_his, teacher_profile.teacher_certi_award, teacher_profile.teacher_pic,
      teacher_course.coures_title, teacher_course.course_level,
      teacher_course.course_schedule,teacher_course.course_note,teacher_course.course_pic,
      teacher_course.course_teacher_id,teacher_course.course_id,
      teacher_course.course_status,teacher_course.course_type_name    
      FROM teacher_course
      LEFT JOIN teacher_profile ON teacher_profile.teacher_id = teacher_course.course_teacher_id')
 2 SYSTEMPATH\View\View.php(228): include('D:\\laragon\\www\\SchoolingTime\\app\\Views\\include\\homepage_tab_three_courses.php')
 3 SYSTEMPATH\View\View.php(231): CodeIgniter\View\View->CodeIgniter\View\{closure}()
 4 SYSTEMPATH\View\View.php(469): CodeIgniter\View\View->render('include/homepage_tab_three_courses', null, true)
 5 APPPATH\Views\homepageView.php(25): CodeIgniter\View\View->include('include/homepage_tab_three_courses')
 6 SYSTEMPATH\View\View.php(228): include('D:\\laragon\\www\\SchoolingTime\\app\\Views\\homepageView.php')
 7 SYSTEMPATH\View\View.php(231): CodeIgniter\View\View->CodeIgniter\View\{closure}()
 8 SYSTEMPATH\Common.php(1190): CodeIgniter\View\View->render('homepageView', [], true)
 9 APPPATH\Controllers\HomepageController.php(14): view('homepageView')
10 SYSTEMPATH\CodeIgniter.php(942): App\Controllers\HomepageController->index()
11 SYSTEMPATH\CodeIgniter.php(502): CodeIgniter\CodeIgniter->runController(Object(App\Controllers\HomepageController))
12 SYSTEMPATH\CodeIgniter.php(361): CodeIgniter\CodeIgniter->handleRequest(null, Object(Config\Cache), false)
13 FCPATH\index.php(79): CodeIgniter\CodeIgniter->run()
INFO - 2024-02-26 10:10:57 --> Session: Class initialized using 'CodeIgniter\Session\Handlers\FileHandler' driver.
CRITICAL - 2024-02-26 10:10:57 --> Undefined property: stdClass::$course_duration
in APPPATH\Views\include\homepage_tab_three_courses.php on line 76.
 1 APPPATH\Views\include\homepage_tab_three_courses.php(76): CodeIgniter\Debug\Exceptions->errorHandler(2, 'Undefined property: stdClass::$course_duration', 'D:\\laragon\\www\\SchoolingTime\\app\\Views\\include\\homepage_tab_three_courses.php', 76)
 2 SYSTEMPATH\View\View.php(228): include('D:\\laragon\\www\\SchoolingTime\\app\\Views\\include\\homepage_tab_three_courses.php')
 3 SYSTEMPATH\View\View.php(231): CodeIgniter\View\View->CodeIgniter\View\{closure}()
 4 SYSTEMPATH\View\View.php(469): CodeIgniter\View\View->render('include/homepage_tab_three_courses', null, true)
 5 APPPATH\Views\homepageView.php(25): CodeIgniter\View\View->include('include/homepage_tab_three_courses')
 6 SYSTEMPATH\View\View.php(228): include('D:\\laragon\\www\\SchoolingTime\\app\\Views\\homepageView.php')
 7 SYSTEMPATH\View\View.php(231): CodeIgniter\View\View->CodeIgniter\View\{closure}()
 8 SYSTEMPATH\Common.php(1190): CodeIgniter\View\View->render('homepageView', [], true)
 9 APPPATH\Controllers\HomepageController.php(14): view('homepageView')
10 SYSTEMPATH\CodeIgniter.php(942): App\Controllers\HomepageController->index()
11 SYSTEMPATH\CodeIgniter.php(502): CodeIgniter\CodeIgniter->runController(Object(App\Controllers\HomepageController))
12 SYSTEMPATH\CodeIgniter.php(361): CodeIgniter\CodeIgniter->handleRequest(null, Object(Config\Cache), false)
13 FCPATH\index.php(79): CodeIgniter\CodeIgniter->run()
INFO - 2024-02-26 10:11:35 --> Session: Class initialized using 'CodeIgniter\Session\Handlers\FileHandler' driver.
ERROR - 2024-02-26 10:11:35 --> mysqli_sql_exception: Unknown column 'teacher_course.course_duration' in 'field list' in D:\laragon\www\SchoolingTime\vendor\codeigniter4\framework\system\Database\MySQLi\Connection.php:306
Stack trace:
#0 D:\laragon\www\SchoolingTime\vendor\codeigniter4\framework\system\Database\MySQLi\Connection.php(306): mysqli->query('SELECT teacher_...', 0)
#1 D:\laragon\www\SchoolingTime\vendor\codeigniter4\framework\system\Database\BaseConnection.php(693): CodeIgniter\Database\MySQLi\Connection->execute('SELECT teacher_...')
#2 D:\laragon\www\SchoolingTime\vendor\codeigniter4\framework\system\Database\BaseConnection.php(607): CodeIgniter\Database\BaseConnection->simpleQuery('SELECT teacher_...')
#3 D:\laragon\www\SchoolingTime\app\Views\include\homepage_tab_three_courses.php(138): CodeIgniter\Database\BaseConnection->query('SELECT teacher_...')
#4 D:\laragon\www\SchoolingTime\vendor\codeigniter4\framework\system\View\View.php(228): include('D:\\laragon\\www\\...')
#5 D:\laragon\www\SchoolingTime\vendor\codeigniter4\framework\system\View\View.php(231): CodeIgniter\View\View->CodeIgniter\View\{closure}()
#6 D:\laragon\www\SchoolingTime\vendor\codeigniter4\framework\system\View\View.php(469): CodeIgniter\View\View->render('include/homepag...', NULL, true)
#7 D:\laragon\www\SchoolingTime\app\Views\homepageView.php(25): CodeIgniter\View\View->include('include/homepag...')
#8 D:\laragon\www\SchoolingTime\vendor\codeigniter4\framework\system\View\View.php(228): include('D:\\laragon\\www\\...')
#9 D:\laragon\www\SchoolingTime\vendor\codeigniter4\framework\system\View\View.php(231): CodeIgniter\View\View->CodeIgniter\View\{closure}()
#10 D:\laragon\www\SchoolingTime\vendor\codeigniter4\framework\system\Common.php(1190): CodeIgniter\View\View->render('homepageView', Array, true)
#11 D:\laragon\www\SchoolingTime\app\Controllers\HomepageController.php(14): view('homepageView')
#12 D:\laragon\www\SchoolingTime\vendor\codeigniter4\framework\system\CodeIgniter.php(942): App\Controllers\HomepageController->index()
#13 D:\laragon\www\SchoolingTime\vendor\codeigniter4\framework\system\CodeIgniter.php(502): CodeIgniter\CodeIgniter->runController(Object(App\Controllers\HomepageController))
#14 D:\laragon\www\SchoolingTime\vendor\codeigniter4\framework\system\CodeIgniter.php(361): CodeIgniter\CodeIgniter->handleRequest(NULL, Object(Config\Cache), false)
#15 D:\laragon\www\SchoolingTime\index.php(79): CodeIgniter\CodeIgniter->run()
#16 {main}
CRITICAL - 2024-02-26 10:11:35 --> Unknown column 'teacher_course.course_duration' in 'field list'
in SYSTEMPATH\Database\BaseConnection.php on line 647.
 1 APPPATH\Views\include\homepage_tab_three_courses.php(138): CodeIgniter\Database\BaseConnection->query('SELECT teacher_profile.last_educational_institute, teacher_profile.teacher_edu_his,
        teacher_profile.teacher_pro_his, teacher_profile.teacher_certi_award, teacher_profile.teacher_pic,
        teacher_course.coures_title, teacher_course.course_level, teacher_course.course_duration,
        teacher_course.course_schedule,teacher_course.course_note,teacher_course.course_pic,
        teacher_course.course_teacher_id,teacher_course.course_id, teacher_course.course_type_name ,
        teacher_course.course_status    
        FROM teacher_course
        LEFT JOIN teacher_profile ON teacher_profile.teacher_id = teacher_course.course_teacher_id')
 2 SYSTEMPATH\View\View.php(228): include('D:\\laragon\\www\\SchoolingTime\\app\\Views\\include\\homepage_tab_three_courses.php')
 3 SYSTEMPATH\View\View.php(231): CodeIgniter\View\View->CodeIgniter\View\{closure}()
 4 SYSTEMPATH\View\View.php(469): CodeIgniter\View\View->render('include/homepage_tab_three_courses', null, true)
 5 APPPATH\Views\homepageView.php(25): CodeIgniter\View\View->include('include/homepage_tab_three_courses')
 6 SYSTEMPATH\View\View.php(228): include('D:\\laragon\\www\\SchoolingTime\\app\\Views\\homepageView.php')
 7 SYSTEMPATH\View\View.php(231): CodeIgniter\View\View->CodeIgniter\View\{closure}()
 8 SYSTEMPATH\Common.php(1190): CodeIgniter\View\View->render('homepageView', [], true)
 9 APPPATH\Controllers\HomepageController.php(14): view('homepageView')
10 SYSTEMPATH\CodeIgniter.php(942): App\Controllers\HomepageController->index()
11 SYSTEMPATH\CodeIgniter.php(502): CodeIgniter\CodeIgniter->runController(Object(App\Controllers\HomepageController))
12 SYSTEMPATH\CodeIgniter.php(361): CodeIgniter\CodeIgniter->handleRequest(null, Object(Config\Cache), false)
13 FCPATH\index.php(79): CodeIgniter\CodeIgniter->run()
INFO - 2024-02-26 10:12:56 --> Session: Class initialized using 'CodeIgniter\Session\Handlers\FileHandler' driver.
INFO - 2024-02-26 10:13:03 --> Session: Class initialized using 'CodeIgniter\Session\Handlers\FileHandler' driver.
CRITICAL - 2024-02-26 10:13:03 --> Undefined property: stdClass::$course_schedule
in APPPATH\Views\student\CourseDetailsView.php on line 65.
 1 APPPATH\Views\student\CourseDetailsView.php(65): CodeIgniter\Debug\Exceptions->errorHandler(2, 'Undefined property: stdClass::$course_schedule', 'D:\\laragon\\www\\SchoolingTime\\app\\Views\\student\\CourseDetailsView.php', 65)
 2 SYSTEMPATH\View\View.php(228): include('D:\\laragon\\www\\SchoolingTime\\app\\Views\\student\\CourseDetailsView.php')
 3 SYSTEMPATH\View\View.php(231): CodeIgniter\View\View->CodeIgniter\View\{closure}()
 4 SYSTEMPATH\Common.php(1190): CodeIgniter\View\View->render('student/CourseDetailsView', [], true)
 5 APPPATH\Controllers\HomepageController.php(47): view('student/CourseDetailsView', [...])
 6 SYSTEMPATH\CodeIgniter.php(942): App\Controllers\HomepageController->Course_details_view()
 7 SYSTEMPATH\CodeIgniter.php(502): CodeIgniter\CodeIgniter->runController(Object(App\Controllers\HomepageController))
 8 SYSTEMPATH\CodeIgniter.php(361): CodeIgniter\CodeIgniter->handleRequest(null, Object(Config\Cache), false)
 9 FCPATH\index.php(79): CodeIgniter\CodeIgniter->run()
INFO - 2024-02-26 10:13:53 --> Session: Class initialized using 'CodeIgniter\Session\Handlers\FileHandler' driver.
INFO - 2024-02-26 10:15:29 --> Session: Class initialized using 'CodeIgniter\Session\Handlers\FileHandler' driver.
INFO - 2024-02-26 10:15:29 --> Session: Class initialized using 'CodeIgniter\Session\Handlers\FileHandler' driver.
INFO - 2024-02-26 10:15:32 --> Session: Class initialized using 'CodeIgniter\Session\Handlers\FileHandler' driver.
INFO - 2024-02-26 10:15:38 --> Session: Class initialized using 'CodeIgniter\Session\Handlers\FileHandler' driver.
ERROR - 2024-02-26 10:15:38 --> mysqli_sql_exception: Unknown column 'teacher_course.course_duration' in 'field list' in D:\laragon\www\SchoolingTime\vendor\codeigniter4\framework\system\Database\MySQLi\Connection.php:306
Stack trace:
#0 D:\laragon\www\SchoolingTime\vendor\codeigniter4\framework\system\Database\MySQLi\Connection.php(306): mysqli->query('SELECT teacher_...', 0)
#1 D:\laragon\www\SchoolingTime\vendor\codeigniter4\framework\system\Database\BaseConnection.php(693): CodeIgniter\Database\MySQLi\Connection->execute('SELECT teacher_...')
#2 D:\laragon\www\SchoolingTime\vendor\codeigniter4\framework\system\Database\BaseConnection.php(607): CodeIgniter\Database\BaseConnection->simpleQuery('SELECT teacher_...')
#3 D:\laragon\www\SchoolingTime\app\Views\include\Online_Video_Course_ReadMore.php(21): CodeIgniter\Database\BaseConnection->query('SELECT teacher_...')
#4 D:\laragon\www\SchoolingTime\vendor\codeigniter4\framework\system\View\View.php(228): include('D:\\laragon\\www\\...')
#5 D:\laragon\www\SchoolingTime\vendor\codeigniter4\framework\system\View\View.php(231): CodeIgniter\View\View->CodeIgniter\View\{closure}()
#6 D:\laragon\www\SchoolingTime\vendor\codeigniter4\framework\system\Common.php(1190): CodeIgniter\View\View->render('include/Online_...', Array, true)
#7 D:\laragon\www\SchoolingTime\app\Controllers\HomepageController.php(52): view('include/Online_...')
#8 D:\laragon\www\SchoolingTime\vendor\codeigniter4\framework\system\CodeIgniter.php(942): App\Controllers\HomepageController->online_video_course_read_more_view_page()
#9 D:\laragon\www\SchoolingTime\vendor\codeigniter4\framework\system\CodeIgniter.php(502): CodeIgniter\CodeIgniter->runController(Object(App\Controllers\HomepageController))
#10 D:\laragon\www\SchoolingTime\vendor\codeigniter4\framework\system\CodeIgniter.php(361): CodeIgniter\CodeIgniter->handleRequest(NULL, Object(Config\Cache), false)
#11 D:\laragon\www\SchoolingTime\index.php(79): CodeIgniter\CodeIgniter->run()
#12 {main}
CRITICAL - 2024-02-26 10:15:38 --> Unknown column 'teacher_course.course_duration' in 'field list'
in SYSTEMPATH\Database\BaseConnection.php on line 647.
 1 APPPATH\Views\include\Online_Video_Course_ReadMore.php(21): CodeIgniter\Database\BaseConnection->query('SELECT teacher_profile.last_educational_institute, teacher_profile.teacher_edu_his,
              teacher_profile.teacher_pro_his, teacher_profile.teacher_certi_award, teacher_profile.teacher_pic,
              teacher_course.coures_title, teacher_course.course_level, teacher_course.course_duration,
              teacher_course.course_schedule,teacher_course.course_note,teacher_course.course_pic,
              teacher_course.course_teacher_id,teacher_course.course_id,
              teacher_course.course_status,teacher_course.course_type_name    
              FROM teacher_course
              LEFT JOIN teacher_profile ON teacher_profile.teacher_id = teacher_course.course_teacher_id')
 2 SYSTEMPATH\View\View.php(228): include('D:\\laragon\\www\\SchoolingTime\\app\\Views\\include\\Online_Video_Course_ReadMore.php')
 3 SYSTEMPATH\View\View.php(231): CodeIgniter\View\View->CodeIgniter\View\{closure}()
 4 SYSTEMPATH\Common.php(1190): CodeIgniter\View\View->render('include/Online_Video_Course_ReadMore', [], true)
 5 APPPATH\Controllers\HomepageController.php(52): view('include/Online_Video_Course_ReadMore')
 6 SYSTEMPATH\CodeIgniter.php(942): App\Controllers\HomepageController->online_video_course_read_more_view_page()
 7 SYSTEMPATH\CodeIgniter.php(502): CodeIgniter\CodeIgniter->runController(Object(App\Controllers\HomepageController))
 8 SYSTEMPATH\CodeIgniter.php(361): CodeIgniter\CodeIgniter->handleRequest(null, Object(Config\Cache), false)
 9 FCPATH\index.php(79): CodeIgniter\CodeIgniter->run()
INFO - 2024-02-26 10:16:30 --> Session: Class initialized using 'CodeIgniter\Session\Handlers\FileHandler' driver.
INFO - 2024-02-26 10:16:32 --> Session: Class initialized using 'CodeIgniter\Session\Handlers\FileHandler' driver.
ERROR - 2024-02-26 10:16:32 --> mysqli_sql_exception: Unknown column 'teacher_course.course_duration' in 'field list' in D:\laragon\www\SchoolingTime\vendor\codeigniter4\framework\system\Database\MySQLi\Connection.php:306
Stack trace:
#0 D:\laragon\www\SchoolingTime\vendor\codeigniter4\framework\system\Database\MySQLi\Connection.php(306): mysqli->query('SELECT teacher_...', 0)
#1 D:\laragon\www\SchoolingTime\vendor\codeigniter4\framework\system\Database\BaseConnection.php(693): CodeIgniter\Database\MySQLi\Connection->execute('SELECT teacher_...')
#2 D:\laragon\www\SchoolingTime\vendor\codeigniter4\framework\system\Database\BaseConnection.php(607): CodeIgniter\Database\BaseConnection->simpleQuery('SELECT teacher_...')
#3 D:\laragon\www\SchoolingTime\app\Views\include\Online_Note_share_ReadMore.php(26): CodeIgniter\Database\BaseConnection->query('SELECT teacher_...')
#4 D:\laragon\www\SchoolingTime\vendor\codeigniter4\framework\system\View\View.php(228): include('D:\\laragon\\www\\...')
#5 D:\laragon\www\SchoolingTime\vendor\codeigniter4\framework\system\View\View.php(231): CodeIgniter\View\View->CodeIgniter\View\{closure}()
#6 D:\laragon\www\SchoolingTime\vendor\codeigniter4\framework\system\Common.php(1190): CodeIgniter\View\View->render('include/Online_...', Array, true)
#7 D:\laragon\www\SchoolingTime\app\Controllers\HomepageController.php(61): view('include/Online_...')
#8 D:\laragon\www\SchoolingTime\vendor\codeigniter4\framework\system\CodeIgniter.php(942): App\Controllers\HomepageController->online_note_share_read_more_view_page()
#9 D:\laragon\www\SchoolingTime\vendor\codeigniter4\framework\system\CodeIgniter.php(502): CodeIgniter\CodeIgniter->runController(Object(App\Controllers\HomepageController))
#10 D:\laragon\www\SchoolingTime\vendor\codeigniter4\framework\system\CodeIgniter.php(361): CodeIgniter\CodeIgniter->handleRequest(NULL, Object(Config\Cache), false)
#11 D:\laragon\www\SchoolingTime\index.php(79): CodeIgniter\CodeIgniter->run()
#12 {main}
CRITICAL - 2024-02-26 10:16:32 --> Unknown column 'teacher_course.course_duration' in 'field list'
in SYSTEMPATH\Database\BaseConnection.php on line 647.
 1 APPPATH\Views\include\Online_Note_share_ReadMore.php(26): CodeIgniter\Database\BaseConnection->query('SELECT teacher_profile.last_educational_institute, teacher_profile.teacher_edu_his,
              teacher_profile.teacher_pro_his, teacher_profile.teacher_certi_award, teacher_profile.teacher_pic,
              teacher_course.coures_title, teacher_course.course_level, teacher_course.course_duration,
              teacher_course.course_schedule,teacher_course.course_note,teacher_course.course_pic,
              teacher_course.course_teacher_id,teacher_course.course_id,teacher_course.course_status,teacher_course.course_type_name    
              FROM teacher_course
              LEFT JOIN teacher_profile ON teacher_profile.teacher_id = teacher_course.course_teacher_id')
 2 SYSTEMPATH\View\View.php(228): include('D:\\laragon\\www\\SchoolingTime\\app\\Views\\include\\Online_Note_share_ReadMore.php')
 3 SYSTEMPATH\View\View.php(231): CodeIgniter\View\View->CodeIgniter\View\{closure}()
 4 SYSTEMPATH\Common.php(1190): CodeIgniter\View\View->render('include/Online_Note_share_ReadMore', [], true)
 5 APPPATH\Controllers\HomepageController.php(61): view('include/Online_Note_share_ReadMore')
 6 SYSTEMPATH\CodeIgniter.php(942): App\Controllers\HomepageController->online_note_share_read_more_view_page()
 7 SYSTEMPATH\CodeIgniter.php(502): CodeIgniter\CodeIgniter->runController(Object(App\Controllers\HomepageController))
 8 SYSTEMPATH\CodeIgniter.php(361): CodeIgniter\CodeIgniter->handleRequest(null, Object(Config\Cache), false)
 9 FCPATH\index.php(79): CodeIgniter\CodeIgniter->run()
INFO - 2024-02-26 10:16:35 --> Session: Class initialized using 'CodeIgniter\Session\Handlers\FileHandler' driver.
INFO - 2024-02-26 10:16:38 --> Session: Class initialized using 'CodeIgniter\Session\Handlers\FileHandler' driver.
ERROR - 2024-02-26 10:16:38 --> mysqli_sql_exception: Unknown column 'teacher_course.course_duration' in 'field list' in D:\laragon\www\SchoolingTime\vendor\codeigniter4\framework\system\Database\MySQLi\Connection.php:306
Stack trace:
#0 D:\laragon\www\SchoolingTime\vendor\codeigniter4\framework\system\Database\MySQLi\Connection.php(306): mysqli->query('SELECT teacher_...', 0)
#1 D:\laragon\www\SchoolingTime\vendor\codeigniter4\framework\system\Database\BaseConnection.php(693): CodeIgniter\Database\MySQLi\Connection->execute('SELECT teacher_...')
#2 D:\laragon\www\SchoolingTime\vendor\codeigniter4\framework\system\Database\BaseConnection.php(607): CodeIgniter\Database\BaseConnection->simpleQuery('SELECT teacher_...')
#3 D:\laragon\www\SchoolingTime\app\Views\include\Online_Coaching_ReadMore.php(34): CodeIgniter\Database\BaseConnection->query('SELECT teacher_...')
#4 D:\laragon\www\SchoolingTime\vendor\codeigniter4\framework\system\View\View.php(228): include('D:\\laragon\\www\\...')
#5 D:\laragon\www\SchoolingTime\vendor\codeigniter4\framework\system\View\View.php(231): CodeIgniter\View\View->CodeIgniter\View\{closure}()
#6 D:\laragon\www\SchoolingTime\vendor\codeigniter4\framework\system\Common.php(1190): CodeIgniter\View\View->render('include/Online_...', Array, true)
#7 D:\laragon\www\SchoolingTime\app\Controllers\HomepageController.php(56): view('include/Online_...')
#8 D:\laragon\www\SchoolingTime\vendor\codeigniter4\framework\system\CodeIgniter.php(942): App\Controllers\HomepageController->online_coaching_read_more_view_page()
#9 D:\laragon\www\SchoolingTime\vendor\codeigniter4\framework\system\CodeIgniter.php(502): CodeIgniter\CodeIgniter->runController(Object(App\Controllers\HomepageController))
#10 D:\laragon\www\SchoolingTime\vendor\codeigniter4\framework\system\CodeIgniter.php(361): CodeIgniter\CodeIgniter->handleRequest(NULL, Object(Config\Cache), false)
#11 D:\laragon\www\SchoolingTime\index.php(79): CodeIgniter\CodeIgniter->run()
#12 {main}
CRITICAL - 2024-02-26 10:16:38 --> Unknown column 'teacher_course.course_duration' in 'field list'
in SYSTEMPATH\Database\BaseConnection.php on line 647.
 1 APPPATH\Views\include\Online_Coaching_ReadMore.php(34): CodeIgniter\Database\BaseConnection->query('SELECT teacher_profile.last_educational_institute, teacher_profile.teacher_edu_his,
              teacher_profile.teacher_pro_his, teacher_profile.teacher_certi_award, teacher_profile.teacher_pic,
              teacher_course.coures_title, teacher_course.course_level, teacher_course.course_duration,
              teacher_course.course_schedule,teacher_course.course_note,teacher_course.course_pic,
              teacher_course.course_teacher_id,teacher_course.course_id, teacher_course.course_type_name ,
              teacher_course.course_status    
              FROM teacher_course
              LEFT JOIN teacher_profile ON teacher_profile.teacher_id = teacher_course.course_teacher_id')
 2 SYSTEMPATH\View\View.php(228): include('D:\\laragon\\www\\SchoolingTime\\app\\Views\\include\\Online_Coaching_ReadMore.php')
 3 SYSTEMPATH\View\View.php(231): CodeIgniter\View\View->CodeIgniter\View\{closure}()
 4 SYSTEMPATH\Common.php(1190): CodeIgniter\View\View->render('include/Online_Coaching_ReadMore', [], true)
 5 APPPATH\Controllers\HomepageController.php(56): view('include/Online_Coaching_ReadMore')
 6 SYSTEMPATH\CodeIgniter.php(942): App\Controllers\HomepageController->online_coaching_read_more_view_page()
 7 SYSTEMPATH\CodeIgniter.php(502): CodeIgniter\CodeIgniter->runController(Object(App\Controllers\HomepageController))
 8 SYSTEMPATH\CodeIgniter.php(361): CodeIgniter\CodeIgniter->handleRequest(null, Object(Config\Cache), false)
 9 FCPATH\index.php(79): CodeIgniter\CodeIgniter->run()
INFO - 2024-02-26 10:16:44 --> Session: Class initialized using 'CodeIgniter\Session\Handlers\FileHandler' driver.
INFO - 2024-02-26 10:18:38 --> Session: Class initialized using 'CodeIgniter\Session\Handlers\FileHandler' driver.
INFO - 2024-02-26 10:18:41 --> Session: Class initialized using 'CodeIgniter\Session\Handlers\FileHandler' driver.
INFO - 2024-02-26 10:18:50 --> Session: Class initialized using 'CodeIgniter\Session\Handlers\FileHandler' driver.
INFO - 2024-02-26 10:19:04 --> Session: Class initialized using 'CodeIgniter\Session\Handlers\FileHandler' driver.
INFO - 2024-02-26 10:19:04 --> Session: Class initialized using 'CodeIgniter\Session\Handlers\FileHandler' driver.
INFO - 2024-02-26 10:20:19 --> Session: Class initialized using 'CodeIgniter\Session\Handlers\FileHandler' driver.
INFO - 2024-02-26 10:20:25 --> Session: Class initialized using 'CodeIgniter\Session\Handlers\FileHandler' driver.
ERROR - 2024-02-26 10:20:25 --> mysqli_sql_exception: Unknown column 'teacher_course.course_duration' in 'field list' in D:\laragon\www\SchoolingTime\vendor\codeigniter4\framework\system\Database\MySQLi\Connection.php:306
Stack trace:
#0 D:\laragon\www\SchoolingTime\vendor\codeigniter4\framework\system\Database\MySQLi\Connection.php(306): mysqli->query('SELECT teacher_...', 0)
#1 D:\laragon\www\SchoolingTime\vendor\codeigniter4\framework\system\Database\BaseConnection.php(693): CodeIgniter\Database\MySQLi\Connection->execute('SELECT teacher_...')
#2 D:\laragon\www\SchoolingTime\vendor\codeigniter4\framework\system\Database\BaseConnection.php(607): CodeIgniter\Database\BaseConnection->simpleQuery('SELECT teacher_...')
#3 D:\laragon\www\SchoolingTime\app\Views\include\Online_Note_share_ReadMore.php(26): CodeIgniter\Database\BaseConnection->query('SELECT teacher_...')
#4 D:\laragon\www\SchoolingTime\vendor\codeigniter4\framework\system\View\View.php(228): include('D:\\laragon\\www\\...')
#5 D:\laragon\www\SchoolingTime\vendor\codeigniter4\framework\system\View\View.php(231): CodeIgniter\View\View->CodeIgniter\View\{closure}()
#6 D:\laragon\www\SchoolingTime\vendor\codeigniter4\framework\system\Common.php(1190): CodeIgniter\View\View->render('include/Online_...', Array, true)
#7 D:\laragon\www\SchoolingTime\app\Controllers\HomepageController.php(61): view('include/Online_...')
#8 D:\laragon\www\SchoolingTime\vendor\codeigniter4\framework\system\CodeIgniter.php(942): App\Controllers\HomepageController->online_note_share_read_more_view_page()
#9 D:\laragon\www\SchoolingTime\vendor\codeigniter4\framework\system\CodeIgniter.php(502): CodeIgniter\CodeIgniter->runController(Object(App\Controllers\HomepageController))
#10 D:\laragon\www\SchoolingTime\vendor\codeigniter4\framework\system\CodeIgniter.php(361): CodeIgniter\CodeIgniter->handleRequest(NULL, Object(Config\Cache), false)
#11 D:\laragon\www\SchoolingTime\index.php(79): CodeIgniter\CodeIgniter->run()
#12 {main}
CRITICAL - 2024-02-26 10:20:25 --> Unknown column 'teacher_course.course_duration' in 'field list'
in SYSTEMPATH\Database\BaseConnection.php on line 647.
 1 APPPATH\Views\include\Online_Note_share_ReadMore.php(26): CodeIgniter\Database\BaseConnection->query('SELECT teacher_profile.last_educational_institute, teacher_profile.teacher_edu_his,
              teacher_profile.teacher_pro_his, teacher_profile.teacher_certi_award, teacher_profile.teacher_pic,
              teacher_course.coures_title, teacher_course.course_level, teacher_course.course_duration,
              teacher_course.course_schedule,teacher_course.course_note,teacher_course.course_pic,
              teacher_course.course_teacher_id,teacher_course.course_id,teacher_course.course_status,teacher_course.course_type_name    
              FROM teacher_course
              LEFT JOIN teacher_profile ON teacher_profile.teacher_id = teacher_course.course_teacher_id')
 2 SYSTEMPATH\View\View.php(228): include('D:\\laragon\\www\\SchoolingTime\\app\\Views\\include\\Online_Note_share_ReadMore.php')
 3 SYSTEMPATH\View\View.php(231): CodeIgniter\View\View->CodeIgniter\View\{closure}()
 4 SYSTEMPATH\Common.php(1190): CodeIgniter\View\View->render('include/Online_Note_share_ReadMore', [], true)
 5 APPPATH\Controllers\HomepageController.php(61): view('include/Online_Note_share_ReadMore')
 6 SYSTEMPATH\CodeIgniter.php(942): App\Controllers\HomepageController->online_note_share_read_more_view_page()
 7 SYSTEMPATH\CodeIgniter.php(502): CodeIgniter\CodeIgniter->runController(Object(App\Controllers\HomepageController))
 8 SYSTEMPATH\CodeIgniter.php(361): CodeIgniter\CodeIgniter->handleRequest(null, Object(Config\Cache), false)
 9 FCPATH\index.php(79): CodeIgniter\CodeIgniter->run()
INFO - 2024-02-26 10:20:28 --> Session: Class initialized using 'CodeIgniter\Session\Handlers\FileHandler' driver.
INFO - 2024-02-26 10:21:32 --> Session: Class initialized using 'CodeIgniter\Session\Handlers\FileHandler' driver.
INFO - 2024-02-26 10:21:38 --> Session: Class initialized using 'CodeIgniter\Session\Handlers\FileHandler' driver.
INFO - 2024-02-26 10:21:43 --> Session: Class initialized using 'CodeIgniter\Session\Handlers\FileHandler' driver.
CRITICAL - 2024-02-26 10:21:43 --> Undefined property: stdClass::$course_duration
in APPPATH\Views\include\Online_Coaching_ReadMore.php on line 51.
 1 APPPATH\Views\include\Online_Coaching_ReadMore.php(51): CodeIgniter\Debug\Exceptions->errorHandler(2, 'Undefined property: stdClass::$course_duration', 'D:\\laragon\\www\\SchoolingTime\\app\\Views\\include\\Online_Coaching_ReadMore.php', 51)
 2 SYSTEMPATH\View\View.php(228): include('D:\\laragon\\www\\SchoolingTime\\app\\Views\\include\\Online_Coaching_ReadMore.php')
 3 SYSTEMPATH\View\View.php(231): CodeIgniter\View\View->CodeIgniter\View\{closure}()
 4 SYSTEMPATH\Common.php(1190): CodeIgniter\View\View->render('include/Online_Coaching_ReadMore', [], true)
 5 APPPATH\Controllers\HomepageController.php(56): view('include/Online_Coaching_ReadMore')
 6 SYSTEMPATH\CodeIgniter.php(942): App\Controllers\HomepageController->online_coaching_read_more_view_page()
 7 SYSTEMPATH\CodeIgniter.php(502): CodeIgniter\CodeIgniter->runController(Object(App\Controllers\HomepageController))
 8 SYSTEMPATH\CodeIgniter.php(361): CodeIgniter\CodeIgniter->handleRequest(null, Object(Config\Cache), false)
 9 FCPATH\index.php(79): CodeIgniter\CodeIgniter->run()
INFO - 2024-02-26 10:22:02 --> Session: Class initialized using 'CodeIgniter\Session\Handlers\FileHandler' driver.
CRITICAL - 2024-02-26 10:22:02 --> Undefined property: stdClass::$course_duration
in APPPATH\Views\include\Online_Coaching_ReadMore.php on line 51.
 1 APPPATH\Views\include\Online_Coaching_ReadMore.php(51): CodeIgniter\Debug\Exceptions->errorHandler(2, 'Undefined property: stdClass::$course_duration', 'D:\\laragon\\www\\SchoolingTime\\app\\Views\\include\\Online_Coaching_ReadMore.php', 51)
 2 SYSTEMPATH\View\View.php(228): include('D:\\laragon\\www\\SchoolingTime\\app\\Views\\include\\Online_Coaching_ReadMore.php')
 3 SYSTEMPATH\View\View.php(231): CodeIgniter\View\View->CodeIgniter\View\{closure}()
 4 SYSTEMPATH\Common.php(1190): CodeIgniter\View\View->render('include/Online_Coaching_ReadMore', [], true)
 5 APPPATH\Controllers\HomepageController.php(56): view('include/Online_Coaching_ReadMore')
 6 SYSTEMPATH\CodeIgniter.php(942): App\Controllers\HomepageController->online_coaching_read_more_view_page()
 7 SYSTEMPATH\CodeIgniter.php(502): CodeIgniter\CodeIgniter->runController(Object(App\Controllers\HomepageController))
 8 SYSTEMPATH\CodeIgniter.php(361): CodeIgniter\CodeIgniter->handleRequest(null, Object(Config\Cache), false)
 9 FCPATH\index.php(79): CodeIgniter\CodeIgniter->run()
INFO - 2024-02-26 10:22:03 --> Session: Class initialized using 'CodeIgniter\Session\Handlers\FileHandler' driver.
CRITICAL - 2024-02-26 10:22:03 --> Undefined property: stdClass::$course_duration
in APPPATH\Views\include\Online_Coaching_ReadMore.php on line 51.
 1 APPPATH\Views\include\Online_Coaching_ReadMore.php(51): CodeIgniter\Debug\Exceptions->errorHandler(2, 'Undefined property: stdClass::$course_duration', 'D:\\laragon\\www\\SchoolingTime\\app\\Views\\include\\Online_Coaching_ReadMore.php', 51)
 2 SYSTEMPATH\View\View.php(228): include('D:\\laragon\\www\\SchoolingTime\\app\\Views\\include\\Online_Coaching_ReadMore.php')
 3 SYSTEMPATH\View\View.php(231): CodeIgniter\View\View->CodeIgniter\View\{closure}()
 4 SYSTEMPATH\Common.php(1190): CodeIgniter\View\View->render('include/Online_Coaching_ReadMore', [], true)
 5 APPPATH\Controllers\HomepageController.php(56): view('include/Online_Coaching_ReadMore')
 6 SYSTEMPATH\CodeIgniter.php(942): App\Controllers\HomepageController->online_coaching_read_more_view_page()
 7 SYSTEMPATH\CodeIgniter.php(502): CodeIgniter\CodeIgniter->runController(Object(App\Controllers\HomepageController))
 8 SYSTEMPATH\CodeIgniter.php(361): CodeIgniter\CodeIgniter->handleRequest(null, Object(Config\Cache), false)
 9 FCPATH\index.php(79): CodeIgniter\CodeIgniter->run()
INFO - 2024-02-26 10:22:16 --> Session: Class initialized using 'CodeIgniter\Session\Handlers\FileHandler' driver.
INFO - 2024-02-26 10:22:22 --> Session: Class initialized using 'CodeIgniter\Session\Handlers\FileHandler' driver.
INFO - 2024-02-26 10:22:26 --> Session: Class initialized using 'CodeIgniter\Session\Handlers\FileHandler' driver.
INFO - 2024-02-26 10:22:36 --> Session: Class initialized using 'CodeIgniter\Session\Handlers\FileHandler' driver.
INFO - 2024-02-26 10:22:40 --> Session: Class initialized using 'CodeIgniter\Session\Handlers\FileHandler' driver.
INFO - 2024-02-26 10:23:08 --> Session: Class initialized using 'CodeIgniter\Session\Handlers\FileHandler' driver.
INFO - 2024-02-26 10:23:14 --> Session: Class initialized using 'CodeIgniter\Session\Handlers\FileHandler' driver.
INFO - 2024-02-26 10:23:17 --> Session: Class initialized using 'CodeIgniter\Session\Handlers\FileHandler' driver.
INFO - 2024-02-26 10:23:31 --> Session: Class initialized using 'CodeIgniter\Session\Handlers\FileHandler' driver.
INFO - 2024-02-26 10:23:34 --> Session: Class initialized using 'CodeIgniter\Session\Handlers\FileHandler' driver.
INFO - 2024-02-26 10:23:38 --> Session: Class initialized using 'CodeIgniter\Session\Handlers\FileHandler' driver.
INFO - 2024-02-26 10:23:42 --> Session: Class initialized using 'CodeIgniter\Session\Handlers\FileHandler' driver.
INFO - 2024-02-26 10:24:02 --> Session: Class initialized using 'CodeIgniter\Session\Handlers\FileHandler' driver.
INFO - 2024-02-26 10:25:20 --> Session: Class initialized using 'CodeIgniter\Session\Handlers\FileHandler' driver.
INFO - 2024-02-26 10:25:23 --> Session: Class initialized using 'CodeIgniter\Session\Handlers\FileHandler' driver.
INFO - 2024-02-26 10:25:36 --> Session: Class initialized using 'CodeIgniter\Session\Handlers\FileHandler' driver.
INFO - 2024-02-26 10:25:43 --> Session: Class initialized using 'CodeIgniter\Session\Handlers\FileHandler' driver.
INFO - 2024-02-26 10:25:46 --> Session: Class initialized using 'CodeIgniter\Session\Handlers\FileHandler' driver.
INFO - 2024-02-26 10:26:11 --> Session: Class initialized using 'CodeIgniter\Session\Handlers\FileHandler' driver.
INFO - 2024-02-26 10:26:11 --> Session: Class initialized using 'CodeIgniter\Session\Handlers\FileHandler' driver.
INFO - 2024-02-26 10:26:14 --> Session: Class initialized using 'CodeIgniter\Session\Handlers\FileHandler' driver.
INFO - 2024-02-26 10:31:28 --> Session: Class initialized using 'CodeIgniter\Session\Handlers\FileHandler' driver.
INFO - 2024-02-26 10:31:47 --> Session: Class initialized using 'CodeIgniter\Session\Handlers\FileHandler' driver.
INFO - 2024-02-26 10:31:57 --> Session: Class initialized using 'CodeIgniter\Session\Handlers\FileHandler' driver.
INFO - 2024-02-26 10:37:40 --> Session: Class initialized using 'CodeIgniter\Session\Handlers\FileHandler' driver.
INFO - 2024-02-26 10:39:54 --> Session: Class initialized using 'CodeIgniter\Session\Handlers\FileHandler' driver.
INFO - 2024-02-26 10:40:12 --> Session: Class initialized using 'CodeIgniter\Session\Handlers\FileHandler' driver.
INFO - 2024-02-26 10:40:12 --> Session: Class initialized using 'CodeIgniter\Session\Handlers\FileHandler' driver.
INFO - 2024-02-26 10:40:17 --> Session: Class initialized using 'CodeIgniter\Session\Handlers\FileHandler' driver.
INFO - 2024-02-26 10:41:26 --> Session: Class initialized using 'CodeIgniter\Session\Handlers\FileHandler' driver.
INFO - 2024-02-26 10:42:19 --> Session: Class initialized using 'CodeIgniter\Session\Handlers\FileHandler' driver.
INFO - 2024-02-26 10:42:58 --> Session: Class initialized using 'CodeIgniter\Session\Handlers\FileHandler' driver.
INFO - 2024-02-26 10:43:06 --> Session: Class initialized using 'CodeIgniter\Session\Handlers\FileHandler' driver.
INFO - 2024-02-26 10:44:39 --> Session: Class initialized using 'CodeIgniter\Session\Handlers\FileHandler' driver.
INFO - 2024-02-26 10:44:44 --> Session: Class initialized using 'CodeIgniter\Session\Handlers\FileHandler' driver.
INFO - 2024-02-26 10:45:35 --> Session: Class initialized using 'CodeIgniter\Session\Handlers\FileHandler' driver.
INFO - 2024-02-26 10:45:37 --> Session: Class initialized using 'CodeIgniter\Session\Handlers\FileHandler' driver.
INFO - 2024-02-26 10:52:04 --> Session: Class initialized using 'CodeIgniter\Session\Handlers\FileHandler' driver.
INFO - 2024-02-26 10:53:01 --> Session: Class initialized using 'CodeIgniter\Session\Handlers\FileHandler' driver.
INFO - 2024-02-26 10:53:02 --> Session: Class initialized using 'CodeIgniter\Session\Handlers\FileHandler' driver.
INFO - 2024-02-26 10:53:49 --> Session: Class initialized using 'CodeIgniter\Session\Handlers\FileHandler' driver.
INFO - 2024-02-26 10:54:00 --> Session: Class initialized using 'CodeIgniter\Session\Handlers\FileHandler' driver.
INFO - 2024-02-26 10:54:04 --> Session: Class initialized using 'CodeIgniter\Session\Handlers\FileHandler' driver.
CRITICAL - 2024-02-26 10:54:04 --> Undefined property: stdClass::$course_start_date
in APPPATH\Views\student\CourseDetailsView.php on line 62.
 1 APPPATH\Views\student\CourseDetailsView.php(62): CodeIgniter\Debug\Exceptions->errorHandler(2, 'Undefined property: stdClass::$course_start_date', 'D:\\laragon\\www\\SchoolingTime\\app\\Views\\student\\CourseDetailsView.php', 62)
 2 SYSTEMPATH\View\View.php(228): include('D:\\laragon\\www\\SchoolingTime\\app\\Views\\student\\CourseDetailsView.php')
 3 SYSTEMPATH\View\View.php(231): CodeIgniter\View\View->CodeIgniter\View\{closure}()
 4 SYSTEMPATH\Common.php(1190): CodeIgniter\View\View->render('student/CourseDetailsView', [], true)
 5 APPPATH\Controllers\HomepageController.php(47): view('student/CourseDetailsView', [...])
 6 SYSTEMPATH\CodeIgniter.php(942): App\Controllers\HomepageController->Course_details_view()
 7 SYSTEMPATH\CodeIgniter.php(502): CodeIgniter\CodeIgniter->runController(Object(App\Controllers\HomepageController))
 8 SYSTEMPATH\CodeIgniter.php(361): CodeIgniter\CodeIgniter->handleRequest(null, Object(Config\Cache), false)
 9 FCPATH\index.php(79): CodeIgniter\CodeIgniter->run()
INFO - 2024-02-26 10:56:35 --> Session: Class initialized using 'CodeIgniter\Session\Handlers\FileHandler' driver.
CRITICAL - 2024-02-26 10:56:35 --> Undefined variable $course_start_date
in APPPATH\Views\student\CourseDetailsView.php on line 97.
 1 APPPATH\Views\student\CourseDetailsView.php(97): CodeIgniter\Debug\Exceptions->errorHandler(2, 'Undefined variable $course_start_date', 'D:\\laragon\\www\\SchoolingTime\\app\\Views\\student\\CourseDetailsView.php', 97)
 2 SYSTEMPATH\View\View.php(228): include('D:\\laragon\\www\\SchoolingTime\\app\\Views\\student\\CourseDetailsView.php')
 3 SYSTEMPATH\View\View.php(231): CodeIgniter\View\View->CodeIgniter\View\{closure}()
 4 SYSTEMPATH\Common.php(1190): CodeIgniter\View\View->render('student/CourseDetailsView', [], true)
 5 APPPATH\Controllers\HomepageController.php(47): view('student/CourseDetailsView', [...])
 6 SYSTEMPATH\CodeIgniter.php(942): App\Controllers\HomepageController->Course_details_view()
 7 SYSTEMPATH\CodeIgniter.php(502): CodeIgniter\CodeIgniter->runController(Object(App\Controllers\HomepageController))
 8 SYSTEMPATH\CodeIgniter.php(361): CodeIgniter\CodeIgniter->handleRequest(null, Object(Config\Cache), false)
 9 FCPATH\index.php(79): CodeIgniter\CodeIgniter->run()
INFO - 2024-02-26 10:57:03 --> Session: Class initialized using 'CodeIgniter\Session\Handlers\FileHandler' driver.
INFO - 2024-02-26 10:57:15 --> Session: Class initialized using 'CodeIgniter\Session\Handlers\FileHandler' driver.
INFO - 2024-02-26 10:57:19 --> Session: Class initialized using 'CodeIgniter\Session\Handlers\FileHandler' driver.
INFO - 2024-02-26 10:57:22 --> Session: Class initialized using 'CodeIgniter\Session\Handlers\FileHandler' driver.
INFO - 2024-02-26 10:57:48 --> Session: Class initialized using 'CodeIgniter\Session\Handlers\FileHandler' driver.
INFO - 2024-02-26 10:57:51 --> Session: Class initialized using 'CodeIgniter\Session\Handlers\FileHandler' driver.
INFO - 2024-02-26 10:58:08 --> Session: Class initialized using 'CodeIgniter\Session\Handlers\FileHandler' driver.
INFO - 2024-02-26 10:58:10 --> Session: Class initialized using 'CodeIgniter\Session\Handlers\FileHandler' driver.
INFO - 2024-02-26 12:26:45 --> Session: Class initialized using 'CodeIgniter\Session\Handlers\FileHandler' driver.
INFO - 2024-02-26 12:27:00 --> Session: Class initialized using 'CodeIgniter\Session\Handlers\FileHandler' driver.
INFO - 2024-02-26 12:27:44 --> Session: Class initialized using 'CodeIgniter\Session\Handlers\FileHandler' driver.
INFO - 2024-02-26 12:28:31 --> Session: Class initialized using 'CodeIgniter\Session\Handlers\FileHandler' driver.
INFO - 2024-02-26 12:28:36 --> Session: Class initialized using 'CodeIgniter\Session\Handlers\FileHandler' driver.
INFO - 2024-02-26 12:28:54 --> Session: Class initialized using 'CodeIgniter\Session\Handlers\FileHandler' driver.
INFO - 2024-02-26 12:28:54 --> Session: Class initialized using 'CodeIgniter\Session\Handlers\FileHandler' driver.
INFO - 2024-02-26 12:29:07 --> Session: Class initialized using 'CodeIgniter\Session\Handlers\FileHandler' driver.
INFO - 2024-02-26 12:29:35 --> Session: Class initialized using 'CodeIgniter\Session\Handlers\FileHandler' driver.
INFO - 2024-02-26 12:30:02 --> Session: Class initialized using 'CodeIgniter\Session\Handlers\FileHandler' driver.
INFO - 2024-02-26 12:30:09 --> Session: Class initialized using 'CodeIgniter\Session\Handlers\FileHandler' driver.
INFO - 2024-02-26 12:30:12 --> Session: Class initialized using 'CodeIgniter\Session\Handlers\FileHandler' driver.
INFO - 2024-02-26 12:30:12 --> Session: Class initialized using 'CodeIgniter\Session\Handlers\FileHandler' driver.
INFO - 2024-02-26 12:30:20 --> Session: Class initialized using 'CodeIgniter\Session\Handlers\FileHandler' driver.
INFO - 2024-02-26 12:30:21 --> Session: Class initialized using 'CodeIgniter\Session\Handlers\FileHandler' driver.
INFO - 2024-02-26 12:30:32 --> Session: Class initialized using 'CodeIgniter\Session\Handlers\FileHandler' driver.
INFO - 2024-02-26 12:30:33 --> Session: Class initialized using 'CodeIgniter\Session\Handlers\FileHandler' driver.
INFO - 2024-02-26 12:30:37 --> Session: Class initialized using 'CodeIgniter\Session\Handlers\FileHandler' driver.
ERROR - 2024-02-26 12:30:37 --> mysqli_sql_exception: Unknown column 'teacher_course.course_duration' in 'field list' in D:\laragon\www\SchoolingTime\vendor\codeigniter4\framework\system\Database\MySQLi\Connection.php:306
Stack trace:
#0 D:\laragon\www\SchoolingTime\vendor\codeigniter4\framework\system\Database\MySQLi\Connection.php(306): mysqli->query('SELECT teacher_...', 0)
#1 D:\laragon\www\SchoolingTime\vendor\codeigniter4\framework\system\Database\BaseConnection.php(693): CodeIgniter\Database\MySQLi\Connection->execute('SELECT teacher_...')
#2 D:\laragon\www\SchoolingTime\vendor\codeigniter4\framework\system\Database\BaseConnection.php(607): CodeIgniter\Database\BaseConnection->simpleQuery('SELECT teacher_...')
#3 D:\laragon\www\SchoolingTime\app\Views\student\SelectCourseByStudentView.php(25): CodeIgniter\Database\BaseConnection->query('SELECT teacher_...')
#4 D:\laragon\www\SchoolingTime\vendor\codeigniter4\framework\system\View\View.php(228): include('D:\\laragon\\www\\...')
#5 D:\laragon\www\SchoolingTime\vendor\codeigniter4\framework\system\View\View.php(231): CodeIgniter\View\View->CodeIgniter\View\{closure}()
#6 D:\laragon\www\SchoolingTime\vendor\codeigniter4\framework\system\Common.php(1190): CodeIgniter\View\View->render('student/SelectC...', Array, true)
#7 D:\laragon\www\SchoolingTime\app\Controllers\StudentDashboardController.php(47): view('student/SelectC...')
#8 D:\laragon\www\SchoolingTime\vendor\codeigniter4\framework\system\CodeIgniter.php(942): App\Controllers\StudentDashboardController->tutorView()
#9 D:\laragon\www\SchoolingTime\vendor\codeigniter4\framework\system\CodeIgniter.php(502): CodeIgniter\CodeIgniter->runController(Object(App\Controllers\StudentDashboardController))
#10 D:\laragon\www\SchoolingTime\vendor\codeigniter4\framework\system\CodeIgniter.php(361): CodeIgniter\CodeIgniter->handleRequest(NULL, Object(Config\Cache), false)
#11 D:\laragon\www\SchoolingTime\index.php(79): CodeIgniter\CodeIgniter->run()
#12 {main}
CRITICAL - 2024-02-26 12:30:37 --> Unknown column 'teacher_course.course_duration' in 'field list'
in SYSTEMPATH\Database\BaseConnection.php on line 647.
 1 APPPATH\Views\student\SelectCourseByStudentView.php(25): CodeIgniter\Database\BaseConnection->query('SELECT teacher_profile.last_educational_institute, teacher_profile.teacher_edu_his,
                        teacher_profile.teacher_pro_his, teacher_profile.teacher_certi_award, teacher_profile.teacher_pic,
                        teacher_course.coures_title, teacher_course.course_level, teacher_course.course_duration,
                        teacher_course.course_schedule,teacher_course.course_note,teacher_course.course_pic,
                        teacher_course.course_teacher_id, teacher_course.course_id, teacher_course.course_status,
                        teacher_registration.teacher_name    
                        FROM (teacher_course
                        LEFT JOIN teacher_profile ON teacher_profile.teacher_id = teacher_course.course_teacher_id)
                        LEFT JOIN teacher_registration
                        ON teacher_registration.teacher_id = teacher_course.course_teacher_id')
 2 SYSTEMPATH\View\View.php(228): include('D:\\laragon\\www\\SchoolingTime\\app\\Views\\student\\SelectCourseByStudentView.php')
 3 SYSTEMPATH\View\View.php(231): CodeIgniter\View\View->CodeIgniter\View\{closure}()
 4 SYSTEMPATH\Common.php(1190): CodeIgniter\View\View->render('student/SelectCourseByStudentView', [], true)
 5 APPPATH\Controllers\StudentDashboardController.php(47): view('student/SelectCourseByStudentView')
 6 SYSTEMPATH\CodeIgniter.php(942): App\Controllers\StudentDashboardController->tutorView()
 7 SYSTEMPATH\CodeIgniter.php(502): CodeIgniter\CodeIgniter->runController(Object(App\Controllers\StudentDashboardController))
 8 SYSTEMPATH\CodeIgniter.php(361): CodeIgniter\CodeIgniter->handleRequest(null, Object(Config\Cache), false)
 9 FCPATH\index.php(79): CodeIgniter\CodeIgniter->run()
INFO - 2024-02-26 12:33:05 --> Session: Class initialized using 'CodeIgniter\Session\Handlers\FileHandler' driver.
CRITICAL - 2024-02-26 12:33:05 --> Undefined property: stdClass::$course_duration
in APPPATH\Views\student\SelectCourseByStudentView.php on line 54.
 1 APPPATH\Views\student\SelectCourseByStudentView.php(54): CodeIgniter\Debug\Exceptions->errorHandler(2, 'Undefined property: stdClass::$course_duration', 'D:\\laragon\\www\\SchoolingTime\\app\\Views\\student\\SelectCourseByStudentView.php', 54)
 2 SYSTEMPATH\View\View.php(228): include('D:\\laragon\\www\\SchoolingTime\\app\\Views\\student\\SelectCourseByStudentView.php')
 3 SYSTEMPATH\View\View.php(231): CodeIgniter\View\View->CodeIgniter\View\{closure}()
 4 SYSTEMPATH\Common.php(1190): CodeIgniter\View\View->render('student/SelectCourseByStudentView', [], true)
 5 APPPATH\Controllers\StudentDashboardController.php(47): view('student/SelectCourseByStudentView')
 6 SYSTEMPATH\CodeIgniter.php(942): App\Controllers\StudentDashboardController->tutorView()
 7 SYSTEMPATH\CodeIgniter.php(502): CodeIgniter\CodeIgniter->runController(Object(App\Controllers\StudentDashboardController))
 8 SYSTEMPATH\CodeIgniter.php(361): CodeIgniter\CodeIgniter->handleRequest(null, Object(Config\Cache), false)
 9 FCPATH\index.php(79): CodeIgniter\CodeIgniter->run()
INFO - 2024-02-26 12:33:30 --> Session: Class initialized using 'CodeIgniter\Session\Handlers\FileHandler' driver.
INFO - 2024-02-26 12:33:49 --> Session: Class initialized using 'CodeIgniter\Session\Handlers\FileHandler' driver.
CRITICAL - 2024-02-26 12:33:49 --> Undefined variable $course_title
in APPPATH\Views\student\CourseDetailsView.php on line 76.
 1 APPPATH\Views\student\CourseDetailsView.php(76): CodeIgniter\Debug\Exceptions->errorHandler(2, 'Undefined variable $course_title', 'D:\\laragon\\www\\SchoolingTime\\app\\Views\\student\\CourseDetailsView.php', 76)
 2 SYSTEMPATH\View\View.php(228): include('D:\\laragon\\www\\SchoolingTime\\app\\Views\\student\\CourseDetailsView.php')
 3 SYSTEMPATH\View\View.php(231): CodeIgniter\View\View->CodeIgniter\View\{closure}()
 4 SYSTEMPATH\Common.php(1190): CodeIgniter\View\View->render('student/CourseDetailsView', [], true)
 5 APPPATH\Controllers\StudentDashboardController.php(64): view('student/CourseDetailsView', [...])
 6 SYSTEMPATH\CodeIgniter.php(942): App\Controllers\StudentDashboardController->CourseDetailsView()
 7 SYSTEMPATH\CodeIgniter.php(502): CodeIgniter\CodeIgniter->runController(Object(App\Controllers\StudentDashboardController))
 8 SYSTEMPATH\CodeIgniter.php(361): CodeIgniter\CodeIgniter->handleRequest(null, Object(Config\Cache), false)
 9 FCPATH\index.php(79): CodeIgniter\CodeIgniter->run()
INFO - 2024-02-26 12:35:29 --> Session: Class initialized using 'CodeIgniter\Session\Handlers\FileHandler' driver.
CRITICAL - 2024-02-26 12:35:29 --> Undefined variable $course_note
in APPPATH\Views\student\CourseDetailsView.php on line 89.
 1 APPPATH\Views\student\CourseDetailsView.php(89): CodeIgniter\Debug\Exceptions->errorHandler(2, 'Undefined variable $course_note', 'D:\\laragon\\www\\SchoolingTime\\app\\Views\\student\\CourseDetailsView.php', 89)
 2 SYSTEMPATH\View\View.php(228): include('D:\\laragon\\www\\SchoolingTime\\app\\Views\\student\\CourseDetailsView.php')
 3 SYSTEMPATH\View\View.php(231): CodeIgniter\View\View->CodeIgniter\View\{closure}()
 4 SYSTEMPATH\Common.php(1190): CodeIgniter\View\View->render('student/CourseDetailsView', [], true)
 5 APPPATH\Controllers\StudentDashboardController.php(64): view('student/CourseDetailsView', [...])
 6 SYSTEMPATH\CodeIgniter.php(942): App\Controllers\StudentDashboardController->CourseDetailsView()
 7 SYSTEMPATH\CodeIgniter.php(502): CodeIgniter\CodeIgniter->runController(Object(App\Controllers\StudentDashboardController))
 8 SYSTEMPATH\CodeIgniter.php(361): CodeIgniter\CodeIgniter->handleRequest(null, Object(Config\Cache), false)
 9 FCPATH\index.php(79): CodeIgniter\CodeIgniter->run()
INFO - 2024-02-26 12:41:26 --> Session: Class initialized using 'CodeIgniter\Session\Handlers\FileHandler' driver.
INFO - 2024-02-26 12:41:31 --> Session: Class initialized using 'CodeIgniter\Session\Handlers\FileHandler' driver.
CRITICAL - 2024-02-26 12:41:31 --> Undefined variable $course_note
in APPPATH\Views\student\CourseDetailsView.php on line 89.
 1 APPPATH\Views\student\CourseDetailsView.php(89): CodeIgniter\Debug\Exceptions->errorHandler(2, 'Undefined variable $course_note', 'D:\\laragon\\www\\SchoolingTime\\app\\Views\\student\\CourseDetailsView.php', 89)
 2 SYSTEMPATH\View\View.php(228): include('D:\\laragon\\www\\SchoolingTime\\app\\Views\\student\\CourseDetailsView.php')
 3 SYSTEMPATH\View\View.php(231): CodeIgniter\View\View->CodeIgniter\View\{closure}()
 4 SYSTEMPATH\Common.php(1190): CodeIgniter\View\View->render('student/CourseDetailsView', [], true)
 5 APPPATH\Controllers\StudentDashboardController.php(64): view('student/CourseDetailsView', [...])
 6 SYSTEMPATH\CodeIgniter.php(942): App\Controllers\StudentDashboardController->CourseDetailsView()
 7 SYSTEMPATH\CodeIgniter.php(502): CodeIgniter\CodeIgniter->runController(Object(App\Controllers\StudentDashboardController))
 8 SYSTEMPATH\CodeIgniter.php(361): CodeIgniter\CodeIgniter->handleRequest(null, Object(Config\Cache), false)
 9 FCPATH\index.php(79): CodeIgniter\CodeIgniter->run()
INFO - 2024-02-26 12:41:35 --> Session: Class initialized using 'CodeIgniter\Session\Handlers\FileHandler' driver.
INFO - 2024-02-26 12:41:45 --> Session: Class initialized using 'CodeIgniter\Session\Handlers\FileHandler' driver.
CRITICAL - 2024-02-26 12:41:45 --> Undefined variable $course_note
in APPPATH\Views\student\CourseDetailsView.php on line 89.
 1 APPPATH\Views\student\CourseDetailsView.php(89): CodeIgniter\Debug\Exceptions->errorHandler(2, 'Undefined variable $course_note', 'D:\\laragon\\www\\SchoolingTime\\app\\Views\\student\\CourseDetailsView.php', 89)
 2 SYSTEMPATH\View\View.php(228): include('D:\\laragon\\www\\SchoolingTime\\app\\Views\\student\\CourseDetailsView.php')
 3 SYSTEMPATH\View\View.php(231): CodeIgniter\View\View->CodeIgniter\View\{closure}()
 4 SYSTEMPATH\Common.php(1190): CodeIgniter\View\View->render('student/CourseDetailsView', [], true)
 5 APPPATH\Controllers\StudentDashboardController.php(64): view('student/CourseDetailsView', [...])
 6 SYSTEMPATH\CodeIgniter.php(942): App\Controllers\StudentDashboardController->CourseDetailsView()
 7 SYSTEMPATH\CodeIgniter.php(502): CodeIgniter\CodeIgniter->runController(Object(App\Controllers\StudentDashboardController))
 8 SYSTEMPATH\CodeIgniter.php(361): CodeIgniter\CodeIgniter->handleRequest(null, Object(Config\Cache), false)
 9 FCPATH\index.php(79): CodeIgniter\CodeIgniter->run()
INFO - 2024-02-26 12:41:47 --> Session: Class initialized using 'CodeIgniter\Session\Handlers\FileHandler' driver.
INFO - 2024-02-26 12:42:15 --> Session: Class initialized using 'CodeIgniter\Session\Handlers\FileHandler' driver.
INFO - 2024-02-26 12:48:34 --> Session: Class initialized using 'CodeIgniter\Session\Handlers\FileHandler' driver.
INFO - 2024-02-26 12:48:34 --> Session: Class initialized using 'CodeIgniter\Session\Handlers\FileHandler' driver.
INFO - 2024-02-26 12:48:37 --> Session: Class initialized using 'CodeIgniter\Session\Handlers\FileHandler' driver.
INFO - 2024-02-26 12:48:42 --> Session: Class initialized using 'CodeIgniter\Session\Handlers\FileHandler' driver.
INFO - 2024-02-26 12:51:01 --> Session: Class initialized using 'CodeIgniter\Session\Handlers\FileHandler' driver.
INFO - 2024-02-26 12:51:06 --> Session: Class initialized using 'CodeIgniter\Session\Handlers\FileHandler' driver.
INFO - 2024-02-26 12:53:02 --> Session: Class initialized using 'CodeIgniter\Session\Handlers\FileHandler' driver.
INFO - 2024-02-26 12:53:03 --> Session: Class initialized using 'CodeIgniter\Session\Handlers\FileHandler' driver.
INFO - 2024-02-26 12:53:08 --> Session: Class initialized using 'CodeIgniter\Session\Handlers\FileHandler' driver.
INFO - 2024-02-26 12:53:36 --> Session: Class initialized using 'CodeIgniter\Session\Handlers\FileHandler' driver.
CRITICAL - 2024-02-26 12:53:36 --> Undefined array key 1
in APPPATH\Controllers\StudentloginController.php on line 44.
 1 APPPATH\Controllers\StudentloginController.php(44): CodeIgniter\Debug\Exceptions->errorHandler(2, 'Undefined array key 1', 'D:\\laragon\\www\\SchoolingTime\\app\\Controllers\\StudentloginController.php', 44)
 2 SYSTEMPATH\CodeIgniter.php(942): App\Controllers\StudentloginController->student_login_check_view()
 3 SYSTEMPATH\CodeIgniter.php(502): CodeIgniter\CodeIgniter->runController(Object(App\Controllers\StudentloginController))
 4 SYSTEMPATH\CodeIgniter.php(361): CodeIgniter\CodeIgniter->handleRequest(null, Object(Config\Cache), false)
 5 FCPATH\index.php(79): CodeIgniter\CodeIgniter->run()
INFO - 2024-02-26 12:54:52 --> Session: Class initialized using 'CodeIgniter\Session\Handlers\FileHandler' driver.
INFO - 2024-02-26 12:54:55 --> Session: Class initialized using 'CodeIgniter\Session\Handlers\FileHandler' driver.
INFO - 2024-02-26 12:54:57 --> Session: Class initialized using 'CodeIgniter\Session\Handlers\FileHandler' driver.
INFO - 2024-02-26 12:54:58 --> Session: Class initialized using 'CodeIgniter\Session\Handlers\FileHandler' driver.
INFO - 2024-02-26 12:55:00 --> Session: Class initialized using 'CodeIgniter\Session\Handlers\FileHandler' driver.
INFO - 2024-02-26 12:55:07 --> Session: Class initialized using 'CodeIgniter\Session\Handlers\FileHandler' driver.
INFO - 2024-02-26 12:55:10 --> Session: Class initialized using 'CodeIgniter\Session\Handlers\FileHandler' driver.
INFO - 2024-02-26 12:56:18 --> Session: Class initialized using 'CodeIgniter\Session\Handlers\FileHandler' driver.
INFO - 2024-02-26 12:56:21 --> Session: Class initialized using 'CodeIgniter\Session\Handlers\FileHandler' driver.
INFO - 2024-02-26 12:56:25 --> Session: Class initialized using 'CodeIgniter\Session\Handlers\FileHandler' driver.
INFO - 2024-02-26 12:56:26 --> Session: Class initialized using 'CodeIgniter\Session\Handlers\FileHandler' driver.
INFO - 2024-02-26 12:56:28 --> Session: Class initialized using 'CodeIgniter\Session\Handlers\FileHandler' driver.
INFO - 2024-02-26 12:56:39 --> Session: Class initialized using 'CodeIgniter\Session\Handlers\FileHandler' driver.
CRITICAL - 2024-02-26 12:56:39 --> Undefined array key 1
in APPPATH\Controllers\StudentloginController.php on line 44.
 1 APPPATH\Controllers\StudentloginController.php(44): CodeIgniter\Debug\Exceptions->errorHandler(2, 'Undefined array key 1', 'D:\\laragon\\www\\SchoolingTime\\app\\Controllers\\StudentloginController.php', 44)
 2 SYSTEMPATH\CodeIgniter.php(942): App\Controllers\StudentloginController->student_login_check_view()
 3 SYSTEMPATH\CodeIgniter.php(502): CodeIgniter\CodeIgniter->runController(Object(App\Controllers\StudentloginController))
 4 SYSTEMPATH\CodeIgniter.php(361): CodeIgniter\CodeIgniter->handleRequest(null, Object(Config\Cache), false)
 5 FCPATH\index.php(79): CodeIgniter\CodeIgniter->run()
INFO - 2024-02-26 12:57:22 --> Session: Class initialized using 'CodeIgniter\Session\Handlers\FileHandler' driver.
CRITICAL - 2024-02-26 12:57:22 --> Undefined array key 1
in APPPATH\Controllers\StudentloginController.php on line 44.
 1 APPPATH\Controllers\StudentloginController.php(44): CodeIgniter\Debug\Exceptions->errorHandler(2, 'Undefined array key 1', 'D:\\laragon\\www\\SchoolingTime\\app\\Controllers\\StudentloginController.php', 44)
 2 SYSTEMPATH\CodeIgniter.php(942): App\Controllers\StudentloginController->student_login_check_view()
 3 SYSTEMPATH\CodeIgniter.php(502): CodeIgniter\CodeIgniter->runController(Object(App\Controllers\StudentloginController))
 4 SYSTEMPATH\CodeIgniter.php(361): CodeIgniter\CodeIgniter->handleRequest(null, Object(Config\Cache), false)
 5 FCPATH\index.php(79): CodeIgniter\CodeIgniter->run()
INFO - 2024-02-26 12:57:24 --> Session: Class initialized using 'CodeIgniter\Session\Handlers\FileHandler' driver.
INFO - 2024-02-26 12:57:27 --> Session: Class initialized using 'CodeIgniter\Session\Handlers\FileHandler' driver.
INFO - 2024-02-26 12:57:38 --> Session: Class initialized using 'CodeIgniter\Session\Handlers\FileHandler' driver.
INFO - 2024-02-26 12:57:49 --> Session: Class initialized using 'CodeIgniter\Session\Handlers\FileHandler' driver.
INFO - 2024-02-26 12:57:53 --> Session: Class initialized using 'CodeIgniter\Session\Handlers\FileHandler' driver.
INFO - 2024-02-26 12:57:56 --> Session: Class initialized using 'CodeIgniter\Session\Handlers\FileHandler' driver.
INFO - 2024-02-26 12:58:15 --> Session: Class initialized using 'CodeIgniter\Session\Handlers\FileHandler' driver.
INFO - 2024-02-26 12:58:43 --> Session: Class initialized using 'CodeIgniter\Session\Handlers\FileHandler' driver.
INFO - 2024-02-26 12:58:55 --> Session: Class initialized using 'CodeIgniter\Session\Handlers\FileHandler' driver.
INFO - 2024-02-26 12:58:58 --> Session: Class initialized using 'CodeIgniter\Session\Handlers\FileHandler' driver.
INFO - 2024-02-26 12:59:52 --> Session: Class initialized using 'CodeIgniter\Session\Handlers\FileHandler' driver.
INFO - 2024-02-26 13:03:54 --> Session: Class initialized using 'CodeIgniter\Session\Handlers\FileHandler' driver.
INFO - 2024-02-26 13:03:57 --> Session: Class initialized using 'CodeIgniter\Session\Handlers\FileHandler' driver.
INFO - 2024-02-26 13:04:00 --> Session: Class initialized using 'CodeIgniter\Session\Handlers\FileHandler' driver.
INFO - 2024-02-26 13:04:04 --> Session: Class initialized using 'CodeIgniter\Session\Handlers\FileHandler' driver.
INFO - 2024-02-26 13:04:21 --> Session: Class initialized using 'CodeIgniter\Session\Handlers\FileHandler' driver.
INFO - 2024-02-26 13:04:24 --> Session: Class initialized using 'CodeIgniter\Session\Handlers\FileHandler' driver.
INFO - 2024-02-26 13:04:27 --> Session: Class initialized using 'CodeIgniter\Session\Handlers\FileHandler' driver.
INFO - 2024-02-26 13:04:30 --> Session: Class initialized using 'CodeIgniter\Session\Handlers\FileHandler' driver.
INFO - 2024-02-26 13:04:35 --> Session: Class initialized using 'CodeIgniter\Session\Handlers\FileHandler' driver.
INFO - 2024-02-26 13:04:38 --> Session: Class initialized using 'CodeIgniter\Session\Handlers\FileHandler' driver.
INFO - 2024-02-26 13:04:42 --> Session: Class initialized using 'CodeIgniter\Session\Handlers\FileHandler' driver.
INFO - 2024-02-26 13:04:50 --> Session: Class initialized using 'CodeIgniter\Session\Handlers\FileHandler' driver.
INFO - 2024-02-26 13:05:02 --> Session: Class initialized using 'CodeIgniter\Session\Handlers\FileHandler' driver.
INFO - 2024-02-26 13:05:04 --> Session: Class initialized using 'CodeIgniter\Session\Handlers\FileHandler' driver.
INFO - 2024-02-26 13:05:13 --> Session: Class initialized using 'CodeIgniter\Session\Handlers\FileHandler' driver.
INFO - 2024-02-26 13:05:50 --> Session: Class initialized using 'CodeIgniter\Session\Handlers\FileHandler' driver.
INFO - 2024-02-26 13:05:54 --> Session: Class initialized using 'CodeIgniter\Session\Handlers\FileHandler' driver.
INFO - 2024-02-26 13:05:55 --> Session: Class initialized using 'CodeIgniter\Session\Handlers\FileHandler' driver.
INFO - 2024-02-26 13:06:20 --> Session: Class initialized using 'CodeIgniter\Session\Handlers\FileHandler' driver.
INFO - 2024-02-26 13:06:21 --> Session: Class initialized using 'CodeIgniter\Session\Handlers\FileHandler' driver.
INFO - 2024-02-26 13:06:33 --> Session: Class initialized using 'CodeIgniter\Session\Handlers\FileHandler' driver.
INFO - 2024-02-26 13:06:34 --> Session: Class initialized using 'CodeIgniter\Session\Handlers\FileHandler' driver.
INFO - 2024-02-26 13:06:58 --> Session: Class initialized using 'CodeIgniter\Session\Handlers\FileHandler' driver.
INFO - 2024-02-26 13:06:58 --> Session: Class initialized using 'CodeIgniter\Session\Handlers\FileHandler' driver.
INFO - 2024-02-26 13:07:01 --> Session: Class initialized using 'CodeIgniter\Session\Handlers\FileHandler' driver.
INFO - 2024-02-26 13:07:02 --> Session: Class initialized using 'CodeIgniter\Session\Handlers\FileHandler' driver.
INFO - 2024-02-26 13:07:04 --> Session: Class initialized using 'CodeIgniter\Session\Handlers\FileHandler' driver.
INFO - 2024-02-26 13:07:06 --> Session: Class initialized using 'CodeIgniter\Session\Handlers\FileHandler' driver.
INFO - 2024-02-26 13:07:29 --> Session: Class initialized using 'CodeIgniter\Session\Handlers\FileHandler' driver.
CRITICAL - 2024-02-26 13:07:29 --> Undefined array key 1
in APPPATH\Controllers\StudentloginController.php on line 44.
 1 APPPATH\Controllers\StudentloginController.php(44): CodeIgniter\Debug\Exceptions->errorHandler(2, 'Undefined array key 1', 'D:\\laragon\\www\\SchoolingTime\\app\\Controllers\\StudentloginController.php', 44)
 2 SYSTEMPATH\CodeIgniter.php(942): App\Controllers\StudentloginController->student_login_check_view()
 3 SYSTEMPATH\CodeIgniter.php(502): CodeIgniter\CodeIgniter->runController(Object(App\Controllers\StudentloginController))
 4 SYSTEMPATH\CodeIgniter.php(361): CodeIgniter\CodeIgniter->handleRequest(null, Object(Config\Cache), false)
 5 FCPATH\index.php(79): CodeIgniter\CodeIgniter->run()
INFO - 2024-02-26 13:09:57 --> Session: Class initialized using 'CodeIgniter\Session\Handlers\FileHandler' driver.
INFO - 2024-02-26 13:09:57 --> Session: Class initialized using 'CodeIgniter\Session\Handlers\FileHandler' driver.
INFO - 2024-02-26 13:10:01 --> Session: Class initialized using 'CodeIgniter\Session\Handlers\FileHandler' driver.
INFO - 2024-02-26 13:10:02 --> Session: Class initialized using 'CodeIgniter\Session\Handlers\FileHandler' driver.
INFO - 2024-02-26 13:10:06 --> Session: Class initialized using 'CodeIgniter\Session\Handlers\FileHandler' driver.
INFO - 2024-02-26 13:10:09 --> Session: Class initialized using 'CodeIgniter\Session\Handlers\FileHandler' driver.
INFO - 2024-02-26 13:10:28 --> Session: Class initialized using 'CodeIgniter\Session\Handlers\FileHandler' driver.
INFO - 2024-02-26 13:10:28 --> Session: Class initialized using 'CodeIgniter\Session\Handlers\FileHandler' driver.
INFO - 2024-02-26 13:10:46 --> Session: Class initialized using 'CodeIgniter\Session\Handlers\FileHandler' driver.
INFO - 2024-02-26 13:10:49 --> Session: Class initialized using 'CodeIgniter\Session\Handlers\FileHandler' driver.
INFO - 2024-02-26 13:11:07 --> Session: Class initialized using 'CodeIgniter\Session\Handlers\FileHandler' driver.
INFO - 2024-02-26 13:11:36 --> Session: Class initialized using 'CodeIgniter\Session\Handlers\FileHandler' driver.
INFO - 2024-02-26 13:11:40 --> Session: Class initialized using 'CodeIgniter\Session\Handlers\FileHandler' driver.
INFO - 2024-02-26 13:11:46 --> Session: Class initialized using 'CodeIgniter\Session\Handlers\FileHandler' driver.
INFO - 2024-02-26 13:11:49 --> Session: Class initialized using 'CodeIgniter\Session\Handlers\FileHandler' driver.
INFO - 2024-02-26 13:11:52 --> Session: Class initialized using 'CodeIgniter\Session\Handlers\FileHandler' driver.
INFO - 2024-02-26 13:11:53 --> Session: Class initialized using 'CodeIgniter\Session\Handlers\FileHandler' driver.
INFO - 2024-02-26 13:11:57 --> Session: Class initialized using 'CodeIgniter\Session\Handlers\FileHandler' driver.
INFO - 2024-02-26 13:12:15 --> Session: Class initialized using 'CodeIgniter\Session\Handlers\FileHandler' driver.
INFO - 2024-02-26 13:13:56 --> Session: Class initialized using 'CodeIgniter\Session\Handlers\FileHandler' driver.
INFO - 2024-02-26 13:13:57 --> Session: Class initialized using 'CodeIgniter\Session\Handlers\FileHandler' driver.
INFO - 2024-02-26 13:14:01 --> Session: Class initialized using 'CodeIgniter\Session\Handlers\FileHandler' driver.
INFO - 2024-02-26 13:14:07 --> Session: Class initialized using 'CodeIgniter\Session\Handlers\FileHandler' driver.
INFO - 2024-02-26 13:14:10 --> Session: Class initialized using 'CodeIgniter\Session\Handlers\FileHandler' driver.
INFO - 2024-02-26 13:14:10 --> Session: Class initialized using 'CodeIgniter\Session\Handlers\FileHandler' driver.
INFO - 2024-02-26 13:14:27 --> Session: Class initialized using 'CodeIgniter\Session\Handlers\FileHandler' driver.
INFO - 2024-02-26 13:14:28 --> Session: Class initialized using 'CodeIgniter\Session\Handlers\FileHandler' driver.
INFO - 2024-02-26 13:15:00 --> Session: Class initialized using 'CodeIgniter\Session\Handlers\FileHandler' driver.
INFO - 2024-02-26 13:15:04 --> Session: Class initialized using 'CodeIgniter\Session\Handlers\FileHandler' driver.
INFO - 2024-02-26 13:16:18 --> Session: Class initialized using 'CodeIgniter\Session\Handlers\FileHandler' driver.
INFO - 2024-02-26 13:16:18 --> Session: Class initialized using 'CodeIgniter\Session\Handlers\FileHandler' driver.
INFO - 2024-02-26 13:16:43 --> Session: Class initialized using 'CodeIgniter\Session\Handlers\FileHandler' driver.
INFO - 2024-02-26 13:16:47 --> Session: Class initialized using 'CodeIgniter\Session\Handlers\FileHandler' driver.
INFO - 2024-02-26 13:16:47 --> Session: Class initialized using 'CodeIgniter\Session\Handlers\FileHandler' driver.
INFO - 2024-02-26 13:17:05 --> Session: Class initialized using 'CodeIgniter\Session\Handlers\FileHandler' driver.
INFO - 2024-02-26 13:17:08 --> Session: Class initialized using 'CodeIgniter\Session\Handlers\FileHandler' driver.
INFO - 2024-02-26 13:17:09 --> Session: Class initialized using 'CodeIgniter\Session\Handlers\FileHandler' driver.
INFO - 2024-02-26 13:17:25 --> Session: Class initialized using 'CodeIgniter\Session\Handlers\FileHandler' driver.
INFO - 2024-02-26 13:17:25 --> Session: Class initialized using 'CodeIgniter\Session\Handlers\FileHandler' driver.
INFO - 2024-02-26 13:17:46 --> Session: Class initialized using 'CodeIgniter\Session\Handlers\FileHandler' driver.
INFO - 2024-02-26 13:17:49 --> Session: Class initialized using 'CodeIgniter\Session\Handlers\FileHandler' driver.
INFO - 2024-02-26 13:17:56 --> Session: Class initialized using 'CodeIgniter\Session\Handlers\FileHandler' driver.
INFO - 2024-02-26 13:17:56 --> Session: Class initialized using 'CodeIgniter\Session\Handlers\FileHandler' driver.
INFO - 2024-02-26 13:18:46 --> Session: Class initialized using 'CodeIgniter\Session\Handlers\FileHandler' driver.
INFO - 2024-02-26 13:18:50 --> Session: Class initialized using 'CodeIgniter\Session\Handlers\FileHandler' driver.
INFO - 2024-02-26 13:19:05 --> Session: Class initialized using 'CodeIgniter\Session\Handlers\FileHandler' driver.
CRITICAL - 2024-02-26 13:19:05 --> Undefined array key 1
in APPPATH\Controllers\StudentloginController.php on line 44.
 1 APPPATH\Controllers\StudentloginController.php(44): CodeIgniter\Debug\Exceptions->errorHandler(2, 'Undefined array key 1', 'D:\\laragon\\www\\SchoolingTime\\app\\Controllers\\StudentloginController.php', 44)
 2 SYSTEMPATH\CodeIgniter.php(942): App\Controllers\StudentloginController->student_login_check_view()
 3 SYSTEMPATH\CodeIgniter.php(502): CodeIgniter\CodeIgniter->runController(Object(App\Controllers\StudentloginController))
 4 SYSTEMPATH\CodeIgniter.php(361): CodeIgniter\CodeIgniter->handleRequest(null, Object(Config\Cache), false)
 5 FCPATH\index.php(79): CodeIgniter\CodeIgniter->run()
INFO - 2024-02-26 13:20:15 --> Session: Class initialized using 'CodeIgniter\Session\Handlers\FileHandler' driver.
CRITICAL - 2024-02-26 13:20:15 --> Array to string conversion
in APPPATH\Controllers\StudentloginController.php on line 26.
 1 APPPATH\Controllers\StudentloginController.php(26): CodeIgniter\Debug\Exceptions->errorHandler(2, 'Array to string conversion', 'D:\\laragon\\www\\SchoolingTime\\app\\Controllers\\StudentloginController.php', 26)
 2 SYSTEMPATH\CodeIgniter.php(942): App\Controllers\StudentloginController->student_login_check_view()
 3 SYSTEMPATH\CodeIgniter.php(502): CodeIgniter\CodeIgniter->runController(Object(App\Controllers\StudentloginController))
 4 SYSTEMPATH\CodeIgniter.php(361): CodeIgniter\CodeIgniter->handleRequest(null, Object(Config\Cache), false)
 5 FCPATH\index.php(79): CodeIgniter\CodeIgniter->run()
INFO - 2024-02-26 13:20:19 --> Session: Class initialized using 'CodeIgniter\Session\Handlers\FileHandler' driver.
INFO - 2024-02-26 13:20:22 --> Session: Class initialized using 'CodeIgniter\Session\Handlers\FileHandler' driver.
INFO - 2024-02-26 13:20:23 --> Session: Class initialized using 'CodeIgniter\Session\Handlers\FileHandler' driver.
INFO - 2024-02-26 13:20:27 --> Session: Class initialized using 'CodeIgniter\Session\Handlers\FileHandler' driver.
INFO - 2024-02-26 13:20:29 --> Session: Class initialized using 'CodeIgniter\Session\Handlers\FileHandler' driver.
INFO - 2024-02-26 13:20:42 --> Session: Class initialized using 'CodeIgniter\Session\Handlers\FileHandler' driver.
CRITICAL - 2024-02-26 13:20:42 --> Array to string conversion
in APPPATH\Controllers\StudentloginController.php on line 26.
 1 APPPATH\Controllers\StudentloginController.php(26): CodeIgniter\Debug\Exceptions->errorHandler(2, 'Array to string conversion', 'D:\\laragon\\www\\SchoolingTime\\app\\Controllers\\StudentloginController.php', 26)
 2 SYSTEMPATH\CodeIgniter.php(942): App\Controllers\StudentloginController->student_login_check_view()
 3 SYSTEMPATH\CodeIgniter.php(502): CodeIgniter\CodeIgniter->runController(Object(App\Controllers\StudentloginController))
 4 SYSTEMPATH\CodeIgniter.php(361): CodeIgniter\CodeIgniter->handleRequest(null, Object(Config\Cache), false)
 5 FCPATH\index.php(79): CodeIgniter\CodeIgniter->run()
INFO - 2024-02-26 13:23:11 --> Session: Class initialized using 'CodeIgniter\Session\Handlers\FileHandler' driver.
INFO - 2024-02-26 13:24:14 --> Session: Class initialized using 'CodeIgniter\Session\Handlers\FileHandler' driver.
INFO - 2024-02-26 13:27:01 --> Session: Class initialized using 'CodeIgniter\Session\Handlers\FileHandler' driver.
CRITICAL - 2024-02-26 13:27:01 --> Undefined array key 1
in APPPATH\Controllers\StudentloginController.php on line 27.
 1 APPPATH\Controllers\StudentloginController.php(27): CodeIgniter\Debug\Exceptions->errorHandler(2, 'Undefined array key 1', 'D:\\laragon\\www\\SchoolingTime\\app\\Controllers\\StudentloginController.php', 27)
 2 SYSTEMPATH\CodeIgniter.php(942): App\Controllers\StudentloginController->student_login_check_view()
 3 SYSTEMPATH\CodeIgniter.php(502): CodeIgniter\CodeIgniter->runController(Object(App\Controllers\StudentloginController))
 4 SYSTEMPATH\CodeIgniter.php(361): CodeIgniter\CodeIgniter->handleRequest(null, Object(Config\Cache), false)
 5 FCPATH\index.php(79): CodeIgniter\CodeIgniter->run()
INFO - 2024-02-26 13:31:59 --> Session: Class initialized using 'CodeIgniter\Session\Handlers\FileHandler' driver.
INFO - 2024-02-26 13:32:02 --> Session: Class initialized using 'CodeIgniter\Session\Handlers\FileHandler' driver.
INFO - 2024-02-26 13:32:09 --> Session: Class initialized using 'CodeIgniter\Session\Handlers\FileHandler' driver.
INFO - 2024-02-26 13:32:15 --> Session: Class initialized using 'CodeIgniter\Session\Handlers\FileHandler' driver.
INFO - 2024-02-26 13:32:15 --> Session: Class initialized using 'CodeIgniter\Session\Handlers\FileHandler' driver.
INFO - 2024-02-26 13:32:29 --> Session: Class initialized using 'CodeIgniter\Session\Handlers\FileHandler' driver.
INFO - 2024-02-26 13:34:13 --> Session: Class initialized using 'CodeIgniter\Session\Handlers\FileHandler' driver.
INFO - 2024-02-26 13:34:15 --> Session: Class initialized using 'CodeIgniter\Session\Handlers\FileHandler' driver.
INFO - 2024-02-26 13:34:16 --> Session: Class initialized using 'CodeIgniter\Session\Handlers\FileHandler' driver.
INFO - 2024-02-26 13:34:19 --> Session: Class initialized using 'CodeIgniter\Session\Handlers\FileHandler' driver.
INFO - 2024-02-26 13:34:23 --> Session: Class initialized using 'CodeIgniter\Session\Handlers\FileHandler' driver.
INFO - 2024-02-26 13:34:41 --> Session: Class initialized using 'CodeIgniter\Session\Handlers\FileHandler' driver.
CRITICAL - 2024-02-26 13:34:41 --> Undefined array key 1
in APPPATH\Controllers\StudentloginController.php on line 26.
 1 APPPATH\Controllers\StudentloginController.php(26): CodeIgniter\Debug\Exceptions->errorHandler(2, 'Undefined array key 1', 'D:\\laragon\\www\\SchoolingTime\\app\\Controllers\\StudentloginController.php', 26)
 2 SYSTEMPATH\CodeIgniter.php(942): App\Controllers\StudentloginController->student_login_check_view()
 3 SYSTEMPATH\CodeIgniter.php(502): CodeIgniter\CodeIgniter->runController(Object(App\Controllers\StudentloginController))
 4 SYSTEMPATH\CodeIgniter.php(361): CodeIgniter\CodeIgniter->handleRequest(null, Object(Config\Cache), false)
 5 FCPATH\index.php(79): CodeIgniter\CodeIgniter->run()
INFO - 2024-02-26 13:36:37 --> Session: Class initialized using 'CodeIgniter\Session\Handlers\FileHandler' driver.
CRITICAL - 2024-02-26 13:36:37 --> Undefined array key 1
in APPPATH\Controllers\StudentloginController.php on line 26.
 1 APPPATH\Controllers\StudentloginController.php(26): CodeIgniter\Debug\Exceptions->errorHandler(2, 'Undefined array key 1', 'D:\\laragon\\www\\SchoolingTime\\app\\Controllers\\StudentloginController.php', 26)
 2 SYSTEMPATH\CodeIgniter.php(942): App\Controllers\StudentloginController->student_login_check_view()
 3 SYSTEMPATH\CodeIgniter.php(502): CodeIgniter\CodeIgniter->runController(Object(App\Controllers\StudentloginController))
 4 SYSTEMPATH\CodeIgniter.php(361): CodeIgniter\CodeIgniter->handleRequest(null, Object(Config\Cache), false)
 5 FCPATH\index.php(79): CodeIgniter\CodeIgniter->run()
INFO - 2024-02-26 13:36:51 --> Session: Class initialized using 'CodeIgniter\Session\Handlers\FileHandler' driver.
INFO - 2024-02-26 13:37:19 --> Session: Class initialized using 'CodeIgniter\Session\Handlers\FileHandler' driver.
INFO - 2024-02-26 13:37:38 --> Session: Class initialized using 'CodeIgniter\Session\Handlers\FileHandler' driver.
INFO - 2024-02-26 13:37:45 --> Session: Class initialized using 'CodeIgniter\Session\Handlers\FileHandler' driver.
INFO - 2024-02-26 13:37:50 --> Session: Class initialized using 'CodeIgniter\Session\Handlers\FileHandler' driver.
INFO - 2024-02-26 13:37:53 --> Session: Class initialized using 'CodeIgniter\Session\Handlers\FileHandler' driver.
INFO - 2024-02-26 13:37:53 --> Session: Class initialized using 'CodeIgniter\Session\Handlers\FileHandler' driver.
INFO - 2024-02-26 13:38:07 --> Session: Class initialized using 'CodeIgniter\Session\Handlers\FileHandler' driver.
INFO - 2024-02-26 13:41:44 --> Session: Class initialized using 'CodeIgniter\Session\Handlers\FileHandler' driver.
INFO - 2024-02-26 13:41:59 --> Session: Class initialized using 'CodeIgniter\Session\Handlers\FileHandler' driver.
INFO - 2024-02-26 13:43:13 --> Session: Class initialized using 'CodeIgniter\Session\Handlers\FileHandler' driver.
INFO - 2024-02-26 13:43:15 --> Session: Class initialized using 'CodeIgniter\Session\Handlers\FileHandler' driver.
INFO - 2024-02-26 13:43:34 --> Session: Class initialized using 'CodeIgniter\Session\Handlers\FileHandler' driver.
INFO - 2024-02-26 14:39:57 --> Session: Class initialized using 'CodeIgniter\Session\Handlers\FileHandler' driver.
INFO - 2024-02-26 14:43:37 --> Session: Class initialized using 'CodeIgniter\Session\Handlers\FileHandler' driver.
INFO - 2024-02-26 14:44:09 --> Session: Class initialized using 'CodeIgniter\Session\Handlers\FileHandler' driver.
INFO - 2024-02-26 14:44:10 --> Session: Class initialized using 'CodeIgniter\Session\Handlers\FileHandler' driver.
INFO - 2024-02-26 14:44:31 --> Session: Class initialized using 'CodeIgniter\Session\Handlers\FileHandler' driver.
INFO - 2024-02-26 14:44:32 --> Session: Class initialized using 'CodeIgniter\Session\Handlers\FileHandler' driver.
INFO - 2024-02-26 14:44:44 --> Session: Class initialized using 'CodeIgniter\Session\Handlers\FileHandler' driver.
INFO - 2024-02-26 14:44:44 --> Session: Class initialized using 'CodeIgniter\Session\Handlers\FileHandler' driver.
INFO - 2024-02-26 14:44:46 --> Session: Class initialized using 'CodeIgniter\Session\Handlers\FileHandler' driver.
INFO - 2024-02-26 14:44:53 --> Session: Class initialized using 'CodeIgniter\Session\Handlers\FileHandler' driver.
INFO - 2024-02-26 14:44:56 --> Session: Class initialized using 'CodeIgniter\Session\Handlers\FileHandler' driver.
INFO - 2024-02-26 14:45:12 --> Session: Class initialized using 'CodeIgniter\Session\Handlers\FileHandler' driver.
INFO - 2024-02-26 14:45:12 --> Session: Class initialized using 'CodeIgniter\Session\Handlers\FileHandler' driver.
INFO - 2024-02-26 14:45:16 --> Session: Class initialized using 'CodeIgniter\Session\Handlers\FileHandler' driver.
INFO - 2024-02-26 14:45:19 --> Session: Class initialized using 'CodeIgniter\Session\Handlers\FileHandler' driver.
INFO - 2024-02-26 14:45:19 --> Session: Class initialized using 'CodeIgniter\Session\Handlers\FileHandler' driver.
INFO - 2024-02-26 14:45:23 --> Session: Class initialized using 'CodeIgniter\Session\Handlers\FileHandler' driver.
INFO - 2024-02-26 14:45:24 --> Session: Class initialized using 'CodeIgniter\Session\Handlers\FileHandler' driver.
INFO - 2024-02-26 14:45:26 --> Session: Class initialized using 'CodeIgniter\Session\Handlers\FileHandler' driver.
INFO - 2024-02-26 14:45:39 --> Session: Class initialized using 'CodeIgniter\Session\Handlers\FileHandler' driver.
INFO - 2024-02-26 14:45:39 --> Session: Class initialized using 'CodeIgniter\Session\Handlers\FileHandler' driver.
INFO - 2024-02-26 14:45:58 --> Session: Class initialized using 'CodeIgniter\Session\Handlers\FileHandler' driver.
INFO - 2024-02-26 14:45:58 --> Session: Class initialized using 'CodeIgniter\Session\Handlers\FileHandler' driver.
INFO - 2024-02-26 14:46:13 --> Session: Class initialized using 'CodeIgniter\Session\Handlers\FileHandler' driver.
INFO - 2024-02-26 14:46:20 --> Session: Class initialized using 'CodeIgniter\Session\Handlers\FileHandler' driver.
INFO - 2024-02-26 14:46:32 --> Session: Class initialized using 'CodeIgniter\Session\Handlers\FileHandler' driver.
INFO - 2024-02-26 14:46:33 --> Session: Class initialized using 'CodeIgniter\Session\Handlers\FileHandler' driver.
INFO - 2024-02-26 14:46:35 --> Session: Class initialized using 'CodeIgniter\Session\Handlers\FileHandler' driver.
INFO - 2024-02-26 14:46:38 --> Session: Class initialized using 'CodeIgniter\Session\Handlers\FileHandler' driver.
INFO - 2024-02-26 14:46:44 --> Session: Class initialized using 'CodeIgniter\Session\Handlers\FileHandler' driver.
INFO - 2024-02-26 14:46:52 --> Session: Class initialized using 'CodeIgniter\Session\Handlers\FileHandler' driver.
INFO - 2024-02-26 14:46:58 --> Session: Class initialized using 'CodeIgniter\Session\Handlers\FileHandler' driver.
INFO - 2024-02-26 14:47:05 --> Session: Class initialized using 'CodeIgniter\Session\Handlers\FileHandler' driver.
INFO - 2024-02-26 14:47:11 --> Session: Class initialized using 'CodeIgniter\Session\Handlers\FileHandler' driver.
INFO - 2024-02-26 14:47:44 --> Session: Class initialized using 'CodeIgniter\Session\Handlers\FileHandler' driver.
INFO - 2024-02-26 14:49:13 --> Session: Class initialized using 'CodeIgniter\Session\Handlers\FileHandler' driver.
INFO - 2024-02-26 14:49:14 --> Session: Class initialized using 'CodeIgniter\Session\Handlers\FileHandler' driver.
INFO - 2024-02-26 14:49:17 --> Session: Class initialized using 'CodeIgniter\Session\Handlers\FileHandler' driver.
INFO - 2024-02-26 14:49:28 --> Session: Class initialized using 'CodeIgniter\Session\Handlers\FileHandler' driver.
INFO - 2024-02-26 14:49:40 --> Session: Class initialized using 'CodeIgniter\Session\Handlers\FileHandler' driver.
INFO - 2024-02-26 14:49:40 --> Session: Class initialized using 'CodeIgniter\Session\Handlers\FileHandler' driver.
INFO - 2024-02-26 14:49:48 --> Session: Class initialized using 'CodeIgniter\Session\Handlers\FileHandler' driver.
INFO - 2024-02-26 14:50:42 --> Session: Class initialized using 'CodeIgniter\Session\Handlers\FileHandler' driver.
INFO - 2024-02-26 14:59:50 --> Session: Class initialized using 'CodeIgniter\Session\Handlers\FileHandler' driver.
CRITICAL - 2024-02-26 14:59:50 --> Undefined variable $course_type_name
in APPPATH\Views\teacher\TeacherCourseContentView.php on line 31.
 1 APPPATH\Views\teacher\TeacherCourseContentView.php(31): CodeIgniter\Debug\Exceptions->errorHandler(2, 'Undefined variable $course_type_name', 'D:\\laragon\\www\\SchoolingTime\\app\\Views\\teacher\\TeacherCourseContentView.php', 31)
 2 SYSTEMPATH\View\View.php(228): include('D:\\laragon\\www\\SchoolingTime\\app\\Views\\teacher\\TeacherCourseContentView.php')
 3 SYSTEMPATH\View\View.php(231): CodeIgniter\View\View->CodeIgniter\View\{closure}()
 4 SYSTEMPATH\Common.php(1190): CodeIgniter\View\View->render('teacher/TeacherCourseContentView', [], true)
 5 APPPATH\Controllers\TeacherDashboardController.php(116): view('teacher/TeacherCourseContentView')
 6 SYSTEMPATH\CodeIgniter.php(942): App\Controllers\TeacherDashboardController->TeacherCourseContentCreate()
 7 SYSTEMPATH\CodeIgniter.php(502): CodeIgniter\CodeIgniter->runController(Object(App\Controllers\TeacherDashboardController))
 8 SYSTEMPATH\CodeIgniter.php(361): CodeIgniter\CodeIgniter->handleRequest(null, Object(Config\Cache), false)
 9 FCPATH\index.php(79): CodeIgniter\CodeIgniter->run()
INFO - 2024-02-26 15:00:21 --> Session: Class initialized using 'CodeIgniter\Session\Handlers\FileHandler' driver.
INFO - 2024-02-26 15:06:14 --> Session: Class initialized using 'CodeIgniter\Session\Handlers\FileHandler' driver.
INFO - 2024-02-26 15:09:35 --> Session: Class initialized using 'CodeIgniter\Session\Handlers\FileHandler' driver.
INFO - 2024-02-26 15:18:17 --> Session: Class initialized using 'CodeIgniter\Session\Handlers\FileHandler' driver.
INFO - 2024-02-26 15:20:48 --> Session: Class initialized using 'CodeIgniter\Session\Handlers\FileHandler' driver.
INFO - 2024-02-26 15:21:37 --> Session: Class initialized using 'CodeIgniter\Session\Handlers\FileHandler' driver.
INFO - 2024-02-26 15:23:31 --> Session: Class initialized using 'CodeIgniter\Session\Handlers\FileHandler' driver.
INFO - 2024-02-26 15:23:34 --> Session: Class initialized using 'CodeIgniter\Session\Handlers\FileHandler' driver.
INFO - 2024-02-26 15:26:38 --> Session: Class initialized using 'CodeIgniter\Session\Handlers\FileHandler' driver.
INFO - 2024-02-26 15:26:45 --> Session: Class initialized using 'CodeIgniter\Session\Handlers\FileHandler' driver.
INFO - 2024-02-26 15:27:02 --> Session: Class initialized using 'CodeIgniter\Session\Handlers\FileHandler' driver.
INFO - 2024-02-26 15:27:02 --> Session: Class initialized using 'CodeIgniter\Session\Handlers\FileHandler' driver.
INFO - 2024-02-26 15:27:06 --> Session: Class initialized using 'CodeIgniter\Session\Handlers\FileHandler' driver.
INFO - 2024-02-26 15:28:12 --> Session: Class initialized using 'CodeIgniter\Session\Handlers\FileHandler' driver.
INFO - 2024-02-26 15:28:39 --> Session: Class initialized using 'CodeIgniter\Session\Handlers\FileHandler' driver.
INFO - 2024-02-26 15:28:42 --> Session: Class initialized using 'CodeIgniter\Session\Handlers\FileHandler' driver.
INFO - 2024-02-26 15:29:52 --> Session: Class initialized using 'CodeIgniter\Session\Handlers\FileHandler' driver.
INFO - 2024-02-26 15:34:23 --> Session: Class initialized using 'CodeIgniter\Session\Handlers\FileHandler' driver.
