INFO - 2025-07-21 00:02:59 --> Session: Class initialized using 'CodeIgniter\Session\Handlers\FileHandler' driver.
INFO - 2025-07-21 00:03:00 --> Session: Class initialized using 'CodeIgniter\Session\Handlers\FileHandler' driver.
INFO - 2025-07-21 00:03:00 --> Session: Class initialized using 'CodeIgniter\Session\Handlers\FileHandler' driver.
INFO - 2025-07-21 00:03:01 --> Session: Class initialized using 'CodeIgniter\Session\Handlers\FileHandler' driver.
INFO - 2025-07-21 00:03:02 --> Session: Class initialized using 'CodeIgniter\Session\Handlers\FileHandler' driver.
INFO - 2025-07-21 00:13:25 --> Session: Class initialized using 'CodeIgniter\Session\Handlers\FileHandler' driver.
INFO - 2025-07-21 00:13:26 --> Session: Class initialized using 'CodeIgniter\Session\Handlers\FileHandler' driver.
INFO - 2025-07-21 00:33:32 --> Session: Class initialized using 'CodeIgniter\Session\Handlers\FileHandler' driver.
INFO - 2025-07-21 00:34:32 --> Session: Class initialized using 'CodeIgniter\Session\Handlers\FileHandler' driver.
INFO - 2025-07-21 00:41:04 --> Session: Class initialized using 'CodeIgniter\Session\Handlers\FileHandler' driver.
INFO - 2025-07-21 01:09:29 --> Session: Class initialized using 'CodeIgniter\Session\Handlers\FileHandler' driver.
INFO - 2025-07-21 01:10:25 --> Session: Class initialized using 'CodeIgniter\Session\Handlers\FileHandler' driver.
INFO - 2025-07-21 01:13:29 --> Session: Class initialized using 'CodeIgniter\Session\Handlers\FileHandler' driver.
INFO - 2025-07-21 01:25:18 --> Session: Class initialized using 'CodeIgniter\Session\Handlers\FileHandler' driver.
INFO - 2025-07-21 02:42:21 --> Session: Class initialized using 'CodeIgniter\Session\Handlers\FileHandler' driver.
INFO - 2025-07-21 02:42:22 --> Session: Class initialized using 'CodeIgniter\Session\Handlers\FileHandler' driver.
INFO - 2025-07-21 02:50:22 --> Session: Class initialized using 'CodeIgniter\Session\Handlers\FileHandler' driver.
INFO - 2025-07-21 02:50:23 --> Session: Class initialized using 'CodeIgniter\Session\Handlers\FileHandler' driver.
INFO - 2025-07-21 02:50:40 --> Session: Class initialized using 'CodeIgniter\Session\Handlers\FileHandler' driver.
INFO - 2025-07-21 02:56:44 --> Session: Class initialized using 'CodeIgniter\Session\Handlers\FileHandler' driver.
INFO - 2025-07-21 03:17:44 --> Session: Class initialized using 'CodeIgniter\Session\Handlers\FileHandler' driver.
INFO - 2025-07-21 03:29:07 --> Session: Class initialized using 'CodeIgniter\Session\Handlers\FileHandler' driver.
INFO - 2025-07-21 03:57:31 --> Session: Class initialized using 'CodeIgniter\Session\Handlers\FileHandler' driver.
INFO - 2025-07-21 03:58:13 --> Session: Class initialized using 'CodeIgniter\Session\Handlers\FileHandler' driver.
INFO - 2025-07-21 04:21:23 --> Session: Class initialized using 'CodeIgniter\Session\Handlers\FileHandler' driver.
INFO - 2025-07-21 04:49:39 --> Session: Class initialized using 'CodeIgniter\Session\Handlers\FileHandler' driver.
INFO - 2025-07-21 04:49:40 --> Session: Class initialized using 'CodeIgniter\Session\Handlers\FileHandler' driver.
INFO - 2025-07-21 05:01:32 --> Session: Class initialized using 'CodeIgniter\Session\Handlers\FileHandler' driver.
INFO - 2025-07-21 05:30:06 --> Session: Class initialized using 'CodeIgniter\Session\Handlers\FileHandler' driver.
INFO - 2025-07-21 05:51:58 --> Session: Class initialized using 'CodeIgniter\Session\Handlers\FileHandler' driver.
INFO - 2025-07-21 05:56:15 --> Session: Class initialized using 'CodeIgniter\Session\Handlers\FileHandler' driver.
INFO - 2025-07-21 05:57:51 --> Session: Class initialized using 'CodeIgniter\Session\Handlers\FileHandler' driver.
INFO - 2025-07-21 06:13:20 --> Session: Class initialized using 'CodeIgniter\Session\Handlers\FileHandler' driver.
INFO - 2025-07-21 06:28:16 --> Session: Class initialized using 'CodeIgniter\Session\Handlers\FileHandler' driver.
INFO - 2025-07-21 06:33:32 --> Session: Class initialized using 'CodeIgniter\Session\Handlers\FileHandler' driver.
INFO - 2025-07-21 06:51:18 --> Session: Class initialized using 'CodeIgniter\Session\Handlers\FileHandler' driver.
INFO - 2025-07-21 06:51:25 --> Session: Class initialized using 'CodeIgniter\Session\Handlers\FileHandler' driver.
INFO - 2025-07-21 06:51:46 --> Session: Class initialized using 'CodeIgniter\Session\Handlers\FileHandler' driver.
ERROR - 2025-07-21 06:51:46 --> mysqli_sql_exception: Unknown column 'homepage_assets' in 'where clause' in /var/www/html/vendor/codeigniter4/framework/system/Database/MySQLi/Connection.php:306
Stack trace:
#0 /var/www/html/vendor/codeigniter4/framework/system/Database/MySQLi/Connection.php(306): mysqli->query(' SELECT *  FROM...', 0)
#1 /var/www/html/vendor/codeigniter4/framework/system/Database/BaseConnection.php(693): CodeIgniter\Database\MySQLi\Connection->execute(' SELECT *  FROM...')
#2 /var/www/html/vendor/codeigniter4/framework/system/Database/BaseConnection.php(607): CodeIgniter\Database\BaseConnection->simpleQuery(' SELECT *  FROM...')
#3 /var/www/html/app/Controllers/HomepageController.php(167): CodeIgniter\Database\BaseConnection->query(' SELECT *  FROM...')
#4 /var/www/html/vendor/codeigniter4/framework/system/CodeIgniter.php(943): App\Controllers\HomepageController->Course_details_view('homepage_assets', 'img', 'apple-touch-ico...')
#5 /var/www/html/vendor/codeigniter4/framework/system/CodeIgniter.php(503): CodeIgniter\CodeIgniter->runController(Object(App\Controllers\HomepageController))
#6 /var/www/html/vendor/codeigniter4/framework/system/CodeIgniter.php(361): CodeIgniter\CodeIgniter->handleRequest(NULL, Object(Config\Cache), false)
#7 /var/www/html/index.php(79): CodeIgniter\CodeIgniter->run()
#8 {main}
CRITICAL - 2025-07-21 06:51:46 --> CodeIgniter\Database\Exceptions\DatabaseException: Unknown column 'homepage_assets' in 'where clause'
in SYSTEMPATH/Database/BaseConnection.php on line 647.
 1 APPPATH/Controllers/HomepageController.php(167): CodeIgniter\Database\BaseConnection->query(' SELECT *  FROM course_batch
                                WHERE course_id = homepage_assets')
 2 SYSTEMPATH/CodeIgniter.php(943): App\Controllers\HomepageController->Course_details_view('homepage_assets', 'img', 'apple-touch-icon.png')
 3 SYSTEMPATH/CodeIgniter.php(503): CodeIgniter\CodeIgniter->runController(Object(App\Controllers\HomepageController))
 4 SYSTEMPATH/CodeIgniter.php(361): CodeIgniter\CodeIgniter->handleRequest(null, Object(Config\Cache), false)
 5 FCPATH/index.php(79): CodeIgniter\CodeIgniter->run()
CRITICAL - 2025-07-21 06:51:46 --> [Caused by] CodeIgniter\Database\Exceptions\DatabaseException: Unknown column 'homepage_assets' in 'where clause'
in SYSTEMPATH/Database/MySQLi/Connection.php on line 311.
 1 SYSTEMPATH/Database/BaseConnection.php(693): CodeIgniter\Database\MySQLi\Connection->execute(' SELECT *  FROM course_batch
                                WHERE course_id = homepage_assets')
 2 SYSTEMPATH/Database/BaseConnection.php(607): CodeIgniter\Database\BaseConnection->simpleQuery(' SELECT *  FROM course_batch
                                WHERE course_id = homepage_assets')
 3 APPPATH/Controllers/HomepageController.php(167): CodeIgniter\Database\BaseConnection->query(' SELECT *  FROM course_batch
                                WHERE course_id = homepage_assets')
 4 SYSTEMPATH/CodeIgniter.php(943): App\Controllers\HomepageController->Course_details_view('homepage_assets', 'img', 'apple-touch-icon.png')
 5 SYSTEMPATH/CodeIgniter.php(503): CodeIgniter\CodeIgniter->runController(Object(App\Controllers\HomepageController))
 6 SYSTEMPATH/CodeIgniter.php(361): CodeIgniter\CodeIgniter->handleRequest(null, Object(Config\Cache), false)
 7 FCPATH/index.php(79): CodeIgniter\CodeIgniter->run()
CRITICAL - 2025-07-21 06:51:46 --> [Caused by] mysqli_sql_exception: Unknown column 'homepage_assets' in 'where clause'
in SYSTEMPATH/Database/MySQLi/Connection.php on line 306.
 1 SYSTEMPATH/Database/MySQLi/Connection.php(306): mysqli->query(' SELECT *  FROM course_batch
                                WHERE course_id = homepage_assets', 0)
 2 SYSTEMPATH/Database/BaseConnection.php(693): CodeIgniter\Database\MySQLi\Connection->execute(' SELECT *  FROM course_batch
                                WHERE course_id = homepage_assets')
 3 SYSTEMPATH/Database/BaseConnection.php(607): CodeIgniter\Database\BaseConnection->simpleQuery(' SELECT *  FROM course_batch
                                WHERE course_id = homepage_assets')
 4 APPPATH/Controllers/HomepageController.php(167): CodeIgniter\Database\BaseConnection->query(' SELECT *  FROM course_batch
                                WHERE course_id = homepage_assets')
 5 SYSTEMPATH/CodeIgniter.php(943): App\Controllers\HomepageController->Course_details_view('homepage_assets', 'img', 'apple-touch-icon.png')
 6 SYSTEMPATH/CodeIgniter.php(503): CodeIgniter\CodeIgniter->runController(Object(App\Controllers\HomepageController))
 7 SYSTEMPATH/CodeIgniter.php(361): CodeIgniter\CodeIgniter->handleRequest(null, Object(Config\Cache), false)
 8 FCPATH/index.php(79): CodeIgniter\CodeIgniter->run()
INFO - 2025-07-21 06:51:47 --> Session: Class initialized using 'CodeIgniter\Session\Handlers\FileHandler' driver.
ERROR - 2025-07-21 06:51:47 --> mysqli_sql_exception: Unknown column 'homepage_assets' in 'where clause' in /var/www/html/vendor/codeigniter4/framework/system/Database/MySQLi/Connection.php:306
Stack trace:
#0 /var/www/html/vendor/codeigniter4/framework/system/Database/MySQLi/Connection.php(306): mysqli->query(' SELECT *  FROM...', 0)
#1 /var/www/html/vendor/codeigniter4/framework/system/Database/BaseConnection.php(693): CodeIgniter\Database\MySQLi\Connection->execute(' SELECT *  FROM...')
#2 /var/www/html/vendor/codeigniter4/framework/system/Database/BaseConnection.php(607): CodeIgniter\Database\BaseConnection->simpleQuery(' SELECT *  FROM...')
#3 /var/www/html/app/Controllers/HomepageController.php(167): CodeIgniter\Database\BaseConnection->query(' SELECT *  FROM...')
#4 /var/www/html/vendor/codeigniter4/framework/system/CodeIgniter.php(943): App\Controllers\HomepageController->Course_details_view('homepage_assets', 'img', 'favicon.png')
#5 /var/www/html/vendor/codeigniter4/framework/system/CodeIgniter.php(503): CodeIgniter\CodeIgniter->runController(Object(App\Controllers\HomepageController))
#6 /var/www/html/vendor/codeigniter4/framework/system/CodeIgniter.php(361): CodeIgniter\CodeIgniter->handleRequest(NULL, Object(Config\Cache), false)
#7 /var/www/html/index.php(79): CodeIgniter\CodeIgniter->run()
#8 {main}
CRITICAL - 2025-07-21 06:51:47 --> CodeIgniter\Database\Exceptions\DatabaseException: Unknown column 'homepage_assets' in 'where clause'
in SYSTEMPATH/Database/BaseConnection.php on line 647.
 1 APPPATH/Controllers/HomepageController.php(167): CodeIgniter\Database\BaseConnection->query(' SELECT *  FROM course_batch
                                WHERE course_id = homepage_assets')
 2 SYSTEMPATH/CodeIgniter.php(943): App\Controllers\HomepageController->Course_details_view('homepage_assets', 'img', 'favicon.png')
 3 SYSTEMPATH/CodeIgniter.php(503): CodeIgniter\CodeIgniter->runController(Object(App\Controllers\HomepageController))
 4 SYSTEMPATH/CodeIgniter.php(361): CodeIgniter\CodeIgniter->handleRequest(null, Object(Config\Cache), false)
 5 FCPATH/index.php(79): CodeIgniter\CodeIgniter->run()
CRITICAL - 2025-07-21 06:51:47 --> [Caused by] CodeIgniter\Database\Exceptions\DatabaseException: Unknown column 'homepage_assets' in 'where clause'
in SYSTEMPATH/Database/MySQLi/Connection.php on line 311.
 1 SYSTEMPATH/Database/BaseConnection.php(693): CodeIgniter\Database\MySQLi\Connection->execute(' SELECT *  FROM course_batch
                                WHERE course_id = homepage_assets')
 2 SYSTEMPATH/Database/BaseConnection.php(607): CodeIgniter\Database\BaseConnection->simpleQuery(' SELECT *  FROM course_batch
                                WHERE course_id = homepage_assets')
 3 APPPATH/Controllers/HomepageController.php(167): CodeIgniter\Database\BaseConnection->query(' SELECT *  FROM course_batch
                                WHERE course_id = homepage_assets')
 4 SYSTEMPATH/CodeIgniter.php(943): App\Controllers\HomepageController->Course_details_view('homepage_assets', 'img', 'favicon.png')
 5 SYSTEMPATH/CodeIgniter.php(503): CodeIgniter\CodeIgniter->runController(Object(App\Controllers\HomepageController))
 6 SYSTEMPATH/CodeIgniter.php(361): CodeIgniter\CodeIgniter->handleRequest(null, Object(Config\Cache), false)
 7 FCPATH/index.php(79): CodeIgniter\CodeIgniter->run()
CRITICAL - 2025-07-21 06:51:47 --> [Caused by] mysqli_sql_exception: Unknown column 'homepage_assets' in 'where clause'
in SYSTEMPATH/Database/MySQLi/Connection.php on line 306.
 1 SYSTEMPATH/Database/MySQLi/Connection.php(306): mysqli->query(' SELECT *  FROM course_batch
                                WHERE course_id = homepage_assets', 0)
 2 SYSTEMPATH/Database/BaseConnection.php(693): CodeIgniter\Database\MySQLi\Connection->execute(' SELECT *  FROM course_batch
                                WHERE course_id = homepage_assets')
 3 SYSTEMPATH/Database/BaseConnection.php(607): CodeIgniter\Database\BaseConnection->simpleQuery(' SELECT *  FROM course_batch
                                WHERE course_id = homepage_assets')
 4 APPPATH/Controllers/HomepageController.php(167): CodeIgniter\Database\BaseConnection->query(' SELECT *  FROM course_batch
                                WHERE course_id = homepage_assets')
 5 SYSTEMPATH/CodeIgniter.php(943): App\Controllers\HomepageController->Course_details_view('homepage_assets', 'img', 'favicon.png')
 6 SYSTEMPATH/CodeIgniter.php(503): CodeIgniter\CodeIgniter->runController(Object(App\Controllers\HomepageController))
 7 SYSTEMPATH/CodeIgniter.php(361): CodeIgniter\CodeIgniter->handleRequest(null, Object(Config\Cache), false)
 8 FCPATH/index.php(79): CodeIgniter\CodeIgniter->run()
INFO - 2025-07-21 07:06:31 --> Session: Class initialized using 'CodeIgniter\Session\Handlers\FileHandler' driver.
INFO - 2025-07-21 07:07:58 --> Session: Class initialized using 'CodeIgniter\Session\Handlers\FileHandler' driver.
INFO - 2025-07-21 07:08:36 --> Session: Class initialized using 'CodeIgniter\Session\Handlers\FileHandler' driver.
INFO - 2025-07-21 07:15:55 --> Session: Class initialized using 'CodeIgniter\Session\Handlers\FileHandler' driver.
INFO - 2025-07-21 07:23:30 --> Session: Class initialized using 'CodeIgniter\Session\Handlers\FileHandler' driver.
INFO - 2025-07-21 07:23:42 --> Session: Class initialized using 'CodeIgniter\Session\Handlers\FileHandler' driver.
INFO - 2025-07-21 07:23:51 --> Session: Class initialized using 'CodeIgniter\Session\Handlers\FileHandler' driver.
ERROR - 2025-07-21 07:23:51 --> mysqli_sql_exception: Unknown column 'homepage_assets' in 'where clause' in /var/www/html/vendor/codeigniter4/framework/system/Database/MySQLi/Connection.php:306
Stack trace:
#0 /var/www/html/vendor/codeigniter4/framework/system/Database/MySQLi/Connection.php(306): mysqli->query(' SELECT *  FROM...', 0)
#1 /var/www/html/vendor/codeigniter4/framework/system/Database/BaseConnection.php(693): CodeIgniter\Database\MySQLi\Connection->execute(' SELECT *  FROM...')
#2 /var/www/html/vendor/codeigniter4/framework/system/Database/BaseConnection.php(607): CodeIgniter\Database\BaseConnection->simpleQuery(' SELECT *  FROM...')
#3 /var/www/html/app/Controllers/HomepageController.php(167): CodeIgniter\Database\BaseConnection->query(' SELECT *  FROM...')
#4 /var/www/html/vendor/codeigniter4/framework/system/CodeIgniter.php(943): App\Controllers\HomepageController->Course_details_view('homepage_assets', 'img', 'favicon.png')
#5 /var/www/html/vendor/codeigniter4/framework/system/CodeIgniter.php(503): CodeIgniter\CodeIgniter->runController(Object(App\Controllers\HomepageController))
#6 /var/www/html/vendor/codeigniter4/framework/system/CodeIgniter.php(361): CodeIgniter\CodeIgniter->handleRequest(NULL, Object(Config\Cache), false)
#7 /var/www/html/index.php(79): CodeIgniter\CodeIgniter->run()
#8 {main}
CRITICAL - 2025-07-21 07:23:51 --> CodeIgniter\Database\Exceptions\DatabaseException: Unknown column 'homepage_assets' in 'where clause'
in SYSTEMPATH/Database/BaseConnection.php on line 647.
 1 APPPATH/Controllers/HomepageController.php(167): CodeIgniter\Database\BaseConnection->query(' SELECT *  FROM course_batch
                                WHERE course_id = homepage_assets')
 2 SYSTEMPATH/CodeIgniter.php(943): App\Controllers\HomepageController->Course_details_view('homepage_assets', 'img', 'favicon.png')
 3 SYSTEMPATH/CodeIgniter.php(503): CodeIgniter\CodeIgniter->runController(Object(App\Controllers\HomepageController))
 4 SYSTEMPATH/CodeIgniter.php(361): CodeIgniter\CodeIgniter->handleRequest(null, Object(Config\Cache), false)
 5 FCPATH/index.php(79): CodeIgniter\CodeIgniter->run()
CRITICAL - 2025-07-21 07:23:51 --> [Caused by] CodeIgniter\Database\Exceptions\DatabaseException: Unknown column 'homepage_assets' in 'where clause'
in SYSTEMPATH/Database/MySQLi/Connection.php on line 311.
 1 SYSTEMPATH/Database/BaseConnection.php(693): CodeIgniter\Database\MySQLi\Connection->execute(' SELECT *  FROM course_batch
                                WHERE course_id = homepage_assets')
 2 SYSTEMPATH/Database/BaseConnection.php(607): CodeIgniter\Database\BaseConnection->simpleQuery(' SELECT *  FROM course_batch
                                WHERE course_id = homepage_assets')
 3 APPPATH/Controllers/HomepageController.php(167): CodeIgniter\Database\BaseConnection->query(' SELECT *  FROM course_batch
                                WHERE course_id = homepage_assets')
 4 SYSTEMPATH/CodeIgniter.php(943): App\Controllers\HomepageController->Course_details_view('homepage_assets', 'img', 'favicon.png')
 5 SYSTEMPATH/CodeIgniter.php(503): CodeIgniter\CodeIgniter->runController(Object(App\Controllers\HomepageController))
 6 SYSTEMPATH/CodeIgniter.php(361): CodeIgniter\CodeIgniter->handleRequest(null, Object(Config\Cache), false)
 7 FCPATH/index.php(79): CodeIgniter\CodeIgniter->run()
CRITICAL - 2025-07-21 07:23:51 --> [Caused by] mysqli_sql_exception: Unknown column 'homepage_assets' in 'where clause'
in SYSTEMPATH/Database/MySQLi/Connection.php on line 306.
 1 SYSTEMPATH/Database/MySQLi/Connection.php(306): mysqli->query(' SELECT *  FROM course_batch
                                WHERE course_id = homepage_assets', 0)
 2 SYSTEMPATH/Database/BaseConnection.php(693): CodeIgniter\Database\MySQLi\Connection->execute(' SELECT *  FROM course_batch
                                WHERE course_id = homepage_assets')
 3 SYSTEMPATH/Database/BaseConnection.php(607): CodeIgniter\Database\BaseConnection->simpleQuery(' SELECT *  FROM course_batch
                                WHERE course_id = homepage_assets')
 4 APPPATH/Controllers/HomepageController.php(167): CodeIgniter\Database\BaseConnection->query(' SELECT *  FROM course_batch
                                WHERE course_id = homepage_assets')
 5 SYSTEMPATH/CodeIgniter.php(943): App\Controllers\HomepageController->Course_details_view('homepage_assets', 'img', 'favicon.png')
 6 SYSTEMPATH/CodeIgniter.php(503): CodeIgniter\CodeIgniter->runController(Object(App\Controllers\HomepageController))
 7 SYSTEMPATH/CodeIgniter.php(361): CodeIgniter\CodeIgniter->handleRequest(null, Object(Config\Cache), false)
 8 FCPATH/index.php(79): CodeIgniter\CodeIgniter->run()
INFO - 2025-07-21 07:38:28 --> Session: Class initialized using 'CodeIgniter\Session\Handlers\FileHandler' driver.
INFO - 2025-07-21 07:38:31 --> Session: Class initialized using 'CodeIgniter\Session\Handlers\FileHandler' driver.
INFO - 2025-07-21 07:38:32 --> Session: Class initialized using 'CodeIgniter\Session\Handlers\FileHandler' driver.
ERROR - 2025-07-21 07:38:32 --> mysqli_sql_exception: Unknown column 'homepage_assets' in 'where clause' in /var/www/html/vendor/codeigniter4/framework/system/Database/MySQLi/Connection.php:306
Stack trace:
#0 /var/www/html/vendor/codeigniter4/framework/system/Database/MySQLi/Connection.php(306): mysqli->query(' SELECT *  FROM...', 0)
#1 /var/www/html/vendor/codeigniter4/framework/system/Database/BaseConnection.php(693): CodeIgniter\Database\MySQLi\Connection->execute(' SELECT *  FROM...')
#2 /var/www/html/vendor/codeigniter4/framework/system/Database/BaseConnection.php(607): CodeIgniter\Database\BaseConnection->simpleQuery(' SELECT *  FROM...')
#3 /var/www/html/app/Controllers/HomepageController.php(167): CodeIgniter\Database\BaseConnection->query(' SELECT *  FROM...')
#4 /var/www/html/vendor/codeigniter4/framework/system/CodeIgniter.php(943): App\Controllers\HomepageController->Course_details_view('homepage_assets', 'img', 'apple-touch-ico...')
#5 /var/www/html/vendor/codeigniter4/framework/system/CodeIgniter.php(503): CodeIgniter\CodeIgniter->runController(Object(App\Controllers\HomepageController))
#6 /var/www/html/vendor/codeigniter4/framework/system/CodeIgniter.php(361): CodeIgniter\CodeIgniter->handleRequest(NULL, Object(Config\Cache), false)
#7 /var/www/html/index.php(79): CodeIgniter\CodeIgniter->run()
#8 {main}
CRITICAL - 2025-07-21 07:38:32 --> CodeIgniter\Database\Exceptions\DatabaseException: Unknown column 'homepage_assets' in 'where clause'
in SYSTEMPATH/Database/BaseConnection.php on line 647.
 1 APPPATH/Controllers/HomepageController.php(167): CodeIgniter\Database\BaseConnection->query(' SELECT *  FROM course_batch
                                WHERE course_id = homepage_assets')
 2 SYSTEMPATH/CodeIgniter.php(943): App\Controllers\HomepageController->Course_details_view('homepage_assets', 'img', 'apple-touch-icon.png')
 3 SYSTEMPATH/CodeIgniter.php(503): CodeIgniter\CodeIgniter->runController(Object(App\Controllers\HomepageController))
 4 SYSTEMPATH/CodeIgniter.php(361): CodeIgniter\CodeIgniter->handleRequest(null, Object(Config\Cache), false)
 5 FCPATH/index.php(79): CodeIgniter\CodeIgniter->run()
CRITICAL - 2025-07-21 07:38:32 --> [Caused by] CodeIgniter\Database\Exceptions\DatabaseException: Unknown column 'homepage_assets' in 'where clause'
in SYSTEMPATH/Database/MySQLi/Connection.php on line 311.
 1 SYSTEMPATH/Database/BaseConnection.php(693): CodeIgniter\Database\MySQLi\Connection->execute(' SELECT *  FROM course_batch
                                WHERE course_id = homepage_assets')
 2 SYSTEMPATH/Database/BaseConnection.php(607): CodeIgniter\Database\BaseConnection->simpleQuery(' SELECT *  FROM course_batch
                                WHERE course_id = homepage_assets')
 3 APPPATH/Controllers/HomepageController.php(167): CodeIgniter\Database\BaseConnection->query(' SELECT *  FROM course_batch
                                WHERE course_id = homepage_assets')
 4 SYSTEMPATH/CodeIgniter.php(943): App\Controllers\HomepageController->Course_details_view('homepage_assets', 'img', 'apple-touch-icon.png')
 5 SYSTEMPATH/CodeIgniter.php(503): CodeIgniter\CodeIgniter->runController(Object(App\Controllers\HomepageController))
 6 SYSTEMPATH/CodeIgniter.php(361): CodeIgniter\CodeIgniter->handleRequest(null, Object(Config\Cache), false)
 7 FCPATH/index.php(79): CodeIgniter\CodeIgniter->run()
CRITICAL - 2025-07-21 07:38:32 --> [Caused by] mysqli_sql_exception: Unknown column 'homepage_assets' in 'where clause'
in SYSTEMPATH/Database/MySQLi/Connection.php on line 306.
 1 SYSTEMPATH/Database/MySQLi/Connection.php(306): mysqli->query(' SELECT *  FROM course_batch
                                WHERE course_id = homepage_assets', 0)
 2 SYSTEMPATH/Database/BaseConnection.php(693): CodeIgniter\Database\MySQLi\Connection->execute(' SELECT *  FROM course_batch
                                WHERE course_id = homepage_assets')
 3 SYSTEMPATH/Database/BaseConnection.php(607): CodeIgniter\Database\BaseConnection->simpleQuery(' SELECT *  FROM course_batch
                                WHERE course_id = homepage_assets')
 4 APPPATH/Controllers/HomepageController.php(167): CodeIgniter\Database\BaseConnection->query(' SELECT *  FROM course_batch
                                WHERE course_id = homepage_assets')
 5 SYSTEMPATH/CodeIgniter.php(943): App\Controllers\HomepageController->Course_details_view('homepage_assets', 'img', 'apple-touch-icon.png')
 6 SYSTEMPATH/CodeIgniter.php(503): CodeIgniter\CodeIgniter->runController(Object(App\Controllers\HomepageController))
 7 SYSTEMPATH/CodeIgniter.php(361): CodeIgniter\CodeIgniter->handleRequest(null, Object(Config\Cache), false)
 8 FCPATH/index.php(79): CodeIgniter\CodeIgniter->run()
INFO - 2025-07-21 07:38:32 --> Session: Class initialized using 'CodeIgniter\Session\Handlers\FileHandler' driver.
ERROR - 2025-07-21 07:38:32 --> mysqli_sql_exception: Unknown column 'homepage_assets' in 'where clause' in /var/www/html/vendor/codeigniter4/framework/system/Database/MySQLi/Connection.php:306
Stack trace:
#0 /var/www/html/vendor/codeigniter4/framework/system/Database/MySQLi/Connection.php(306): mysqli->query(' SELECT *  FROM...', 0)
#1 /var/www/html/vendor/codeigniter4/framework/system/Database/BaseConnection.php(693): CodeIgniter\Database\MySQLi\Connection->execute(' SELECT *  FROM...')
#2 /var/www/html/vendor/codeigniter4/framework/system/Database/BaseConnection.php(607): CodeIgniter\Database\BaseConnection->simpleQuery(' SELECT *  FROM...')
#3 /var/www/html/app/Controllers/HomepageController.php(167): CodeIgniter\Database\BaseConnection->query(' SELECT *  FROM...')
#4 /var/www/html/vendor/codeigniter4/framework/system/CodeIgniter.php(943): App\Controllers\HomepageController->Course_details_view('homepage_assets', 'img', 'favicon.png')
#5 /var/www/html/vendor/codeigniter4/framework/system/CodeIgniter.php(503): CodeIgniter\CodeIgniter->runController(Object(App\Controllers\HomepageController))
#6 /var/www/html/vendor/codeigniter4/framework/system/CodeIgniter.php(361): CodeIgniter\CodeIgniter->handleRequest(NULL, Object(Config\Cache), false)
#7 /var/www/html/index.php(79): CodeIgniter\CodeIgniter->run()
#8 {main}
CRITICAL - 2025-07-21 07:38:32 --> CodeIgniter\Database\Exceptions\DatabaseException: Unknown column 'homepage_assets' in 'where clause'
in SYSTEMPATH/Database/BaseConnection.php on line 647.
 1 APPPATH/Controllers/HomepageController.php(167): CodeIgniter\Database\BaseConnection->query(' SELECT *  FROM course_batch
                                WHERE course_id = homepage_assets')
 2 SYSTEMPATH/CodeIgniter.php(943): App\Controllers\HomepageController->Course_details_view('homepage_assets', 'img', 'favicon.png')
 3 SYSTEMPATH/CodeIgniter.php(503): CodeIgniter\CodeIgniter->runController(Object(App\Controllers\HomepageController))
 4 SYSTEMPATH/CodeIgniter.php(361): CodeIgniter\CodeIgniter->handleRequest(null, Object(Config\Cache), false)
 5 FCPATH/index.php(79): CodeIgniter\CodeIgniter->run()
CRITICAL - 2025-07-21 07:38:32 --> [Caused by] CodeIgniter\Database\Exceptions\DatabaseException: Unknown column 'homepage_assets' in 'where clause'
in SYSTEMPATH/Database/MySQLi/Connection.php on line 311.
 1 SYSTEMPATH/Database/BaseConnection.php(693): CodeIgniter\Database\MySQLi\Connection->execute(' SELECT *  FROM course_batch
                                WHERE course_id = homepage_assets')
 2 SYSTEMPATH/Database/BaseConnection.php(607): CodeIgniter\Database\BaseConnection->simpleQuery(' SELECT *  FROM course_batch
                                WHERE course_id = homepage_assets')
 3 APPPATH/Controllers/HomepageController.php(167): CodeIgniter\Database\BaseConnection->query(' SELECT *  FROM course_batch
                                WHERE course_id = homepage_assets')
 4 SYSTEMPATH/CodeIgniter.php(943): App\Controllers\HomepageController->Course_details_view('homepage_assets', 'img', 'favicon.png')
 5 SYSTEMPATH/CodeIgniter.php(503): CodeIgniter\CodeIgniter->runController(Object(App\Controllers\HomepageController))
 6 SYSTEMPATH/CodeIgniter.php(361): CodeIgniter\CodeIgniter->handleRequest(null, Object(Config\Cache), false)
 7 FCPATH/index.php(79): CodeIgniter\CodeIgniter->run()
CRITICAL - 2025-07-21 07:38:32 --> [Caused by] mysqli_sql_exception: Unknown column 'homepage_assets' in 'where clause'
in SYSTEMPATH/Database/MySQLi/Connection.php on line 306.
 1 SYSTEMPATH/Database/MySQLi/Connection.php(306): mysqli->query(' SELECT *  FROM course_batch
                                WHERE course_id = homepage_assets', 0)
 2 SYSTEMPATH/Database/BaseConnection.php(693): CodeIgniter\Database\MySQLi\Connection->execute(' SELECT *  FROM course_batch
                                WHERE course_id = homepage_assets')
 3 SYSTEMPATH/Database/BaseConnection.php(607): CodeIgniter\Database\BaseConnection->simpleQuery(' SELECT *  FROM course_batch
                                WHERE course_id = homepage_assets')
 4 APPPATH/Controllers/HomepageController.php(167): CodeIgniter\Database\BaseConnection->query(' SELECT *  FROM course_batch
                                WHERE course_id = homepage_assets')
 5 SYSTEMPATH/CodeIgniter.php(943): App\Controllers\HomepageController->Course_details_view('homepage_assets', 'img', 'favicon.png')
 6 SYSTEMPATH/CodeIgniter.php(503): CodeIgniter\CodeIgniter->runController(Object(App\Controllers\HomepageController))
 7 SYSTEMPATH/CodeIgniter.php(361): CodeIgniter\CodeIgniter->handleRequest(null, Object(Config\Cache), false)
 8 FCPATH/index.php(79): CodeIgniter\CodeIgniter->run()
INFO - 2025-07-21 07:44:03 --> Session: Class initialized using 'CodeIgniter\Session\Handlers\FileHandler' driver.
INFO - 2025-07-21 07:44:16 --> Session: Class initialized using 'CodeIgniter\Session\Handlers\FileHandler' driver.
INFO - 2025-07-21 07:44:27 --> Session: Class initialized using 'CodeIgniter\Session\Handlers\FileHandler' driver.
INFO - 2025-07-21 07:44:53 --> Session: Class initialized using 'CodeIgniter\Session\Handlers\FileHandler' driver.
INFO - 2025-07-21 07:45:18 --> Session: Class initialized using 'CodeIgniter\Session\Handlers\FileHandler' driver.
CRITICAL - 2025-07-21 07:45:18 --> ErrorException: Undefined property: stdClass::$course_start_date
in APPPATH/Views/include/CourseShowSkillDevelopmentView.php on line 75.
 1 APPPATH/Views/include/CourseShowSkillDevelopmentView.php(75): CodeIgniter\Debug\Exceptions->errorHandler(8, 'Undefined property: stdClass::$course_start_date', '/var/www/html/app/Views/include/CourseShowSkillDevelopmentView.php', 75, [...])
 2 SYSTEMPATH/View/View.php(228): include('/var/www/html/app/Views/include/CourseShowSkillDevelopmentView.php')
 3 SYSTEMPATH/View/View.php(231): CodeIgniter\View\View->CodeIgniter\View\{closure}()
 4 SYSTEMPATH/Common.php(1178): CodeIgniter\View\View->render('include/CourseShowSkillDevelopmentView', [], true)
 5 APPPATH/Controllers/CourseCategoryDetailsController.php(83): view('include/CourseShowSkillDevelopmentView', [...])
 6 SYSTEMPATH/CodeIgniter.php(943): App\Controllers\CourseCategoryDetailsController->CourseShowSkillDevelopment('36')
 7 SYSTEMPATH/CodeIgniter.php(503): CodeIgniter\CodeIgniter->runController(Object(App\Controllers\CourseCategoryDetailsController))
 8 SYSTEMPATH/CodeIgniter.php(361): CodeIgniter\CodeIgniter->handleRequest(null, Object(Config\Cache), false)
 9 FCPATH/index.php(79): CodeIgniter\CodeIgniter->run()
INFO - 2025-07-21 08:14:20 --> Session: Class initialized using 'CodeIgniter\Session\Handlers\FileHandler' driver.
INFO - 2025-07-21 08:47:14 --> Session: Class initialized using 'CodeIgniter\Session\Handlers\FileHandler' driver.
CRITICAL - 2025-07-21 08:47:14 --> ErrorException: Undefined property: stdClass::$course_start_date
in APPPATH/Views/include/CourseShowAcademicView.php on line 76.
 1 APPPATH/Views/include/CourseShowAcademicView.php(76): CodeIgniter\Debug\Exceptions->errorHandler(8, 'Undefined property: stdClass::$course_start_date', '/var/www/html/app/Views/include/CourseShowAcademicView.php', 76, [...])
 2 SYSTEMPATH/View/View.php(228): include('/var/www/html/app/Views/include/CourseShowAcademicView.php')
 3 SYSTEMPATH/View/View.php(231): CodeIgniter\View\View->CodeIgniter\View\{closure}()
 4 SYSTEMPATH/Common.php(1178): CodeIgniter\View\View->render('include/CourseShowAcademicView', [], true)
 5 APPPATH/Controllers/CourseCategoryDetailsController.php(96): view('include/CourseShowAcademicView', [...])
 6 SYSTEMPATH/CodeIgniter.php(943): App\Controllers\CourseCategoryDetailsController->CourseShowAcademic('30')
 7 SYSTEMPATH/CodeIgniter.php(503): CodeIgniter\CodeIgniter->runController(Object(App\Controllers\CourseCategoryDetailsController))
 8 SYSTEMPATH/CodeIgniter.php(361): CodeIgniter\CodeIgniter->handleRequest(null, Object(Config\Cache), false)
 9 FCPATH/index.php(79): CodeIgniter\CodeIgniter->run()
INFO - 2025-07-21 08:53:34 --> Session: Class initialized using 'CodeIgniter\Session\Handlers\FileHandler' driver.
INFO - 2025-07-21 08:53:35 --> Session: Class initialized using 'CodeIgniter\Session\Handlers\FileHandler' driver.
INFO - 2025-07-21 08:53:35 --> Session: Class initialized using 'CodeIgniter\Session\Handlers\FileHandler' driver.
INFO - 2025-07-21 08:53:36 --> Session: Class initialized using 'CodeIgniter\Session\Handlers\FileHandler' driver.
INFO - 2025-07-21 08:53:37 --> Session: Class initialized using 'CodeIgniter\Session\Handlers\FileHandler' driver.
INFO - 2025-07-21 08:53:37 --> Session: Class initialized using 'CodeIgniter\Session\Handlers\FileHandler' driver.
INFO - 2025-07-21 09:43:07 --> Session: Class initialized using 'CodeIgniter\Session\Handlers\FileHandler' driver.
INFO - 2025-07-21 10:15:17 --> Session: Class initialized using 'CodeIgniter\Session\Handlers\FileHandler' driver.
INFO - 2025-07-21 10:18:35 --> Session: Class initialized using 'CodeIgniter\Session\Handlers\FileHandler' driver.
INFO - 2025-07-21 11:12:44 --> Session: Class initialized using 'CodeIgniter\Session\Handlers\FileHandler' driver.
INFO - 2025-07-21 11:12:48 --> Session: Class initialized using 'CodeIgniter\Session\Handlers\FileHandler' driver.
INFO - 2025-07-21 11:12:48 --> Session: Class initialized using 'CodeIgniter\Session\Handlers\FileHandler' driver.
INFO - 2025-07-21 11:18:55 --> Session: Class initialized using 'CodeIgniter\Session\Handlers\FileHandler' driver.
INFO - 2025-07-21 11:28:34 --> Session: Class initialized using 'CodeIgniter\Session\Handlers\FileHandler' driver.
INFO - 2025-07-21 11:28:35 --> Session: Class initialized using 'CodeIgniter\Session\Handlers\FileHandler' driver.
INFO - 2025-07-21 11:28:36 --> Session: Class initialized using 'CodeIgniter\Session\Handlers\FileHandler' driver.
INFO - 2025-07-21 11:28:36 --> Session: Class initialized using 'CodeIgniter\Session\Handlers\FileHandler' driver.
INFO - 2025-07-21 11:28:37 --> Session: Class initialized using 'CodeIgniter\Session\Handlers\FileHandler' driver.
INFO - 2025-07-21 11:28:38 --> Session: Class initialized using 'CodeIgniter\Session\Handlers\FileHandler' driver.
INFO - 2025-07-21 11:28:38 --> Session: Class initialized using 'CodeIgniter\Session\Handlers\FileHandler' driver.
INFO - 2025-07-21 12:13:36 --> Session: Class initialized using 'CodeIgniter\Session\Handlers\FileHandler' driver.
INFO - 2025-07-21 12:22:22 --> Session: Class initialized using 'CodeIgniter\Session\Handlers\FileHandler' driver.
INFO - 2025-07-21 12:40:17 --> Session: Class initialized using 'CodeIgniter\Session\Handlers\FileHandler' driver.
INFO - 2025-07-21 12:41:05 --> Session: Class initialized using 'CodeIgniter\Session\Handlers\FileHandler' driver.
INFO - 2025-07-21 13:45:55 --> Session: Class initialized using 'CodeIgniter\Session\Handlers\FileHandler' driver.
INFO - 2025-07-21 13:45:55 --> Session: Class initialized using 'CodeIgniter\Session\Handlers\FileHandler' driver.
INFO - 2025-07-21 13:45:55 --> Session: Class initialized using 'CodeIgniter\Session\Handlers\FileHandler' driver.
INFO - 2025-07-21 13:45:56 --> Session: Class initialized using 'CodeIgniter\Session\Handlers\FileHandler' driver.
INFO - 2025-07-21 14:06:58 --> Session: Class initialized using 'CodeIgniter\Session\Handlers\FileHandler' driver.
INFO - 2025-07-21 14:21:21 --> Session: Class initialized using 'CodeIgniter\Session\Handlers\FileHandler' driver.
INFO - 2025-07-21 14:24:23 --> Session: Class initialized using 'CodeIgniter\Session\Handlers\FileHandler' driver.
INFO - 2025-07-21 14:51:04 --> Session: Class initialized using 'CodeIgniter\Session\Handlers\FileHandler' driver.
INFO - 2025-07-21 14:52:30 --> Session: Class initialized using 'CodeIgniter\Session\Handlers\FileHandler' driver.
INFO - 2025-07-21 15:30:22 --> Session: Class initialized using 'CodeIgniter\Session\Handlers\FileHandler' driver.
INFO - 2025-07-21 15:34:01 --> Session: Class initialized using 'CodeIgniter\Session\Handlers\FileHandler' driver.
INFO - 2025-07-21 15:51:21 --> Session: Class initialized using 'CodeIgniter\Session\Handlers\FileHandler' driver.
INFO - 2025-07-21 16:02:32 --> Session: Class initialized using 'CodeIgniter\Session\Handlers\FileHandler' driver.
INFO - 2025-07-21 16:11:58 --> Session: Class initialized using 'CodeIgniter\Session\Handlers\FileHandler' driver.
INFO - 2025-07-21 16:12:03 --> Session: Class initialized using 'CodeIgniter\Session\Handlers\FileHandler' driver.
ERROR - 2025-07-21 16:12:03 --> mysqli_sql_exception: Unknown column 'homepage_assets' in 'where clause' in /var/www/html/vendor/codeigniter4/framework/system/Database/MySQLi/Connection.php:306
Stack trace:
#0 /var/www/html/vendor/codeigniter4/framework/system/Database/MySQLi/Connection.php(306): mysqli->query(' SELECT *  FROM...', 0)
#1 /var/www/html/vendor/codeigniter4/framework/system/Database/BaseConnection.php(693): CodeIgniter\Database\MySQLi\Connection->execute(' SELECT *  FROM...')
#2 /var/www/html/vendor/codeigniter4/framework/system/Database/BaseConnection.php(607): CodeIgniter\Database\BaseConnection->simpleQuery(' SELECT *  FROM...')
#3 /var/www/html/app/Controllers/HomepageController.php(167): CodeIgniter\Database\BaseConnection->query(' SELECT *  FROM...')
#4 /var/www/html/vendor/codeigniter4/framework/system/CodeIgniter.php(943): App\Controllers\HomepageController->Course_details_view('homepage_assets', 'img', 'favicon.png')
#5 /var/www/html/vendor/codeigniter4/framework/system/CodeIgniter.php(503): CodeIgniter\CodeIgniter->runController(Object(App\Controllers\HomepageController))
#6 /var/www/html/vendor/codeigniter4/framework/system/CodeIgniter.php(361): CodeIgniter\CodeIgniter->handleRequest(NULL, Object(Config\Cache), false)
#7 /var/www/html/index.php(79): CodeIgniter\CodeIgniter->run()
#8 {main}
CRITICAL - 2025-07-21 16:12:03 --> CodeIgniter\Database\Exceptions\DatabaseException: Unknown column 'homepage_assets' in 'where clause'
in SYSTEMPATH/Database/BaseConnection.php on line 647.
 1 APPPATH/Controllers/HomepageController.php(167): CodeIgniter\Database\BaseConnection->query(' SELECT *  FROM course_batch
                                WHERE course_id = homepage_assets')
 2 SYSTEMPATH/CodeIgniter.php(943): App\Controllers\HomepageController->Course_details_view('homepage_assets', 'img', 'favicon.png')
 3 SYSTEMPATH/CodeIgniter.php(503): CodeIgniter\CodeIgniter->runController(Object(App\Controllers\HomepageController))
 4 SYSTEMPATH/CodeIgniter.php(361): CodeIgniter\CodeIgniter->handleRequest(null, Object(Config\Cache), false)
 5 FCPATH/index.php(79): CodeIgniter\CodeIgniter->run()
CRITICAL - 2025-07-21 16:12:03 --> [Caused by] CodeIgniter\Database\Exceptions\DatabaseException: Unknown column 'homepage_assets' in 'where clause'
in SYSTEMPATH/Database/MySQLi/Connection.php on line 311.
 1 SYSTEMPATH/Database/BaseConnection.php(693): CodeIgniter\Database\MySQLi\Connection->execute(' SELECT *  FROM course_batch
                                WHERE course_id = homepage_assets')
 2 SYSTEMPATH/Database/BaseConnection.php(607): CodeIgniter\Database\BaseConnection->simpleQuery(' SELECT *  FROM course_batch
                                WHERE course_id = homepage_assets')
 3 APPPATH/Controllers/HomepageController.php(167): CodeIgniter\Database\BaseConnection->query(' SELECT *  FROM course_batch
                                WHERE course_id = homepage_assets')
 4 SYSTEMPATH/CodeIgniter.php(943): App\Controllers\HomepageController->Course_details_view('homepage_assets', 'img', 'favicon.png')
 5 SYSTEMPATH/CodeIgniter.php(503): CodeIgniter\CodeIgniter->runController(Object(App\Controllers\HomepageController))
 6 SYSTEMPATH/CodeIgniter.php(361): CodeIgniter\CodeIgniter->handleRequest(null, Object(Config\Cache), false)
 7 FCPATH/index.php(79): CodeIgniter\CodeIgniter->run()
CRITICAL - 2025-07-21 16:12:03 --> [Caused by] mysqli_sql_exception: Unknown column 'homepage_assets' in 'where clause'
in SYSTEMPATH/Database/MySQLi/Connection.php on line 306.
 1 SYSTEMPATH/Database/MySQLi/Connection.php(306): mysqli->query(' SELECT *  FROM course_batch
                                WHERE course_id = homepage_assets', 0)
 2 SYSTEMPATH/Database/BaseConnection.php(693): CodeIgniter\Database\MySQLi\Connection->execute(' SELECT *  FROM course_batch
                                WHERE course_id = homepage_assets')
 3 SYSTEMPATH/Database/BaseConnection.php(607): CodeIgniter\Database\BaseConnection->simpleQuery(' SELECT *  FROM course_batch
                                WHERE course_id = homepage_assets')
 4 APPPATH/Controllers/HomepageController.php(167): CodeIgniter\Database\BaseConnection->query(' SELECT *  FROM course_batch
                                WHERE course_id = homepage_assets')
 5 SYSTEMPATH/CodeIgniter.php(943): App\Controllers\HomepageController->Course_details_view('homepage_assets', 'img', 'favicon.png')
 6 SYSTEMPATH/CodeIgniter.php(503): CodeIgniter\CodeIgniter->runController(Object(App\Controllers\HomepageController))
 7 SYSTEMPATH/CodeIgniter.php(361): CodeIgniter\CodeIgniter->handleRequest(null, Object(Config\Cache), false)
 8 FCPATH/index.php(79): CodeIgniter\CodeIgniter->run()
INFO - 2025-07-21 16:12:08 --> Session: Class initialized using 'CodeIgniter\Session\Handlers\FileHandler' driver.
ERROR - 2025-07-21 16:12:08 --> mysqli_sql_exception: Unknown column 'homepage_assets' in 'where clause' in /var/www/html/vendor/codeigniter4/framework/system/Database/MySQLi/Connection.php:306
Stack trace:
#0 /var/www/html/vendor/codeigniter4/framework/system/Database/MySQLi/Connection.php(306): mysqli->query(' SELECT *  FROM...', 0)
#1 /var/www/html/vendor/codeigniter4/framework/system/Database/BaseConnection.php(693): CodeIgniter\Database\MySQLi\Connection->execute(' SELECT *  FROM...')
#2 /var/www/html/vendor/codeigniter4/framework/system/Database/BaseConnection.php(607): CodeIgniter\Database\BaseConnection->simpleQuery(' SELECT *  FROM...')
#3 /var/www/html/app/Controllers/HomepageController.php(167): CodeIgniter\Database\BaseConnection->query(' SELECT *  FROM...')
#4 /var/www/html/vendor/codeigniter4/framework/system/CodeIgniter.php(943): App\Controllers\HomepageController->Course_details_view('homepage_assets', 'img', 'apple-touch-ico...')
#5 /var/www/html/vendor/codeigniter4/framework/system/CodeIgniter.php(503): CodeIgniter\CodeIgniter->runController(Object(App\Controllers\HomepageController))
#6 /var/www/html/vendor/codeigniter4/framework/system/CodeIgniter.php(361): CodeIgniter\CodeIgniter->handleRequest(NULL, Object(Config\Cache), false)
#7 /var/www/html/index.php(79): CodeIgniter\CodeIgniter->run()
#8 {main}
CRITICAL - 2025-07-21 16:12:08 --> CodeIgniter\Database\Exceptions\DatabaseException: Unknown column 'homepage_assets' in 'where clause'
in SYSTEMPATH/Database/BaseConnection.php on line 647.
 1 APPPATH/Controllers/HomepageController.php(167): CodeIgniter\Database\BaseConnection->query(' SELECT *  FROM course_batch
                                WHERE course_id = homepage_assets')
 2 SYSTEMPATH/CodeIgniter.php(943): App\Controllers\HomepageController->Course_details_view('homepage_assets', 'img', 'apple-touch-icon.png')
 3 SYSTEMPATH/CodeIgniter.php(503): CodeIgniter\CodeIgniter->runController(Object(App\Controllers\HomepageController))
 4 SYSTEMPATH/CodeIgniter.php(361): CodeIgniter\CodeIgniter->handleRequest(null, Object(Config\Cache), false)
 5 FCPATH/index.php(79): CodeIgniter\CodeIgniter->run()
CRITICAL - 2025-07-21 16:12:08 --> [Caused by] CodeIgniter\Database\Exceptions\DatabaseException: Unknown column 'homepage_assets' in 'where clause'
in SYSTEMPATH/Database/MySQLi/Connection.php on line 311.
 1 SYSTEMPATH/Database/BaseConnection.php(693): CodeIgniter\Database\MySQLi\Connection->execute(' SELECT *  FROM course_batch
                                WHERE course_id = homepage_assets')
 2 SYSTEMPATH/Database/BaseConnection.php(607): CodeIgniter\Database\BaseConnection->simpleQuery(' SELECT *  FROM course_batch
                                WHERE course_id = homepage_assets')
 3 APPPATH/Controllers/HomepageController.php(167): CodeIgniter\Database\BaseConnection->query(' SELECT *  FROM course_batch
                                WHERE course_id = homepage_assets')
 4 SYSTEMPATH/CodeIgniter.php(943): App\Controllers\HomepageController->Course_details_view('homepage_assets', 'img', 'apple-touch-icon.png')
 5 SYSTEMPATH/CodeIgniter.php(503): CodeIgniter\CodeIgniter->runController(Object(App\Controllers\HomepageController))
 6 SYSTEMPATH/CodeIgniter.php(361): CodeIgniter\CodeIgniter->handleRequest(null, Object(Config\Cache), false)
 7 FCPATH/index.php(79): CodeIgniter\CodeIgniter->run()
CRITICAL - 2025-07-21 16:12:08 --> [Caused by] mysqli_sql_exception: Unknown column 'homepage_assets' in 'where clause'
in SYSTEMPATH/Database/MySQLi/Connection.php on line 306.
 1 SYSTEMPATH/Database/MySQLi/Connection.php(306): mysqli->query(' SELECT *  FROM course_batch
                                WHERE course_id = homepage_assets', 0)
 2 SYSTEMPATH/Database/BaseConnection.php(693): CodeIgniter\Database\MySQLi\Connection->execute(' SELECT *  FROM course_batch
                                WHERE course_id = homepage_assets')
 3 SYSTEMPATH/Database/BaseConnection.php(607): CodeIgniter\Database\BaseConnection->simpleQuery(' SELECT *  FROM course_batch
                                WHERE course_id = homepage_assets')
 4 APPPATH/Controllers/HomepageController.php(167): CodeIgniter\Database\BaseConnection->query(' SELECT *  FROM course_batch
                                WHERE course_id = homepage_assets')
 5 SYSTEMPATH/CodeIgniter.php(943): App\Controllers\HomepageController->Course_details_view('homepage_assets', 'img', 'apple-touch-icon.png')
 6 SYSTEMPATH/CodeIgniter.php(503): CodeIgniter\CodeIgniter->runController(Object(App\Controllers\HomepageController))
 7 SYSTEMPATH/CodeIgniter.php(361): CodeIgniter\CodeIgniter->handleRequest(null, Object(Config\Cache), false)
 8 FCPATH/index.php(79): CodeIgniter\CodeIgniter->run()
INFO - 2025-07-21 16:12:10 --> Session: Class initialized using 'CodeIgniter\Session\Handlers\FileHandler' driver.
ERROR - 2025-07-21 16:12:10 --> mysqli_sql_exception: Unknown column 'homepage_assets' in 'where clause' in /var/www/html/vendor/codeigniter4/framework/system/Database/MySQLi/Connection.php:306
Stack trace:
#0 /var/www/html/vendor/codeigniter4/framework/system/Database/MySQLi/Connection.php(306): mysqli->query(' SELECT *  FROM...', 0)
#1 /var/www/html/vendor/codeigniter4/framework/system/Database/BaseConnection.php(693): CodeIgniter\Database\MySQLi\Connection->execute(' SELECT *  FROM...')
#2 /var/www/html/vendor/codeigniter4/framework/system/Database/BaseConnection.php(607): CodeIgniter\Database\BaseConnection->simpleQuery(' SELECT *  FROM...')
#3 /var/www/html/app/Controllers/HomepageController.php(167): CodeIgniter\Database\BaseConnection->query(' SELECT *  FROM...')
#4 /var/www/html/vendor/codeigniter4/framework/system/CodeIgniter.php(943): App\Controllers\HomepageController->Course_details_view('homepage_assets', 'img', 'apple-touch-ico...')
#5 /var/www/html/vendor/codeigniter4/framework/system/CodeIgniter.php(503): CodeIgniter\CodeIgniter->runController(Object(App\Controllers\HomepageController))
#6 /var/www/html/vendor/codeigniter4/framework/system/CodeIgniter.php(361): CodeIgniter\CodeIgniter->handleRequest(NULL, Object(Config\Cache), false)
#7 /var/www/html/index.php(79): CodeIgniter\CodeIgniter->run()
#8 {main}
CRITICAL - 2025-07-21 16:12:10 --> CodeIgniter\Database\Exceptions\DatabaseException: Unknown column 'homepage_assets' in 'where clause'
in SYSTEMPATH/Database/BaseConnection.php on line 647.
 1 APPPATH/Controllers/HomepageController.php(167): CodeIgniter\Database\BaseConnection->query(' SELECT *  FROM course_batch
                                WHERE course_id = homepage_assets')
 2 SYSTEMPATH/CodeIgniter.php(943): App\Controllers\HomepageController->Course_details_view('homepage_assets', 'img', 'apple-touch-icon.png')
 3 SYSTEMPATH/CodeIgniter.php(503): CodeIgniter\CodeIgniter->runController(Object(App\Controllers\HomepageController))
 4 SYSTEMPATH/CodeIgniter.php(361): CodeIgniter\CodeIgniter->handleRequest(null, Object(Config\Cache), false)
 5 FCPATH/index.php(79): CodeIgniter\CodeIgniter->run()
CRITICAL - 2025-07-21 16:12:10 --> [Caused by] CodeIgniter\Database\Exceptions\DatabaseException: Unknown column 'homepage_assets' in 'where clause'
in SYSTEMPATH/Database/MySQLi/Connection.php on line 311.
 1 SYSTEMPATH/Database/BaseConnection.php(693): CodeIgniter\Database\MySQLi\Connection->execute(' SELECT *  FROM course_batch
                                WHERE course_id = homepage_assets')
 2 SYSTEMPATH/Database/BaseConnection.php(607): CodeIgniter\Database\BaseConnection->simpleQuery(' SELECT *  FROM course_batch
                                WHERE course_id = homepage_assets')
 3 APPPATH/Controllers/HomepageController.php(167): CodeIgniter\Database\BaseConnection->query(' SELECT *  FROM course_batch
                                WHERE course_id = homepage_assets')
 4 SYSTEMPATH/CodeIgniter.php(943): App\Controllers\HomepageController->Course_details_view('homepage_assets', 'img', 'apple-touch-icon.png')
 5 SYSTEMPATH/CodeIgniter.php(503): CodeIgniter\CodeIgniter->runController(Object(App\Controllers\HomepageController))
 6 SYSTEMPATH/CodeIgniter.php(361): CodeIgniter\CodeIgniter->handleRequest(null, Object(Config\Cache), false)
 7 FCPATH/index.php(79): CodeIgniter\CodeIgniter->run()
CRITICAL - 2025-07-21 16:12:10 --> [Caused by] mysqli_sql_exception: Unknown column 'homepage_assets' in 'where clause'
in SYSTEMPATH/Database/MySQLi/Connection.php on line 306.
 1 SYSTEMPATH/Database/MySQLi/Connection.php(306): mysqli->query(' SELECT *  FROM course_batch
                                WHERE course_id = homepage_assets', 0)
 2 SYSTEMPATH/Database/BaseConnection.php(693): CodeIgniter\Database\MySQLi\Connection->execute(' SELECT *  FROM course_batch
                                WHERE course_id = homepage_assets')
 3 SYSTEMPATH/Database/BaseConnection.php(607): CodeIgniter\Database\BaseConnection->simpleQuery(' SELECT *  FROM course_batch
                                WHERE course_id = homepage_assets')
 4 APPPATH/Controllers/HomepageController.php(167): CodeIgniter\Database\BaseConnection->query(' SELECT *  FROM course_batch
                                WHERE course_id = homepage_assets')
 5 SYSTEMPATH/CodeIgniter.php(943): App\Controllers\HomepageController->Course_details_view('homepage_assets', 'img', 'apple-touch-icon.png')
 6 SYSTEMPATH/CodeIgniter.php(503): CodeIgniter\CodeIgniter->runController(Object(App\Controllers\HomepageController))
 7 SYSTEMPATH/CodeIgniter.php(361): CodeIgniter\CodeIgniter->handleRequest(null, Object(Config\Cache), false)
 8 FCPATH/index.php(79): CodeIgniter\CodeIgniter->run()
INFO - 2025-07-21 16:12:48 --> Session: Class initialized using 'CodeIgniter\Session\Handlers\FileHandler' driver.
ERROR - 2025-07-21 16:12:48 --> mysqli_sql_exception: Unknown column 'homepage_assets' in 'where clause' in /var/www/html/vendor/codeigniter4/framework/system/Database/MySQLi/Connection.php:306
Stack trace:
#0 /var/www/html/vendor/codeigniter4/framework/system/Database/MySQLi/Connection.php(306): mysqli->query(' SELECT *  FROM...', 0)
#1 /var/www/html/vendor/codeigniter4/framework/system/Database/BaseConnection.php(693): CodeIgniter\Database\MySQLi\Connection->execute(' SELECT *  FROM...')
#2 /var/www/html/vendor/codeigniter4/framework/system/Database/BaseConnection.php(607): CodeIgniter\Database\BaseConnection->simpleQuery(' SELECT *  FROM...')
#3 /var/www/html/app/Controllers/HomepageController.php(167): CodeIgniter\Database\BaseConnection->query(' SELECT *  FROM...')
#4 /var/www/html/vendor/codeigniter4/framework/system/CodeIgniter.php(943): App\Controllers\HomepageController->Course_details_view('homepage_assets', 'img', 'favicon.png')
#5 /var/www/html/vendor/codeigniter4/framework/system/CodeIgniter.php(503): CodeIgniter\CodeIgniter->runController(Object(App\Controllers\HomepageController))
#6 /var/www/html/vendor/codeigniter4/framework/system/CodeIgniter.php(361): CodeIgniter\CodeIgniter->handleRequest(NULL, Object(Config\Cache), false)
#7 /var/www/html/index.php(79): CodeIgniter\CodeIgniter->run()
#8 {main}
CRITICAL - 2025-07-21 16:12:48 --> CodeIgniter\Database\Exceptions\DatabaseException: Unknown column 'homepage_assets' in 'where clause'
in SYSTEMPATH/Database/BaseConnection.php on line 647.
 1 APPPATH/Controllers/HomepageController.php(167): CodeIgniter\Database\BaseConnection->query(' SELECT *  FROM course_batch
                                WHERE course_id = homepage_assets')
 2 SYSTEMPATH/CodeIgniter.php(943): App\Controllers\HomepageController->Course_details_view('homepage_assets', 'img', 'favicon.png')
 3 SYSTEMPATH/CodeIgniter.php(503): CodeIgniter\CodeIgniter->runController(Object(App\Controllers\HomepageController))
 4 SYSTEMPATH/CodeIgniter.php(361): CodeIgniter\CodeIgniter->handleRequest(null, Object(Config\Cache), false)
 5 FCPATH/index.php(79): CodeIgniter\CodeIgniter->run()
CRITICAL - 2025-07-21 16:12:48 --> [Caused by] CodeIgniter\Database\Exceptions\DatabaseException: Unknown column 'homepage_assets' in 'where clause'
in SYSTEMPATH/Database/MySQLi/Connection.php on line 311.
 1 SYSTEMPATH/Database/BaseConnection.php(693): CodeIgniter\Database\MySQLi\Connection->execute(' SELECT *  FROM course_batch
                                WHERE course_id = homepage_assets')
 2 SYSTEMPATH/Database/BaseConnection.php(607): CodeIgniter\Database\BaseConnection->simpleQuery(' SELECT *  FROM course_batch
                                WHERE course_id = homepage_assets')
 3 APPPATH/Controllers/HomepageController.php(167): CodeIgniter\Database\BaseConnection->query(' SELECT *  FROM course_batch
                                WHERE course_id = homepage_assets')
 4 SYSTEMPATH/CodeIgniter.php(943): App\Controllers\HomepageController->Course_details_view('homepage_assets', 'img', 'favicon.png')
 5 SYSTEMPATH/CodeIgniter.php(503): CodeIgniter\CodeIgniter->runController(Object(App\Controllers\HomepageController))
 6 SYSTEMPATH/CodeIgniter.php(361): CodeIgniter\CodeIgniter->handleRequest(null, Object(Config\Cache), false)
 7 FCPATH/index.php(79): CodeIgniter\CodeIgniter->run()
CRITICAL - 2025-07-21 16:12:48 --> [Caused by] mysqli_sql_exception: Unknown column 'homepage_assets' in 'where clause'
in SYSTEMPATH/Database/MySQLi/Connection.php on line 306.
 1 SYSTEMPATH/Database/MySQLi/Connection.php(306): mysqli->query(' SELECT *  FROM course_batch
                                WHERE course_id = homepage_assets', 0)
 2 SYSTEMPATH/Database/BaseConnection.php(693): CodeIgniter\Database\MySQLi\Connection->execute(' SELECT *  FROM course_batch
                                WHERE course_id = homepage_assets')
 3 SYSTEMPATH/Database/BaseConnection.php(607): CodeIgniter\Database\BaseConnection->simpleQuery(' SELECT *  FROM course_batch
                                WHERE course_id = homepage_assets')
 4 APPPATH/Controllers/HomepageController.php(167): CodeIgniter\Database\BaseConnection->query(' SELECT *  FROM course_batch
                                WHERE course_id = homepage_assets')
 5 SYSTEMPATH/CodeIgniter.php(943): App\Controllers\HomepageController->Course_details_view('homepage_assets', 'img', 'favicon.png')
 6 SYSTEMPATH/CodeIgniter.php(503): CodeIgniter\CodeIgniter->runController(Object(App\Controllers\HomepageController))
 7 SYSTEMPATH/CodeIgniter.php(361): CodeIgniter\CodeIgniter->handleRequest(null, Object(Config\Cache), false)
 8 FCPATH/index.php(79): CodeIgniter\CodeIgniter->run()
INFO - 2025-07-21 16:12:53 --> Session: Class initialized using 'CodeIgniter\Session\Handlers\FileHandler' driver.
CRITICAL - 2025-07-21 16:12:53 --> ErrorException: Undefined index: course_id
in APPPATH/Controllers/StudentDashboardController.php on line 121.
 1 APPPATH/Controllers/StudentDashboardController.php(121): CodeIgniter\Debug\Exceptions->errorHandler(8, 'Undefined index: course_id', '/var/www/html/app/Controllers/StudentDashboardController.php', 121, [])
 2 SYSTEMPATH/CodeIgniter.php(943): App\Controllers\StudentDashboardController->manageCart()
 3 SYSTEMPATH/CodeIgniter.php(503): CodeIgniter\CodeIgniter->runController(Object(App\Controllers\StudentDashboardController))
 4 SYSTEMPATH/CodeIgniter.php(361): CodeIgniter\CodeIgniter->handleRequest(null, Object(Config\Cache), false)
 5 FCPATH/index.php(79): CodeIgniter\CodeIgniter->run()
INFO - 2025-07-21 16:13:08 --> Session: Class initialized using 'CodeIgniter\Session\Handlers\FileHandler' driver.
CRITICAL - 2025-07-21 16:13:08 --> ErrorException: Undefined index: course_id
in APPPATH/Controllers/StudentDashboardController.php on line 121.
 1 APPPATH/Controllers/StudentDashboardController.php(121): CodeIgniter\Debug\Exceptions->errorHandler(8, 'Undefined index: course_id', '/var/www/html/app/Controllers/StudentDashboardController.php', 121, [])
 2 SYSTEMPATH/CodeIgniter.php(943): App\Controllers\StudentDashboardController->manageCart()
 3 SYSTEMPATH/CodeIgniter.php(503): CodeIgniter\CodeIgniter->runController(Object(App\Controllers\StudentDashboardController))
 4 SYSTEMPATH/CodeIgniter.php(361): CodeIgniter\CodeIgniter->handleRequest(null, Object(Config\Cache), false)
 5 FCPATH/index.php(79): CodeIgniter\CodeIgniter->run()
INFO - 2025-07-21 16:13:44 --> Session: Class initialized using 'CodeIgniter\Session\Handlers\FileHandler' driver.
INFO - 2025-07-21 16:26:03 --> Session: Class initialized using 'CodeIgniter\Session\Handlers\FileHandler' driver.
INFO - 2025-07-21 16:26:28 --> Session: Class initialized using 'CodeIgniter\Session\Handlers\FileHandler' driver.
INFO - 2025-07-21 16:43:18 --> Session: Class initialized using 'CodeIgniter\Session\Handlers\FileHandler' driver.
ERROR - 2025-07-21 16:43:18 --> mysqli_sql_exception: Unknown column 'homepage_assets' in 'where clause' in /var/www/html/vendor/codeigniter4/framework/system/Database/MySQLi/Connection.php:306
Stack trace:
#0 /var/www/html/vendor/codeigniter4/framework/system/Database/MySQLi/Connection.php(306): mysqli->query(' SELECT *  FROM...', 0)
#1 /var/www/html/vendor/codeigniter4/framework/system/Database/BaseConnection.php(693): CodeIgniter\Database\MySQLi\Connection->execute(' SELECT *  FROM...')
#2 /var/www/html/vendor/codeigniter4/framework/system/Database/BaseConnection.php(607): CodeIgniter\Database\BaseConnection->simpleQuery(' SELECT *  FROM...')
#3 /var/www/html/app/Controllers/HomepageController.php(167): CodeIgniter\Database\BaseConnection->query(' SELECT *  FROM...')
#4 /var/www/html/vendor/codeigniter4/framework/system/CodeIgniter.php(943): App\Controllers\HomepageController->Course_details_view('homepage_assets', 'img', 'favicon.png')
#5 /var/www/html/vendor/codeigniter4/framework/system/CodeIgniter.php(503): CodeIgniter\CodeIgniter->runController(Object(App\Controllers\HomepageController))
#6 /var/www/html/vendor/codeigniter4/framework/system/CodeIgniter.php(361): CodeIgniter\CodeIgniter->handleRequest(NULL, Object(Config\Cache), false)
#7 /var/www/html/index.php(79): CodeIgniter\CodeIgniter->run()
#8 {main}
CRITICAL - 2025-07-21 16:43:18 --> CodeIgniter\Database\Exceptions\DatabaseException: Unknown column 'homepage_assets' in 'where clause'
in SYSTEMPATH/Database/BaseConnection.php on line 647.
 1 APPPATH/Controllers/HomepageController.php(167): CodeIgniter\Database\BaseConnection->query(' SELECT *  FROM course_batch
                                WHERE course_id = homepage_assets')
 2 SYSTEMPATH/CodeIgniter.php(943): App\Controllers\HomepageController->Course_details_view('homepage_assets', 'img', 'favicon.png')
 3 SYSTEMPATH/CodeIgniter.php(503): CodeIgniter\CodeIgniter->runController(Object(App\Controllers\HomepageController))
 4 SYSTEMPATH/CodeIgniter.php(361): CodeIgniter\CodeIgniter->handleRequest(null, Object(Config\Cache), false)
 5 FCPATH/index.php(79): CodeIgniter\CodeIgniter->run()
CRITICAL - 2025-07-21 16:43:18 --> [Caused by] CodeIgniter\Database\Exceptions\DatabaseException: Unknown column 'homepage_assets' in 'where clause'
in SYSTEMPATH/Database/MySQLi/Connection.php on line 311.
 1 SYSTEMPATH/Database/BaseConnection.php(693): CodeIgniter\Database\MySQLi\Connection->execute(' SELECT *  FROM course_batch
                                WHERE course_id = homepage_assets')
 2 SYSTEMPATH/Database/BaseConnection.php(607): CodeIgniter\Database\BaseConnection->simpleQuery(' SELECT *  FROM course_batch
                                WHERE course_id = homepage_assets')
 3 APPPATH/Controllers/HomepageController.php(167): CodeIgniter\Database\BaseConnection->query(' SELECT *  FROM course_batch
                                WHERE course_id = homepage_assets')
 4 SYSTEMPATH/CodeIgniter.php(943): App\Controllers\HomepageController->Course_details_view('homepage_assets', 'img', 'favicon.png')
 5 SYSTEMPATH/CodeIgniter.php(503): CodeIgniter\CodeIgniter->runController(Object(App\Controllers\HomepageController))
 6 SYSTEMPATH/CodeIgniter.php(361): CodeIgniter\CodeIgniter->handleRequest(null, Object(Config\Cache), false)
 7 FCPATH/index.php(79): CodeIgniter\CodeIgniter->run()
CRITICAL - 2025-07-21 16:43:18 --> [Caused by] mysqli_sql_exception: Unknown column 'homepage_assets' in 'where clause'
in SYSTEMPATH/Database/MySQLi/Connection.php on line 306.
 1 SYSTEMPATH/Database/MySQLi/Connection.php(306): mysqli->query(' SELECT *  FROM course_batch
                                WHERE course_id = homepage_assets', 0)
 2 SYSTEMPATH/Database/BaseConnection.php(693): CodeIgniter\Database\MySQLi\Connection->execute(' SELECT *  FROM course_batch
                                WHERE course_id = homepage_assets')
 3 SYSTEMPATH/Database/BaseConnection.php(607): CodeIgniter\Database\BaseConnection->simpleQuery(' SELECT *  FROM course_batch
                                WHERE course_id = homepage_assets')
 4 APPPATH/Controllers/HomepageController.php(167): CodeIgniter\Database\BaseConnection->query(' SELECT *  FROM course_batch
                                WHERE course_id = homepage_assets')
 5 SYSTEMPATH/CodeIgniter.php(943): App\Controllers\HomepageController->Course_details_view('homepage_assets', 'img', 'favicon.png')
 6 SYSTEMPATH/CodeIgniter.php(503): CodeIgniter\CodeIgniter->runController(Object(App\Controllers\HomepageController))
 7 SYSTEMPATH/CodeIgniter.php(361): CodeIgniter\CodeIgniter->handleRequest(null, Object(Config\Cache), false)
 8 FCPATH/index.php(79): CodeIgniter\CodeIgniter->run()
INFO - 2025-07-21 16:43:21 --> Session: Class initialized using 'CodeIgniter\Session\Handlers\FileHandler' driver.
ERROR - 2025-07-21 16:43:21 --> mysqli_sql_exception: Unknown column 'homepage_assets' in 'where clause' in /var/www/html/vendor/codeigniter4/framework/system/Database/MySQLi/Connection.php:306
Stack trace:
#0 /var/www/html/vendor/codeigniter4/framework/system/Database/MySQLi/Connection.php(306): mysqli->query(' SELECT *  FROM...', 0)
#1 /var/www/html/vendor/codeigniter4/framework/system/Database/BaseConnection.php(693): CodeIgniter\Database\MySQLi\Connection->execute(' SELECT *  FROM...')
#2 /var/www/html/vendor/codeigniter4/framework/system/Database/BaseConnection.php(607): CodeIgniter\Database\BaseConnection->simpleQuery(' SELECT *  FROM...')
#3 /var/www/html/app/Controllers/HomepageController.php(167): CodeIgniter\Database\BaseConnection->query(' SELECT *  FROM...')
#4 /var/www/html/vendor/codeigniter4/framework/system/CodeIgniter.php(943): App\Controllers\HomepageController->Course_details_view('homepage_assets', 'img', 'apple-touch-ico...')
#5 /var/www/html/vendor/codeigniter4/framework/system/CodeIgniter.php(503): CodeIgniter\CodeIgniter->runController(Object(App\Controllers\HomepageController))
#6 /var/www/html/vendor/codeigniter4/framework/system/CodeIgniter.php(361): CodeIgniter\CodeIgniter->handleRequest(NULL, Object(Config\Cache), false)
#7 /var/www/html/index.php(79): CodeIgniter\CodeIgniter->run()
#8 {main}
CRITICAL - 2025-07-21 16:43:21 --> CodeIgniter\Database\Exceptions\DatabaseException: Unknown column 'homepage_assets' in 'where clause'
in SYSTEMPATH/Database/BaseConnection.php on line 647.
 1 APPPATH/Controllers/HomepageController.php(167): CodeIgniter\Database\BaseConnection->query(' SELECT *  FROM course_batch
                                WHERE course_id = homepage_assets')
 2 SYSTEMPATH/CodeIgniter.php(943): App\Controllers\HomepageController->Course_details_view('homepage_assets', 'img', 'apple-touch-icon.png')
 3 SYSTEMPATH/CodeIgniter.php(503): CodeIgniter\CodeIgniter->runController(Object(App\Controllers\HomepageController))
 4 SYSTEMPATH/CodeIgniter.php(361): CodeIgniter\CodeIgniter->handleRequest(null, Object(Config\Cache), false)
 5 FCPATH/index.php(79): CodeIgniter\CodeIgniter->run()
CRITICAL - 2025-07-21 16:43:21 --> [Caused by] CodeIgniter\Database\Exceptions\DatabaseException: Unknown column 'homepage_assets' in 'where clause'
in SYSTEMPATH/Database/MySQLi/Connection.php on line 311.
 1 SYSTEMPATH/Database/BaseConnection.php(693): CodeIgniter\Database\MySQLi\Connection->execute(' SELECT *  FROM course_batch
                                WHERE course_id = homepage_assets')
 2 SYSTEMPATH/Database/BaseConnection.php(607): CodeIgniter\Database\BaseConnection->simpleQuery(' SELECT *  FROM course_batch
                                WHERE course_id = homepage_assets')
 3 APPPATH/Controllers/HomepageController.php(167): CodeIgniter\Database\BaseConnection->query(' SELECT *  FROM course_batch
                                WHERE course_id = homepage_assets')
 4 SYSTEMPATH/CodeIgniter.php(943): App\Controllers\HomepageController->Course_details_view('homepage_assets', 'img', 'apple-touch-icon.png')
 5 SYSTEMPATH/CodeIgniter.php(503): CodeIgniter\CodeIgniter->runController(Object(App\Controllers\HomepageController))
 6 SYSTEMPATH/CodeIgniter.php(361): CodeIgniter\CodeIgniter->handleRequest(null, Object(Config\Cache), false)
 7 FCPATH/index.php(79): CodeIgniter\CodeIgniter->run()
CRITICAL - 2025-07-21 16:43:21 --> [Caused by] mysqli_sql_exception: Unknown column 'homepage_assets' in 'where clause'
in SYSTEMPATH/Database/MySQLi/Connection.php on line 306.
 1 SYSTEMPATH/Database/MySQLi/Connection.php(306): mysqli->query(' SELECT *  FROM course_batch
                                WHERE course_id = homepage_assets', 0)
 2 SYSTEMPATH/Database/BaseConnection.php(693): CodeIgniter\Database\MySQLi\Connection->execute(' SELECT *  FROM course_batch
                                WHERE course_id = homepage_assets')
 3 SYSTEMPATH/Database/BaseConnection.php(607): CodeIgniter\Database\BaseConnection->simpleQuery(' SELECT *  FROM course_batch
                                WHERE course_id = homepage_assets')
 4 APPPATH/Controllers/HomepageController.php(167): CodeIgniter\Database\BaseConnection->query(' SELECT *  FROM course_batch
                                WHERE course_id = homepage_assets')
 5 SYSTEMPATH/CodeIgniter.php(943): App\Controllers\HomepageController->Course_details_view('homepage_assets', 'img', 'apple-touch-icon.png')
 6 SYSTEMPATH/CodeIgniter.php(503): CodeIgniter\CodeIgniter->runController(Object(App\Controllers\HomepageController))
 7 SYSTEMPATH/CodeIgniter.php(361): CodeIgniter\CodeIgniter->handleRequest(null, Object(Config\Cache), false)
 8 FCPATH/index.php(79): CodeIgniter\CodeIgniter->run()
INFO - 2025-07-21 16:43:24 --> Session: Class initialized using 'CodeIgniter\Session\Handlers\FileHandler' driver.
ERROR - 2025-07-21 16:43:24 --> mysqli_sql_exception: Unknown column 'homepage_assets' in 'where clause' in /var/www/html/vendor/codeigniter4/framework/system/Database/MySQLi/Connection.php:306
Stack trace:
#0 /var/www/html/vendor/codeigniter4/framework/system/Database/MySQLi/Connection.php(306): mysqli->query(' SELECT *  FROM...', 0)
#1 /var/www/html/vendor/codeigniter4/framework/system/Database/BaseConnection.php(693): CodeIgniter\Database\MySQLi\Connection->execute(' SELECT *  FROM...')
#2 /var/www/html/vendor/codeigniter4/framework/system/Database/BaseConnection.php(607): CodeIgniter\Database\BaseConnection->simpleQuery(' SELECT *  FROM...')
#3 /var/www/html/app/Controllers/HomepageController.php(167): CodeIgniter\Database\BaseConnection->query(' SELECT *  FROM...')
#4 /var/www/html/vendor/codeigniter4/framework/system/CodeIgniter.php(943): App\Controllers\HomepageController->Course_details_view('homepage_assets', 'img', 'apple-touch-ico...')
#5 /var/www/html/vendor/codeigniter4/framework/system/CodeIgniter.php(503): CodeIgniter\CodeIgniter->runController(Object(App\Controllers\HomepageController))
#6 /var/www/html/vendor/codeigniter4/framework/system/CodeIgniter.php(361): CodeIgniter\CodeIgniter->handleRequest(NULL, Object(Config\Cache), false)
#7 /var/www/html/index.php(79): CodeIgniter\CodeIgniter->run()
#8 {main}
CRITICAL - 2025-07-21 16:43:24 --> CodeIgniter\Database\Exceptions\DatabaseException: Unknown column 'homepage_assets' in 'where clause'
in SYSTEMPATH/Database/BaseConnection.php on line 647.
 1 APPPATH/Controllers/HomepageController.php(167): CodeIgniter\Database\BaseConnection->query(' SELECT *  FROM course_batch
                                WHERE course_id = homepage_assets')
 2 SYSTEMPATH/CodeIgniter.php(943): App\Controllers\HomepageController->Course_details_view('homepage_assets', 'img', 'apple-touch-icon.png')
 3 SYSTEMPATH/CodeIgniter.php(503): CodeIgniter\CodeIgniter->runController(Object(App\Controllers\HomepageController))
 4 SYSTEMPATH/CodeIgniter.php(361): CodeIgniter\CodeIgniter->handleRequest(null, Object(Config\Cache), false)
 5 FCPATH/index.php(79): CodeIgniter\CodeIgniter->run()
CRITICAL - 2025-07-21 16:43:24 --> [Caused by] CodeIgniter\Database\Exceptions\DatabaseException: Unknown column 'homepage_assets' in 'where clause'
in SYSTEMPATH/Database/MySQLi/Connection.php on line 311.
 1 SYSTEMPATH/Database/BaseConnection.php(693): CodeIgniter\Database\MySQLi\Connection->execute(' SELECT *  FROM course_batch
                                WHERE course_id = homepage_assets')
 2 SYSTEMPATH/Database/BaseConnection.php(607): CodeIgniter\Database\BaseConnection->simpleQuery(' SELECT *  FROM course_batch
                                WHERE course_id = homepage_assets')
 3 APPPATH/Controllers/HomepageController.php(167): CodeIgniter\Database\BaseConnection->query(' SELECT *  FROM course_batch
                                WHERE course_id = homepage_assets')
 4 SYSTEMPATH/CodeIgniter.php(943): App\Controllers\HomepageController->Course_details_view('homepage_assets', 'img', 'apple-touch-icon.png')
 5 SYSTEMPATH/CodeIgniter.php(503): CodeIgniter\CodeIgniter->runController(Object(App\Controllers\HomepageController))
 6 SYSTEMPATH/CodeIgniter.php(361): CodeIgniter\CodeIgniter->handleRequest(null, Object(Config\Cache), false)
 7 FCPATH/index.php(79): CodeIgniter\CodeIgniter->run()
CRITICAL - 2025-07-21 16:43:24 --> [Caused by] mysqli_sql_exception: Unknown column 'homepage_assets' in 'where clause'
in SYSTEMPATH/Database/MySQLi/Connection.php on line 306.
 1 SYSTEMPATH/Database/MySQLi/Connection.php(306): mysqli->query(' SELECT *  FROM course_batch
                                WHERE course_id = homepage_assets', 0)
 2 SYSTEMPATH/Database/BaseConnection.php(693): CodeIgniter\Database\MySQLi\Connection->execute(' SELECT *  FROM course_batch
                                WHERE course_id = homepage_assets')
 3 SYSTEMPATH/Database/BaseConnection.php(607): CodeIgniter\Database\BaseConnection->simpleQuery(' SELECT *  FROM course_batch
                                WHERE course_id = homepage_assets')
 4 APPPATH/Controllers/HomepageController.php(167): CodeIgniter\Database\BaseConnection->query(' SELECT *  FROM course_batch
                                WHERE course_id = homepage_assets')
 5 SYSTEMPATH/CodeIgniter.php(943): App\Controllers\HomepageController->Course_details_view('homepage_assets', 'img', 'apple-touch-icon.png')
 6 SYSTEMPATH/CodeIgniter.php(503): CodeIgniter\CodeIgniter->runController(Object(App\Controllers\HomepageController))
 7 SYSTEMPATH/CodeIgniter.php(361): CodeIgniter\CodeIgniter->handleRequest(null, Object(Config\Cache), false)
 8 FCPATH/index.php(79): CodeIgniter\CodeIgniter->run()
INFO - 2025-07-21 16:43:34 --> Session: Class initialized using 'CodeIgniter\Session\Handlers\FileHandler' driver.
ERROR - 2025-07-21 16:43:34 --> mysqli_sql_exception: Unknown column 'homepage_assets' in 'where clause' in /var/www/html/vendor/codeigniter4/framework/system/Database/MySQLi/Connection.php:306
Stack trace:
#0 /var/www/html/vendor/codeigniter4/framework/system/Database/MySQLi/Connection.php(306): mysqli->query(' SELECT *  FROM...', 0)
#1 /var/www/html/vendor/codeigniter4/framework/system/Database/BaseConnection.php(693): CodeIgniter\Database\MySQLi\Connection->execute(' SELECT *  FROM...')
#2 /var/www/html/vendor/codeigniter4/framework/system/Database/BaseConnection.php(607): CodeIgniter\Database\BaseConnection->simpleQuery(' SELECT *  FROM...')
#3 /var/www/html/app/Controllers/HomepageController.php(167): CodeIgniter\Database\BaseConnection->query(' SELECT *  FROM...')
#4 /var/www/html/vendor/codeigniter4/framework/system/CodeIgniter.php(943): App\Controllers\HomepageController->Course_details_view('homepage_assets', 'img', 'favicon.png')
#5 /var/www/html/vendor/codeigniter4/framework/system/CodeIgniter.php(503): CodeIgniter\CodeIgniter->runController(Object(App\Controllers\HomepageController))
#6 /var/www/html/vendor/codeigniter4/framework/system/CodeIgniter.php(361): CodeIgniter\CodeIgniter->handleRequest(NULL, Object(Config\Cache), false)
#7 /var/www/html/index.php(79): CodeIgniter\CodeIgniter->run()
#8 {main}
CRITICAL - 2025-07-21 16:43:34 --> CodeIgniter\Database\Exceptions\DatabaseException: Unknown column 'homepage_assets' in 'where clause'
in SYSTEMPATH/Database/BaseConnection.php on line 647.
 1 APPPATH/Controllers/HomepageController.php(167): CodeIgniter\Database\BaseConnection->query(' SELECT *  FROM course_batch
                                WHERE course_id = homepage_assets')
 2 SYSTEMPATH/CodeIgniter.php(943): App\Controllers\HomepageController->Course_details_view('homepage_assets', 'img', 'favicon.png')
 3 SYSTEMPATH/CodeIgniter.php(503): CodeIgniter\CodeIgniter->runController(Object(App\Controllers\HomepageController))
 4 SYSTEMPATH/CodeIgniter.php(361): CodeIgniter\CodeIgniter->handleRequest(null, Object(Config\Cache), false)
 5 FCPATH/index.php(79): CodeIgniter\CodeIgniter->run()
CRITICAL - 2025-07-21 16:43:34 --> [Caused by] CodeIgniter\Database\Exceptions\DatabaseException: Unknown column 'homepage_assets' in 'where clause'
in SYSTEMPATH/Database/MySQLi/Connection.php on line 311.
 1 SYSTEMPATH/Database/BaseConnection.php(693): CodeIgniter\Database\MySQLi\Connection->execute(' SELECT *  FROM course_batch
                                WHERE course_id = homepage_assets')
 2 SYSTEMPATH/Database/BaseConnection.php(607): CodeIgniter\Database\BaseConnection->simpleQuery(' SELECT *  FROM course_batch
                                WHERE course_id = homepage_assets')
 3 APPPATH/Controllers/HomepageController.php(167): CodeIgniter\Database\BaseConnection->query(' SELECT *  FROM course_batch
                                WHERE course_id = homepage_assets')
 4 SYSTEMPATH/CodeIgniter.php(943): App\Controllers\HomepageController->Course_details_view('homepage_assets', 'img', 'favicon.png')
 5 SYSTEMPATH/CodeIgniter.php(503): CodeIgniter\CodeIgniter->runController(Object(App\Controllers\HomepageController))
 6 SYSTEMPATH/CodeIgniter.php(361): CodeIgniter\CodeIgniter->handleRequest(null, Object(Config\Cache), false)
 7 FCPATH/index.php(79): CodeIgniter\CodeIgniter->run()
CRITICAL - 2025-07-21 16:43:34 --> [Caused by] mysqli_sql_exception: Unknown column 'homepage_assets' in 'where clause'
in SYSTEMPATH/Database/MySQLi/Connection.php on line 306.
 1 SYSTEMPATH/Database/MySQLi/Connection.php(306): mysqli->query(' SELECT *  FROM course_batch
                                WHERE course_id = homepage_assets', 0)
 2 SYSTEMPATH/Database/BaseConnection.php(693): CodeIgniter\Database\MySQLi\Connection->execute(' SELECT *  FROM course_batch
                                WHERE course_id = homepage_assets')
 3 SYSTEMPATH/Database/BaseConnection.php(607): CodeIgniter\Database\BaseConnection->simpleQuery(' SELECT *  FROM course_batch
                                WHERE course_id = homepage_assets')
 4 APPPATH/Controllers/HomepageController.php(167): CodeIgniter\Database\BaseConnection->query(' SELECT *  FROM course_batch
                                WHERE course_id = homepage_assets')
 5 SYSTEMPATH/CodeIgniter.php(943): App\Controllers\HomepageController->Course_details_view('homepage_assets', 'img', 'favicon.png')
 6 SYSTEMPATH/CodeIgniter.php(503): CodeIgniter\CodeIgniter->runController(Object(App\Controllers\HomepageController))
 7 SYSTEMPATH/CodeIgniter.php(361): CodeIgniter\CodeIgniter->handleRequest(null, Object(Config\Cache), false)
 8 FCPATH/index.php(79): CodeIgniter\CodeIgniter->run()
INFO - 2025-07-21 16:44:26 --> Session: Class initialized using 'CodeIgniter\Session\Handlers\FileHandler' driver.
ERROR - 2025-07-21 16:44:26 --> mysqli_sql_exception: Unknown column 'homepage_assets' in 'where clause' in /var/www/html/vendor/codeigniter4/framework/system/Database/MySQLi/Connection.php:306
Stack trace:
#0 /var/www/html/vendor/codeigniter4/framework/system/Database/MySQLi/Connection.php(306): mysqli->query(' SELECT *  FROM...', 0)
#1 /var/www/html/vendor/codeigniter4/framework/system/Database/BaseConnection.php(693): CodeIgniter\Database\MySQLi\Connection->execute(' SELECT *  FROM...')
#2 /var/www/html/vendor/codeigniter4/framework/system/Database/BaseConnection.php(607): CodeIgniter\Database\BaseConnection->simpleQuery(' SELECT *  FROM...')
#3 /var/www/html/app/Controllers/HomepageController.php(167): CodeIgniter\Database\BaseConnection->query(' SELECT *  FROM...')
#4 /var/www/html/vendor/codeigniter4/framework/system/CodeIgniter.php(943): App\Controllers\HomepageController->Course_details_view('homepage_assets', 'img', 'favicon.png')
#5 /var/www/html/vendor/codeigniter4/framework/system/CodeIgniter.php(503): CodeIgniter\CodeIgniter->runController(Object(App\Controllers\HomepageController))
#6 /var/www/html/vendor/codeigniter4/framework/system/CodeIgniter.php(361): CodeIgniter\CodeIgniter->handleRequest(NULL, Object(Config\Cache), false)
#7 /var/www/html/index.php(79): CodeIgniter\CodeIgniter->run()
#8 {main}
CRITICAL - 2025-07-21 16:44:26 --> CodeIgniter\Database\Exceptions\DatabaseException: Unknown column 'homepage_assets' in 'where clause'
in SYSTEMPATH/Database/BaseConnection.php on line 647.
 1 APPPATH/Controllers/HomepageController.php(167): CodeIgniter\Database\BaseConnection->query(' SELECT *  FROM course_batch
                                WHERE course_id = homepage_assets')
 2 SYSTEMPATH/CodeIgniter.php(943): App\Controllers\HomepageController->Course_details_view('homepage_assets', 'img', 'favicon.png')
 3 SYSTEMPATH/CodeIgniter.php(503): CodeIgniter\CodeIgniter->runController(Object(App\Controllers\HomepageController))
 4 SYSTEMPATH/CodeIgniter.php(361): CodeIgniter\CodeIgniter->handleRequest(null, Object(Config\Cache), false)
 5 FCPATH/index.php(79): CodeIgniter\CodeIgniter->run()
CRITICAL - 2025-07-21 16:44:26 --> [Caused by] CodeIgniter\Database\Exceptions\DatabaseException: Unknown column 'homepage_assets' in 'where clause'
in SYSTEMPATH/Database/MySQLi/Connection.php on line 311.
 1 SYSTEMPATH/Database/BaseConnection.php(693): CodeIgniter\Database\MySQLi\Connection->execute(' SELECT *  FROM course_batch
                                WHERE course_id = homepage_assets')
 2 SYSTEMPATH/Database/BaseConnection.php(607): CodeIgniter\Database\BaseConnection->simpleQuery(' SELECT *  FROM course_batch
                                WHERE course_id = homepage_assets')
 3 APPPATH/Controllers/HomepageController.php(167): CodeIgniter\Database\BaseConnection->query(' SELECT *  FROM course_batch
                                WHERE course_id = homepage_assets')
 4 SYSTEMPATH/CodeIgniter.php(943): App\Controllers\HomepageController->Course_details_view('homepage_assets', 'img', 'favicon.png')
 5 SYSTEMPATH/CodeIgniter.php(503): CodeIgniter\CodeIgniter->runController(Object(App\Controllers\HomepageController))
 6 SYSTEMPATH/CodeIgniter.php(361): CodeIgniter\CodeIgniter->handleRequest(null, Object(Config\Cache), false)
 7 FCPATH/index.php(79): CodeIgniter\CodeIgniter->run()
CRITICAL - 2025-07-21 16:44:26 --> [Caused by] mysqli_sql_exception: Unknown column 'homepage_assets' in 'where clause'
in SYSTEMPATH/Database/MySQLi/Connection.php on line 306.
 1 SYSTEMPATH/Database/MySQLi/Connection.php(306): mysqli->query(' SELECT *  FROM course_batch
                                WHERE course_id = homepage_assets', 0)
 2 SYSTEMPATH/Database/BaseConnection.php(693): CodeIgniter\Database\MySQLi\Connection->execute(' SELECT *  FROM course_batch
                                WHERE course_id = homepage_assets')
 3 SYSTEMPATH/Database/BaseConnection.php(607): CodeIgniter\Database\BaseConnection->simpleQuery(' SELECT *  FROM course_batch
                                WHERE course_id = homepage_assets')
 4 APPPATH/Controllers/HomepageController.php(167): CodeIgniter\Database\BaseConnection->query(' SELECT *  FROM course_batch
                                WHERE course_id = homepage_assets')
 5 SYSTEMPATH/CodeIgniter.php(943): App\Controllers\HomepageController->Course_details_view('homepage_assets', 'img', 'favicon.png')
 6 SYSTEMPATH/CodeIgniter.php(503): CodeIgniter\CodeIgniter->runController(Object(App\Controllers\HomepageController))
 7 SYSTEMPATH/CodeIgniter.php(361): CodeIgniter\CodeIgniter->handleRequest(null, Object(Config\Cache), false)
 8 FCPATH/index.php(79): CodeIgniter\CodeIgniter->run()
INFO - 2025-07-21 16:45:07 --> Session: Class initialized using 'CodeIgniter\Session\Handlers\FileHandler' driver.
ERROR - 2025-07-21 16:45:07 --> mysqli_sql_exception: Unknown column 'homepage_assets' in 'where clause' in /var/www/html/vendor/codeigniter4/framework/system/Database/MySQLi/Connection.php:306
Stack trace:
#0 /var/www/html/vendor/codeigniter4/framework/system/Database/MySQLi/Connection.php(306): mysqli->query(' SELECT *  FROM...', 0)
#1 /var/www/html/vendor/codeigniter4/framework/system/Database/BaseConnection.php(693): CodeIgniter\Database\MySQLi\Connection->execute(' SELECT *  FROM...')
#2 /var/www/html/vendor/codeigniter4/framework/system/Database/BaseConnection.php(607): CodeIgniter\Database\BaseConnection->simpleQuery(' SELECT *  FROM...')
#3 /var/www/html/app/Controllers/HomepageController.php(167): CodeIgniter\Database\BaseConnection->query(' SELECT *  FROM...')
#4 /var/www/html/vendor/codeigniter4/framework/system/CodeIgniter.php(943): App\Controllers\HomepageController->Course_details_view('homepage_assets', 'img', 'apple-touch-ico...')
#5 /var/www/html/vendor/codeigniter4/framework/system/CodeIgniter.php(503): CodeIgniter\CodeIgniter->runController(Object(App\Controllers\HomepageController))
#6 /var/www/html/vendor/codeigniter4/framework/system/CodeIgniter.php(361): CodeIgniter\CodeIgniter->handleRequest(NULL, Object(Config\Cache), false)
#7 /var/www/html/index.php(79): CodeIgniter\CodeIgniter->run()
#8 {main}
CRITICAL - 2025-07-21 16:45:07 --> CodeIgniter\Database\Exceptions\DatabaseException: Unknown column 'homepage_assets' in 'where clause'
in SYSTEMPATH/Database/BaseConnection.php on line 647.
 1 APPPATH/Controllers/HomepageController.php(167): CodeIgniter\Database\BaseConnection->query(' SELECT *  FROM course_batch
                                WHERE course_id = homepage_assets')
 2 SYSTEMPATH/CodeIgniter.php(943): App\Controllers\HomepageController->Course_details_view('homepage_assets', 'img', 'apple-touch-icon.png')
 3 SYSTEMPATH/CodeIgniter.php(503): CodeIgniter\CodeIgniter->runController(Object(App\Controllers\HomepageController))
 4 SYSTEMPATH/CodeIgniter.php(361): CodeIgniter\CodeIgniter->handleRequest(null, Object(Config\Cache), false)
 5 FCPATH/index.php(79): CodeIgniter\CodeIgniter->run()
CRITICAL - 2025-07-21 16:45:07 --> [Caused by] CodeIgniter\Database\Exceptions\DatabaseException: Unknown column 'homepage_assets' in 'where clause'
in SYSTEMPATH/Database/MySQLi/Connection.php on line 311.
 1 SYSTEMPATH/Database/BaseConnection.php(693): CodeIgniter\Database\MySQLi\Connection->execute(' SELECT *  FROM course_batch
                                WHERE course_id = homepage_assets')
 2 SYSTEMPATH/Database/BaseConnection.php(607): CodeIgniter\Database\BaseConnection->simpleQuery(' SELECT *  FROM course_batch
                                WHERE course_id = homepage_assets')
 3 APPPATH/Controllers/HomepageController.php(167): CodeIgniter\Database\BaseConnection->query(' SELECT *  FROM course_batch
                                WHERE course_id = homepage_assets')
 4 SYSTEMPATH/CodeIgniter.php(943): App\Controllers\HomepageController->Course_details_view('homepage_assets', 'img', 'apple-touch-icon.png')
 5 SYSTEMPATH/CodeIgniter.php(503): CodeIgniter\CodeIgniter->runController(Object(App\Controllers\HomepageController))
 6 SYSTEMPATH/CodeIgniter.php(361): CodeIgniter\CodeIgniter->handleRequest(null, Object(Config\Cache), false)
 7 FCPATH/index.php(79): CodeIgniter\CodeIgniter->run()
CRITICAL - 2025-07-21 16:45:07 --> [Caused by] mysqli_sql_exception: Unknown column 'homepage_assets' in 'where clause'
in SYSTEMPATH/Database/MySQLi/Connection.php on line 306.
 1 SYSTEMPATH/Database/MySQLi/Connection.php(306): mysqli->query(' SELECT *  FROM course_batch
                                WHERE course_id = homepage_assets', 0)
 2 SYSTEMPATH/Database/BaseConnection.php(693): CodeIgniter\Database\MySQLi\Connection->execute(' SELECT *  FROM course_batch
                                WHERE course_id = homepage_assets')
 3 SYSTEMPATH/Database/BaseConnection.php(607): CodeIgniter\Database\BaseConnection->simpleQuery(' SELECT *  FROM course_batch
                                WHERE course_id = homepage_assets')
 4 APPPATH/Controllers/HomepageController.php(167): CodeIgniter\Database\BaseConnection->query(' SELECT *  FROM course_batch
                                WHERE course_id = homepage_assets')
 5 SYSTEMPATH/CodeIgniter.php(943): App\Controllers\HomepageController->Course_details_view('homepage_assets', 'img', 'apple-touch-icon.png')
 6 SYSTEMPATH/CodeIgniter.php(503): CodeIgniter\CodeIgniter->runController(Object(App\Controllers\HomepageController))
 7 SYSTEMPATH/CodeIgniter.php(361): CodeIgniter\CodeIgniter->handleRequest(null, Object(Config\Cache), false)
 8 FCPATH/index.php(79): CodeIgniter\CodeIgniter->run()
INFO - 2025-07-21 16:45:28 --> Session: Class initialized using 'CodeIgniter\Session\Handlers\FileHandler' driver.
CRITICAL - 2025-07-21 16:45:28 --> ErrorException: Undefined index: course_id
in APPPATH/Controllers/StudentDashboardController.php on line 121.
 1 APPPATH/Controllers/StudentDashboardController.php(121): CodeIgniter\Debug\Exceptions->errorHandler(8, 'Undefined index: course_id', '/var/www/html/app/Controllers/StudentDashboardController.php', 121, [])
 2 SYSTEMPATH/CodeIgniter.php(943): App\Controllers\StudentDashboardController->manageCart()
 3 SYSTEMPATH/CodeIgniter.php(503): CodeIgniter\CodeIgniter->runController(Object(App\Controllers\StudentDashboardController))
 4 SYSTEMPATH/CodeIgniter.php(361): CodeIgniter\CodeIgniter->handleRequest(null, Object(Config\Cache), false)
 5 FCPATH/index.php(79): CodeIgniter\CodeIgniter->run()
INFO - 2025-07-21 16:46:31 --> Session: Class initialized using 'CodeIgniter\Session\Handlers\FileHandler' driver.
ERROR - 2025-07-21 16:46:31 --> mysqli_sql_exception: Unknown column 'homepage_assets' in 'where clause' in /var/www/html/vendor/codeigniter4/framework/system/Database/MySQLi/Connection.php:306
Stack trace:
#0 /var/www/html/vendor/codeigniter4/framework/system/Database/MySQLi/Connection.php(306): mysqli->query(' SELECT *  FROM...', 0)
#1 /var/www/html/vendor/codeigniter4/framework/system/Database/BaseConnection.php(693): CodeIgniter\Database\MySQLi\Connection->execute(' SELECT *  FROM...')
#2 /var/www/html/vendor/codeigniter4/framework/system/Database/BaseConnection.php(607): CodeIgniter\Database\BaseConnection->simpleQuery(' SELECT *  FROM...')
#3 /var/www/html/app/Controllers/HomepageController.php(167): CodeIgniter\Database\BaseConnection->query(' SELECT *  FROM...')
#4 /var/www/html/vendor/codeigniter4/framework/system/CodeIgniter.php(943): App\Controllers\HomepageController->Course_details_view('homepage_assets', 'img', 'apple-touch-ico...')
#5 /var/www/html/vendor/codeigniter4/framework/system/CodeIgniter.php(503): CodeIgniter\CodeIgniter->runController(Object(App\Controllers\HomepageController))
#6 /var/www/html/vendor/codeigniter4/framework/system/CodeIgniter.php(361): CodeIgniter\CodeIgniter->handleRequest(NULL, Object(Config\Cache), false)
#7 /var/www/html/index.php(79): CodeIgniter\CodeIgniter->run()
#8 {main}
CRITICAL - 2025-07-21 16:46:31 --> CodeIgniter\Database\Exceptions\DatabaseException: Unknown column 'homepage_assets' in 'where clause'
in SYSTEMPATH/Database/BaseConnection.php on line 647.
 1 APPPATH/Controllers/HomepageController.php(167): CodeIgniter\Database\BaseConnection->query(' SELECT *  FROM course_batch
                                WHERE course_id = homepage_assets')
 2 SYSTEMPATH/CodeIgniter.php(943): App\Controllers\HomepageController->Course_details_view('homepage_assets', 'img', 'apple-touch-icon.png')
 3 SYSTEMPATH/CodeIgniter.php(503): CodeIgniter\CodeIgniter->runController(Object(App\Controllers\HomepageController))
 4 SYSTEMPATH/CodeIgniter.php(361): CodeIgniter\CodeIgniter->handleRequest(null, Object(Config\Cache), false)
 5 FCPATH/index.php(79): CodeIgniter\CodeIgniter->run()
CRITICAL - 2025-07-21 16:46:31 --> [Caused by] CodeIgniter\Database\Exceptions\DatabaseException: Unknown column 'homepage_assets' in 'where clause'
in SYSTEMPATH/Database/MySQLi/Connection.php on line 311.
 1 SYSTEMPATH/Database/BaseConnection.php(693): CodeIgniter\Database\MySQLi\Connection->execute(' SELECT *  FROM course_batch
                                WHERE course_id = homepage_assets')
 2 SYSTEMPATH/Database/BaseConnection.php(607): CodeIgniter\Database\BaseConnection->simpleQuery(' SELECT *  FROM course_batch
                                WHERE course_id = homepage_assets')
 3 APPPATH/Controllers/HomepageController.php(167): CodeIgniter\Database\BaseConnection->query(' SELECT *  FROM course_batch
                                WHERE course_id = homepage_assets')
 4 SYSTEMPATH/CodeIgniter.php(943): App\Controllers\HomepageController->Course_details_view('homepage_assets', 'img', 'apple-touch-icon.png')
 5 SYSTEMPATH/CodeIgniter.php(503): CodeIgniter\CodeIgniter->runController(Object(App\Controllers\HomepageController))
 6 SYSTEMPATH/CodeIgniter.php(361): CodeIgniter\CodeIgniter->handleRequest(null, Object(Config\Cache), false)
 7 FCPATH/index.php(79): CodeIgniter\CodeIgniter->run()
CRITICAL - 2025-07-21 16:46:31 --> [Caused by] mysqli_sql_exception: Unknown column 'homepage_assets' in 'where clause'
in SYSTEMPATH/Database/MySQLi/Connection.php on line 306.
 1 SYSTEMPATH/Database/MySQLi/Connection.php(306): mysqli->query(' SELECT *  FROM course_batch
                                WHERE course_id = homepage_assets', 0)
 2 SYSTEMPATH/Database/BaseConnection.php(693): CodeIgniter\Database\MySQLi\Connection->execute(' SELECT *  FROM course_batch
                                WHERE course_id = homepage_assets')
 3 SYSTEMPATH/Database/BaseConnection.php(607): CodeIgniter\Database\BaseConnection->simpleQuery(' SELECT *  FROM course_batch
                                WHERE course_id = homepage_assets')
 4 APPPATH/Controllers/HomepageController.php(167): CodeIgniter\Database\BaseConnection->query(' SELECT *  FROM course_batch
                                WHERE course_id = homepage_assets')
 5 SYSTEMPATH/CodeIgniter.php(943): App\Controllers\HomepageController->Course_details_view('homepage_assets', 'img', 'apple-touch-icon.png')
 6 SYSTEMPATH/CodeIgniter.php(503): CodeIgniter\CodeIgniter->runController(Object(App\Controllers\HomepageController))
 7 SYSTEMPATH/CodeIgniter.php(361): CodeIgniter\CodeIgniter->handleRequest(null, Object(Config\Cache), false)
 8 FCPATH/index.php(79): CodeIgniter\CodeIgniter->run()
INFO - 2025-07-21 16:47:32 --> Session: Class initialized using 'CodeIgniter\Session\Handlers\FileHandler' driver.
ERROR - 2025-07-21 16:47:32 --> mysqli_sql_exception: Unknown column 'homepage_assets' in 'where clause' in /var/www/html/vendor/codeigniter4/framework/system/Database/MySQLi/Connection.php:306
Stack trace:
#0 /var/www/html/vendor/codeigniter4/framework/system/Database/MySQLi/Connection.php(306): mysqli->query(' SELECT *  FROM...', 0)
#1 /var/www/html/vendor/codeigniter4/framework/system/Database/BaseConnection.php(693): CodeIgniter\Database\MySQLi\Connection->execute(' SELECT *  FROM...')
#2 /var/www/html/vendor/codeigniter4/framework/system/Database/BaseConnection.php(607): CodeIgniter\Database\BaseConnection->simpleQuery(' SELECT *  FROM...')
#3 /var/www/html/app/Controllers/HomepageController.php(167): CodeIgniter\Database\BaseConnection->query(' SELECT *  FROM...')
#4 /var/www/html/vendor/codeigniter4/framework/system/CodeIgniter.php(943): App\Controllers\HomepageController->Course_details_view('homepage_assets', 'img', 'favicon.png')
#5 /var/www/html/vendor/codeigniter4/framework/system/CodeIgniter.php(503): CodeIgniter\CodeIgniter->runController(Object(App\Controllers\HomepageController))
#6 /var/www/html/vendor/codeigniter4/framework/system/CodeIgniter.php(361): CodeIgniter\CodeIgniter->handleRequest(NULL, Object(Config\Cache), false)
#7 /var/www/html/index.php(79): CodeIgniter\CodeIgniter->run()
#8 {main}
CRITICAL - 2025-07-21 16:47:32 --> CodeIgniter\Database\Exceptions\DatabaseException: Unknown column 'homepage_assets' in 'where clause'
in SYSTEMPATH/Database/BaseConnection.php on line 647.
 1 APPPATH/Controllers/HomepageController.php(167): CodeIgniter\Database\BaseConnection->query(' SELECT *  FROM course_batch
                                WHERE course_id = homepage_assets')
 2 SYSTEMPATH/CodeIgniter.php(943): App\Controllers\HomepageController->Course_details_view('homepage_assets', 'img', 'favicon.png')
 3 SYSTEMPATH/CodeIgniter.php(503): CodeIgniter\CodeIgniter->runController(Object(App\Controllers\HomepageController))
 4 SYSTEMPATH/CodeIgniter.php(361): CodeIgniter\CodeIgniter->handleRequest(null, Object(Config\Cache), false)
 5 FCPATH/index.php(79): CodeIgniter\CodeIgniter->run()
CRITICAL - 2025-07-21 16:47:32 --> [Caused by] CodeIgniter\Database\Exceptions\DatabaseException: Unknown column 'homepage_assets' in 'where clause'
in SYSTEMPATH/Database/MySQLi/Connection.php on line 311.
 1 SYSTEMPATH/Database/BaseConnection.php(693): CodeIgniter\Database\MySQLi\Connection->execute(' SELECT *  FROM course_batch
                                WHERE course_id = homepage_assets')
 2 SYSTEMPATH/Database/BaseConnection.php(607): CodeIgniter\Database\BaseConnection->simpleQuery(' SELECT *  FROM course_batch
                                WHERE course_id = homepage_assets')
 3 APPPATH/Controllers/HomepageController.php(167): CodeIgniter\Database\BaseConnection->query(' SELECT *  FROM course_batch
                                WHERE course_id = homepage_assets')
 4 SYSTEMPATH/CodeIgniter.php(943): App\Controllers\HomepageController->Course_details_view('homepage_assets', 'img', 'favicon.png')
 5 SYSTEMPATH/CodeIgniter.php(503): CodeIgniter\CodeIgniter->runController(Object(App\Controllers\HomepageController))
 6 SYSTEMPATH/CodeIgniter.php(361): CodeIgniter\CodeIgniter->handleRequest(null, Object(Config\Cache), false)
 7 FCPATH/index.php(79): CodeIgniter\CodeIgniter->run()
CRITICAL - 2025-07-21 16:47:32 --> [Caused by] mysqli_sql_exception: Unknown column 'homepage_assets' in 'where clause'
in SYSTEMPATH/Database/MySQLi/Connection.php on line 306.
 1 SYSTEMPATH/Database/MySQLi/Connection.php(306): mysqli->query(' SELECT *  FROM course_batch
                                WHERE course_id = homepage_assets', 0)
 2 SYSTEMPATH/Database/BaseConnection.php(693): CodeIgniter\Database\MySQLi\Connection->execute(' SELECT *  FROM course_batch
                                WHERE course_id = homepage_assets')
 3 SYSTEMPATH/Database/BaseConnection.php(607): CodeIgniter\Database\BaseConnection->simpleQuery(' SELECT *  FROM course_batch
                                WHERE course_id = homepage_assets')
 4 APPPATH/Controllers/HomepageController.php(167): CodeIgniter\Database\BaseConnection->query(' SELECT *  FROM course_batch
                                WHERE course_id = homepage_assets')
 5 SYSTEMPATH/CodeIgniter.php(943): App\Controllers\HomepageController->Course_details_view('homepage_assets', 'img', 'favicon.png')
 6 SYSTEMPATH/CodeIgniter.php(503): CodeIgniter\CodeIgniter->runController(Object(App\Controllers\HomepageController))
 7 SYSTEMPATH/CodeIgniter.php(361): CodeIgniter\CodeIgniter->handleRequest(null, Object(Config\Cache), false)
 8 FCPATH/index.php(79): CodeIgniter\CodeIgniter->run()
INFO - 2025-07-21 16:48:38 --> Session: Class initialized using 'CodeIgniter\Session\Handlers\FileHandler' driver.
INFO - 2025-07-21 16:49:40 --> Session: Class initialized using 'CodeIgniter\Session\Handlers\FileHandler' driver.
INFO - 2025-07-21 16:49:44 --> Session: Class initialized using 'CodeIgniter\Session\Handlers\FileHandler' driver.
INFO - 2025-07-21 16:50:44 --> Session: Class initialized using 'CodeIgniter\Session\Handlers\FileHandler' driver.
INFO - 2025-07-21 16:51:49 --> Session: Class initialized using 'CodeIgniter\Session\Handlers\FileHandler' driver.
INFO - 2025-07-21 17:01:57 --> Session: Class initialized using 'CodeIgniter\Session\Handlers\FileHandler' driver.
INFO - 2025-07-21 17:11:47 --> Session: Class initialized using 'CodeIgniter\Session\Handlers\FileHandler' driver.
INFO - 2025-07-21 17:33:49 --> Session: Class initialized using 'CodeIgniter\Session\Handlers\FileHandler' driver.
INFO - 2025-07-21 17:49:12 --> Session: Class initialized using 'CodeIgniter\Session\Handlers\FileHandler' driver.
INFO - 2025-07-21 17:55:18 --> Session: Class initialized using 'CodeIgniter\Session\Handlers\FileHandler' driver.
INFO - 2025-07-21 18:27:14 --> Session: Class initialized using 'CodeIgniter\Session\Handlers\FileHandler' driver.
INFO - 2025-07-21 18:36:04 --> Session: Class initialized using 'CodeIgniter\Session\Handlers\FileHandler' driver.
INFO - 2025-07-21 18:51:21 --> Session: Class initialized using 'CodeIgniter\Session\Handlers\FileHandler' driver.
INFO - 2025-07-21 19:20:10 --> Session: Class initialized using 'CodeIgniter\Session\Handlers\FileHandler' driver.
INFO - 2025-07-21 19:32:41 --> Session: Class initialized using 'CodeIgniter\Session\Handlers\FileHandler' driver.
INFO - 2025-07-21 19:32:47 --> Session: Class initialized using 'CodeIgniter\Session\Handlers\FileHandler' driver.
INFO - 2025-07-21 19:51:31 --> Session: Class initialized using 'CodeIgniter\Session\Handlers\FileHandler' driver.
INFO - 2025-07-21 19:59:44 --> Session: Class initialized using 'CodeIgniter\Session\Handlers\FileHandler' driver.
INFO - 2025-07-21 20:08:29 --> Session: Class initialized using 'CodeIgniter\Session\Handlers\FileHandler' driver.
INFO - 2025-07-21 20:12:19 --> Session: Class initialized using 'CodeIgniter\Session\Handlers\FileHandler' driver.
INFO - 2025-07-21 20:39:32 --> Session: Class initialized using 'CodeIgniter\Session\Handlers\FileHandler' driver.
INFO - 2025-07-21 20:50:51 --> Session: Class initialized using 'CodeIgniter\Session\Handlers\FileHandler' driver.
INFO - 2025-07-21 20:52:38 --> Session: Class initialized using 'CodeIgniter\Session\Handlers\FileHandler' driver.
INFO - 2025-07-21 20:58:07 --> Session: Class initialized using 'CodeIgniter\Session\Handlers\FileHandler' driver.
INFO - 2025-07-21 21:28:27 --> Session: Class initialized using 'CodeIgniter\Session\Handlers\FileHandler' driver.
INFO - 2025-07-21 21:50:58 --> Session: Class initialized using 'CodeIgniter\Session\Handlers\FileHandler' driver.
INFO - 2025-07-21 22:07:06 --> Session: Class initialized using 'CodeIgniter\Session\Handlers\FileHandler' driver.
INFO - 2025-07-21 22:07:07 --> Session: Class initialized using 'CodeIgniter\Session\Handlers\FileHandler' driver.
INFO - 2025-07-21 22:07:08 --> Session: Class initialized using 'CodeIgniter\Session\Handlers\FileHandler' driver.
INFO - 2025-07-21 22:07:08 --> Session: Class initialized using 'CodeIgniter\Session\Handlers\FileHandler' driver.
INFO - 2025-07-21 22:07:08 --> Session: Class initialized using 'CodeIgniter\Session\Handlers\FileHandler' driver.
INFO - 2025-07-21 22:07:11 --> Session: Class initialized using 'CodeIgniter\Session\Handlers\FileHandler' driver.
INFO - 2025-07-21 22:07:11 --> Session: Class initialized using 'CodeIgniter\Session\Handlers\FileHandler' driver.
INFO - 2025-07-21 22:41:58 --> Session: Class initialized using 'CodeIgniter\Session\Handlers\FileHandler' driver.
INFO - 2025-07-21 23:08:59 --> Session: Class initialized using 'CodeIgniter\Session\Handlers\FileHandler' driver.
INFO - 2025-07-21 23:26:06 --> Session: Class initialized using 'CodeIgniter\Session\Handlers\FileHandler' driver.
INFO - 2025-07-21 23:29:50 --> Session: Class initialized using 'CodeIgniter\Session\Handlers\FileHandler' driver.
INFO - 2025-07-21 23:49:07 --> Session: Class initialized using 'CodeIgniter\Session\Handlers\FileHandler' driver.
INFO - 2025-07-21 23:49:08 --> Session: Class initialized using 'CodeIgniter\Session\Handlers\FileHandler' driver.
INFO - 2025-07-21 23:59:43 --> Session: Class initialized using 'CodeIgniter\Session\Handlers\FileHandler' driver.
