INFO - 2024-01-21 04:46:58 --> Session: Class initialized using 'CodeIgniter\Session\Handlers\FileHandler' driver.
INFO - 2024-01-21 04:55:08 --> Session: Class initialized using 'CodeIgniter\Session\Handlers\FileHandler' driver.
INFO - 2024-01-21 04:55:10 --> Session: Class initialized using 'CodeIgniter\Session\Handlers\FileHandler' driver.
INFO - 2024-01-21 04:55:13 --> Session: Class initialized using 'CodeIgniter\Session\Handlers\FileHandler' driver.
INFO - 2024-01-21 04:55:13 --> Session: Class initialized using 'CodeIgniter\Session\Handlers\FileHandler' driver.
INFO - 2024-01-21 04:55:16 --> Session: Class initialized using 'CodeIgniter\Session\Handlers\FileHandler' driver.
ERROR - 2024-01-21 04:55:17 --> mysqli_sql_exception: Table 'school_tutor_db.question_set_setup' doesn't exist in C:\laragon\www\st\vendor\codeigniter4\framework\system\Database\MySQLi\Connection.php:306
Stack trace:
#0 C:\laragon\www\st\vendor\codeigniter4\framework\system\Database\MySQLi\Connection.php(306): mysqli->query('SELECT * FROM q...', 0)
#1 C:\laragon\www\st\vendor\codeigniter4\framework\system\Database\BaseConnection.php(693): CodeIgniter\Database\MySQLi\Connection->execute('SELECT * FROM q...')
#2 C:\laragon\www\st\vendor\codeigniter4\framework\system\Database\BaseConnection.php(607): CodeIgniter\Database\BaseConnection->simpleQuery('SELECT * FROM q...')
#3 C:\laragon\www\st\app\Views\examsystem\questionSetView.php(58): CodeIgniter\Database\BaseConnection->query('SELECT * FROM q...')
#4 C:\laragon\www\st\vendor\codeigniter4\framework\system\View\View.php(228): include('C:\\laragon\\www\\...')
#5 C:\laragon\www\st\vendor\codeigniter4\framework\system\View\View.php(231): CodeIgniter\View\View->CodeIgniter\View\{closure}()
#6 C:\laragon\www\st\vendor\codeigniter4\framework\system\Common.php(1190): CodeIgniter\View\View->render('examsystem/ques...', Array, true)
#7 C:\laragon\www\st\app\Controllers\QuestionSetController.php(30): view('examsystem/ques...', Array)
#8 C:\laragon\www\st\vendor\codeigniter4\framework\system\CodeIgniter.php(942): App\Controllers\QuestionSetController->index()
#9 C:\laragon\www\st\vendor\codeigniter4\framework\system\CodeIgniter.php(502): CodeIgniter\CodeIgniter->runController(Object(App\Controllers\QuestionSetController))
#10 C:\laragon\www\st\vendor\codeigniter4\framework\system\CodeIgniter.php(361): CodeIgniter\CodeIgniter->handleRequest(NULL, Object(Config\Cache), false)
#11 C:\laragon\www\st\index.php(79): CodeIgniter\CodeIgniter->run()
#12 {main}
CRITICAL - 2024-01-21 04:55:17 --> Table 'school_tutor_db.question_set_setup' doesn't exist
in SYSTEMPATH\Database\BaseConnection.php on line 647.
 1 APPPATH\Views\examsystem\questionSetView.php(58): CodeIgniter\Database\BaseConnection->query('SELECT * FROM question_set_setup ')
 2 SYSTEMPATH\View\View.php(228): include('C:\\laragon\\www\\st\\app\\Views\\examsystem\\questionSetView.php')
 3 SYSTEMPATH\View\View.php(231): CodeIgniter\View\View->CodeIgniter\View\{closure}()
 4 SYSTEMPATH\Common.php(1190): CodeIgniter\View\View->render('examsystem/questionSetView', [], true)
 5 APPPATH\Controllers\QuestionSetController.php(30): view('examsystem/questionSetView', [...])
 6 SYSTEMPATH\CodeIgniter.php(942): App\Controllers\QuestionSetController->index()
 7 SYSTEMPATH\CodeIgniter.php(502): CodeIgniter\CodeIgniter->runController(Object(App\Controllers\QuestionSetController))
 8 SYSTEMPATH\CodeIgniter.php(361): CodeIgniter\CodeIgniter->handleRequest(null, Object(Config\Cache), false)
 9 FCPATH\index.php(79): CodeIgniter\CodeIgniter->run()
INFO - 2024-01-21 04:59:12 --> Session: Class initialized using 'CodeIgniter\Session\Handlers\FileHandler' driver.
INFO - 2024-01-21 04:59:16 --> Session: Class initialized using 'CodeIgniter\Session\Handlers\FileHandler' driver.
INFO - 2024-01-21 04:59:28 --> Session: Class initialized using 'CodeIgniter\Session\Handlers\FileHandler' driver.
INFO - 2024-01-21 04:59:31 --> Session: Class initialized using 'CodeIgniter\Session\Handlers\FileHandler' driver.
INFO - 2024-01-21 05:13:18 --> Session: Class initialized using 'CodeIgniter\Session\Handlers\FileHandler' driver.
INFO - 2024-01-21 05:13:24 --> Session: Class initialized using 'CodeIgniter\Session\Handlers\FileHandler' driver.
ERROR - 2024-01-21 05:13:24 --> mysqli_sql_exception: Table 'school_tutor_db.question_add' doesn't exist in C:\laragon\www\st\vendor\codeigniter4\framework\system\Database\MySQLi\Connection.php:306
Stack trace:
#0 C:\laragon\www\st\vendor\codeigniter4\framework\system\Database\MySQLi\Connection.php(306): mysqli->query('Select * FROM q...', 0)
#1 C:\laragon\www\st\vendor\codeigniter4\framework\system\Database\BaseConnection.php(693): CodeIgniter\Database\MySQLi\Connection->execute('Select * FROM q...')
#2 C:\laragon\www\st\vendor\codeigniter4\framework\system\Database\BaseConnection.php(607): CodeIgniter\Database\BaseConnection->simpleQuery('Select * FROM q...')
#3 C:\laragon\www\st\app\Views\examsystem\questionAllView.php(90): CodeIgniter\Database\BaseConnection->query('Select * FROM q...')
#4 C:\laragon\www\st\vendor\codeigniter4\framework\system\View\View.php(228): include('C:\\laragon\\www\\...')
#5 C:\laragon\www\st\vendor\codeigniter4\framework\system\View\View.php(231): CodeIgniter\View\View->CodeIgniter\View\{closure}()
#6 C:\laragon\www\st\vendor\codeigniter4\framework\system\Common.php(1190): CodeIgniter\View\View->render('examsystem/ques...', Array, true)
#7 C:\laragon\www\st\app\Controllers\QuestionAnswerController.php(28): view('examsystem/ques...', Array)
#8 C:\laragon\www\st\vendor\codeigniter4\framework\system\CodeIgniter.php(942): App\Controllers\QuestionAnswerController->index()
#9 C:\laragon\www\st\vendor\codeigniter4\framework\system\CodeIgniter.php(502): CodeIgniter\CodeIgniter->runController(Object(App\Controllers\QuestionAnswerController))
#10 C:\laragon\www\st\vendor\codeigniter4\framework\system\CodeIgniter.php(361): CodeIgniter\CodeIgniter->handleRequest(NULL, Object(Config\Cache), false)
#11 C:\laragon\www\st\index.php(79): CodeIgniter\CodeIgniter->run()
#12 {main}
CRITICAL - 2024-01-21 05:13:24 --> Table 'school_tutor_db.question_add' doesn't exist
in SYSTEMPATH\Database\BaseConnection.php on line 647.
 1 APPPATH\Views\examsystem\questionAllView.php(90): CodeIgniter\Database\BaseConnection->query('Select * FROM question_add  Where question_id = \'15\' ')
 2 SYSTEMPATH\View\View.php(228): include('C:\\laragon\\www\\st\\app\\Views\\examsystem\\questionAllView.php')
 3 SYSTEMPATH\View\View.php(231): CodeIgniter\View\View->CodeIgniter\View\{closure}()
 4 SYSTEMPATH\Common.php(1190): CodeIgniter\View\View->render('examsystem/questionAllView', [], true)
 5 APPPATH\Controllers\QuestionAnswerController.php(28): view('examsystem/questionAllView', [...])
 6 SYSTEMPATH\CodeIgniter.php(942): App\Controllers\QuestionAnswerController->index()
 7 SYSTEMPATH\CodeIgniter.php(502): CodeIgniter\CodeIgniter->runController(Object(App\Controllers\QuestionAnswerController))
 8 SYSTEMPATH\CodeIgniter.php(361): CodeIgniter\CodeIgniter->handleRequest(null, Object(Config\Cache), false)
 9 FCPATH\index.php(79): CodeIgniter\CodeIgniter->run()
INFO - 2024-01-21 05:13:29 --> Session: Class initialized using 'CodeIgniter\Session\Handlers\FileHandler' driver.
INFO - 2024-01-21 05:13:33 --> Session: Class initialized using 'CodeIgniter\Session\Handlers\FileHandler' driver.
INFO - 2024-01-21 05:13:33 --> Session: Class initialized using 'CodeIgniter\Session\Handlers\FileHandler' driver.
INFO - 2024-01-21 05:13:39 --> Session: Class initialized using 'CodeIgniter\Session\Handlers\FileHandler' driver.
INFO - 2024-01-21 05:13:47 --> Session: Class initialized using 'CodeIgniter\Session\Handlers\FileHandler' driver.
INFO - 2024-01-21 05:14:17 --> Session: Class initialized using 'CodeIgniter\Session\Handlers\FileHandler' driver.
INFO - 2024-01-21 05:14:21 --> Session: Class initialized using 'CodeIgniter\Session\Handlers\FileHandler' driver.
INFO - 2024-01-21 05:14:21 --> Session: Class initialized using 'CodeIgniter\Session\Handlers\FileHandler' driver.
INFO - 2024-01-21 05:14:25 --> Session: Class initialized using 'CodeIgniter\Session\Handlers\FileHandler' driver.
INFO - 2024-01-21 05:14:27 --> Session: Class initialized using 'CodeIgniter\Session\Handlers\FileHandler' driver.
INFO - 2024-01-21 05:14:41 --> Session: Class initialized using 'CodeIgniter\Session\Handlers\FileHandler' driver.
INFO - 2024-01-21 05:14:46 --> Session: Class initialized using 'CodeIgniter\Session\Handlers\FileHandler' driver.
INFO - 2024-01-21 05:15:03 --> Session: Class initialized using 'CodeIgniter\Session\Handlers\FileHandler' driver.
CRITICAL - 2024-01-21 05:15:03 --> Undefined index: id
in APPPATH\Controllers\QuestionSetController.php on line 24.
 1 APPPATH\Controllers\QuestionSetController.php(24): CodeIgniter\Debug\Exceptions->errorHandler(8, 'Undefined index: id', 'C:\\laragon\\www\\st\\app\\Controllers\\QuestionSetController.php', 24, [])
 2 SYSTEMPATH\CodeIgniter.php(942): App\Controllers\QuestionSetController->index()
 3 SYSTEMPATH\CodeIgniter.php(502): CodeIgniter\CodeIgniter->runController(Object(App\Controllers\QuestionSetController))
 4 SYSTEMPATH\CodeIgniter.php(361): CodeIgniter\CodeIgniter->handleRequest(null, Object(Config\Cache), false)
 5 FCPATH\index.php(79): CodeIgniter\CodeIgniter->run()
INFO - 2024-01-21 05:18:23 --> Session: Class initialized using 'CodeIgniter\Session\Handlers\FileHandler' driver.
INFO - 2024-01-21 05:19:30 --> Session: Class initialized using 'CodeIgniter\Session\Handlers\FileHandler' driver.
INFO - 2024-01-21 05:23:08 --> Session: Class initialized using 'CodeIgniter\Session\Handlers\FileHandler' driver.
INFO - 2024-01-21 05:23:11 --> Session: Class initialized using 'CodeIgniter\Session\Handlers\FileHandler' driver.
INFO - 2024-01-21 05:23:22 --> Session: Class initialized using 'CodeIgniter\Session\Handlers\FileHandler' driver.
INFO - 2024-01-21 05:27:38 --> Session: Class initialized using 'CodeIgniter\Session\Handlers\FileHandler' driver.
INFO - 2024-01-21 05:27:42 --> Session: Class initialized using 'CodeIgniter\Session\Handlers\FileHandler' driver.
INFO - 2024-01-21 05:27:45 --> Session: Class initialized using 'CodeIgniter\Session\Handlers\FileHandler' driver.
INFO - 2024-01-21 05:27:46 --> Session: Class initialized using 'CodeIgniter\Session\Handlers\FileHandler' driver.
INFO - 2024-01-21 05:27:46 --> Session: Class initialized using 'CodeIgniter\Session\Handlers\FileHandler' driver.
INFO - 2024-01-21 05:27:46 --> Session: Class initialized using 'CodeIgniter\Session\Handlers\FileHandler' driver.
INFO - 2024-01-21 05:27:46 --> Session: Class initialized using 'CodeIgniter\Session\Handlers\FileHandler' driver.
INFO - 2024-01-21 05:27:46 --> Session: Class initialized using 'CodeIgniter\Session\Handlers\FileHandler' driver.
INFO - 2024-01-21 05:27:46 --> Session: Class initialized using 'CodeIgniter\Session\Handlers\FileHandler' driver.
INFO - 2024-01-21 05:27:46 --> Session: Class initialized using 'CodeIgniter\Session\Handlers\FileHandler' driver.
INFO - 2024-01-21 05:27:46 --> Session: Class initialized using 'CodeIgniter\Session\Handlers\FileHandler' driver.
INFO - 2024-01-21 05:27:46 --> Session: Class initialized using 'CodeIgniter\Session\Handlers\FileHandler' driver.
INFO - 2024-01-21 05:27:47 --> Session: Class initialized using 'CodeIgniter\Session\Handlers\FileHandler' driver.
INFO - 2024-01-21 05:27:47 --> Session: Class initialized using 'CodeIgniter\Session\Handlers\FileHandler' driver.
INFO - 2024-01-21 05:27:47 --> Session: Class initialized using 'CodeIgniter\Session\Handlers\FileHandler' driver.
INFO - 2024-01-21 05:27:47 --> Session: Class initialized using 'CodeIgniter\Session\Handlers\FileHandler' driver.
INFO - 2024-01-21 05:27:47 --> Session: Class initialized using 'CodeIgniter\Session\Handlers\FileHandler' driver.
INFO - 2024-01-21 05:27:47 --> Session: Class initialized using 'CodeIgniter\Session\Handlers\FileHandler' driver.
INFO - 2024-01-21 05:27:47 --> Session: Class initialized using 'CodeIgniter\Session\Handlers\FileHandler' driver.
INFO - 2024-01-21 05:27:47 --> Session: Class initialized using 'CodeIgniter\Session\Handlers\FileHandler' driver.
INFO - 2024-01-21 05:27:47 --> Session: Class initialized using 'CodeIgniter\Session\Handlers\FileHandler' driver.
INFO - 2024-01-21 05:27:47 --> Session: Class initialized using 'CodeIgniter\Session\Handlers\FileHandler' driver.
INFO - 2024-01-21 05:27:47 --> Session: Class initialized using 'CodeIgniter\Session\Handlers\FileHandler' driver.
INFO - 2024-01-21 05:27:47 --> Session: Class initialized using 'CodeIgniter\Session\Handlers\FileHandler' driver.
INFO - 2024-01-21 05:27:47 --> Session: Class initialized using 'CodeIgniter\Session\Handlers\FileHandler' driver.
INFO - 2024-01-21 05:27:47 --> Session: Class initialized using 'CodeIgniter\Session\Handlers\FileHandler' driver.
INFO - 2024-01-21 05:27:47 --> Session: Class initialized using 'CodeIgniter\Session\Handlers\FileHandler' driver.
INFO - 2024-01-21 05:27:47 --> Session: Class initialized using 'CodeIgniter\Session\Handlers\FileHandler' driver.
INFO - 2024-01-21 05:27:47 --> Session: Class initialized using 'CodeIgniter\Session\Handlers\FileHandler' driver.
INFO - 2024-01-21 05:27:47 --> Session: Class initialized using 'CodeIgniter\Session\Handlers\FileHandler' driver.
INFO - 2024-01-21 05:27:48 --> Session: Class initialized using 'CodeIgniter\Session\Handlers\FileHandler' driver.
INFO - 2024-01-21 05:27:48 --> Session: Class initialized using 'CodeIgniter\Session\Handlers\FileHandler' driver.
INFO - 2024-01-21 05:27:48 --> Session: Class initialized using 'CodeIgniter\Session\Handlers\FileHandler' driver.
INFO - 2024-01-21 05:27:48 --> Session: Class initialized using 'CodeIgniter\Session\Handlers\FileHandler' driver.
INFO - 2024-01-21 05:27:48 --> Session: Class initialized using 'CodeIgniter\Session\Handlers\FileHandler' driver.
INFO - 2024-01-21 05:27:48 --> Session: Class initialized using 'CodeIgniter\Session\Handlers\FileHandler' driver.
INFO - 2024-01-21 05:27:48 --> Session: Class initialized using 'CodeIgniter\Session\Handlers\FileHandler' driver.
INFO - 2024-01-21 05:27:48 --> Session: Class initialized using 'CodeIgniter\Session\Handlers\FileHandler' driver.
INFO - 2024-01-21 05:27:48 --> Session: Class initialized using 'CodeIgniter\Session\Handlers\FileHandler' driver.
INFO - 2024-01-21 05:27:48 --> Session: Class initialized using 'CodeIgniter\Session\Handlers\FileHandler' driver.
INFO - 2024-01-21 05:27:48 --> Session: Class initialized using 'CodeIgniter\Session\Handlers\FileHandler' driver.
INFO - 2024-01-21 05:27:48 --> Session: Class initialized using 'CodeIgniter\Session\Handlers\FileHandler' driver.
INFO - 2024-01-21 05:27:48 --> Session: Class initialized using 'CodeIgniter\Session\Handlers\FileHandler' driver.
INFO - 2024-01-21 05:27:48 --> Session: Class initialized using 'CodeIgniter\Session\Handlers\FileHandler' driver.
INFO - 2024-01-21 05:27:48 --> Session: Class initialized using 'CodeIgniter\Session\Handlers\FileHandler' driver.
INFO - 2024-01-21 05:27:48 --> Session: Class initialized using 'CodeIgniter\Session\Handlers\FileHandler' driver.
INFO - 2024-01-21 05:27:48 --> Session: Class initialized using 'CodeIgniter\Session\Handlers\FileHandler' driver.
INFO - 2024-01-21 05:27:48 --> Session: Class initialized using 'CodeIgniter\Session\Handlers\FileHandler' driver.
INFO - 2024-01-21 05:27:49 --> Session: Class initialized using 'CodeIgniter\Session\Handlers\FileHandler' driver.
INFO - 2024-01-21 05:27:49 --> Session: Class initialized using 'CodeIgniter\Session\Handlers\FileHandler' driver.
INFO - 2024-01-21 05:27:49 --> Session: Class initialized using 'CodeIgniter\Session\Handlers\FileHandler' driver.
INFO - 2024-01-21 05:27:49 --> Session: Class initialized using 'CodeIgniter\Session\Handlers\FileHandler' driver.
INFO - 2024-01-21 05:27:49 --> Session: Class initialized using 'CodeIgniter\Session\Handlers\FileHandler' driver.
INFO - 2024-01-21 05:27:49 --> Session: Class initialized using 'CodeIgniter\Session\Handlers\FileHandler' driver.
INFO - 2024-01-21 05:27:49 --> Session: Class initialized using 'CodeIgniter\Session\Handlers\FileHandler' driver.
INFO - 2024-01-21 05:27:49 --> Session: Class initialized using 'CodeIgniter\Session\Handlers\FileHandler' driver.
INFO - 2024-01-21 05:27:49 --> Session: Class initialized using 'CodeIgniter\Session\Handlers\FileHandler' driver.
INFO - 2024-01-21 05:27:49 --> Session: Class initialized using 'CodeIgniter\Session\Handlers\FileHandler' driver.
INFO - 2024-01-21 05:27:49 --> Session: Class initialized using 'CodeIgniter\Session\Handlers\FileHandler' driver.
INFO - 2024-01-21 05:27:49 --> Session: Class initialized using 'CodeIgniter\Session\Handlers\FileHandler' driver.
INFO - 2024-01-21 05:27:49 --> Session: Class initialized using 'CodeIgniter\Session\Handlers\FileHandler' driver.
INFO - 2024-01-21 05:27:49 --> Session: Class initialized using 'CodeIgniter\Session\Handlers\FileHandler' driver.
INFO - 2024-01-21 05:27:49 --> Session: Class initialized using 'CodeIgniter\Session\Handlers\FileHandler' driver.
INFO - 2024-01-21 05:27:49 --> Session: Class initialized using 'CodeIgniter\Session\Handlers\FileHandler' driver.
INFO - 2024-01-21 05:27:49 --> Session: Class initialized using 'CodeIgniter\Session\Handlers\FileHandler' driver.
INFO - 2024-01-21 05:27:49 --> Session: Class initialized using 'CodeIgniter\Session\Handlers\FileHandler' driver.
INFO - 2024-01-21 05:27:50 --> Session: Class initialized using 'CodeIgniter\Session\Handlers\FileHandler' driver.
INFO - 2024-01-21 05:27:50 --> Session: Class initialized using 'CodeIgniter\Session\Handlers\FileHandler' driver.
INFO - 2024-01-21 05:27:50 --> Session: Class initialized using 'CodeIgniter\Session\Handlers\FileHandler' driver.
INFO - 2024-01-21 05:27:50 --> Session: Class initialized using 'CodeIgniter\Session\Handlers\FileHandler' driver.
INFO - 2024-01-21 05:27:50 --> Session: Class initialized using 'CodeIgniter\Session\Handlers\FileHandler' driver.
INFO - 2024-01-21 05:27:50 --> Session: Class initialized using 'CodeIgniter\Session\Handlers\FileHandler' driver.
INFO - 2024-01-21 05:27:50 --> Session: Class initialized using 'CodeIgniter\Session\Handlers\FileHandler' driver.
INFO - 2024-01-21 05:27:50 --> Session: Class initialized using 'CodeIgniter\Session\Handlers\FileHandler' driver.
INFO - 2024-01-21 05:27:50 --> Session: Class initialized using 'CodeIgniter\Session\Handlers\FileHandler' driver.
INFO - 2024-01-21 05:27:50 --> Session: Class initialized using 'CodeIgniter\Session\Handlers\FileHandler' driver.
INFO - 2024-01-21 05:27:50 --> Session: Class initialized using 'CodeIgniter\Session\Handlers\FileHandler' driver.
INFO - 2024-01-21 05:27:50 --> Session: Class initialized using 'CodeIgniter\Session\Handlers\FileHandler' driver.
INFO - 2024-01-21 05:27:50 --> Session: Class initialized using 'CodeIgniter\Session\Handlers\FileHandler' driver.
INFO - 2024-01-21 05:27:50 --> Session: Class initialized using 'CodeIgniter\Session\Handlers\FileHandler' driver.
INFO - 2024-01-21 05:27:50 --> Session: Class initialized using 'CodeIgniter\Session\Handlers\FileHandler' driver.
INFO - 2024-01-21 05:27:50 --> Session: Class initialized using 'CodeIgniter\Session\Handlers\FileHandler' driver.
INFO - 2024-01-21 05:27:50 --> Session: Class initialized using 'CodeIgniter\Session\Handlers\FileHandler' driver.
INFO - 2024-01-21 05:34:06 --> Session: Class initialized using 'CodeIgniter\Session\Handlers\FileHandler' driver.
INFO - 2024-01-21 05:34:08 --> Session: Class initialized using 'CodeIgniter\Session\Handlers\FileHandler' driver.
INFO - 2024-01-21 05:37:13 --> Session: Class initialized using 'CodeIgniter\Session\Handlers\FileHandler' driver.
INFO - 2024-01-21 05:37:22 --> Session: Class initialized using 'CodeIgniter\Session\Handlers\FileHandler' driver.
INFO - 2024-01-21 05:42:19 --> Session: Class initialized using 'CodeIgniter\Session\Handlers\FileHandler' driver.
INFO - 2024-01-21 05:43:06 --> Session: Class initialized using 'CodeIgniter\Session\Handlers\FileHandler' driver.
INFO - 2024-01-21 05:43:16 --> Session: Class initialized using 'CodeIgniter\Session\Handlers\FileHandler' driver.
INFO - 2024-01-21 05:43:21 --> Session: Class initialized using 'CodeIgniter\Session\Handlers\FileHandler' driver.
INFO - 2024-01-21 05:44:28 --> Session: Class initialized using 'CodeIgniter\Session\Handlers\FileHandler' driver.
INFO - 2024-01-21 05:45:11 --> Session: Class initialized using 'CodeIgniter\Session\Handlers\FileHandler' driver.
INFO - 2024-01-21 05:45:13 --> Session: Class initialized using 'CodeIgniter\Session\Handlers\FileHandler' driver.
INFO - 2024-01-21 05:45:13 --> Session: Class initialized using 'CodeIgniter\Session\Handlers\FileHandler' driver.
INFO - 2024-01-21 05:45:16 --> Session: Class initialized using 'CodeIgniter\Session\Handlers\FileHandler' driver.
INFO - 2024-01-21 05:45:30 --> Session: Class initialized using 'CodeIgniter\Session\Handlers\FileHandler' driver.
INFO - 2024-01-21 05:45:30 --> Session: Class initialized using 'CodeIgniter\Session\Handlers\FileHandler' driver.
INFO - 2024-01-21 05:45:33 --> Session: Class initialized using 'CodeIgniter\Session\Handlers\FileHandler' driver.
INFO - 2024-01-21 05:47:24 --> Session: Class initialized using 'CodeIgniter\Session\Handlers\FileHandler' driver.
INFO - 2024-01-21 05:49:39 --> Session: Class initialized using 'CodeIgniter\Session\Handlers\FileHandler' driver.
INFO - 2024-01-21 05:50:59 --> Session: Class initialized using 'CodeIgniter\Session\Handlers\FileHandler' driver.
INFO - 2024-01-21 05:51:17 --> Session: Class initialized using 'CodeIgniter\Session\Handlers\FileHandler' driver.
INFO - 2024-01-21 05:51:19 --> Session: Class initialized using 'CodeIgniter\Session\Handlers\FileHandler' driver.
INFO - 2024-01-21 05:51:19 --> Session: Class initialized using 'CodeIgniter\Session\Handlers\FileHandler' driver.
INFO - 2024-01-21 05:51:26 --> Session: Class initialized using 'CodeIgniter\Session\Handlers\FileHandler' driver.
INFO - 2024-01-21 05:53:02 --> Session: Class initialized using 'CodeIgniter\Session\Handlers\FileHandler' driver.
INFO - 2024-01-21 05:53:32 --> Session: Class initialized using 'CodeIgniter\Session\Handlers\FileHandler' driver.
INFO - 2024-01-21 05:57:18 --> Session: Class initialized using 'CodeIgniter\Session\Handlers\FileHandler' driver.
INFO - 2024-01-21 05:57:23 --> Session: Class initialized using 'CodeIgniter\Session\Handlers\FileHandler' driver.
INFO - 2024-01-21 05:58:27 --> Session: Class initialized using 'CodeIgniter\Session\Handlers\FileHandler' driver.
INFO - 2024-01-21 05:58:29 --> Session: Class initialized using 'CodeIgniter\Session\Handlers\FileHandler' driver.
INFO - 2024-01-21 05:58:31 --> Session: Class initialized using 'CodeIgniter\Session\Handlers\FileHandler' driver.
INFO - 2024-01-21 05:58:35 --> Session: Class initialized using 'CodeIgniter\Session\Handlers\FileHandler' driver.
INFO - 2024-01-21 05:59:16 --> Session: Class initialized using 'CodeIgniter\Session\Handlers\FileHandler' driver.
INFO - 2024-01-21 05:59:21 --> Session: Class initialized using 'CodeIgniter\Session\Handlers\FileHandler' driver.
INFO - 2024-01-21 06:00:20 --> Session: Class initialized using 'CodeIgniter\Session\Handlers\FileHandler' driver.
INFO - 2024-01-21 06:00:26 --> Session: Class initialized using 'CodeIgniter\Session\Handlers\FileHandler' driver.
INFO - 2024-01-21 06:00:54 --> Session: Class initialized using 'CodeIgniter\Session\Handlers\FileHandler' driver.
INFO - 2024-01-21 06:00:57 --> Session: Class initialized using 'CodeIgniter\Session\Handlers\FileHandler' driver.
INFO - 2024-01-21 06:01:20 --> Session: Class initialized using 'CodeIgniter\Session\Handlers\FileHandler' driver.
INFO - 2024-01-21 06:01:21 --> Session: Class initialized using 'CodeIgniter\Session\Handlers\FileHandler' driver.
INFO - 2024-01-21 06:01:35 --> Session: Class initialized using 'CodeIgniter\Session\Handlers\FileHandler' driver.
INFO - 2024-01-21 06:02:12 --> Session: Class initialized using 'CodeIgniter\Session\Handlers\FileHandler' driver.
INFO - 2024-01-21 06:02:41 --> Session: Class initialized using 'CodeIgniter\Session\Handlers\FileHandler' driver.
INFO - 2024-01-21 06:02:47 --> Session: Class initialized using 'CodeIgniter\Session\Handlers\FileHandler' driver.
INFO - 2024-01-21 06:03:18 --> Session: Class initialized using 'CodeIgniter\Session\Handlers\FileHandler' driver.
INFO - 2024-01-21 06:05:19 --> Session: Class initialized using 'CodeIgniter\Session\Handlers\FileHandler' driver.
INFO - 2024-01-21 06:05:54 --> Session: Class initialized using 'CodeIgniter\Session\Handlers\FileHandler' driver.
INFO - 2024-01-21 06:05:54 --> Session: Class initialized using 'CodeIgniter\Session\Handlers\FileHandler' driver.
INFO - 2024-01-21 06:06:00 --> Session: Class initialized using 'CodeIgniter\Session\Handlers\FileHandler' driver.
INFO - 2024-01-21 06:11:57 --> Session: Class initialized using 'CodeIgniter\Session\Handlers\FileHandler' driver.
ERROR - 2024-01-21 06:11:57 --> mysqli_sql_exception: Duplicate entry '0' for key 'PRIMARY' in C:\laragon\www\st\vendor\codeigniter4\framework\system\Database\MySQLi\Connection.php:306
Stack trace:
#0 C:\laragon\www\st\vendor\codeigniter4\framework\system\Database\MySQLi\Connection.php(306): mysqli->query('INSERT INTO `qu...', 0)
#1 C:\laragon\www\st\vendor\codeigniter4\framework\system\Database\BaseConnection.php(693): CodeIgniter\Database\MySQLi\Connection->execute('INSERT INTO `qu...')
#2 C:\laragon\www\st\vendor\codeigniter4\framework\system\Database\BaseConnection.php(607): CodeIgniter\Database\BaseConnection->simpleQuery('INSERT INTO `qu...')
#3 C:\laragon\www\st\vendor\codeigniter4\framework\system\Database\BaseBuilder.php(2308): CodeIgniter\Database\BaseConnection->query('INSERT INTO `qu...', Array, false)
#4 C:\laragon\www\st\vendor\codeigniter4\framework\system\Model.php(319): CodeIgniter\Database\BaseBuilder->insert()
#5 C:\laragon\www\st\vendor\codeigniter4\framework\system\BaseModel.php(788): CodeIgniter\Model->doInsert(Array)
#6 C:\laragon\www\st\vendor\codeigniter4\framework\system\Model.php(715): CodeIgniter\BaseModel->insert(Array, true)
#7 C:\laragon\www\st\app\Controllers\ExamController.php(59): CodeIgniter\Model->insert(Array)
#8 C:\laragon\www\st\vendor\codeigniter4\framework\system\CodeIgniter.php(942): App\Controllers\ExamController->question_insert_db()
#9 C:\laragon\www\st\vendor\codeigniter4\framework\system\CodeIgniter.php(502): CodeIgniter\CodeIgniter->runController(Object(App\Controllers\ExamController))
#10 C:\laragon\www\st\vendor\codeigniter4\framework\system\CodeIgniter.php(361): CodeIgniter\CodeIgniter->handleRequest(NULL, Object(Config\Cache), false)
#11 C:\laragon\www\st\index.php(79): CodeIgniter\CodeIgniter->run()
#12 {main}
CRITICAL - 2024-01-21 06:11:57 --> Duplicate entry '0' for key 'PRIMARY'
in SYSTEMPATH\Database\BaseConnection.php on line 647.
 1 SYSTEMPATH\Database\BaseBuilder.php(2308): CodeIgniter\Database\BaseConnection->query('INSERT INTO `question_bank` (`subject_id`, `question_title`) VALUES (:subject_id:, :question_title:)', [...], false)
 2 SYSTEMPATH\Model.php(319): CodeIgniter\Database\BaseBuilder->insert()
 3 SYSTEMPATH\BaseModel.php(788): CodeIgniter\Model->doInsert([...])
 4 SYSTEMPATH\Model.php(715): CodeIgniter\BaseModel->insert([...], true)
 5 APPPATH\Controllers\ExamController.php(59): CodeIgniter\Model->insert([...])
 6 SYSTEMPATH\CodeIgniter.php(942): App\Controllers\ExamController->question_insert_db()
 7 SYSTEMPATH\CodeIgniter.php(502): CodeIgniter\CodeIgniter->runController(Object(App\Controllers\ExamController))
 8 SYSTEMPATH\CodeIgniter.php(361): CodeIgniter\CodeIgniter->handleRequest(null, Object(Config\Cache), false)
 9 FCPATH\index.php(79): CodeIgniter\CodeIgniter->run()
INFO - 2024-01-21 06:13:03 --> Session: Class initialized using 'CodeIgniter\Session\Handlers\FileHandler' driver.
ERROR - 2024-01-21 06:13:03 --> mysqli_sql_exception: Duplicate entry '0' for key 'PRIMARY' in C:\laragon\www\st\vendor\codeigniter4\framework\system\Database\MySQLi\Connection.php:306
Stack trace:
#0 C:\laragon\www\st\vendor\codeigniter4\framework\system\Database\MySQLi\Connection.php(306): mysqli->query('INSERT INTO `qu...', 0)
#1 C:\laragon\www\st\vendor\codeigniter4\framework\system\Database\BaseConnection.php(693): CodeIgniter\Database\MySQLi\Connection->execute('INSERT INTO `qu...')
#2 C:\laragon\www\st\vendor\codeigniter4\framework\system\Database\BaseConnection.php(607): CodeIgniter\Database\BaseConnection->simpleQuery('INSERT INTO `qu...')
#3 C:\laragon\www\st\vendor\codeigniter4\framework\system\Database\BaseBuilder.php(2308): CodeIgniter\Database\BaseConnection->query('INSERT INTO `qu...', Array, false)
#4 C:\laragon\www\st\vendor\codeigniter4\framework\system\Model.php(319): CodeIgniter\Database\BaseBuilder->insert()
#5 C:\laragon\www\st\vendor\codeigniter4\framework\system\BaseModel.php(788): CodeIgniter\Model->doInsert(Array)
#6 C:\laragon\www\st\vendor\codeigniter4\framework\system\Model.php(715): CodeIgniter\BaseModel->insert(Array, true)
#7 C:\laragon\www\st\app\Controllers\ExamController.php(59): CodeIgniter\Model->insert(Array)
#8 C:\laragon\www\st\vendor\codeigniter4\framework\system\CodeIgniter.php(942): App\Controllers\ExamController->question_insert_db()
#9 C:\laragon\www\st\vendor\codeigniter4\framework\system\CodeIgniter.php(502): CodeIgniter\CodeIgniter->runController(Object(App\Controllers\ExamController))
#10 C:\laragon\www\st\vendor\codeigniter4\framework\system\CodeIgniter.php(361): CodeIgniter\CodeIgniter->handleRequest(NULL, Object(Config\Cache), false)
#11 C:\laragon\www\st\index.php(79): CodeIgniter\CodeIgniter->run()
#12 {main}
CRITICAL - 2024-01-21 06:13:03 --> Duplicate entry '0' for key 'PRIMARY'
in SYSTEMPATH\Database\BaseConnection.php on line 647.
 1 SYSTEMPATH\Database\BaseBuilder.php(2308): CodeIgniter\Database\BaseConnection->query('INSERT INTO `question_bank` (`subject_id`, `question_title`) VALUES (:subject_id:, :question_title:)', [...], false)
 2 SYSTEMPATH\Model.php(319): CodeIgniter\Database\BaseBuilder->insert()
 3 SYSTEMPATH\BaseModel.php(788): CodeIgniter\Model->doInsert([...])
 4 SYSTEMPATH\Model.php(715): CodeIgniter\BaseModel->insert([...], true)
 5 APPPATH\Controllers\ExamController.php(59): CodeIgniter\Model->insert([...])
 6 SYSTEMPATH\CodeIgniter.php(942): App\Controllers\ExamController->question_insert_db()
 7 SYSTEMPATH\CodeIgniter.php(502): CodeIgniter\CodeIgniter->runController(Object(App\Controllers\ExamController))
 8 SYSTEMPATH\CodeIgniter.php(361): CodeIgniter\CodeIgniter->handleRequest(null, Object(Config\Cache), false)
 9 FCPATH\index.php(79): CodeIgniter\CodeIgniter->run()
INFO - 2024-01-21 06:14:29 --> Session: Class initialized using 'CodeIgniter\Session\Handlers\FileHandler' driver.
ERROR - 2024-01-21 06:14:30 --> mysqli_sql_exception: Duplicate entry '0' for key 'PRIMARY' in C:\laragon\www\st\vendor\codeigniter4\framework\system\Database\MySQLi\Connection.php:306
Stack trace:
#0 C:\laragon\www\st\vendor\codeigniter4\framework\system\Database\MySQLi\Connection.php(306): mysqli->query('INSERT INTO `qu...', 0)
#1 C:\laragon\www\st\vendor\codeigniter4\framework\system\Database\BaseConnection.php(693): CodeIgniter\Database\MySQLi\Connection->execute('INSERT INTO `qu...')
#2 C:\laragon\www\st\vendor\codeigniter4\framework\system\Database\BaseConnection.php(607): CodeIgniter\Database\BaseConnection->simpleQuery('INSERT INTO `qu...')
#3 C:\laragon\www\st\vendor\codeigniter4\framework\system\Database\BaseBuilder.php(2308): CodeIgniter\Database\BaseConnection->query('INSERT INTO `qu...', Array, false)
#4 C:\laragon\www\st\vendor\codeigniter4\framework\system\Model.php(319): CodeIgniter\Database\BaseBuilder->insert()
#5 C:\laragon\www\st\vendor\codeigniter4\framework\system\BaseModel.php(788): CodeIgniter\Model->doInsert(Array)
#6 C:\laragon\www\st\vendor\codeigniter4\framework\system\Model.php(715): CodeIgniter\BaseModel->insert(Array, true)
#7 C:\laragon\www\st\app\Controllers\ExamController.php(59): CodeIgniter\Model->insert(Array)
#8 C:\laragon\www\st\vendor\codeigniter4\framework\system\CodeIgniter.php(942): App\Controllers\ExamController->question_insert_db()
#9 C:\laragon\www\st\vendor\codeigniter4\framework\system\CodeIgniter.php(502): CodeIgniter\CodeIgniter->runController(Object(App\Controllers\ExamController))
#10 C:\laragon\www\st\vendor\codeigniter4\framework\system\CodeIgniter.php(361): CodeIgniter\CodeIgniter->handleRequest(NULL, Object(Config\Cache), false)
#11 C:\laragon\www\st\index.php(79): CodeIgniter\CodeIgniter->run()
#12 {main}
CRITICAL - 2024-01-21 06:14:30 --> Duplicate entry '0' for key 'PRIMARY'
in SYSTEMPATH\Database\BaseConnection.php on line 647.
 1 SYSTEMPATH\Database\BaseBuilder.php(2308): CodeIgniter\Database\BaseConnection->query('INSERT INTO `question_bank` (`subject_id`, `question_title`) VALUES (:subject_id:, :question_title:)', [...], false)
 2 SYSTEMPATH\Model.php(319): CodeIgniter\Database\BaseBuilder->insert()
 3 SYSTEMPATH\BaseModel.php(788): CodeIgniter\Model->doInsert([...])
 4 SYSTEMPATH\Model.php(715): CodeIgniter\BaseModel->insert([...], true)
 5 APPPATH\Controllers\ExamController.php(59): CodeIgniter\Model->insert([...])
 6 SYSTEMPATH\CodeIgniter.php(942): App\Controllers\ExamController->question_insert_db()
 7 SYSTEMPATH\CodeIgniter.php(502): CodeIgniter\CodeIgniter->runController(Object(App\Controllers\ExamController))
 8 SYSTEMPATH\CodeIgniter.php(361): CodeIgniter\CodeIgniter->handleRequest(null, Object(Config\Cache), false)
 9 FCPATH\index.php(79): CodeIgniter\CodeIgniter->run()
INFO - 2024-01-21 06:20:26 --> Session: Class initialized using 'CodeIgniter\Session\Handlers\FileHandler' driver.
ERROR - 2024-01-21 06:20:26 --> mysqli_sql_exception: Duplicate entry '0' for key 'PRIMARY' in C:\laragon\www\st\vendor\codeigniter4\framework\system\Database\MySQLi\Connection.php:306
Stack trace:
#0 C:\laragon\www\st\vendor\codeigniter4\framework\system\Database\MySQLi\Connection.php(306): mysqli->query('INSERT INTO `qu...', 0)
#1 C:\laragon\www\st\vendor\codeigniter4\framework\system\Database\BaseConnection.php(693): CodeIgniter\Database\MySQLi\Connection->execute('INSERT INTO `qu...')
#2 C:\laragon\www\st\vendor\codeigniter4\framework\system\Database\BaseConnection.php(607): CodeIgniter\Database\BaseConnection->simpleQuery('INSERT INTO `qu...')
#3 C:\laragon\www\st\vendor\codeigniter4\framework\system\Database\BaseBuilder.php(2308): CodeIgniter\Database\BaseConnection->query('INSERT INTO `qu...', Array, false)
#4 C:\laragon\www\st\vendor\codeigniter4\framework\system\Model.php(319): CodeIgniter\Database\BaseBuilder->insert()
#5 C:\laragon\www\st\vendor\codeigniter4\framework\system\BaseModel.php(788): CodeIgniter\Model->doInsert(Array)
#6 C:\laragon\www\st\vendor\codeigniter4\framework\system\Model.php(715): CodeIgniter\BaseModel->insert(Array, true)
#7 C:\laragon\www\st\app\Controllers\ExamController.php(59): CodeIgniter\Model->insert(Array)
#8 C:\laragon\www\st\vendor\codeigniter4\framework\system\CodeIgniter.php(942): App\Controllers\ExamController->question_insert_db()
#9 C:\laragon\www\st\vendor\codeigniter4\framework\system\CodeIgniter.php(502): CodeIgniter\CodeIgniter->runController(Object(App\Controllers\ExamController))
#10 C:\laragon\www\st\vendor\codeigniter4\framework\system\CodeIgniter.php(361): CodeIgniter\CodeIgniter->handleRequest(NULL, Object(Config\Cache), false)
#11 C:\laragon\www\st\index.php(79): CodeIgniter\CodeIgniter->run()
#12 {main}
CRITICAL - 2024-01-21 06:20:26 --> Duplicate entry '0' for key 'PRIMARY'
in SYSTEMPATH\Database\BaseConnection.php on line 647.
 1 SYSTEMPATH\Database\BaseBuilder.php(2308): CodeIgniter\Database\BaseConnection->query('INSERT INTO `question_bank` (`subject_id`, `question_title`) VALUES (:subject_id:, :question_title:)', [...], false)
 2 SYSTEMPATH\Model.php(319): CodeIgniter\Database\BaseBuilder->insert()
 3 SYSTEMPATH\BaseModel.php(788): CodeIgniter\Model->doInsert([...])
 4 SYSTEMPATH\Model.php(715): CodeIgniter\BaseModel->insert([...], true)
 5 APPPATH\Controllers\ExamController.php(59): CodeIgniter\Model->insert([...])
 6 SYSTEMPATH\CodeIgniter.php(942): App\Controllers\ExamController->question_insert_db()
 7 SYSTEMPATH\CodeIgniter.php(502): CodeIgniter\CodeIgniter->runController(Object(App\Controllers\ExamController))
 8 SYSTEMPATH\CodeIgniter.php(361): CodeIgniter\CodeIgniter->handleRequest(null, Object(Config\Cache), false)
 9 FCPATH\index.php(79): CodeIgniter\CodeIgniter->run()
INFO - 2024-01-21 06:20:29 --> Session: Class initialized using 'CodeIgniter\Session\Handlers\FileHandler' driver.
INFO - 2024-01-21 06:20:57 --> Session: Class initialized using 'CodeIgniter\Session\Handlers\FileHandler' driver.
ERROR - 2024-01-21 06:20:57 --> mysqli_sql_exception: Duplicate entry '0' for key 'PRIMARY' in C:\laragon\www\st\vendor\codeigniter4\framework\system\Database\MySQLi\Connection.php:306
Stack trace:
#0 C:\laragon\www\st\vendor\codeigniter4\framework\system\Database\MySQLi\Connection.php(306): mysqli->query('INSERT INTO `qu...', 0)
#1 C:\laragon\www\st\vendor\codeigniter4\framework\system\Database\BaseConnection.php(693): CodeIgniter\Database\MySQLi\Connection->execute('INSERT INTO `qu...')
#2 C:\laragon\www\st\vendor\codeigniter4\framework\system\Database\BaseConnection.php(607): CodeIgniter\Database\BaseConnection->simpleQuery('INSERT INTO `qu...')
#3 C:\laragon\www\st\vendor\codeigniter4\framework\system\Database\BaseBuilder.php(2308): CodeIgniter\Database\BaseConnection->query('INSERT INTO `qu...', Array, false)
#4 C:\laragon\www\st\vendor\codeigniter4\framework\system\Model.php(319): CodeIgniter\Database\BaseBuilder->insert()
#5 C:\laragon\www\st\vendor\codeigniter4\framework\system\BaseModel.php(788): CodeIgniter\Model->doInsert(Array)
#6 C:\laragon\www\st\vendor\codeigniter4\framework\system\Model.php(715): CodeIgniter\BaseModel->insert(Array, true)
#7 C:\laragon\www\st\app\Controllers\ExamController.php(59): CodeIgniter\Model->insert(Array)
#8 C:\laragon\www\st\vendor\codeigniter4\framework\system\CodeIgniter.php(942): App\Controllers\ExamController->question_insert_db()
#9 C:\laragon\www\st\vendor\codeigniter4\framework\system\CodeIgniter.php(502): CodeIgniter\CodeIgniter->runController(Object(App\Controllers\ExamController))
#10 C:\laragon\www\st\vendor\codeigniter4\framework\system\CodeIgniter.php(361): CodeIgniter\CodeIgniter->handleRequest(NULL, Object(Config\Cache), false)
#11 C:\laragon\www\st\index.php(79): CodeIgniter\CodeIgniter->run()
#12 {main}
CRITICAL - 2024-01-21 06:20:57 --> Duplicate entry '0' for key 'PRIMARY'
in SYSTEMPATH\Database\BaseConnection.php on line 647.
 1 SYSTEMPATH\Database\BaseBuilder.php(2308): CodeIgniter\Database\BaseConnection->query('INSERT INTO `question_bank` (`subject_id`, `question_title`) VALUES (:subject_id:, :question_title:)', [...], false)
 2 SYSTEMPATH\Model.php(319): CodeIgniter\Database\BaseBuilder->insert()
 3 SYSTEMPATH\BaseModel.php(788): CodeIgniter\Model->doInsert([...])
 4 SYSTEMPATH\Model.php(715): CodeIgniter\BaseModel->insert([...], true)
 5 APPPATH\Controllers\ExamController.php(59): CodeIgniter\Model->insert([...])
 6 SYSTEMPATH\CodeIgniter.php(942): App\Controllers\ExamController->question_insert_db()
 7 SYSTEMPATH\CodeIgniter.php(502): CodeIgniter\CodeIgniter->runController(Object(App\Controllers\ExamController))
 8 SYSTEMPATH\CodeIgniter.php(361): CodeIgniter\CodeIgniter->handleRequest(null, Object(Config\Cache), false)
 9 FCPATH\index.php(79): CodeIgniter\CodeIgniter->run()
INFO - 2024-01-21 06:33:07 --> Session: Class initialized using 'CodeIgniter\Session\Handlers\FileHandler' driver.
INFO - 2024-01-21 06:35:17 --> Session: Class initialized using 'CodeIgniter\Session\Handlers\FileHandler' driver.
INFO - 2024-01-21 06:35:25 --> Session: Class initialized using 'CodeIgniter\Session\Handlers\FileHandler' driver.
INFO - 2024-01-21 06:36:55 --> Session: Class initialized using 'CodeIgniter\Session\Handlers\FileHandler' driver.
INFO - 2024-01-21 06:36:57 --> Session: Class initialized using 'CodeIgniter\Session\Handlers\FileHandler' driver.
INFO - 2024-01-21 06:37:02 --> Session: Class initialized using 'CodeIgniter\Session\Handlers\FileHandler' driver.
INFO - 2024-01-21 06:37:05 --> Session: Class initialized using 'CodeIgniter\Session\Handlers\FileHandler' driver.
INFO - 2024-01-21 06:37:20 --> Session: Class initialized using 'CodeIgniter\Session\Handlers\FileHandler' driver.
INFO - 2024-01-21 06:37:23 --> Session: Class initialized using 'CodeIgniter\Session\Handlers\FileHandler' driver.
INFO - 2024-01-21 06:37:54 --> Session: Class initialized using 'CodeIgniter\Session\Handlers\FileHandler' driver.
INFO - 2024-01-21 06:38:06 --> Session: Class initialized using 'CodeIgniter\Session\Handlers\FileHandler' driver.
INFO - 2024-01-21 08:51:07 --> Session: Class initialized using 'CodeIgniter\Session\Handlers\FileHandler' driver.
ERROR - 2024-01-21 08:51:07 --> mysqli_sql_exception: Duplicate entry '0' for key 'PRIMARY' in C:\laragon\www\st\vendor\codeigniter4\framework\system\Database\MySQLi\Connection.php:306
Stack trace:
#0 C:\laragon\www\st\vendor\codeigniter4\framework\system\Database\MySQLi\Connection.php(306): mysqli->query('INSERT INTO `qu...', 0)
#1 C:\laragon\www\st\vendor\codeigniter4\framework\system\Database\BaseConnection.php(693): CodeIgniter\Database\MySQLi\Connection->execute('INSERT INTO `qu...')
#2 C:\laragon\www\st\vendor\codeigniter4\framework\system\Database\BaseConnection.php(607): CodeIgniter\Database\BaseConnection->simpleQuery('INSERT INTO `qu...')
#3 C:\laragon\www\st\vendor\codeigniter4\framework\system\Database\BaseBuilder.php(2308): CodeIgniter\Database\BaseConnection->query('INSERT INTO `qu...', Array, false)
#4 C:\laragon\www\st\vendor\codeigniter4\framework\system\Model.php(319): CodeIgniter\Database\BaseBuilder->insert()
#5 C:\laragon\www\st\vendor\codeigniter4\framework\system\BaseModel.php(788): CodeIgniter\Model->doInsert(Array)
#6 C:\laragon\www\st\vendor\codeigniter4\framework\system\Model.php(715): CodeIgniter\BaseModel->insert(Array, true)
#7 C:\laragon\www\st\app\Controllers\ExamController.php(62): CodeIgniter\Model->insert(Array)
#8 C:\laragon\www\st\vendor\codeigniter4\framework\system\CodeIgniter.php(942): App\Controllers\ExamController->question_insert_db()
#9 C:\laragon\www\st\vendor\codeigniter4\framework\system\CodeIgniter.php(502): CodeIgniter\CodeIgniter->runController(Object(App\Controllers\ExamController))
#10 C:\laragon\www\st\vendor\codeigniter4\framework\system\CodeIgniter.php(361): CodeIgniter\CodeIgniter->handleRequest(NULL, Object(Config\Cache), false)
#11 C:\laragon\www\st\index.php(79): CodeIgniter\CodeIgniter->run()
#12 {main}
CRITICAL - 2024-01-21 08:51:07 --> Duplicate entry '0' for key 'PRIMARY'
in SYSTEMPATH\Database\BaseConnection.php on line 647.
 1 SYSTEMPATH\Database\BaseBuilder.php(2308): CodeIgniter\Database\BaseConnection->query('INSERT INTO `question_bank` (`subject_id`, `question_title`) VALUES (:subject_id:, :question_title:)', [...], false)
 2 SYSTEMPATH\Model.php(319): CodeIgniter\Database\BaseBuilder->insert()
 3 SYSTEMPATH\BaseModel.php(788): CodeIgniter\Model->doInsert([...])
 4 SYSTEMPATH\Model.php(715): CodeIgniter\BaseModel->insert([...], true)
 5 APPPATH\Controllers\ExamController.php(62): CodeIgniter\Model->insert([...])
 6 SYSTEMPATH\CodeIgniter.php(942): App\Controllers\ExamController->question_insert_db()
 7 SYSTEMPATH\CodeIgniter.php(502): CodeIgniter\CodeIgniter->runController(Object(App\Controllers\ExamController))
 8 SYSTEMPATH\CodeIgniter.php(361): CodeIgniter\CodeIgniter->handleRequest(null, Object(Config\Cache), false)
 9 FCPATH\index.php(79): CodeIgniter\CodeIgniter->run()
INFO - 2024-01-21 08:51:09 --> Session: Class initialized using 'CodeIgniter\Session\Handlers\FileHandler' driver.
CRITICAL - 2024-01-21 08:51:09 --> Undefined index: id
in APPPATH\Controllers\ExamController.php on line 33.
 1 APPPATH\Controllers\ExamController.php(33): CodeIgniter\Debug\Exceptions->errorHandler(8, 'Undefined index: id', 'C:\\laragon\\www\\st\\app\\Controllers\\ExamController.php', 33, [])
 2 SYSTEMPATH\CodeIgniter.php(942): App\Controllers\ExamController->question_bank_View()
 3 SYSTEMPATH\CodeIgniter.php(502): CodeIgniter\CodeIgniter->runController(Object(App\Controllers\ExamController))
 4 SYSTEMPATH\CodeIgniter.php(361): CodeIgniter\CodeIgniter->handleRequest(null, Object(Config\Cache), false)
 5 FCPATH\index.php(79): CodeIgniter\CodeIgniter->run()
INFO - 2024-01-21 08:51:11 --> Session: Class initialized using 'CodeIgniter\Session\Handlers\FileHandler' driver.
INFO - 2024-01-21 08:51:11 --> Session: Class initialized using 'CodeIgniter\Session\Handlers\FileHandler' driver.
INFO - 2024-01-21 08:51:59 --> Session: Class initialized using 'CodeIgniter\Session\Handlers\FileHandler' driver.
INFO - 2024-01-21 08:52:14 --> Session: Class initialized using 'CodeIgniter\Session\Handlers\FileHandler' driver.
INFO - 2024-01-21 08:52:17 --> Session: Class initialized using 'CodeIgniter\Session\Handlers\FileHandler' driver.
INFO - 2024-01-21 08:53:23 --> Session: Class initialized using 'CodeIgniter\Session\Handlers\FileHandler' driver.
INFO - 2024-01-21 08:53:25 --> Session: Class initialized using 'CodeIgniter\Session\Handlers\FileHandler' driver.
INFO - 2024-01-21 08:53:26 --> Session: Class initialized using 'CodeIgniter\Session\Handlers\FileHandler' driver.
INFO - 2024-01-21 08:53:29 --> Session: Class initialized using 'CodeIgniter\Session\Handlers\FileHandler' driver.
INFO - 2024-01-21 08:53:34 --> Session: Class initialized using 'CodeIgniter\Session\Handlers\FileHandler' driver.
INFO - 2024-01-21 08:53:46 --> Session: Class initialized using 'CodeIgniter\Session\Handlers\FileHandler' driver.
INFO - 2024-01-21 08:53:48 --> Session: Class initialized using 'CodeIgniter\Session\Handlers\FileHandler' driver.
INFO - 2024-01-21 08:54:35 --> Session: Class initialized using 'CodeIgniter\Session\Handlers\FileHandler' driver.
INFO - 2024-01-21 08:54:37 --> Session: Class initialized using 'CodeIgniter\Session\Handlers\FileHandler' driver.
INFO - 2024-01-21 08:54:52 --> Session: Class initialized using 'CodeIgniter\Session\Handlers\FileHandler' driver.
INFO - 2024-01-21 09:01:52 --> Session: Class initialized using 'CodeIgniter\Session\Handlers\FileHandler' driver.
INFO - 2024-01-21 09:01:54 --> Session: Class initialized using 'CodeIgniter\Session\Handlers\FileHandler' driver.
INFO - 2024-01-21 09:01:57 --> Session: Class initialized using 'CodeIgniter\Session\Handlers\FileHandler' driver.
INFO - 2024-01-21 09:02:28 --> Session: Class initialized using 'CodeIgniter\Session\Handlers\FileHandler' driver.
INFO - 2024-01-21 09:02:31 --> Session: Class initialized using 'CodeIgniter\Session\Handlers\FileHandler' driver.
CRITICAL - 2024-01-21 09:02:31 --> Undefined variable: db
in APPPATH\Controllers\QuestionSetController.php on line 38.
 1 APPPATH\Controllers\QuestionSetController.php(38): CodeIgniter\Debug\Exceptions->errorHandler(8, 'Undefined variable: db', 'C:\\laragon\\www\\st\\app\\Controllers\\QuestionSetController.php', 38, [...])
 2 SYSTEMPATH\CodeIgniter.php(942): App\Controllers\QuestionSetController->question_show_for_set_creation()
 3 SYSTEMPATH\CodeIgniter.php(502): CodeIgniter\CodeIgniter->runController(Object(App\Controllers\QuestionSetController))
 4 SYSTEMPATH\CodeIgniter.php(361): CodeIgniter\CodeIgniter->handleRequest(null, Object(Config\Cache), false)
 5 FCPATH\index.php(79): CodeIgniter\CodeIgniter->run()
INFO - 2024-01-21 09:02:33 --> Session: Class initialized using 'CodeIgniter\Session\Handlers\FileHandler' driver.
INFO - 2024-01-21 09:03:25 --> Session: Class initialized using 'CodeIgniter\Session\Handlers\FileHandler' driver.
INFO - 2024-01-21 09:05:45 --> Session: Class initialized using 'CodeIgniter\Session\Handlers\FileHandler' driver.
INFO - 2024-01-21 09:05:48 --> Session: Class initialized using 'CodeIgniter\Session\Handlers\FileHandler' driver.
CRITICAL - 2024-01-21 09:05:48 --> Undefined variable: db
in APPPATH\Controllers\QuestionSetController.php on line 38.
 1 APPPATH\Controllers\QuestionSetController.php(38): CodeIgniter\Debug\Exceptions->errorHandler(8, 'Undefined variable: db', 'C:\\laragon\\www\\st\\app\\Controllers\\QuestionSetController.php', 38, [...])
 2 SYSTEMPATH\CodeIgniter.php(942): App\Controllers\QuestionSetController->question_show_for_set_creation()
 3 SYSTEMPATH\CodeIgniter.php(502): CodeIgniter\CodeIgniter->runController(Object(App\Controllers\QuestionSetController))
 4 SYSTEMPATH\CodeIgniter.php(361): CodeIgniter\CodeIgniter->handleRequest(null, Object(Config\Cache), false)
 5 FCPATH\index.php(79): CodeIgniter\CodeIgniter->run()
INFO - 2024-01-21 09:05:51 --> Session: Class initialized using 'CodeIgniter\Session\Handlers\FileHandler' driver.
INFO - 2024-01-21 09:05:53 --> Session: Class initialized using 'CodeIgniter\Session\Handlers\FileHandler' driver.
INFO - 2024-01-21 09:05:56 --> Session: Class initialized using 'CodeIgniter\Session\Handlers\FileHandler' driver.
CRITICAL - 2024-01-21 09:05:56 --> Undefined variable: db
in APPPATH\Controllers\QuestionSetController.php on line 38.
 1 APPPATH\Controllers\QuestionSetController.php(38): CodeIgniter\Debug\Exceptions->errorHandler(8, 'Undefined variable: db', 'C:\\laragon\\www\\st\\app\\Controllers\\QuestionSetController.php', 38, [...])
 2 SYSTEMPATH\CodeIgniter.php(942): App\Controllers\QuestionSetController->question_show_for_set_creation()
 3 SYSTEMPATH\CodeIgniter.php(502): CodeIgniter\CodeIgniter->runController(Object(App\Controllers\QuestionSetController))
 4 SYSTEMPATH\CodeIgniter.php(361): CodeIgniter\CodeIgniter->handleRequest(null, Object(Config\Cache), false)
 5 FCPATH\index.php(79): CodeIgniter\CodeIgniter->run()
INFO - 2024-01-21 09:06:11 --> Session: Class initialized using 'CodeIgniter\Session\Handlers\FileHandler' driver.
INFO - 2024-01-21 09:06:14 --> Session: Class initialized using 'CodeIgniter\Session\Handlers\FileHandler' driver.
CRITICAL - 2024-01-21 09:06:14 --> Undefined variable: db
in APPPATH\Controllers\QuestionSetController.php on line 38.
 1 APPPATH\Controllers\QuestionSetController.php(38): CodeIgniter\Debug\Exceptions->errorHandler(8, 'Undefined variable: db', 'C:\\laragon\\www\\st\\app\\Controllers\\QuestionSetController.php', 38, [...])
 2 SYSTEMPATH\CodeIgniter.php(942): App\Controllers\QuestionSetController->question_show_for_set_creation()
 3 SYSTEMPATH\CodeIgniter.php(502): CodeIgniter\CodeIgniter->runController(Object(App\Controllers\QuestionSetController))
 4 SYSTEMPATH\CodeIgniter.php(361): CodeIgniter\CodeIgniter->handleRequest(null, Object(Config\Cache), false)
 5 FCPATH\index.php(79): CodeIgniter\CodeIgniter->run()
INFO - 2024-01-21 09:06:32 --> Session: Class initialized using 'CodeIgniter\Session\Handlers\FileHandler' driver.
INFO - 2024-01-21 09:06:35 --> Session: Class initialized using 'CodeIgniter\Session\Handlers\FileHandler' driver.
CRITICAL - 2024-01-21 09:06:35 --> Undefined variable: db
in APPPATH\Controllers\QuestionSetController.php on line 38.
 1 APPPATH\Controllers\QuestionSetController.php(38): CodeIgniter\Debug\Exceptions->errorHandler(8, 'Undefined variable: db', 'C:\\laragon\\www\\st\\app\\Controllers\\QuestionSetController.php', 38, [...])
 2 SYSTEMPATH\CodeIgniter.php(942): App\Controllers\QuestionSetController->question_show_for_set_creation()
 3 SYSTEMPATH\CodeIgniter.php(502): CodeIgniter\CodeIgniter->runController(Object(App\Controllers\QuestionSetController))
 4 SYSTEMPATH\CodeIgniter.php(361): CodeIgniter\CodeIgniter->handleRequest(null, Object(Config\Cache), false)
 5 FCPATH\index.php(79): CodeIgniter\CodeIgniter->run()
INFO - 2024-01-21 09:06:38 --> Session: Class initialized using 'CodeIgniter\Session\Handlers\FileHandler' driver.
INFO - 2024-01-21 09:06:40 --> Session: Class initialized using 'CodeIgniter\Session\Handlers\FileHandler' driver.
INFO - 2024-01-21 09:06:43 --> Session: Class initialized using 'CodeIgniter\Session\Handlers\FileHandler' driver.
CRITICAL - 2024-01-21 09:06:43 --> Undefined variable: db
in APPPATH\Controllers\QuestionSetController.php on line 38.
 1 APPPATH\Controllers\QuestionSetController.php(38): CodeIgniter\Debug\Exceptions->errorHandler(8, 'Undefined variable: db', 'C:\\laragon\\www\\st\\app\\Controllers\\QuestionSetController.php', 38, [...])
 2 SYSTEMPATH\CodeIgniter.php(942): App\Controllers\QuestionSetController->question_show_for_set_creation()
 3 SYSTEMPATH\CodeIgniter.php(502): CodeIgniter\CodeIgniter->runController(Object(App\Controllers\QuestionSetController))
 4 SYSTEMPATH\CodeIgniter.php(361): CodeIgniter\CodeIgniter->handleRequest(null, Object(Config\Cache), false)
 5 FCPATH\index.php(79): CodeIgniter\CodeIgniter->run()
INFO - 2024-01-21 09:06:57 --> Session: Class initialized using 'CodeIgniter\Session\Handlers\FileHandler' driver.
INFO - 2024-01-21 09:06:59 --> Session: Class initialized using 'CodeIgniter\Session\Handlers\FileHandler' driver.
INFO - 2024-01-21 09:07:02 --> Session: Class initialized using 'CodeIgniter\Session\Handlers\FileHandler' driver.
CRITICAL - 2024-01-21 09:07:02 --> Undefined variable: db
in APPPATH\Controllers\QuestionSetController.php on line 38.
 1 APPPATH\Controllers\QuestionSetController.php(38): CodeIgniter\Debug\Exceptions->errorHandler(8, 'Undefined variable: db', 'C:\\laragon\\www\\st\\app\\Controllers\\QuestionSetController.php', 38, [...])
 2 SYSTEMPATH\CodeIgniter.php(942): App\Controllers\QuestionSetController->question_show_for_set_creation()
 3 SYSTEMPATH\CodeIgniter.php(502): CodeIgniter\CodeIgniter->runController(Object(App\Controllers\QuestionSetController))
 4 SYSTEMPATH\CodeIgniter.php(361): CodeIgniter\CodeIgniter->handleRequest(null, Object(Config\Cache), false)
 5 FCPATH\index.php(79): CodeIgniter\CodeIgniter->run()
INFO - 2024-01-21 09:07:50 --> Session: Class initialized using 'CodeIgniter\Session\Handlers\FileHandler' driver.
INFO - 2024-01-21 09:07:54 --> Session: Class initialized using 'CodeIgniter\Session\Handlers\FileHandler' driver.
CRITICAL - 2024-01-21 09:07:54 --> Undefined variable: db
in APPPATH\Controllers\QuestionSetController.php on line 38.
 1 APPPATH\Controllers\QuestionSetController.php(38): CodeIgniter\Debug\Exceptions->errorHandler(8, 'Undefined variable: db', 'C:\\laragon\\www\\st\\app\\Controllers\\QuestionSetController.php', 38, [...])
 2 SYSTEMPATH\CodeIgniter.php(942): App\Controllers\QuestionSetController->question_show_for_set_creation()
 3 SYSTEMPATH\CodeIgniter.php(502): CodeIgniter\CodeIgniter->runController(Object(App\Controllers\QuestionSetController))
 4 SYSTEMPATH\CodeIgniter.php(361): CodeIgniter\CodeIgniter->handleRequest(null, Object(Config\Cache), false)
 5 FCPATH\index.php(79): CodeIgniter\CodeIgniter->run()
INFO - 2024-01-21 09:07:58 --> Session: Class initialized using 'CodeIgniter\Session\Handlers\FileHandler' driver.
CRITICAL - 2024-01-21 09:07:58 --> Undefined variable: db
in APPPATH\Controllers\QuestionSetController.php on line 38.
 1 APPPATH\Controllers\QuestionSetController.php(38): CodeIgniter\Debug\Exceptions->errorHandler(8, 'Undefined variable: db', 'C:\\laragon\\www\\st\\app\\Controllers\\QuestionSetController.php', 38, [...])
 2 SYSTEMPATH\CodeIgniter.php(942): App\Controllers\QuestionSetController->question_show_for_set_creation()
 3 SYSTEMPATH\CodeIgniter.php(502): CodeIgniter\CodeIgniter->runController(Object(App\Controllers\QuestionSetController))
 4 SYSTEMPATH\CodeIgniter.php(361): CodeIgniter\CodeIgniter->handleRequest(null, Object(Config\Cache), false)
 5 FCPATH\index.php(79): CodeIgniter\CodeIgniter->run()
INFO - 2024-01-21 09:08:02 --> Session: Class initialized using 'CodeIgniter\Session\Handlers\FileHandler' driver.
CRITICAL - 2024-01-21 09:08:02 --> Undefined variable: db
in APPPATH\Controllers\QuestionSetController.php on line 38.
 1 APPPATH\Controllers\QuestionSetController.php(38): CodeIgniter\Debug\Exceptions->errorHandler(8, 'Undefined variable: db', 'C:\\laragon\\www\\st\\app\\Controllers\\QuestionSetController.php', 38, [...])
 2 SYSTEMPATH\CodeIgniter.php(942): App\Controllers\QuestionSetController->question_show_for_set_creation()
 3 SYSTEMPATH\CodeIgniter.php(502): CodeIgniter\CodeIgniter->runController(Object(App\Controllers\QuestionSetController))
 4 SYSTEMPATH\CodeIgniter.php(361): CodeIgniter\CodeIgniter->handleRequest(null, Object(Config\Cache), false)
 5 FCPATH\index.php(79): CodeIgniter\CodeIgniter->run()
INFO - 2024-01-21 09:08:21 --> Session: Class initialized using 'CodeIgniter\Session\Handlers\FileHandler' driver.
INFO - 2024-01-21 09:08:25 --> Session: Class initialized using 'CodeIgniter\Session\Handlers\FileHandler' driver.
INFO - 2024-01-21 09:08:49 --> Session: Class initialized using 'CodeIgniter\Session\Handlers\FileHandler' driver.
INFO - 2024-01-21 09:08:53 --> Session: Class initialized using 'CodeIgniter\Session\Handlers\FileHandler' driver.
INFO - 2024-01-21 09:11:48 --> Session: Class initialized using 'CodeIgniter\Session\Handlers\FileHandler' driver.
INFO - 2024-01-21 09:12:01 --> Session: Class initialized using 'CodeIgniter\Session\Handlers\FileHandler' driver.
CRITICAL - 2024-01-21 09:12:01 --> Undefined index: id
in APPPATH\Controllers\QuestionSetController.php on line 79.
 1 APPPATH\Controllers\QuestionSetController.php(79): CodeIgniter\Debug\Exceptions->errorHandler(8, 'Undefined index: id', 'C:\\laragon\\www\\st\\app\\Controllers\\QuestionSetController.php', 79, [...])
 2 SYSTEMPATH\CodeIgniter.php(942): App\Controllers\QuestionSetController->question_set_insert_db()
 3 SYSTEMPATH\CodeIgniter.php(502): CodeIgniter\CodeIgniter->runController(Object(App\Controllers\QuestionSetController))
 4 SYSTEMPATH\CodeIgniter.php(361): CodeIgniter\CodeIgniter->handleRequest(null, Object(Config\Cache), false)
 5 FCPATH\index.php(79): CodeIgniter\CodeIgniter->run()
INFO - 2024-01-21 09:12:02 --> Session: Class initialized using 'CodeIgniter\Session\Handlers\FileHandler' driver.
CRITICAL - 2024-01-21 09:12:02 --> Undefined index: id
in APPPATH\Controllers\QuestionSetController.php on line 79.
 1 APPPATH\Controllers\QuestionSetController.php(79): CodeIgniter\Debug\Exceptions->errorHandler(8, 'Undefined index: id', 'C:\\laragon\\www\\st\\app\\Controllers\\QuestionSetController.php', 79, [...])
 2 SYSTEMPATH\CodeIgniter.php(942): App\Controllers\QuestionSetController->question_set_insert_db()
 3 SYSTEMPATH\CodeIgniter.php(502): CodeIgniter\CodeIgniter->runController(Object(App\Controllers\QuestionSetController))
 4 SYSTEMPATH\CodeIgniter.php(361): CodeIgniter\CodeIgniter->handleRequest(null, Object(Config\Cache), false)
 5 FCPATH\index.php(79): CodeIgniter\CodeIgniter->run()
INFO - 2024-01-21 09:12:02 --> Session: Class initialized using 'CodeIgniter\Session\Handlers\FileHandler' driver.
CRITICAL - 2024-01-21 09:12:02 --> Undefined index: id
in APPPATH\Controllers\QuestionSetController.php on line 79.
 1 APPPATH\Controllers\QuestionSetController.php(79): CodeIgniter\Debug\Exceptions->errorHandler(8, 'Undefined index: id', 'C:\\laragon\\www\\st\\app\\Controllers\\QuestionSetController.php', 79, [...])
 2 SYSTEMPATH\CodeIgniter.php(942): App\Controllers\QuestionSetController->question_set_insert_db()
 3 SYSTEMPATH\CodeIgniter.php(502): CodeIgniter\CodeIgniter->runController(Object(App\Controllers\QuestionSetController))
 4 SYSTEMPATH\CodeIgniter.php(361): CodeIgniter\CodeIgniter->handleRequest(null, Object(Config\Cache), false)
 5 FCPATH\index.php(79): CodeIgniter\CodeIgniter->run()
INFO - 2024-01-21 09:12:02 --> Session: Class initialized using 'CodeIgniter\Session\Handlers\FileHandler' driver.
CRITICAL - 2024-01-21 09:12:02 --> Undefined index: id
in APPPATH\Controllers\QuestionSetController.php on line 79.
 1 APPPATH\Controllers\QuestionSetController.php(79): CodeIgniter\Debug\Exceptions->errorHandler(8, 'Undefined index: id', 'C:\\laragon\\www\\st\\app\\Controllers\\QuestionSetController.php', 79, [...])
 2 SYSTEMPATH\CodeIgniter.php(942): App\Controllers\QuestionSetController->question_set_insert_db()
 3 SYSTEMPATH\CodeIgniter.php(502): CodeIgniter\CodeIgniter->runController(Object(App\Controllers\QuestionSetController))
 4 SYSTEMPATH\CodeIgniter.php(361): CodeIgniter\CodeIgniter->handleRequest(null, Object(Config\Cache), false)
 5 FCPATH\index.php(79): CodeIgniter\CodeIgniter->run()
INFO - 2024-01-21 09:12:04 --> Session: Class initialized using 'CodeIgniter\Session\Handlers\FileHandler' driver.
CRITICAL - 2024-01-21 09:12:04 --> Undefined index: id
in APPPATH\Controllers\QuestionSetController.php on line 79.
 1 APPPATH\Controllers\QuestionSetController.php(79): CodeIgniter\Debug\Exceptions->errorHandler(8, 'Undefined index: id', 'C:\\laragon\\www\\st\\app\\Controllers\\QuestionSetController.php', 79, [...])
 2 SYSTEMPATH\CodeIgniter.php(942): App\Controllers\QuestionSetController->question_set_insert_db()
 3 SYSTEMPATH\CodeIgniter.php(502): CodeIgniter\CodeIgniter->runController(Object(App\Controllers\QuestionSetController))
 4 SYSTEMPATH\CodeIgniter.php(361): CodeIgniter\CodeIgniter->handleRequest(null, Object(Config\Cache), false)
 5 FCPATH\index.php(79): CodeIgniter\CodeIgniter->run()
INFO - 2024-01-21 09:12:04 --> Session: Class initialized using 'CodeIgniter\Session\Handlers\FileHandler' driver.
CRITICAL - 2024-01-21 09:12:04 --> Undefined index: id
in APPPATH\Controllers\QuestionSetController.php on line 79.
 1 APPPATH\Controllers\QuestionSetController.php(79): CodeIgniter\Debug\Exceptions->errorHandler(8, 'Undefined index: id', 'C:\\laragon\\www\\st\\app\\Controllers\\QuestionSetController.php', 79, [...])
 2 SYSTEMPATH\CodeIgniter.php(942): App\Controllers\QuestionSetController->question_set_insert_db()
 3 SYSTEMPATH\CodeIgniter.php(502): CodeIgniter\CodeIgniter->runController(Object(App\Controllers\QuestionSetController))
 4 SYSTEMPATH\CodeIgniter.php(361): CodeIgniter\CodeIgniter->handleRequest(null, Object(Config\Cache), false)
 5 FCPATH\index.php(79): CodeIgniter\CodeIgniter->run()
INFO - 2024-01-21 09:12:05 --> Session: Class initialized using 'CodeIgniter\Session\Handlers\FileHandler' driver.
CRITICAL - 2024-01-21 09:12:05 --> Undefined index: id
in APPPATH\Controllers\QuestionSetController.php on line 79.
 1 APPPATH\Controllers\QuestionSetController.php(79): CodeIgniter\Debug\Exceptions->errorHandler(8, 'Undefined index: id', 'C:\\laragon\\www\\st\\app\\Controllers\\QuestionSetController.php', 79, [...])
 2 SYSTEMPATH\CodeIgniter.php(942): App\Controllers\QuestionSetController->question_set_insert_db()
 3 SYSTEMPATH\CodeIgniter.php(502): CodeIgniter\CodeIgniter->runController(Object(App\Controllers\QuestionSetController))
 4 SYSTEMPATH\CodeIgniter.php(361): CodeIgniter\CodeIgniter->handleRequest(null, Object(Config\Cache), false)
 5 FCPATH\index.php(79): CodeIgniter\CodeIgniter->run()
INFO - 2024-01-21 09:12:05 --> Session: Class initialized using 'CodeIgniter\Session\Handlers\FileHandler' driver.
CRITICAL - 2024-01-21 09:12:05 --> Undefined index: id
in APPPATH\Controllers\QuestionSetController.php on line 79.
 1 APPPATH\Controllers\QuestionSetController.php(79): CodeIgniter\Debug\Exceptions->errorHandler(8, 'Undefined index: id', 'C:\\laragon\\www\\st\\app\\Controllers\\QuestionSetController.php', 79, [...])
 2 SYSTEMPATH\CodeIgniter.php(942): App\Controllers\QuestionSetController->question_set_insert_db()
 3 SYSTEMPATH\CodeIgniter.php(502): CodeIgniter\CodeIgniter->runController(Object(App\Controllers\QuestionSetController))
 4 SYSTEMPATH\CodeIgniter.php(361): CodeIgniter\CodeIgniter->handleRequest(null, Object(Config\Cache), false)
 5 FCPATH\index.php(79): CodeIgniter\CodeIgniter->run()
INFO - 2024-01-21 09:12:05 --> Session: Class initialized using 'CodeIgniter\Session\Handlers\FileHandler' driver.
CRITICAL - 2024-01-21 09:12:05 --> Undefined index: id
in APPPATH\Controllers\QuestionSetController.php on line 79.
 1 APPPATH\Controllers\QuestionSetController.php(79): CodeIgniter\Debug\Exceptions->errorHandler(8, 'Undefined index: id', 'C:\\laragon\\www\\st\\app\\Controllers\\QuestionSetController.php', 79, [...])
 2 SYSTEMPATH\CodeIgniter.php(942): App\Controllers\QuestionSetController->question_set_insert_db()
 3 SYSTEMPATH\CodeIgniter.php(502): CodeIgniter\CodeIgniter->runController(Object(App\Controllers\QuestionSetController))
 4 SYSTEMPATH\CodeIgniter.php(361): CodeIgniter\CodeIgniter->handleRequest(null, Object(Config\Cache), false)
 5 FCPATH\index.php(79): CodeIgniter\CodeIgniter->run()
INFO - 2024-01-21 09:12:06 --> Session: Class initialized using 'CodeIgniter\Session\Handlers\FileHandler' driver.
CRITICAL - 2024-01-21 09:12:06 --> Undefined index: id
in APPPATH\Controllers\QuestionSetController.php on line 79.
 1 APPPATH\Controllers\QuestionSetController.php(79): CodeIgniter\Debug\Exceptions->errorHandler(8, 'Undefined index: id', 'C:\\laragon\\www\\st\\app\\Controllers\\QuestionSetController.php', 79, [...])
 2 SYSTEMPATH\CodeIgniter.php(942): App\Controllers\QuestionSetController->question_set_insert_db()
 3 SYSTEMPATH\CodeIgniter.php(502): CodeIgniter\CodeIgniter->runController(Object(App\Controllers\QuestionSetController))
 4 SYSTEMPATH\CodeIgniter.php(361): CodeIgniter\CodeIgniter->handleRequest(null, Object(Config\Cache), false)
 5 FCPATH\index.php(79): CodeIgniter\CodeIgniter->run()
INFO - 2024-01-21 09:12:06 --> Session: Class initialized using 'CodeIgniter\Session\Handlers\FileHandler' driver.
CRITICAL - 2024-01-21 09:12:06 --> Undefined index: id
in APPPATH\Controllers\QuestionSetController.php on line 79.
 1 APPPATH\Controllers\QuestionSetController.php(79): CodeIgniter\Debug\Exceptions->errorHandler(8, 'Undefined index: id', 'C:\\laragon\\www\\st\\app\\Controllers\\QuestionSetController.php', 79, [...])
 2 SYSTEMPATH\CodeIgniter.php(942): App\Controllers\QuestionSetController->question_set_insert_db()
 3 SYSTEMPATH\CodeIgniter.php(502): CodeIgniter\CodeIgniter->runController(Object(App\Controllers\QuestionSetController))
 4 SYSTEMPATH\CodeIgniter.php(361): CodeIgniter\CodeIgniter->handleRequest(null, Object(Config\Cache), false)
 5 FCPATH\index.php(79): CodeIgniter\CodeIgniter->run()
INFO - 2024-01-21 09:12:06 --> Session: Class initialized using 'CodeIgniter\Session\Handlers\FileHandler' driver.
CRITICAL - 2024-01-21 09:12:06 --> Undefined index: id
in APPPATH\Controllers\QuestionSetController.php on line 79.
 1 APPPATH\Controllers\QuestionSetController.php(79): CodeIgniter\Debug\Exceptions->errorHandler(8, 'Undefined index: id', 'C:\\laragon\\www\\st\\app\\Controllers\\QuestionSetController.php', 79, [...])
 2 SYSTEMPATH\CodeIgniter.php(942): App\Controllers\QuestionSetController->question_set_insert_db()
 3 SYSTEMPATH\CodeIgniter.php(502): CodeIgniter\CodeIgniter->runController(Object(App\Controllers\QuestionSetController))
 4 SYSTEMPATH\CodeIgniter.php(361): CodeIgniter\CodeIgniter->handleRequest(null, Object(Config\Cache), false)
 5 FCPATH\index.php(79): CodeIgniter\CodeIgniter->run()
INFO - 2024-01-21 09:13:01 --> Session: Class initialized using 'CodeIgniter\Session\Handlers\FileHandler' driver.
INFO - 2024-01-21 09:13:07 --> Session: Class initialized using 'CodeIgniter\Session\Handlers\FileHandler' driver.
INFO - 2024-01-21 09:13:15 --> Session: Class initialized using 'CodeIgniter\Session\Handlers\FileHandler' driver.
CRITICAL - 2024-01-21 09:13:15 --> Undefined index: id
in APPPATH\Controllers\QuestionSetController.php on line 79.
 1 APPPATH\Controllers\QuestionSetController.php(79): CodeIgniter\Debug\Exceptions->errorHandler(8, 'Undefined index: id', 'C:\\laragon\\www\\st\\app\\Controllers\\QuestionSetController.php', 79, [...])
 2 SYSTEMPATH\CodeIgniter.php(942): App\Controllers\QuestionSetController->question_set_insert_db()
 3 SYSTEMPATH\CodeIgniter.php(502): CodeIgniter\CodeIgniter->runController(Object(App\Controllers\QuestionSetController))
 4 SYSTEMPATH\CodeIgniter.php(361): CodeIgniter\CodeIgniter->handleRequest(null, Object(Config\Cache), false)
 5 FCPATH\index.php(79): CodeIgniter\CodeIgniter->run()
INFO - 2024-01-21 09:15:41 --> Session: Class initialized using 'CodeIgniter\Session\Handlers\FileHandler' driver.
INFO - 2024-01-21 09:15:46 --> Session: Class initialized using 'CodeIgniter\Session\Handlers\FileHandler' driver.
INFO - 2024-01-21 09:15:52 --> Session: Class initialized using 'CodeIgniter\Session\Handlers\FileHandler' driver.
INFO - 2024-01-21 09:16:40 --> Session: Class initialized using 'CodeIgniter\Session\Handlers\FileHandler' driver.
INFO - 2024-01-21 09:16:45 --> Session: Class initialized using 'CodeIgniter\Session\Handlers\FileHandler' driver.
INFO - 2024-01-21 09:16:53 --> Session: Class initialized using 'CodeIgniter\Session\Handlers\FileHandler' driver.
INFO - 2024-01-21 09:37:56 --> Session: Class initialized using 'CodeIgniter\Session\Handlers\FileHandler' driver.
INFO - 2024-01-21 09:37:59 --> Session: Class initialized using 'CodeIgniter\Session\Handlers\FileHandler' driver.
CRITICAL - 2024-01-21 09:37:59 --> Undefined variable: studentData
in APPPATH\Controllers\QuestionSetController.php on line 39.
 1 APPPATH\Controllers\QuestionSetController.php(39): CodeIgniter\Debug\Exceptions->errorHandler(8, 'Undefined variable: studentData', 'C:\\laragon\\www\\st\\app\\Controllers\\QuestionSetController.php', 39, [...])
 2 SYSTEMPATH\CodeIgniter.php(942): App\Controllers\QuestionSetController->question_show_for_set_creation()
 3 SYSTEMPATH\CodeIgniter.php(502): CodeIgniter\CodeIgniter->runController(Object(App\Controllers\QuestionSetController))
 4 SYSTEMPATH\CodeIgniter.php(361): CodeIgniter\CodeIgniter->handleRequest(null, Object(Config\Cache), false)
 5 FCPATH\index.php(79): CodeIgniter\CodeIgniter->run()
INFO - 2024-01-21 09:38:01 --> Session: Class initialized using 'CodeIgniter\Session\Handlers\FileHandler' driver.
CRITICAL - 2024-01-21 09:38:01 --> Undefined variable: studentData
in APPPATH\Controllers\QuestionSetController.php on line 39.
 1 APPPATH\Controllers\QuestionSetController.php(39): CodeIgniter\Debug\Exceptions->errorHandler(8, 'Undefined variable: studentData', 'C:\\laragon\\www\\st\\app\\Controllers\\QuestionSetController.php', 39, [...])
 2 SYSTEMPATH\CodeIgniter.php(942): App\Controllers\QuestionSetController->question_show_for_set_creation()
 3 SYSTEMPATH\CodeIgniter.php(502): CodeIgniter\CodeIgniter->runController(Object(App\Controllers\QuestionSetController))
 4 SYSTEMPATH\CodeIgniter.php(361): CodeIgniter\CodeIgniter->handleRequest(null, Object(Config\Cache), false)
 5 FCPATH\index.php(79): CodeIgniter\CodeIgniter->run()
INFO - 2024-01-21 09:38:04 --> Session: Class initialized using 'CodeIgniter\Session\Handlers\FileHandler' driver.
CRITICAL - 2024-01-21 09:38:04 --> Undefined index: id
in APPPATH\Controllers\QuestionSetController.php on line 90.
 1 APPPATH\Controllers\QuestionSetController.php(90): CodeIgniter\Debug\Exceptions->errorHandler(8, 'Undefined index: id', 'C:\\laragon\\www\\st\\app\\Controllers\\QuestionSetController.php', 90, [...])
 2 SYSTEMPATH\CodeIgniter.php(942): App\Controllers\QuestionSetController->question_set_insert_db()
 3 SYSTEMPATH\CodeIgniter.php(502): CodeIgniter\CodeIgniter->runController(Object(App\Controllers\QuestionSetController))
 4 SYSTEMPATH\CodeIgniter.php(361): CodeIgniter\CodeIgniter->handleRequest(null, Object(Config\Cache), false)
 5 FCPATH\index.php(79): CodeIgniter\CodeIgniter->run()
INFO - 2024-01-21 09:38:05 --> Session: Class initialized using 'CodeIgniter\Session\Handlers\FileHandler' driver.
CRITICAL - 2024-01-21 09:38:05 --> Undefined index: id
in APPPATH\Controllers\QuestionSetController.php on line 90.
 1 APPPATH\Controllers\QuestionSetController.php(90): CodeIgniter\Debug\Exceptions->errorHandler(8, 'Undefined index: id', 'C:\\laragon\\www\\st\\app\\Controllers\\QuestionSetController.php', 90, [...])
 2 SYSTEMPATH\CodeIgniter.php(942): App\Controllers\QuestionSetController->question_set_insert_db()
 3 SYSTEMPATH\CodeIgniter.php(502): CodeIgniter\CodeIgniter->runController(Object(App\Controllers\QuestionSetController))
 4 SYSTEMPATH\CodeIgniter.php(361): CodeIgniter\CodeIgniter->handleRequest(null, Object(Config\Cache), false)
 5 FCPATH\index.php(79): CodeIgniter\CodeIgniter->run()
INFO - 2024-01-21 09:38:05 --> Session: Class initialized using 'CodeIgniter\Session\Handlers\FileHandler' driver.
CRITICAL - 2024-01-21 09:38:05 --> Undefined index: id
in APPPATH\Controllers\QuestionSetController.php on line 90.
 1 APPPATH\Controllers\QuestionSetController.php(90): CodeIgniter\Debug\Exceptions->errorHandler(8, 'Undefined index: id', 'C:\\laragon\\www\\st\\app\\Controllers\\QuestionSetController.php', 90, [...])
 2 SYSTEMPATH\CodeIgniter.php(942): App\Controllers\QuestionSetController->question_set_insert_db()
 3 SYSTEMPATH\CodeIgniter.php(502): CodeIgniter\CodeIgniter->runController(Object(App\Controllers\QuestionSetController))
 4 SYSTEMPATH\CodeIgniter.php(361): CodeIgniter\CodeIgniter->handleRequest(null, Object(Config\Cache), false)
 5 FCPATH\index.php(79): CodeIgniter\CodeIgniter->run()
INFO - 2024-01-21 09:38:06 --> Session: Class initialized using 'CodeIgniter\Session\Handlers\FileHandler' driver.
CRITICAL - 2024-01-21 09:38:06 --> Undefined index: id
in APPPATH\Controllers\QuestionSetController.php on line 90.
 1 APPPATH\Controllers\QuestionSetController.php(90): CodeIgniter\Debug\Exceptions->errorHandler(8, 'Undefined index: id', 'C:\\laragon\\www\\st\\app\\Controllers\\QuestionSetController.php', 90, [...])
 2 SYSTEMPATH\CodeIgniter.php(942): App\Controllers\QuestionSetController->question_set_insert_db()
 3 SYSTEMPATH\CodeIgniter.php(502): CodeIgniter\CodeIgniter->runController(Object(App\Controllers\QuestionSetController))
 4 SYSTEMPATH\CodeIgniter.php(361): CodeIgniter\CodeIgniter->handleRequest(null, Object(Config\Cache), false)
 5 FCPATH\index.php(79): CodeIgniter\CodeIgniter->run()
INFO - 2024-01-21 09:38:07 --> Session: Class initialized using 'CodeIgniter\Session\Handlers\FileHandler' driver.
CRITICAL - 2024-01-21 09:38:07 --> Undefined index: id
in APPPATH\Controllers\QuestionSetController.php on line 90.
 1 APPPATH\Controllers\QuestionSetController.php(90): CodeIgniter\Debug\Exceptions->errorHandler(8, 'Undefined index: id', 'C:\\laragon\\www\\st\\app\\Controllers\\QuestionSetController.php', 90, [...])
 2 SYSTEMPATH\CodeIgniter.php(942): App\Controllers\QuestionSetController->question_set_insert_db()
 3 SYSTEMPATH\CodeIgniter.php(502): CodeIgniter\CodeIgniter->runController(Object(App\Controllers\QuestionSetController))
 4 SYSTEMPATH\CodeIgniter.php(361): CodeIgniter\CodeIgniter->handleRequest(null, Object(Config\Cache), false)
 5 FCPATH\index.php(79): CodeIgniter\CodeIgniter->run()
INFO - 2024-01-21 09:38:07 --> Session: Class initialized using 'CodeIgniter\Session\Handlers\FileHandler' driver.
CRITICAL - 2024-01-21 09:38:07 --> Undefined index: id
in APPPATH\Controllers\QuestionSetController.php on line 90.
 1 APPPATH\Controllers\QuestionSetController.php(90): CodeIgniter\Debug\Exceptions->errorHandler(8, 'Undefined index: id', 'C:\\laragon\\www\\st\\app\\Controllers\\QuestionSetController.php', 90, [...])
 2 SYSTEMPATH\CodeIgniter.php(942): App\Controllers\QuestionSetController->question_set_insert_db()
 3 SYSTEMPATH\CodeIgniter.php(502): CodeIgniter\CodeIgniter->runController(Object(App\Controllers\QuestionSetController))
 4 SYSTEMPATH\CodeIgniter.php(361): CodeIgniter\CodeIgniter->handleRequest(null, Object(Config\Cache), false)
 5 FCPATH\index.php(79): CodeIgniter\CodeIgniter->run()
INFO - 2024-01-21 09:38:07 --> Session: Class initialized using 'CodeIgniter\Session\Handlers\FileHandler' driver.
CRITICAL - 2024-01-21 09:38:07 --> Undefined index: id
in APPPATH\Controllers\QuestionSetController.php on line 90.
 1 APPPATH\Controllers\QuestionSetController.php(90): CodeIgniter\Debug\Exceptions->errorHandler(8, 'Undefined index: id', 'C:\\laragon\\www\\st\\app\\Controllers\\QuestionSetController.php', 90, [...])
 2 SYSTEMPATH\CodeIgniter.php(942): App\Controllers\QuestionSetController->question_set_insert_db()
 3 SYSTEMPATH\CodeIgniter.php(502): CodeIgniter\CodeIgniter->runController(Object(App\Controllers\QuestionSetController))
 4 SYSTEMPATH\CodeIgniter.php(361): CodeIgniter\CodeIgniter->handleRequest(null, Object(Config\Cache), false)
 5 FCPATH\index.php(79): CodeIgniter\CodeIgniter->run()
INFO - 2024-01-21 09:38:08 --> Session: Class initialized using 'CodeIgniter\Session\Handlers\FileHandler' driver.
CRITICAL - 2024-01-21 09:38:08 --> Undefined index: id
in APPPATH\Controllers\QuestionSetController.php on line 90.
 1 APPPATH\Controllers\QuestionSetController.php(90): CodeIgniter\Debug\Exceptions->errorHandler(8, 'Undefined index: id', 'C:\\laragon\\www\\st\\app\\Controllers\\QuestionSetController.php', 90, [...])
 2 SYSTEMPATH\CodeIgniter.php(942): App\Controllers\QuestionSetController->question_set_insert_db()
 3 SYSTEMPATH\CodeIgniter.php(502): CodeIgniter\CodeIgniter->runController(Object(App\Controllers\QuestionSetController))
 4 SYSTEMPATH\CodeIgniter.php(361): CodeIgniter\CodeIgniter->handleRequest(null, Object(Config\Cache), false)
 5 FCPATH\index.php(79): CodeIgniter\CodeIgniter->run()
INFO - 2024-01-21 09:38:08 --> Session: Class initialized using 'CodeIgniter\Session\Handlers\FileHandler' driver.
CRITICAL - 2024-01-21 09:38:08 --> Undefined index: id
in APPPATH\Controllers\QuestionSetController.php on line 90.
 1 APPPATH\Controllers\QuestionSetController.php(90): CodeIgniter\Debug\Exceptions->errorHandler(8, 'Undefined index: id', 'C:\\laragon\\www\\st\\app\\Controllers\\QuestionSetController.php', 90, [...])
 2 SYSTEMPATH\CodeIgniter.php(942): App\Controllers\QuestionSetController->question_set_insert_db()
 3 SYSTEMPATH\CodeIgniter.php(502): CodeIgniter\CodeIgniter->runController(Object(App\Controllers\QuestionSetController))
 4 SYSTEMPATH\CodeIgniter.php(361): CodeIgniter\CodeIgniter->handleRequest(null, Object(Config\Cache), false)
 5 FCPATH\index.php(79): CodeIgniter\CodeIgniter->run()
INFO - 2024-01-21 09:38:09 --> Session: Class initialized using 'CodeIgniter\Session\Handlers\FileHandler' driver.
CRITICAL - 2024-01-21 09:38:09 --> Undefined index: id
in APPPATH\Controllers\QuestionSetController.php on line 90.
 1 APPPATH\Controllers\QuestionSetController.php(90): CodeIgniter\Debug\Exceptions->errorHandler(8, 'Undefined index: id', 'C:\\laragon\\www\\st\\app\\Controllers\\QuestionSetController.php', 90, [...])
 2 SYSTEMPATH\CodeIgniter.php(942): App\Controllers\QuestionSetController->question_set_insert_db()
 3 SYSTEMPATH\CodeIgniter.php(502): CodeIgniter\CodeIgniter->runController(Object(App\Controllers\QuestionSetController))
 4 SYSTEMPATH\CodeIgniter.php(361): CodeIgniter\CodeIgniter->handleRequest(null, Object(Config\Cache), false)
 5 FCPATH\index.php(79): CodeIgniter\CodeIgniter->run()
INFO - 2024-01-21 09:38:10 --> Session: Class initialized using 'CodeIgniter\Session\Handlers\FileHandler' driver.
CRITICAL - 2024-01-21 09:38:10 --> Undefined index: id
in APPPATH\Controllers\QuestionSetController.php on line 90.
 1 APPPATH\Controllers\QuestionSetController.php(90): CodeIgniter\Debug\Exceptions->errorHandler(8, 'Undefined index: id', 'C:\\laragon\\www\\st\\app\\Controllers\\QuestionSetController.php', 90, [...])
 2 SYSTEMPATH\CodeIgniter.php(942): App\Controllers\QuestionSetController->question_set_insert_db()
 3 SYSTEMPATH\CodeIgniter.php(502): CodeIgniter\CodeIgniter->runController(Object(App\Controllers\QuestionSetController))
 4 SYSTEMPATH\CodeIgniter.php(361): CodeIgniter\CodeIgniter->handleRequest(null, Object(Config\Cache), false)
 5 FCPATH\index.php(79): CodeIgniter\CodeIgniter->run()
INFO - 2024-01-21 09:39:48 --> Session: Class initialized using 'CodeIgniter\Session\Handlers\FileHandler' driver.
INFO - 2024-01-21 09:39:52 --> Session: Class initialized using 'CodeIgniter\Session\Handlers\FileHandler' driver.
CRITICAL - 2024-01-21 09:39:52 --> Undefined variable: studentData
in APPPATH\Controllers\QuestionSetController.php on line 39.
 1 APPPATH\Controllers\QuestionSetController.php(39): CodeIgniter\Debug\Exceptions->errorHandler(8, 'Undefined variable: studentData', 'C:\\laragon\\www\\st\\app\\Controllers\\QuestionSetController.php', 39, [...])
 2 SYSTEMPATH\CodeIgniter.php(942): App\Controllers\QuestionSetController->question_show_for_set_creation()
 3 SYSTEMPATH\CodeIgniter.php(502): CodeIgniter\CodeIgniter->runController(Object(App\Controllers\QuestionSetController))
 4 SYSTEMPATH\CodeIgniter.php(361): CodeIgniter\CodeIgniter->handleRequest(null, Object(Config\Cache), false)
 5 FCPATH\index.php(79): CodeIgniter\CodeIgniter->run()
INFO - 2024-01-21 09:39:54 --> Session: Class initialized using 'CodeIgniter\Session\Handlers\FileHandler' driver.
CRITICAL - 2024-01-21 09:39:54 --> Undefined variable: studentData
in APPPATH\Controllers\QuestionSetController.php on line 39.
 1 APPPATH\Controllers\QuestionSetController.php(39): CodeIgniter\Debug\Exceptions->errorHandler(8, 'Undefined variable: studentData', 'C:\\laragon\\www\\st\\app\\Controllers\\QuestionSetController.php', 39, [...])
 2 SYSTEMPATH\CodeIgniter.php(942): App\Controllers\QuestionSetController->question_show_for_set_creation()
 3 SYSTEMPATH\CodeIgniter.php(502): CodeIgniter\CodeIgniter->runController(Object(App\Controllers\QuestionSetController))
 4 SYSTEMPATH\CodeIgniter.php(361): CodeIgniter\CodeIgniter->handleRequest(null, Object(Config\Cache), false)
 5 FCPATH\index.php(79): CodeIgniter\CodeIgniter->run()
INFO - 2024-01-21 09:40:46 --> Session: Class initialized using 'CodeIgniter\Session\Handlers\FileHandler' driver.
INFO - 2024-01-21 09:40:50 --> Session: Class initialized using 'CodeIgniter\Session\Handlers\FileHandler' driver.
CRITICAL - 2024-01-21 09:40:50 --> Undefined variable: studentData
in APPPATH\Controllers\QuestionSetController.php on line 41.
 1 APPPATH\Controllers\QuestionSetController.php(41): CodeIgniter\Debug\Exceptions->errorHandler(8, 'Undefined variable: studentData', 'C:\\laragon\\www\\st\\app\\Controllers\\QuestionSetController.php', 41, [...])
 2 SYSTEMPATH\CodeIgniter.php(942): App\Controllers\QuestionSetController->question_show_for_set_creation()
 3 SYSTEMPATH\CodeIgniter.php(502): CodeIgniter\CodeIgniter->runController(Object(App\Controllers\QuestionSetController))
 4 SYSTEMPATH\CodeIgniter.php(361): CodeIgniter\CodeIgniter->handleRequest(null, Object(Config\Cache), false)
 5 FCPATH\index.php(79): CodeIgniter\CodeIgniter->run()
INFO - 2024-01-21 09:40:53 --> Session: Class initialized using 'CodeIgniter\Session\Handlers\FileHandler' driver.
CRITICAL - 2024-01-21 09:40:53 --> Undefined variable: studentData
in APPPATH\Controllers\QuestionSetController.php on line 41.
 1 APPPATH\Controllers\QuestionSetController.php(41): CodeIgniter\Debug\Exceptions->errorHandler(8, 'Undefined variable: studentData', 'C:\\laragon\\www\\st\\app\\Controllers\\QuestionSetController.php', 41, [...])
 2 SYSTEMPATH\CodeIgniter.php(942): App\Controllers\QuestionSetController->question_show_for_set_creation()
 3 SYSTEMPATH\CodeIgniter.php(502): CodeIgniter\CodeIgniter->runController(Object(App\Controllers\QuestionSetController))
 4 SYSTEMPATH\CodeIgniter.php(361): CodeIgniter\CodeIgniter->handleRequest(null, Object(Config\Cache), false)
 5 FCPATH\index.php(79): CodeIgniter\CodeIgniter->run()
INFO - 2024-01-21 09:41:05 --> Session: Class initialized using 'CodeIgniter\Session\Handlers\FileHandler' driver.
CRITICAL - 2024-01-21 09:41:05 --> Undefined variable: studentData
in APPPATH\Controllers\QuestionSetController.php on line 41.
 1 APPPATH\Controllers\QuestionSetController.php(41): CodeIgniter\Debug\Exceptions->errorHandler(8, 'Undefined variable: studentData', 'C:\\laragon\\www\\st\\app\\Controllers\\QuestionSetController.php', 41, [...])
 2 SYSTEMPATH\CodeIgniter.php(942): App\Controllers\QuestionSetController->question_show_for_set_creation()
 3 SYSTEMPATH\CodeIgniter.php(502): CodeIgniter\CodeIgniter->runController(Object(App\Controllers\QuestionSetController))
 4 SYSTEMPATH\CodeIgniter.php(361): CodeIgniter\CodeIgniter->handleRequest(null, Object(Config\Cache), false)
 5 FCPATH\index.php(79): CodeIgniter\CodeIgniter->run()
INFO - 2024-01-21 09:42:32 --> Session: Class initialized using 'CodeIgniter\Session\Handlers\FileHandler' driver.
INFO - 2024-01-21 09:42:36 --> Session: Class initialized using 'CodeIgniter\Session\Handlers\FileHandler' driver.
CRITICAL - 2024-01-21 09:42:36 --> Undefined variable: studentData
in APPPATH\Controllers\QuestionSetController.php on line 41.
 1 APPPATH\Controllers\QuestionSetController.php(41): CodeIgniter\Debug\Exceptions->errorHandler(8, 'Undefined variable: studentData', 'C:\\laragon\\www\\st\\app\\Controllers\\QuestionSetController.php', 41, [...])
 2 SYSTEMPATH\CodeIgniter.php(942): App\Controllers\QuestionSetController->question_show_for_set_creation()
 3 SYSTEMPATH\CodeIgniter.php(502): CodeIgniter\CodeIgniter->runController(Object(App\Controllers\QuestionSetController))
 4 SYSTEMPATH\CodeIgniter.php(361): CodeIgniter\CodeIgniter->handleRequest(null, Object(Config\Cache), false)
 5 FCPATH\index.php(79): CodeIgniter\CodeIgniter->run()
INFO - 2024-01-21 09:42:42 --> Session: Class initialized using 'CodeIgniter\Session\Handlers\FileHandler' driver.
CRITICAL - 2024-01-21 09:42:42 --> Undefined variable: studentData
in APPPATH\Controllers\QuestionSetController.php on line 41.
 1 APPPATH\Controllers\QuestionSetController.php(41): CodeIgniter\Debug\Exceptions->errorHandler(8, 'Undefined variable: studentData', 'C:\\laragon\\www\\st\\app\\Controllers\\QuestionSetController.php', 41, [...])
 2 SYSTEMPATH\CodeIgniter.php(942): App\Controllers\QuestionSetController->question_show_for_set_creation()
 3 SYSTEMPATH\CodeIgniter.php(502): CodeIgniter\CodeIgniter->runController(Object(App\Controllers\QuestionSetController))
 4 SYSTEMPATH\CodeIgniter.php(361): CodeIgniter\CodeIgniter->handleRequest(null, Object(Config\Cache), false)
 5 FCPATH\index.php(79): CodeIgniter\CodeIgniter->run()
INFO - 2024-01-21 09:42:52 --> Session: Class initialized using 'CodeIgniter\Session\Handlers\FileHandler' driver.
CRITICAL - 2024-01-21 09:42:52 --> Undefined variable: studentData
in APPPATH\Controllers\QuestionSetController.php on line 41.
 1 APPPATH\Controllers\QuestionSetController.php(41): CodeIgniter\Debug\Exceptions->errorHandler(8, 'Undefined variable: studentData', 'C:\\laragon\\www\\st\\app\\Controllers\\QuestionSetController.php', 41, [...])
 2 SYSTEMPATH\CodeIgniter.php(942): App\Controllers\QuestionSetController->question_show_for_set_creation()
 3 SYSTEMPATH\CodeIgniter.php(502): CodeIgniter\CodeIgniter->runController(Object(App\Controllers\QuestionSetController))
 4 SYSTEMPATH\CodeIgniter.php(361): CodeIgniter\CodeIgniter->handleRequest(null, Object(Config\Cache), false)
 5 FCPATH\index.php(79): CodeIgniter\CodeIgniter->run()
INFO - 2024-01-21 09:42:58 --> Session: Class initialized using 'CodeIgniter\Session\Handlers\FileHandler' driver.
CRITICAL - 2024-01-21 09:42:58 --> Undefined variable: studentData
in APPPATH\Controllers\QuestionSetController.php on line 41.
 1 APPPATH\Controllers\QuestionSetController.php(41): CodeIgniter\Debug\Exceptions->errorHandler(8, 'Undefined variable: studentData', 'C:\\laragon\\www\\st\\app\\Controllers\\QuestionSetController.php', 41, [...])
 2 SYSTEMPATH\CodeIgniter.php(942): App\Controllers\QuestionSetController->question_show_for_set_creation()
 3 SYSTEMPATH\CodeIgniter.php(502): CodeIgniter\CodeIgniter->runController(Object(App\Controllers\QuestionSetController))
 4 SYSTEMPATH\CodeIgniter.php(361): CodeIgniter\CodeIgniter->handleRequest(null, Object(Config\Cache), false)
 5 FCPATH\index.php(79): CodeIgniter\CodeIgniter->run()
INFO - 2024-01-21 09:43:06 --> Session: Class initialized using 'CodeIgniter\Session\Handlers\FileHandler' driver.
CRITICAL - 2024-01-21 09:43:06 --> Undefined variable: studentData
in APPPATH\Controllers\QuestionSetController.php on line 41.
 1 APPPATH\Controllers\QuestionSetController.php(41): CodeIgniter\Debug\Exceptions->errorHandler(8, 'Undefined variable: studentData', 'C:\\laragon\\www\\st\\app\\Controllers\\QuestionSetController.php', 41, [...])
 2 SYSTEMPATH\CodeIgniter.php(942): App\Controllers\QuestionSetController->question_show_for_set_creation()
 3 SYSTEMPATH\CodeIgniter.php(502): CodeIgniter\CodeIgniter->runController(Object(App\Controllers\QuestionSetController))
 4 SYSTEMPATH\CodeIgniter.php(361): CodeIgniter\CodeIgniter->handleRequest(null, Object(Config\Cache), false)
 5 FCPATH\index.php(79): CodeIgniter\CodeIgniter->run()
INFO - 2024-01-21 09:43:09 --> Session: Class initialized using 'CodeIgniter\Session\Handlers\FileHandler' driver.
CRITICAL - 2024-01-21 09:43:09 --> Undefined variable: studentData
in APPPATH\Controllers\QuestionSetController.php on line 41.
 1 APPPATH\Controllers\QuestionSetController.php(41): CodeIgniter\Debug\Exceptions->errorHandler(8, 'Undefined variable: studentData', 'C:\\laragon\\www\\st\\app\\Controllers\\QuestionSetController.php', 41, [...])
 2 SYSTEMPATH\CodeIgniter.php(942): App\Controllers\QuestionSetController->question_show_for_set_creation()
 3 SYSTEMPATH\CodeIgniter.php(502): CodeIgniter\CodeIgniter->runController(Object(App\Controllers\QuestionSetController))
 4 SYSTEMPATH\CodeIgniter.php(361): CodeIgniter\CodeIgniter->handleRequest(null, Object(Config\Cache), false)
 5 FCPATH\index.php(79): CodeIgniter\CodeIgniter->run()
INFO - 2024-01-21 09:43:11 --> Session: Class initialized using 'CodeIgniter\Session\Handlers\FileHandler' driver.
CRITICAL - 2024-01-21 09:43:11 --> Undefined variable: studentData
in APPPATH\Controllers\QuestionSetController.php on line 41.
 1 APPPATH\Controllers\QuestionSetController.php(41): CodeIgniter\Debug\Exceptions->errorHandler(8, 'Undefined variable: studentData', 'C:\\laragon\\www\\st\\app\\Controllers\\QuestionSetController.php', 41, [...])
 2 SYSTEMPATH\CodeIgniter.php(942): App\Controllers\QuestionSetController->question_show_for_set_creation()
 3 SYSTEMPATH\CodeIgniter.php(502): CodeIgniter\CodeIgniter->runController(Object(App\Controllers\QuestionSetController))
 4 SYSTEMPATH\CodeIgniter.php(361): CodeIgniter\CodeIgniter->handleRequest(null, Object(Config\Cache), false)
 5 FCPATH\index.php(79): CodeIgniter\CodeIgniter->run()
INFO - 2024-01-21 09:44:01 --> Session: Class initialized using 'CodeIgniter\Session\Handlers\FileHandler' driver.
INFO - 2024-01-21 09:44:06 --> Session: Class initialized using 'CodeIgniter\Session\Handlers\FileHandler' driver.
INFO - 2024-01-21 09:44:12 --> Session: Class initialized using 'CodeIgniter\Session\Handlers\FileHandler' driver.
INFO - 2024-01-21 09:47:45 --> Session: Class initialized using 'CodeIgniter\Session\Handlers\FileHandler' driver.
INFO - 2024-01-21 09:47:51 --> Session: Class initialized using 'CodeIgniter\Session\Handlers\FileHandler' driver.
CRITICAL - 2024-01-21 09:47:51 --> Undefined variable: studentData
in APPPATH\Controllers\QuestionSetController.php on line 43.
 1 APPPATH\Controllers\QuestionSetController.php(43): CodeIgniter\Debug\Exceptions->errorHandler(8, 'Undefined variable: studentData', 'C:\\laragon\\www\\st\\app\\Controllers\\QuestionSetController.php', 43, [...])
 2 SYSTEMPATH\CodeIgniter.php(942): App\Controllers\QuestionSetController->question_show_for_set_creation()
 3 SYSTEMPATH\CodeIgniter.php(502): CodeIgniter\CodeIgniter->runController(Object(App\Controllers\QuestionSetController))
 4 SYSTEMPATH\CodeIgniter.php(361): CodeIgniter\CodeIgniter->handleRequest(null, Object(Config\Cache), false)
 5 FCPATH\index.php(79): CodeIgniter\CodeIgniter->run()
INFO - 2024-01-21 09:49:12 --> Session: Class initialized using 'CodeIgniter\Session\Handlers\FileHandler' driver.
INFO - 2024-01-21 09:49:18 --> Session: Class initialized using 'CodeIgniter\Session\Handlers\FileHandler' driver.
INFO - 2024-01-21 09:49:28 --> Session: Class initialized using 'CodeIgniter\Session\Handlers\FileHandler' driver.
INFO - 2024-01-21 09:49:33 --> Session: Class initialized using 'CodeIgniter\Session\Handlers\FileHandler' driver.
INFO - 2024-01-21 09:50:04 --> Session: Class initialized using 'CodeIgniter\Session\Handlers\FileHandler' driver.
INFO - 2024-01-21 09:50:07 --> Session: Class initialized using 'CodeIgniter\Session\Handlers\FileHandler' driver.
INFO - 2024-01-21 09:50:09 --> Session: Class initialized using 'CodeIgniter\Session\Handlers\FileHandler' driver.
INFO - 2024-01-21 09:50:16 --> Session: Class initialized using 'CodeIgniter\Session\Handlers\FileHandler' driver.
INFO - 2024-01-21 09:50:24 --> Session: Class initialized using 'CodeIgniter\Session\Handlers\FileHandler' driver.
INFO - 2024-01-21 09:50:28 --> Session: Class initialized using 'CodeIgniter\Session\Handlers\FileHandler' driver.
INFO - 2024-01-21 09:51:09 --> Session: Class initialized using 'CodeIgniter\Session\Handlers\FileHandler' driver.
INFO - 2024-01-21 09:51:13 --> Session: Class initialized using 'CodeIgniter\Session\Handlers\FileHandler' driver.
INFO - 2024-01-21 09:51:27 --> Session: Class initialized using 'CodeIgniter\Session\Handlers\FileHandler' driver.
INFO - 2024-01-21 09:51:30 --> Session: Class initialized using 'CodeIgniter\Session\Handlers\FileHandler' driver.
INFO - 2024-01-21 09:51:34 --> Session: Class initialized using 'CodeIgniter\Session\Handlers\FileHandler' driver.
INFO - 2024-01-21 09:51:45 --> Session: Class initialized using 'CodeIgniter\Session\Handlers\FileHandler' driver.
INFO - 2024-01-21 09:51:48 --> Session: Class initialized using 'CodeIgniter\Session\Handlers\FileHandler' driver.
INFO - 2024-01-21 09:51:58 --> Session: Class initialized using 'CodeIgniter\Session\Handlers\FileHandler' driver.
INFO - 2024-01-21 09:52:01 --> Session: Class initialized using 'CodeIgniter\Session\Handlers\FileHandler' driver.
INFO - 2024-01-21 09:52:29 --> Session: Class initialized using 'CodeIgniter\Session\Handlers\FileHandler' driver.
INFO - 2024-01-21 09:52:31 --> Session: Class initialized using 'CodeIgniter\Session\Handlers\FileHandler' driver.
INFO - 2024-01-21 09:52:39 --> Session: Class initialized using 'CodeIgniter\Session\Handlers\FileHandler' driver.
INFO - 2024-01-21 09:52:40 --> Session: Class initialized using 'CodeIgniter\Session\Handlers\FileHandler' driver.
INFO - 2024-01-21 09:54:57 --> Session: Class initialized using 'CodeIgniter\Session\Handlers\FileHandler' driver.
INFO - 2024-01-21 09:55:01 --> Session: Class initialized using 'CodeIgniter\Session\Handlers\FileHandler' driver.
INFO - 2024-01-21 09:56:50 --> Session: Class initialized using 'CodeIgniter\Session\Handlers\FileHandler' driver.
INFO - 2024-01-21 10:01:34 --> Session: Class initialized using 'CodeIgniter\Session\Handlers\FileHandler' driver.
INFO - 2024-01-21 10:01:38 --> Session: Class initialized using 'CodeIgniter\Session\Handlers\FileHandler' driver.
INFO - 2024-01-21 10:01:42 --> Session: Class initialized using 'CodeIgniter\Session\Handlers\FileHandler' driver.
INFO - 2024-01-21 10:01:55 --> Session: Class initialized using 'CodeIgniter\Session\Handlers\FileHandler' driver.
INFO - 2024-01-21 10:01:57 --> Session: Class initialized using 'CodeIgniter\Session\Handlers\FileHandler' driver.
INFO - 2024-01-21 10:02:00 --> Session: Class initialized using 'CodeIgniter\Session\Handlers\FileHandler' driver.
CRITICAL - 2024-01-21 10:07:04 --> syntax error, unexpected 'else' (T_ELSE)
in APPPATH\Controllers\QuestionSetController.php on line 49.
 1 SYSTEMPATH\Autoloader\Autoloader.php(291): CodeIgniter\Autoloader\Autoloader->includeFile('C:\\laragon\\www\\st\\app\\Controllers\\QuestionSetController.php')
 2 SYSTEMPATH\Autoloader\Autoloader.php(269): CodeIgniter\Autoloader\Autoloader->loadInNamespace('App\\Controllers\\QuestionSetController')
 3 [internal function]: CodeIgniter\Autoloader\Autoloader->loadClass('App\\Controllers\\QuestionSetController')
 4 [internal function]: spl_autoload_call('App\\Controllers\\QuestionSetController')
 5 SYSTEMPATH\CodeIgniter.php(900): class_exists('\\App\\Controllers\\QuestionSetController', true)
 6 SYSTEMPATH\CodeIgniter.php(489): CodeIgniter\CodeIgniter->startController()
 7 SYSTEMPATH\CodeIgniter.php(361): CodeIgniter\CodeIgniter->handleRequest(null, Object(Config\Cache), false)
 8 FCPATH\index.php(79): CodeIgniter\CodeIgniter->run()
CRITICAL - 2024-01-21 10:07:39 --> syntax error, unexpected 'public' (T_PUBLIC)
in APPPATH\Controllers\QuestionSetController.php on line 90.
 1 SYSTEMPATH\Autoloader\Autoloader.php(291): CodeIgniter\Autoloader\Autoloader->includeFile('C:\\laragon\\www\\st\\app\\Controllers\\QuestionSetController.php')
 2 SYSTEMPATH\Autoloader\Autoloader.php(269): CodeIgniter\Autoloader\Autoloader->loadInNamespace('App\\Controllers\\QuestionSetController')
 3 [internal function]: CodeIgniter\Autoloader\Autoloader->loadClass('App\\Controllers\\QuestionSetController')
 4 [internal function]: spl_autoload_call('App\\Controllers\\QuestionSetController')
 5 SYSTEMPATH\CodeIgniter.php(900): class_exists('\\App\\Controllers\\QuestionSetController', true)
 6 SYSTEMPATH\CodeIgniter.php(489): CodeIgniter\CodeIgniter->startController()
 7 SYSTEMPATH\CodeIgniter.php(361): CodeIgniter\CodeIgniter->handleRequest(null, Object(Config\Cache), false)
 8 FCPATH\index.php(79): CodeIgniter\CodeIgniter->run()
CRITICAL - 2024-01-21 10:08:03 --> syntax error, unexpected 'public' (T_PUBLIC)
in APPPATH\Controllers\QuestionSetController.php on line 90.
 1 SYSTEMPATH\Autoloader\Autoloader.php(291): CodeIgniter\Autoloader\Autoloader->includeFile('C:\\laragon\\www\\st\\app\\Controllers\\QuestionSetController.php')
 2 SYSTEMPATH\Autoloader\Autoloader.php(269): CodeIgniter\Autoloader\Autoloader->loadInNamespace('App\\Controllers\\QuestionSetController')
 3 [internal function]: CodeIgniter\Autoloader\Autoloader->loadClass('App\\Controllers\\QuestionSetController')
 4 [internal function]: spl_autoload_call('App\\Controllers\\QuestionSetController')
 5 SYSTEMPATH\CodeIgniter.php(900): class_exists('\\App\\Controllers\\QuestionSetController', true)
 6 SYSTEMPATH\CodeIgniter.php(489): CodeIgniter\CodeIgniter->startController()
 7 SYSTEMPATH\CodeIgniter.php(361): CodeIgniter\CodeIgniter->handleRequest(null, Object(Config\Cache), false)
 8 FCPATH\index.php(79): CodeIgniter\CodeIgniter->run()
INFO - 2024-01-21 10:08:05 --> Session: Class initialized using 'CodeIgniter\Session\Handlers\FileHandler' driver.
CRITICAL - 2024-01-21 10:08:08 --> syntax error, unexpected 'public' (T_PUBLIC)
in APPPATH\Controllers\QuestionSetController.php on line 90.
 1 SYSTEMPATH\Autoloader\Autoloader.php(291): CodeIgniter\Autoloader\Autoloader->includeFile('C:\\laragon\\www\\st\\app\\Controllers\\QuestionSetController.php')
 2 SYSTEMPATH\Autoloader\Autoloader.php(269): CodeIgniter\Autoloader\Autoloader->loadInNamespace('App\\Controllers\\QuestionSetController')
 3 [internal function]: CodeIgniter\Autoloader\Autoloader->loadClass('App\\Controllers\\QuestionSetController')
 4 [internal function]: spl_autoload_call('App\\Controllers\\QuestionSetController')
 5 SYSTEMPATH\CodeIgniter.php(900): class_exists('\\App\\Controllers\\QuestionSetController', true)
 6 SYSTEMPATH\CodeIgniter.php(489): CodeIgniter\CodeIgniter->startController()
 7 SYSTEMPATH\CodeIgniter.php(361): CodeIgniter\CodeIgniter->handleRequest(null, Object(Config\Cache), false)
 8 FCPATH\index.php(79): CodeIgniter\CodeIgniter->run()
CRITICAL - 2024-01-21 10:08:28 --> syntax error, unexpected 'public' (T_PUBLIC)
in APPPATH\Controllers\QuestionSetController.php on line 90.
 1 SYSTEMPATH\Autoloader\Autoloader.php(291): CodeIgniter\Autoloader\Autoloader->includeFile('C:\\laragon\\www\\st\\app\\Controllers\\QuestionSetController.php')
 2 SYSTEMPATH\Autoloader\Autoloader.php(269): CodeIgniter\Autoloader\Autoloader->loadInNamespace('App\\Controllers\\QuestionSetController')
 3 [internal function]: CodeIgniter\Autoloader\Autoloader->loadClass('App\\Controllers\\QuestionSetController')
 4 [internal function]: spl_autoload_call('App\\Controllers\\QuestionSetController')
 5 SYSTEMPATH\CodeIgniter.php(900): class_exists('\\App\\Controllers\\QuestionSetController', true)
 6 SYSTEMPATH\CodeIgniter.php(489): CodeIgniter\CodeIgniter->startController()
 7 SYSTEMPATH\CodeIgniter.php(361): CodeIgniter\CodeIgniter->handleRequest(null, Object(Config\Cache), false)
 8 FCPATH\index.php(79): CodeIgniter\CodeIgniter->run()
INFO - 2024-01-21 10:09:04 --> Session: Class initialized using 'CodeIgniter\Session\Handlers\FileHandler' driver.
INFO - 2024-01-21 10:09:09 --> Session: Class initialized using 'CodeIgniter\Session\Handlers\FileHandler' driver.
INFO - 2024-01-21 10:09:13 --> Session: Class initialized using 'CodeIgniter\Session\Handlers\FileHandler' driver.
INFO - 2024-01-21 10:09:26 --> Session: Class initialized using 'CodeIgniter\Session\Handlers\FileHandler' driver.
INFO - 2024-01-21 10:09:33 --> Session: Class initialized using 'CodeIgniter\Session\Handlers\FileHandler' driver.
INFO - 2024-01-21 10:09:37 --> Session: Class initialized using 'CodeIgniter\Session\Handlers\FileHandler' driver.
INFO - 2024-01-21 10:12:47 --> Session: Class initialized using 'CodeIgniter\Session\Handlers\FileHandler' driver.
INFO - 2024-01-21 10:12:51 --> Session: Class initialized using 'CodeIgniter\Session\Handlers\FileHandler' driver.
INFO - 2024-01-21 10:12:54 --> Session: Class initialized using 'CodeIgniter\Session\Handlers\FileHandler' driver.
INFO - 2024-01-21 10:13:05 --> Session: Class initialized using 'CodeIgniter\Session\Handlers\FileHandler' driver.
INFO - 2024-01-21 10:13:19 --> Session: Class initialized using 'CodeIgniter\Session\Handlers\FileHandler' driver.
INFO - 2024-01-21 10:13:22 --> Session: Class initialized using 'CodeIgniter\Session\Handlers\FileHandler' driver.
INFO - 2024-01-21 10:13:26 --> Session: Class initialized using 'CodeIgniter\Session\Handlers\FileHandler' driver.
INFO - 2024-01-21 10:13:37 --> Session: Class initialized using 'CodeIgniter\Session\Handlers\FileHandler' driver.
INFO - 2024-01-21 10:13:40 --> Session: Class initialized using 'CodeIgniter\Session\Handlers\FileHandler' driver.
INFO - 2024-01-21 10:13:44 --> Session: Class initialized using 'CodeIgniter\Session\Handlers\FileHandler' driver.
INFO - 2024-01-21 10:15:54 --> Session: Class initialized using 'CodeIgniter\Session\Handlers\FileHandler' driver.
INFO - 2024-01-21 10:15:56 --> Session: Class initialized using 'CodeIgniter\Session\Handlers\FileHandler' driver.
INFO - 2024-01-21 10:15:59 --> Session: Class initialized using 'CodeIgniter\Session\Handlers\FileHandler' driver.
INFO - 2024-01-21 10:16:28 --> Session: Class initialized using 'CodeIgniter\Session\Handlers\FileHandler' driver.
INFO - 2024-01-21 10:16:31 --> Session: Class initialized using 'CodeIgniter\Session\Handlers\FileHandler' driver.
INFO - 2024-01-21 10:16:35 --> Session: Class initialized using 'CodeIgniter\Session\Handlers\FileHandler' driver.
INFO - 2024-01-21 10:16:38 --> Session: Class initialized using 'CodeIgniter\Session\Handlers\FileHandler' driver.
INFO - 2024-01-21 10:16:42 --> Session: Class initialized using 'CodeIgniter\Session\Handlers\FileHandler' driver.
INFO - 2024-01-21 10:26:44 --> Session: Class initialized using 'CodeIgniter\Session\Handlers\FileHandler' driver.
INFO - 2024-01-21 10:26:48 --> Session: Class initialized using 'CodeIgniter\Session\Handlers\FileHandler' driver.
INFO - 2024-01-21 10:26:52 --> Session: Class initialized using 'CodeIgniter\Session\Handlers\FileHandler' driver.
INFO - 2024-01-21 10:26:55 --> Session: Class initialized using 'CodeIgniter\Session\Handlers\FileHandler' driver.
INFO - 2024-01-21 10:26:59 --> Session: Class initialized using 'CodeIgniter\Session\Handlers\FileHandler' driver.
INFO - 2024-01-21 10:38:56 --> Session: Class initialized using 'CodeIgniter\Session\Handlers\FileHandler' driver.
INFO - 2024-01-21 10:39:36 --> Session: Class initialized using 'CodeIgniter\Session\Handlers\FileHandler' driver.
INFO - 2024-01-21 10:43:22 --> Session: Class initialized using 'CodeIgniter\Session\Handlers\FileHandler' driver.
INFO - 2024-01-21 10:43:53 --> Session: Class initialized using 'CodeIgniter\Session\Handlers\FileHandler' driver.
INFO - 2024-01-21 10:48:50 --> Session: Class initialized using 'CodeIgniter\Session\Handlers\FileHandler' driver.
INFO - 2024-01-21 10:48:52 --> Session: Class initialized using 'CodeIgniter\Session\Handlers\FileHandler' driver.
INFO - 2024-01-21 10:48:58 --> Session: Class initialized using 'CodeIgniter\Session\Handlers\FileHandler' driver.
INFO - 2024-01-21 10:49:06 --> Session: Class initialized using 'CodeIgniter\Session\Handlers\FileHandler' driver.
INFO - 2024-01-21 10:49:10 --> Session: Class initialized using 'CodeIgniter\Session\Handlers\FileHandler' driver.
INFO - 2024-01-21 10:49:15 --> Session: Class initialized using 'CodeIgniter\Session\Handlers\FileHandler' driver.
