INFO - 2024-04-25 06:14:19 --> Session: Class initialized using 'CodeIgniter\Session\Handlers\FileHandler' driver.
INFO - 2024-04-25 06:14:51 --> Session: Class initialized using 'CodeIgniter\Session\Handlers\FileHandler' driver.
INFO - 2024-04-25 07:14:16 --> Session: Class initialized using 'CodeIgniter\Session\Handlers\FileHandler' driver.
INFO - 2024-04-25 07:14:48 --> Session: Class initialized using 'CodeIgniter\Session\Handlers\FileHandler' driver.
INFO - 2024-04-25 07:14:51 --> Session: Class initialized using 'CodeIgniter\Session\Handlers\FileHandler' driver.
INFO - 2024-04-25 07:43:10 --> Session: Class initialized using 'CodeIgniter\Session\Handlers\FileHandler' driver.
INFO - 2024-04-25 07:43:21 --> Session: Class initialized using 'CodeIgniter\Session\Handlers\FileHandler' driver.
INFO - 2024-04-25 07:43:34 --> Session: Class initialized using 'CodeIgniter\Session\Handlers\FileHandler' driver.
INFO - 2024-04-25 07:43:38 --> Session: Class initialized using 'CodeIgniter\Session\Handlers\FileHandler' driver.
INFO - 2024-04-25 07:43:38 --> Session: Class initialized using 'CodeIgniter\Session\Handlers\FileHandler' driver.
INFO - 2024-04-25 07:43:38 --> Session: Class initialized using 'CodeIgniter\Session\Handlers\FileHandler' driver.
INFO - 2024-04-25 07:43:38 --> Session: Class initialized using 'CodeIgniter\Session\Handlers\FileHandler' driver.
INFO - 2024-04-25 07:43:41 --> Session: Class initialized using 'CodeIgniter\Session\Handlers\FileHandler' driver.
INFO - 2024-04-25 07:43:41 --> Session: Class initialized using 'CodeIgniter\Session\Handlers\FileHandler' driver.
INFO - 2024-04-25 07:43:44 --> Session: Class initialized using 'CodeIgniter\Session\Handlers\FileHandler' driver.
INFO - 2024-04-25 07:43:45 --> Session: Class initialized using 'CodeIgniter\Session\Handlers\FileHandler' driver.
INFO - 2024-04-25 07:44:06 --> Session: Class initialized using 'CodeIgniter\Session\Handlers\FileHandler' driver.
INFO - 2024-04-25 07:44:06 --> Session: Class initialized using 'CodeIgniter\Session\Handlers\FileHandler' driver.
INFO - 2024-04-25 07:44:08 --> Session: Class initialized using 'CodeIgniter\Session\Handlers\FileHandler' driver.
INFO - 2024-04-25 07:44:09 --> Session: Class initialized using 'CodeIgniter\Session\Handlers\FileHandler' driver.
INFO - 2024-04-25 07:44:11 --> Session: Class initialized using 'CodeIgniter\Session\Handlers\FileHandler' driver.
INFO - 2024-04-25 07:46:10 --> Session: Class initialized using 'CodeIgniter\Session\Handlers\FileHandler' driver.
INFO - 2024-04-25 07:46:13 --> Session: Class initialized using 'CodeIgniter\Session\Handlers\FileHandler' driver.
ERROR - 2024-04-25 07:46:13 --> mysqli_sql_exception: Expression #1 of SELECT list is not in GROUP BY clause and contains nonaggregated column 'school_tutor_db.course_content.course_content_id' which is not functionally dependent on columns in GROUP BY clause; this is incompatible with sql_mode=only_full_group_by in C:\laragon\www\SchoolingTime\vendor\codeigniter4\framework\system\Database\MySQLi\Connection.php:306
Stack trace:
#0 C:\laragon\www\SchoolingTime\vendor\codeigniter4\framework\system\Database\MySQLi\Connection.php(306): mysqli->query(' SELECT *  FROM...', 0)
#1 C:\laragon\www\SchoolingTime\vendor\codeigniter4\framework\system\Database\BaseConnection.php(693): CodeIgniter\Database\MySQLi\Connection->execute(' SELECT *  FROM...')
#2 C:\laragon\www\SchoolingTime\vendor\codeigniter4\framework\system\Database\BaseConnection.php(607): CodeIgniter\Database\BaseConnection->simpleQuery(' SELECT *  FROM...')
#3 C:\laragon\www\SchoolingTime\app\Controllers\HomepageController.php(49): CodeIgniter\Database\BaseConnection->query(' SELECT *  FROM...')
#4 C:\laragon\www\SchoolingTime\vendor\codeigniter4\framework\system\CodeIgniter.php(942): App\Controllers\HomepageController->Course_details_view('45')
#5 C:\laragon\www\SchoolingTime\vendor\codeigniter4\framework\system\CodeIgniter.php(502): CodeIgniter\CodeIgniter->runController(Object(App\Controllers\HomepageController))
#6 C:\laragon\www\SchoolingTime\vendor\codeigniter4\framework\system\CodeIgniter.php(361): CodeIgniter\CodeIgniter->handleRequest(NULL, Object(Config\Cache), false)
#7 C:\laragon\www\SchoolingTime\index.php(79): CodeIgniter\CodeIgniter->run()
#8 {main}
CRITICAL - 2024-04-25 07:46:13 --> Expression #1 of SELECT list is not in GROUP BY clause and contains nonaggregated column 'school_tutor_db.course_content.course_content_id' which is not functionally dependent on columns in GROUP BY clause; this is incompatible with sql_mode=only_full_group_by
in SYSTEMPATH\Database\BaseConnection.php on line 647.
 1 APPPATH\Controllers\HomepageController.php(49): CodeIgniter\Database\BaseConnection->query(' SELECT *  FROM course_content
                                WHERE course_id = 45
                                GROUP BY chapter_id
                                ORDER BY course_content_id ')
 2 SYSTEMPATH\CodeIgniter.php(942): App\Controllers\HomepageController->Course_details_view('45')
 3 SYSTEMPATH\CodeIgniter.php(502): CodeIgniter\CodeIgniter->runController(Object(App\Controllers\HomepageController))
 4 SYSTEMPATH\CodeIgniter.php(361): CodeIgniter\CodeIgniter->handleRequest(null, Object(Config\Cache), false)
 5 FCPATH\index.php(79): CodeIgniter\CodeIgniter->run()
INFO - 2024-04-25 07:47:15 --> Session: Class initialized using 'CodeIgniter\Session\Handlers\FileHandler' driver.
INFO - 2024-04-25 07:47:15 --> Session: Class initialized using 'CodeIgniter\Session\Handlers\FileHandler' driver.
CRITICAL - 2024-04-25 07:47:15 --> Undefined variable: course_teacher_id
in APPPATH\Controllers\HomepageController.php on line 39.
 1 APPPATH\Controllers\HomepageController.php(39): CodeIgniter\Debug\Exceptions->errorHandler(8, 'Undefined variable: course_teacher_id', 'C:\\laragon\\www\\SchoolingTime\\app\\Controllers\\HomepageController.php', 39, [...])
 2 SYSTEMPATH\CodeIgniter.php(942): App\Controllers\HomepageController->Course_details_view('homepage_assets', 'img', 'logo.png')
 3 SYSTEMPATH\CodeIgniter.php(502): CodeIgniter\CodeIgniter->runController(Object(App\Controllers\HomepageController))
 4 SYSTEMPATH\CodeIgniter.php(361): CodeIgniter\CodeIgniter->handleRequest(null, Object(Config\Cache), false)
 5 FCPATH\index.php(79): CodeIgniter\CodeIgniter->run()
INFO - 2024-04-25 07:47:16 --> Session: Class initialized using 'CodeIgniter\Session\Handlers\FileHandler' driver.
CRITICAL - 2024-04-25 07:47:16 --> Undefined variable: course_teacher_id
in APPPATH\Controllers\HomepageController.php on line 39.
 1 APPPATH\Controllers\HomepageController.php(39): CodeIgniter\Debug\Exceptions->errorHandler(8, 'Undefined variable: course_teacher_id', 'C:\\laragon\\www\\SchoolingTime\\app\\Controllers\\HomepageController.php', 39, [...])
 2 SYSTEMPATH\CodeIgniter.php(942): App\Controllers\HomepageController->Course_details_view('homepage_assets', 'img', 'apple-touch-icon.png')
 3 SYSTEMPATH\CodeIgniter.php(502): CodeIgniter\CodeIgniter->runController(Object(App\Controllers\HomepageController))
 4 SYSTEMPATH\CodeIgniter.php(361): CodeIgniter\CodeIgniter->handleRequest(null, Object(Config\Cache), false)
 5 FCPATH\index.php(79): CodeIgniter\CodeIgniter->run()
INFO - 2024-04-25 07:47:16 --> Session: Class initialized using 'CodeIgniter\Session\Handlers\FileHandler' driver.
CRITICAL - 2024-04-25 07:47:16 --> Undefined variable: course_teacher_id
in APPPATH\Controllers\HomepageController.php on line 39.
 1 APPPATH\Controllers\HomepageController.php(39): CodeIgniter\Debug\Exceptions->errorHandler(8, 'Undefined variable: course_teacher_id', 'C:\\laragon\\www\\SchoolingTime\\app\\Controllers\\HomepageController.php', 39, [...])
 2 SYSTEMPATH\CodeIgniter.php(942): App\Controllers\HomepageController->Course_details_view('homepage_assets', 'img', 'favicon.png')
 3 SYSTEMPATH\CodeIgniter.php(502): CodeIgniter\CodeIgniter->runController(Object(App\Controllers\HomepageController))
 4 SYSTEMPATH\CodeIgniter.php(361): CodeIgniter\CodeIgniter->handleRequest(null, Object(Config\Cache), false)
 5 FCPATH\index.php(79): CodeIgniter\CodeIgniter->run()
INFO - 2024-04-25 07:47:20 --> Session: Class initialized using 'CodeIgniter\Session\Handlers\FileHandler' driver.
INFO - 2024-04-25 07:47:21 --> Session: Class initialized using 'CodeIgniter\Session\Handlers\FileHandler' driver.
INFO - 2024-04-25 07:47:26 --> Session: Class initialized using 'CodeIgniter\Session\Handlers\FileHandler' driver.
INFO - 2024-04-25 07:47:26 --> Session: Class initialized using 'CodeIgniter\Session\Handlers\FileHandler' driver.
INFO - 2024-04-25 07:47:39 --> Session: Class initialized using 'CodeIgniter\Session\Handlers\FileHandler' driver.
INFO - 2024-04-25 07:47:45 --> Session: Class initialized using 'CodeIgniter\Session\Handlers\FileHandler' driver.
INFO - 2024-04-25 07:47:48 --> Session: Class initialized using 'CodeIgniter\Session\Handlers\FileHandler' driver.
INFO - 2024-04-25 07:47:49 --> Session: Class initialized using 'CodeIgniter\Session\Handlers\FileHandler' driver.
CRITICAL - 2024-04-25 07:47:49 --> Undefined variable: course_teacher_id
in APPPATH\Controllers\HomepageController.php on line 39.
 1 APPPATH\Controllers\HomepageController.php(39): CodeIgniter\Debug\Exceptions->errorHandler(8, 'Undefined variable: course_teacher_id', 'C:\\laragon\\www\\SchoolingTime\\app\\Controllers\\HomepageController.php', 39, [...])
 2 SYSTEMPATH\CodeIgniter.php(942): App\Controllers\HomepageController->Course_details_view('homepage_assets', 'img', 'logo.png')
 3 SYSTEMPATH\CodeIgniter.php(502): CodeIgniter\CodeIgniter->runController(Object(App\Controllers\HomepageController))
 4 SYSTEMPATH\CodeIgniter.php(361): CodeIgniter\CodeIgniter->handleRequest(null, Object(Config\Cache), false)
 5 FCPATH\index.php(79): CodeIgniter\CodeIgniter->run()
INFO - 2024-04-25 07:47:51 --> Session: Class initialized using 'CodeIgniter\Session\Handlers\FileHandler' driver.
INFO - 2024-04-25 07:47:51 --> Session: Class initialized using 'CodeIgniter\Session\Handlers\FileHandler' driver.
INFO - 2024-04-25 07:47:55 --> Session: Class initialized using 'CodeIgniter\Session\Handlers\FileHandler' driver.
INFO - 2024-04-25 07:47:57 --> Session: Class initialized using 'CodeIgniter\Session\Handlers\FileHandler' driver.
INFO - 2024-04-25 07:48:06 --> Session: Class initialized using 'CodeIgniter\Session\Handlers\FileHandler' driver.
INFO - 2024-04-25 07:48:07 --> Session: Class initialized using 'CodeIgniter\Session\Handlers\FileHandler' driver.
INFO - 2024-04-25 07:49:33 --> Session: Class initialized using 'CodeIgniter\Session\Handlers\FileHandler' driver.
INFO - 2024-04-25 07:49:42 --> Session: Class initialized using 'CodeIgniter\Session\Handlers\FileHandler' driver.
INFO - 2024-04-25 07:49:48 --> Session: Class initialized using 'CodeIgniter\Session\Handlers\FileHandler' driver.
INFO - 2024-04-25 07:50:45 --> Session: Class initialized using 'CodeIgniter\Session\Handlers\FileHandler' driver.
INFO - 2024-04-25 07:50:47 --> Session: Class initialized using 'CodeIgniter\Session\Handlers\FileHandler' driver.
INFO - 2024-04-25 07:50:48 --> Session: Class initialized using 'CodeIgniter\Session\Handlers\FileHandler' driver.
CRITICAL - 2024-04-25 07:50:48 --> Undefined variable: course_teacher_id
in APPPATH\Controllers\HomepageController.php on line 39.
 1 APPPATH\Controllers\HomepageController.php(39): CodeIgniter\Debug\Exceptions->errorHandler(8, 'Undefined variable: course_teacher_id', 'C:\\laragon\\www\\SchoolingTime\\app\\Controllers\\HomepageController.php', 39, [...])
 2 SYSTEMPATH\CodeIgniter.php(942): App\Controllers\HomepageController->Course_details_view('homepage_assets', 'img', 'logo.png')
 3 SYSTEMPATH\CodeIgniter.php(502): CodeIgniter\CodeIgniter->runController(Object(App\Controllers\HomepageController))
 4 SYSTEMPATH\CodeIgniter.php(361): CodeIgniter\CodeIgniter->handleRequest(null, Object(Config\Cache), false)
 5 FCPATH\index.php(79): CodeIgniter\CodeIgniter->run()
INFO - 2024-04-25 07:50:50 --> Session: Class initialized using 'CodeIgniter\Session\Handlers\FileHandler' driver.
INFO - 2024-04-25 07:50:50 --> Session: Class initialized using 'CodeIgniter\Session\Handlers\FileHandler' driver.
INFO - 2024-04-25 07:50:55 --> Session: Class initialized using 'CodeIgniter\Session\Handlers\FileHandler' driver.
INFO - 2024-04-25 07:50:55 --> Session: Class initialized using 'CodeIgniter\Session\Handlers\FileHandler' driver.
INFO - 2024-04-25 07:51:15 --> Session: Class initialized using 'CodeIgniter\Session\Handlers\FileHandler' driver.
INFO - 2024-04-25 07:51:22 --> Session: Class initialized using 'CodeIgniter\Session\Handlers\FileHandler' driver.
INFO - 2024-04-25 07:54:07 --> Session: Class initialized using 'CodeIgniter\Session\Handlers\FileHandler' driver.
CRITICAL - 2024-04-25 07:54:07 --> A non-numeric value encountered
in APPPATH\Views\student\cart_view.php on line 54.
 1 APPPATH\Views\student\cart_view.php(54): CodeIgniter\Debug\Exceptions->errorHandler(2, 'A non-numeric value encountered', 'C:\\laragon\\www\\SchoolingTime\\app\\Views\\student\\cart_view.php', 54, [...])
 2 SYSTEMPATH\View\View.php(228): include('C:\\laragon\\www\\SchoolingTime\\app\\Views\\student\\cart_view.php')
 3 SYSTEMPATH\View\View.php(231): CodeIgniter\View\View->CodeIgniter\View\{closure}()
 4 SYSTEMPATH\Common.php(1190): CodeIgniter\View\View->render('student/cart_view.php', [], true)
 5 APPPATH\Controllers\StudentDashboardController.php(130): view('student/cart_view.php')
 6 SYSTEMPATH\CodeIgniter.php(942): App\Controllers\StudentDashboardController->cartView()
 7 SYSTEMPATH\CodeIgniter.php(502): CodeIgniter\CodeIgniter->runController(Object(App\Controllers\StudentDashboardController))
 8 SYSTEMPATH\CodeIgniter.php(361): CodeIgniter\CodeIgniter->handleRequest(null, Object(Config\Cache), false)
 9 FCPATH\index.php(79): CodeIgniter\CodeIgniter->run()
INFO - 2024-04-25 07:55:58 --> Session: Class initialized using 'CodeIgniter\Session\Handlers\FileHandler' driver.
CRITICAL - 2024-04-25 07:55:58 --> A non-numeric value encountered
in APPPATH\Views\student\cart_view.php on line 55.
 1 APPPATH\Views\student\cart_view.php(55): CodeIgniter\Debug\Exceptions->errorHandler(2, 'A non-numeric value encountered', 'C:\\laragon\\www\\SchoolingTime\\app\\Views\\student\\cart_view.php', 55, [...])
 2 SYSTEMPATH\View\View.php(228): include('C:\\laragon\\www\\SchoolingTime\\app\\Views\\student\\cart_view.php')
 3 SYSTEMPATH\View\View.php(231): CodeIgniter\View\View->CodeIgniter\View\{closure}()
 4 SYSTEMPATH\Common.php(1190): CodeIgniter\View\View->render('student/cart_view.php', [], true)
 5 APPPATH\Controllers\StudentDashboardController.php(130): view('student/cart_view.php')
 6 SYSTEMPATH\CodeIgniter.php(942): App\Controllers\StudentDashboardController->cartView()
 7 SYSTEMPATH\CodeIgniter.php(502): CodeIgniter\CodeIgniter->runController(Object(App\Controllers\StudentDashboardController))
 8 SYSTEMPATH\CodeIgniter.php(361): CodeIgniter\CodeIgniter->handleRequest(null, Object(Config\Cache), false)
 9 FCPATH\index.php(79): CodeIgniter\CodeIgniter->run()
INFO - 2024-04-25 07:56:54 --> Session: Class initialized using 'CodeIgniter\Session\Handlers\FileHandler' driver.
CRITICAL - 2024-04-25 07:56:54 --> A non-numeric value encountered
in APPPATH\Views\student\cart_view.php on line 56.
 1 APPPATH\Views\student\cart_view.php(56): CodeIgniter\Debug\Exceptions->errorHandler(2, 'A non-numeric value encountered', 'C:\\laragon\\www\\SchoolingTime\\app\\Views\\student\\cart_view.php', 56, [...])
 2 SYSTEMPATH\View\View.php(228): include('C:\\laragon\\www\\SchoolingTime\\app\\Views\\student\\cart_view.php')
 3 SYSTEMPATH\View\View.php(231): CodeIgniter\View\View->CodeIgniter\View\{closure}()
 4 SYSTEMPATH\Common.php(1190): CodeIgniter\View\View->render('student/cart_view.php', [], true)
 5 APPPATH\Controllers\StudentDashboardController.php(130): view('student/cart_view.php')
 6 SYSTEMPATH\CodeIgniter.php(942): App\Controllers\StudentDashboardController->cartView()
 7 SYSTEMPATH\CodeIgniter.php(502): CodeIgniter\CodeIgniter->runController(Object(App\Controllers\StudentDashboardController))
 8 SYSTEMPATH\CodeIgniter.php(361): CodeIgniter\CodeIgniter->handleRequest(null, Object(Config\Cache), false)
 9 FCPATH\index.php(79): CodeIgniter\CodeIgniter->run()
INFO - 2024-04-25 07:56:55 --> Session: Class initialized using 'CodeIgniter\Session\Handlers\FileHandler' driver.
CRITICAL - 2024-04-25 07:56:55 --> A non-numeric value encountered
in APPPATH\Views\student\cart_view.php on line 56.
 1 APPPATH\Views\student\cart_view.php(56): CodeIgniter\Debug\Exceptions->errorHandler(2, 'A non-numeric value encountered', 'C:\\laragon\\www\\SchoolingTime\\app\\Views\\student\\cart_view.php', 56, [...])
 2 SYSTEMPATH\View\View.php(228): include('C:\\laragon\\www\\SchoolingTime\\app\\Views\\student\\cart_view.php')
 3 SYSTEMPATH\View\View.php(231): CodeIgniter\View\View->CodeIgniter\View\{closure}()
 4 SYSTEMPATH\Common.php(1190): CodeIgniter\View\View->render('student/cart_view.php', [], true)
 5 APPPATH\Controllers\StudentDashboardController.php(130): view('student/cart_view.php')
 6 SYSTEMPATH\CodeIgniter.php(942): App\Controllers\StudentDashboardController->cartView()
 7 SYSTEMPATH\CodeIgniter.php(502): CodeIgniter\CodeIgniter->runController(Object(App\Controllers\StudentDashboardController))
 8 SYSTEMPATH\CodeIgniter.php(361): CodeIgniter\CodeIgniter->handleRequest(null, Object(Config\Cache), false)
 9 FCPATH\index.php(79): CodeIgniter\CodeIgniter->run()
INFO - 2024-04-25 07:59:29 --> Session: Class initialized using 'CodeIgniter\Session\Handlers\FileHandler' driver.
INFO - 2024-04-25 07:59:38 --> Session: Class initialized using 'CodeIgniter\Session\Handlers\FileHandler' driver.
INFO - 2024-04-25 07:59:53 --> Session: Class initialized using 'CodeIgniter\Session\Handlers\FileHandler' driver.
INFO - 2024-04-25 08:00:00 --> Session: Class initialized using 'CodeIgniter\Session\Handlers\FileHandler' driver.
INFO - 2024-04-25 08:00:03 --> Session: Class initialized using 'CodeIgniter\Session\Handlers\FileHandler' driver.
INFO - 2024-04-25 08:00:06 --> Session: Class initialized using 'CodeIgniter\Session\Handlers\FileHandler' driver.
INFO - 2024-04-25 08:00:06 --> Session: Class initialized using 'CodeIgniter\Session\Handlers\FileHandler' driver.
CRITICAL - 2024-04-25 08:00:06 --> Undefined variable: course_teacher_id
in APPPATH\Controllers\HomepageController.php on line 39.
 1 APPPATH\Controllers\HomepageController.php(39): CodeIgniter\Debug\Exceptions->errorHandler(8, 'Undefined variable: course_teacher_id', 'C:\\laragon\\www\\SchoolingTime\\app\\Controllers\\HomepageController.php', 39, [...])
 2 SYSTEMPATH\CodeIgniter.php(942): App\Controllers\HomepageController->Course_details_view('homepage_assets', 'img', 'logo.png')
 3 SYSTEMPATH\CodeIgniter.php(502): CodeIgniter\CodeIgniter->runController(Object(App\Controllers\HomepageController))
 4 SYSTEMPATH\CodeIgniter.php(361): CodeIgniter\CodeIgniter->handleRequest(null, Object(Config\Cache), false)
 5 FCPATH\index.php(79): CodeIgniter\CodeIgniter->run()
INFO - 2024-04-25 08:00:06 --> Session: Class initialized using 'CodeIgniter\Session\Handlers\FileHandler' driver.
CRITICAL - 2024-04-25 08:00:06 --> Undefined variable: course_teacher_id
in APPPATH\Controllers\HomepageController.php on line 39.
 1 APPPATH\Controllers\HomepageController.php(39): CodeIgniter\Debug\Exceptions->errorHandler(8, 'Undefined variable: course_teacher_id', 'C:\\laragon\\www\\SchoolingTime\\app\\Controllers\\HomepageController.php', 39, [...])
 2 SYSTEMPATH\CodeIgniter.php(942): App\Controllers\HomepageController->Course_details_view('homepage_assets', 'img', 'apple-touch-icon.png')
 3 SYSTEMPATH\CodeIgniter.php(502): CodeIgniter\CodeIgniter->runController(Object(App\Controllers\HomepageController))
 4 SYSTEMPATH\CodeIgniter.php(361): CodeIgniter\CodeIgniter->handleRequest(null, Object(Config\Cache), false)
 5 FCPATH\index.php(79): CodeIgniter\CodeIgniter->run()
INFO - 2024-04-25 08:00:06 --> Session: Class initialized using 'CodeIgniter\Session\Handlers\FileHandler' driver.
CRITICAL - 2024-04-25 08:00:06 --> Undefined variable: course_teacher_id
in APPPATH\Controllers\HomepageController.php on line 39.
 1 APPPATH\Controllers\HomepageController.php(39): CodeIgniter\Debug\Exceptions->errorHandler(8, 'Undefined variable: course_teacher_id', 'C:\\laragon\\www\\SchoolingTime\\app\\Controllers\\HomepageController.php', 39, [...])
 2 SYSTEMPATH\CodeIgniter.php(942): App\Controllers\HomepageController->Course_details_view('homepage_assets', 'img', 'favicon.png')
 3 SYSTEMPATH\CodeIgniter.php(502): CodeIgniter\CodeIgniter->runController(Object(App\Controllers\HomepageController))
 4 SYSTEMPATH\CodeIgniter.php(361): CodeIgniter\CodeIgniter->handleRequest(null, Object(Config\Cache), false)
 5 FCPATH\index.php(79): CodeIgniter\CodeIgniter->run()
INFO - 2024-04-25 08:00:08 --> Session: Class initialized using 'CodeIgniter\Session\Handlers\FileHandler' driver.
INFO - 2024-04-25 08:00:08 --> Session: Class initialized using 'CodeIgniter\Session\Handlers\FileHandler' driver.
INFO - 2024-04-25 08:00:15 --> Session: Class initialized using 'CodeIgniter\Session\Handlers\FileHandler' driver.
INFO - 2024-04-25 08:06:56 --> Session: Class initialized using 'CodeIgniter\Session\Handlers\FileHandler' driver.
CRITICAL - 2024-04-25 08:06:56 --> preg_replace(): Delimiter must not be alphanumeric or backslash
in APPPATH\Views\student\cart_view.php on line 48.
 1 [internal function]: CodeIgniter\Debug\Exceptions->errorHandler(2, 'preg_replace(): Delimiter must not be alphanumeric or backslash', 'C:\\laragon\\www\\SchoolingTime\\app\\Views\\student\\cart_view.php', 48, [...])
 2 APPPATH\Views\student\cart_view.php(48): preg_replace('\\-?[0-9]+\\.[0-9]+\\,\\ \\-?[0-9]+\\.[0-9]+', '', '২০০০')
 3 SYSTEMPATH\View\View.php(228): include('C:\\laragon\\www\\SchoolingTime\\app\\Views\\student\\cart_view.php')
 4 SYSTEMPATH\View\View.php(231): CodeIgniter\View\View->CodeIgniter\View\{closure}()
 5 SYSTEMPATH\Common.php(1190): CodeIgniter\View\View->render('student/cart_view.php', [], true)
 6 APPPATH\Controllers\StudentDashboardController.php(130): view('student/cart_view.php')
 7 SYSTEMPATH\CodeIgniter.php(942): App\Controllers\StudentDashboardController->cartView()
 8 SYSTEMPATH\CodeIgniter.php(502): CodeIgniter\CodeIgniter->runController(Object(App\Controllers\StudentDashboardController))
 9 SYSTEMPATH\CodeIgniter.php(361): CodeIgniter\CodeIgniter->handleRequest(null, Object(Config\Cache), false)
10 FCPATH\index.php(79): CodeIgniter\CodeIgniter->run()
INFO - 2024-04-25 08:07:00 --> Session: Class initialized using 'CodeIgniter\Session\Handlers\FileHandler' driver.
CRITICAL - 2024-04-25 08:07:00 --> preg_replace(): Delimiter must not be alphanumeric or backslash
in APPPATH\Views\student\cart_view.php on line 48.
 1 [internal function]: CodeIgniter\Debug\Exceptions->errorHandler(2, 'preg_replace(): Delimiter must not be alphanumeric or backslash', 'C:\\laragon\\www\\SchoolingTime\\app\\Views\\student\\cart_view.php', 48, [...])
 2 APPPATH\Views\student\cart_view.php(48): preg_replace('\\-?[0-9]+\\.[0-9]+\\,\\ \\-?[0-9]+\\.[0-9]+', '', '২০০০')
 3 SYSTEMPATH\View\View.php(228): include('C:\\laragon\\www\\SchoolingTime\\app\\Views\\student\\cart_view.php')
 4 SYSTEMPATH\View\View.php(231): CodeIgniter\View\View->CodeIgniter\View\{closure}()
 5 SYSTEMPATH\Common.php(1190): CodeIgniter\View\View->render('student/cart_view.php', [], true)
 6 APPPATH\Controllers\StudentDashboardController.php(130): view('student/cart_view.php')
 7 SYSTEMPATH\CodeIgniter.php(942): App\Controllers\StudentDashboardController->cartView()
 8 SYSTEMPATH\CodeIgniter.php(502): CodeIgniter\CodeIgniter->runController(Object(App\Controllers\StudentDashboardController))
 9 SYSTEMPATH\CodeIgniter.php(361): CodeIgniter\CodeIgniter->handleRequest(null, Object(Config\Cache), false)
10 FCPATH\index.php(79): CodeIgniter\CodeIgniter->run()
INFO - 2024-04-25 08:08:06 --> Session: Class initialized using 'CodeIgniter\Session\Handlers\FileHandler' driver.
CRITICAL - 2024-04-25 08:08:06 --> preg_replace(): Delimiter must not be alphanumeric or backslash
in APPPATH\Views\student\cart_view.php on line 48.
 1 [internal function]: CodeIgniter\Debug\Exceptions->errorHandler(2, 'preg_replace(): Delimiter must not be alphanumeric or backslash', 'C:\\laragon\\www\\SchoolingTime\\app\\Views\\student\\cart_view.php', 48, [...])
 2 APPPATH\Views\student\cart_view.php(48): preg_replace('\\-?[0-9]+\\.[0-9]+\\,\\ \\-?[0-9]+\\.[0-9]+', '', '২০০০')
 3 SYSTEMPATH\View\View.php(228): include('C:\\laragon\\www\\SchoolingTime\\app\\Views\\student\\cart_view.php')
 4 SYSTEMPATH\View\View.php(231): CodeIgniter\View\View->CodeIgniter\View\{closure}()
 5 SYSTEMPATH\Common.php(1190): CodeIgniter\View\View->render('student/cart_view.php', [], true)
 6 APPPATH\Controllers\StudentDashboardController.php(130): view('student/cart_view.php')
 7 SYSTEMPATH\CodeIgniter.php(942): App\Controllers\StudentDashboardController->cartView()
 8 SYSTEMPATH\CodeIgniter.php(502): CodeIgniter\CodeIgniter->runController(Object(App\Controllers\StudentDashboardController))
 9 SYSTEMPATH\CodeIgniter.php(361): CodeIgniter\CodeIgniter->handleRequest(null, Object(Config\Cache), false)
10 FCPATH\index.php(79): CodeIgniter\CodeIgniter->run()
INFO - 2024-04-25 08:08:41 --> Session: Class initialized using 'CodeIgniter\Session\Handlers\FileHandler' driver.
CRITICAL - 2024-04-25 08:08:41 --> preg_replace(): Unknown modifier '.'
in APPPATH\Views\student\cart_view.php on line 48.
 1 [internal function]: CodeIgniter\Debug\Exceptions->errorHandler(2, 'preg_replace(): Unknown modifier \'.\'', 'C:\\laragon\\www\\SchoolingTime\\app\\Views\\student\\cart_view.php', 48, [...])
 2 APPPATH\Views\student\cart_view.php(48): preg_replace('/-?[0-9]+/.[0-9]+/,/ /-?[0-9]+/.[0-9]+', '', '২০০০')
 3 SYSTEMPATH\View\View.php(228): include('C:\\laragon\\www\\SchoolingTime\\app\\Views\\student\\cart_view.php')
 4 SYSTEMPATH\View\View.php(231): CodeIgniter\View\View->CodeIgniter\View\{closure}()
 5 SYSTEMPATH\Common.php(1190): CodeIgniter\View\View->render('student/cart_view.php', [], true)
 6 APPPATH\Controllers\StudentDashboardController.php(130): view('student/cart_view.php')
 7 SYSTEMPATH\CodeIgniter.php(942): App\Controllers\StudentDashboardController->cartView()
 8 SYSTEMPATH\CodeIgniter.php(502): CodeIgniter\CodeIgniter->runController(Object(App\Controllers\StudentDashboardController))
 9 SYSTEMPATH\CodeIgniter.php(361): CodeIgniter\CodeIgniter->handleRequest(null, Object(Config\Cache), false)
10 FCPATH\index.php(79): CodeIgniter\CodeIgniter->run()
INFO - 2024-04-25 08:12:17 --> Session: Class initialized using 'CodeIgniter\Session\Handlers\FileHandler' driver.
CRITICAL - 2024-04-25 08:12:17 --> preg_replace(): Unknown modifier '.'
in APPPATH\Views\student\cart_view.php on line 56.
 1 [internal function]: CodeIgniter\Debug\Exceptions->errorHandler(2, 'preg_replace(): Unknown modifier \'.\'', 'C:\\laragon\\www\\SchoolingTime\\app\\Views\\student\\cart_view.php', 56, [...])
 2 APPPATH\Views\student\cart_view.php(56): preg_replace('/-?[0-9]+/.[0-9]+/,/ /-?[0-9]+/.[0-9]+', '', '২০০০')
 3 SYSTEMPATH\View\View.php(228): include('C:\\laragon\\www\\SchoolingTime\\app\\Views\\student\\cart_view.php')
 4 SYSTEMPATH\View\View.php(231): CodeIgniter\View\View->CodeIgniter\View\{closure}()
 5 SYSTEMPATH\Common.php(1190): CodeIgniter\View\View->render('student/cart_view.php', [], true)
 6 APPPATH\Controllers\StudentDashboardController.php(130): view('student/cart_view.php')
 7 SYSTEMPATH\CodeIgniter.php(942): App\Controllers\StudentDashboardController->cartView()
 8 SYSTEMPATH\CodeIgniter.php(502): CodeIgniter\CodeIgniter->runController(Object(App\Controllers\StudentDashboardController))
 9 SYSTEMPATH\CodeIgniter.php(361): CodeIgniter\CodeIgniter->handleRequest(null, Object(Config\Cache), false)
10 FCPATH\index.php(79): CodeIgniter\CodeIgniter->run()
INFO - 2024-04-25 08:12:32 --> Session: Class initialized using 'CodeIgniter\Session\Handlers\FileHandler' driver.
CRITICAL - 2024-04-25 08:12:32 --> A non-numeric value encountered
in APPPATH\Views\student\cart_view.php on line 55.
 1 APPPATH\Views\student\cart_view.php(55): CodeIgniter\Debug\Exceptions->errorHandler(2, 'A non-numeric value encountered', 'C:\\laragon\\www\\SchoolingTime\\app\\Views\\student\\cart_view.php', 55, [...])
 2 SYSTEMPATH\View\View.php(228): include('C:\\laragon\\www\\SchoolingTime\\app\\Views\\student\\cart_view.php')
 3 SYSTEMPATH\View\View.php(231): CodeIgniter\View\View->CodeIgniter\View\{closure}()
 4 SYSTEMPATH\Common.php(1190): CodeIgniter\View\View->render('student/cart_view.php', [], true)
 5 APPPATH\Controllers\StudentDashboardController.php(130): view('student/cart_view.php')
 6 SYSTEMPATH\CodeIgniter.php(942): App\Controllers\StudentDashboardController->cartView()
 7 SYSTEMPATH\CodeIgniter.php(502): CodeIgniter\CodeIgniter->runController(Object(App\Controllers\StudentDashboardController))
 8 SYSTEMPATH\CodeIgniter.php(361): CodeIgniter\CodeIgniter->handleRequest(null, Object(Config\Cache), false)
 9 FCPATH\index.php(79): CodeIgniter\CodeIgniter->run()
INFO - 2024-04-25 08:14:01 --> Session: Class initialized using 'CodeIgniter\Session\Handlers\FileHandler' driver.
CRITICAL - 2024-04-25 08:14:01 --> Undefined variable: course_price
in APPPATH\Views\student\cart_view.php on line 48.
 1 APPPATH\Views\student\cart_view.php(48): CodeIgniter\Debug\Exceptions->errorHandler(8, 'Undefined variable: course_price', 'C:\\laragon\\www\\SchoolingTime\\app\\Views\\student\\cart_view.php', 48, [...])
 2 SYSTEMPATH\View\View.php(228): include('C:\\laragon\\www\\SchoolingTime\\app\\Views\\student\\cart_view.php')
 3 SYSTEMPATH\View\View.php(231): CodeIgniter\View\View->CodeIgniter\View\{closure}()
 4 SYSTEMPATH\Common.php(1190): CodeIgniter\View\View->render('student/cart_view.php', [], true)
 5 APPPATH\Controllers\StudentDashboardController.php(130): view('student/cart_view.php')
 6 SYSTEMPATH\CodeIgniter.php(942): App\Controllers\StudentDashboardController->cartView()
 7 SYSTEMPATH\CodeIgniter.php(502): CodeIgniter\CodeIgniter->runController(Object(App\Controllers\StudentDashboardController))
 8 SYSTEMPATH\CodeIgniter.php(361): CodeIgniter\CodeIgniter->handleRequest(null, Object(Config\Cache), false)
 9 FCPATH\index.php(79): CodeIgniter\CodeIgniter->run()
INFO - 2024-04-25 08:14:05 --> Session: Class initialized using 'CodeIgniter\Session\Handlers\FileHandler' driver.
INFO - 2024-04-25 08:14:08 --> Session: Class initialized using 'CodeIgniter\Session\Handlers\FileHandler' driver.
INFO - 2024-04-25 08:14:09 --> Session: Class initialized using 'CodeIgniter\Session\Handlers\FileHandler' driver.
CRITICAL - 2024-04-25 08:14:09 --> Undefined variable: course_teacher_id
in APPPATH\Controllers\HomepageController.php on line 39.
 1 APPPATH\Controllers\HomepageController.php(39): CodeIgniter\Debug\Exceptions->errorHandler(8, 'Undefined variable: course_teacher_id', 'C:\\laragon\\www\\SchoolingTime\\app\\Controllers\\HomepageController.php', 39, [...])
 2 SYSTEMPATH\CodeIgniter.php(942): App\Controllers\HomepageController->Course_details_view('homepage_assets', 'img', 'logo.png')
 3 SYSTEMPATH\CodeIgniter.php(502): CodeIgniter\CodeIgniter->runController(Object(App\Controllers\HomepageController))
 4 SYSTEMPATH\CodeIgniter.php(361): CodeIgniter\CodeIgniter->handleRequest(null, Object(Config\Cache), false)
 5 FCPATH\index.php(79): CodeIgniter\CodeIgniter->run()
INFO - 2024-04-25 08:14:09 --> Session: Class initialized using 'CodeIgniter\Session\Handlers\FileHandler' driver.
CRITICAL - 2024-04-25 08:14:09 --> Undefined variable: course_teacher_id
in APPPATH\Controllers\HomepageController.php on line 39.
 1 APPPATH\Controllers\HomepageController.php(39): CodeIgniter\Debug\Exceptions->errorHandler(8, 'Undefined variable: course_teacher_id', 'C:\\laragon\\www\\SchoolingTime\\app\\Controllers\\HomepageController.php', 39, [...])
 2 SYSTEMPATH\CodeIgniter.php(942): App\Controllers\HomepageController->Course_details_view('homepage_assets', 'img', 'favicon.png')
 3 SYSTEMPATH\CodeIgniter.php(502): CodeIgniter\CodeIgniter->runController(Object(App\Controllers\HomepageController))
 4 SYSTEMPATH\CodeIgniter.php(361): CodeIgniter\CodeIgniter->handleRequest(null, Object(Config\Cache), false)
 5 FCPATH\index.php(79): CodeIgniter\CodeIgniter->run()
INFO - 2024-04-25 08:14:09 --> Session: Class initialized using 'CodeIgniter\Session\Handlers\FileHandler' driver.
CRITICAL - 2024-04-25 08:14:09 --> Undefined variable: course_teacher_id
in APPPATH\Controllers\HomepageController.php on line 39.
 1 APPPATH\Controllers\HomepageController.php(39): CodeIgniter\Debug\Exceptions->errorHandler(8, 'Undefined variable: course_teacher_id', 'C:\\laragon\\www\\SchoolingTime\\app\\Controllers\\HomepageController.php', 39, [...])
 2 SYSTEMPATH\CodeIgniter.php(942): App\Controllers\HomepageController->Course_details_view('homepage_assets', 'img', 'apple-touch-icon.png')
 3 SYSTEMPATH\CodeIgniter.php(502): CodeIgniter\CodeIgniter->runController(Object(App\Controllers\HomepageController))
 4 SYSTEMPATH\CodeIgniter.php(361): CodeIgniter\CodeIgniter->handleRequest(null, Object(Config\Cache), false)
 5 FCPATH\index.php(79): CodeIgniter\CodeIgniter->run()
INFO - 2024-04-25 08:14:11 --> Session: Class initialized using 'CodeIgniter\Session\Handlers\FileHandler' driver.
INFO - 2024-04-25 08:14:11 --> Session: Class initialized using 'CodeIgniter\Session\Handlers\FileHandler' driver.
CRITICAL - 2024-04-25 08:14:11 --> Undefined variable: course_price
in APPPATH\Views\student\cart_view.php on line 48.
 1 APPPATH\Views\student\cart_view.php(48): CodeIgniter\Debug\Exceptions->errorHandler(8, 'Undefined variable: course_price', 'C:\\laragon\\www\\SchoolingTime\\app\\Views\\student\\cart_view.php', 48, [...])
 2 SYSTEMPATH\View\View.php(228): include('C:\\laragon\\www\\SchoolingTime\\app\\Views\\student\\cart_view.php')
 3 SYSTEMPATH\View\View.php(231): CodeIgniter\View\View->CodeIgniter\View\{closure}()
 4 SYSTEMPATH\Common.php(1190): CodeIgniter\View\View->render('student/cart_view.php', [], true)
 5 APPPATH\Controllers\StudentDashboardController.php(130): view('student/cart_view.php')
 6 SYSTEMPATH\CodeIgniter.php(942): App\Controllers\StudentDashboardController->cartView()
 7 SYSTEMPATH\CodeIgniter.php(502): CodeIgniter\CodeIgniter->runController(Object(App\Controllers\StudentDashboardController))
 8 SYSTEMPATH\CodeIgniter.php(361): CodeIgniter\CodeIgniter->handleRequest(null, Object(Config\Cache), false)
 9 FCPATH\index.php(79): CodeIgniter\CodeIgniter->run()
INFO - 2024-04-25 08:15:34 --> Session: Class initialized using 'CodeIgniter\Session\Handlers\FileHandler' driver.
INFO - 2024-04-25 08:15:37 --> Session: Class initialized using 'CodeIgniter\Session\Handlers\FileHandler' driver.
INFO - 2024-04-25 08:16:04 --> Session: Class initialized using 'CodeIgniter\Session\Handlers\FileHandler' driver.
INFO - 2024-04-25 08:16:07 --> Session: Class initialized using 'CodeIgniter\Session\Handlers\FileHandler' driver.
INFO - 2024-04-25 08:16:10 --> Session: Class initialized using 'CodeIgniter\Session\Handlers\FileHandler' driver.
INFO - 2024-04-25 08:16:11 --> Session: Class initialized using 'CodeIgniter\Session\Handlers\FileHandler' driver.
CRITICAL - 2024-04-25 08:16:11 --> Undefined variable: course_teacher_id
in APPPATH\Controllers\HomepageController.php on line 39.
 1 APPPATH\Controllers\HomepageController.php(39): CodeIgniter\Debug\Exceptions->errorHandler(8, 'Undefined variable: course_teacher_id', 'C:\\laragon\\www\\SchoolingTime\\app\\Controllers\\HomepageController.php', 39, [...])
 2 SYSTEMPATH\CodeIgniter.php(942): App\Controllers\HomepageController->Course_details_view('homepage_assets', 'img', 'logo.png')
 3 SYSTEMPATH\CodeIgniter.php(502): CodeIgniter\CodeIgniter->runController(Object(App\Controllers\HomepageController))
 4 SYSTEMPATH\CodeIgniter.php(361): CodeIgniter\CodeIgniter->handleRequest(null, Object(Config\Cache), false)
 5 FCPATH\index.php(79): CodeIgniter\CodeIgniter->run()
INFO - 2024-04-25 08:16:13 --> Session: Class initialized using 'CodeIgniter\Session\Handlers\FileHandler' driver.
INFO - 2024-04-25 08:16:16 --> Session: Class initialized using 'CodeIgniter\Session\Handlers\FileHandler' driver.
INFO - 2024-04-25 08:16:19 --> Session: Class initialized using 'CodeIgniter\Session\Handlers\FileHandler' driver.
INFO - 2024-04-25 08:16:19 --> Session: Class initialized using 'CodeIgniter\Session\Handlers\FileHandler' driver.
CRITICAL - 2024-04-25 08:16:19 --> Undefined variable: course_teacher_id
in APPPATH\Controllers\HomepageController.php on line 39.
 1 APPPATH\Controllers\HomepageController.php(39): CodeIgniter\Debug\Exceptions->errorHandler(8, 'Undefined variable: course_teacher_id', 'C:\\laragon\\www\\SchoolingTime\\app\\Controllers\\HomepageController.php', 39, [...])
 2 SYSTEMPATH\CodeIgniter.php(942): App\Controllers\HomepageController->Course_details_view('homepage_assets', 'img', 'logo.png')
 3 SYSTEMPATH\CodeIgniter.php(502): CodeIgniter\CodeIgniter->runController(Object(App\Controllers\HomepageController))
 4 SYSTEMPATH\CodeIgniter.php(361): CodeIgniter\CodeIgniter->handleRequest(null, Object(Config\Cache), false)
 5 FCPATH\index.php(79): CodeIgniter\CodeIgniter->run()
INFO - 2024-04-25 08:16:21 --> Session: Class initialized using 'CodeIgniter\Session\Handlers\FileHandler' driver.
INFO - 2024-04-25 08:16:22 --> Session: Class initialized using 'CodeIgniter\Session\Handlers\FileHandler' driver.
INFO - 2024-04-25 08:16:41 --> Session: Class initialized using 'CodeIgniter\Session\Handlers\FileHandler' driver.
INFO - 2024-04-25 08:18:40 --> Session: Class initialized using 'CodeIgniter\Session\Handlers\FileHandler' driver.
CRITICAL - 2024-04-25 08:18:40 --> A non-numeric value encountered
in APPPATH\Views\student\cart_view.php on line 57.
 1 APPPATH\Views\student\cart_view.php(57): CodeIgniter\Debug\Exceptions->errorHandler(2, 'A non-numeric value encountered', 'C:\\laragon\\www\\SchoolingTime\\app\\Views\\student\\cart_view.php', 57, [...])
 2 SYSTEMPATH\View\View.php(228): include('C:\\laragon\\www\\SchoolingTime\\app\\Views\\student\\cart_view.php')
 3 SYSTEMPATH\View\View.php(231): CodeIgniter\View\View->CodeIgniter\View\{closure}()
 4 SYSTEMPATH\Common.php(1190): CodeIgniter\View\View->render('student/cart_view.php', [], true)
 5 APPPATH\Controllers\StudentDashboardController.php(130): view('student/cart_view.php')
 6 SYSTEMPATH\CodeIgniter.php(942): App\Controllers\StudentDashboardController->cartView()
 7 SYSTEMPATH\CodeIgniter.php(502): CodeIgniter\CodeIgniter->runController(Object(App\Controllers\StudentDashboardController))
 8 SYSTEMPATH\CodeIgniter.php(361): CodeIgniter\CodeIgniter->handleRequest(null, Object(Config\Cache), false)
 9 FCPATH\index.php(79): CodeIgniter\CodeIgniter->run()
INFO - 2024-04-25 08:18:45 --> Session: Class initialized using 'CodeIgniter\Session\Handlers\FileHandler' driver.
INFO - 2024-04-25 08:18:48 --> Session: Class initialized using 'CodeIgniter\Session\Handlers\FileHandler' driver.
INFO - 2024-04-25 08:18:49 --> Session: Class initialized using 'CodeIgniter\Session\Handlers\FileHandler' driver.
CRITICAL - 2024-04-25 08:18:49 --> Undefined variable: course_teacher_id
in APPPATH\Controllers\HomepageController.php on line 39.
 1 APPPATH\Controllers\HomepageController.php(39): CodeIgniter\Debug\Exceptions->errorHandler(8, 'Undefined variable: course_teacher_id', 'C:\\laragon\\www\\SchoolingTime\\app\\Controllers\\HomepageController.php', 39, [...])
 2 SYSTEMPATH\CodeIgniter.php(942): App\Controllers\HomepageController->Course_details_view('homepage_assets', 'img', 'logo.png')
 3 SYSTEMPATH\CodeIgniter.php(502): CodeIgniter\CodeIgniter->runController(Object(App\Controllers\HomepageController))
 4 SYSTEMPATH\CodeIgniter.php(361): CodeIgniter\CodeIgniter->handleRequest(null, Object(Config\Cache), false)
 5 FCPATH\index.php(79): CodeIgniter\CodeIgniter->run()
INFO - 2024-04-25 08:18:49 --> Session: Class initialized using 'CodeIgniter\Session\Handlers\FileHandler' driver.
CRITICAL - 2024-04-25 08:18:49 --> Undefined variable: course_teacher_id
in APPPATH\Controllers\HomepageController.php on line 39.
 1 APPPATH\Controllers\HomepageController.php(39): CodeIgniter\Debug\Exceptions->errorHandler(8, 'Undefined variable: course_teacher_id', 'C:\\laragon\\www\\SchoolingTime\\app\\Controllers\\HomepageController.php', 39, [...])
 2 SYSTEMPATH\CodeIgniter.php(942): App\Controllers\HomepageController->Course_details_view('homepage_assets', 'img', 'apple-touch-icon.png')
 3 SYSTEMPATH\CodeIgniter.php(502): CodeIgniter\CodeIgniter->runController(Object(App\Controllers\HomepageController))
 4 SYSTEMPATH\CodeIgniter.php(361): CodeIgniter\CodeIgniter->handleRequest(null, Object(Config\Cache), false)
 5 FCPATH\index.php(79): CodeIgniter\CodeIgniter->run()
INFO - 2024-04-25 08:18:49 --> Session: Class initialized using 'CodeIgniter\Session\Handlers\FileHandler' driver.
CRITICAL - 2024-04-25 08:18:49 --> Undefined variable: course_teacher_id
in APPPATH\Controllers\HomepageController.php on line 39.
 1 APPPATH\Controllers\HomepageController.php(39): CodeIgniter\Debug\Exceptions->errorHandler(8, 'Undefined variable: course_teacher_id', 'C:\\laragon\\www\\SchoolingTime\\app\\Controllers\\HomepageController.php', 39, [...])
 2 SYSTEMPATH\CodeIgniter.php(942): App\Controllers\HomepageController->Course_details_view('homepage_assets', 'img', 'favicon.png')
 3 SYSTEMPATH\CodeIgniter.php(502): CodeIgniter\CodeIgniter->runController(Object(App\Controllers\HomepageController))
 4 SYSTEMPATH\CodeIgniter.php(361): CodeIgniter\CodeIgniter->handleRequest(null, Object(Config\Cache), false)
 5 FCPATH\index.php(79): CodeIgniter\CodeIgniter->run()
INFO - 2024-04-25 08:18:51 --> Session: Class initialized using 'CodeIgniter\Session\Handlers\FileHandler' driver.
INFO - 2024-04-25 08:18:51 --> Session: Class initialized using 'CodeIgniter\Session\Handlers\FileHandler' driver.
CRITICAL - 2024-04-25 08:18:51 --> A non-numeric value encountered
in APPPATH\Views\student\cart_view.php on line 57.
 1 APPPATH\Views\student\cart_view.php(57): CodeIgniter\Debug\Exceptions->errorHandler(2, 'A non-numeric value encountered', 'C:\\laragon\\www\\SchoolingTime\\app\\Views\\student\\cart_view.php', 57, [...])
 2 SYSTEMPATH\View\View.php(228): include('C:\\laragon\\www\\SchoolingTime\\app\\Views\\student\\cart_view.php')
 3 SYSTEMPATH\View\View.php(231): CodeIgniter\View\View->CodeIgniter\View\{closure}()
 4 SYSTEMPATH\Common.php(1190): CodeIgniter\View\View->render('student/cart_view.php', [], true)
 5 APPPATH\Controllers\StudentDashboardController.php(130): view('student/cart_view.php')
 6 SYSTEMPATH\CodeIgniter.php(942): App\Controllers\StudentDashboardController->cartView()
 7 SYSTEMPATH\CodeIgniter.php(502): CodeIgniter\CodeIgniter->runController(Object(App\Controllers\StudentDashboardController))
 8 SYSTEMPATH\CodeIgniter.php(361): CodeIgniter\CodeIgniter->handleRequest(null, Object(Config\Cache), false)
 9 FCPATH\index.php(79): CodeIgniter\CodeIgniter->run()
INFO - 2024-04-25 08:19:05 --> Session: Class initialized using 'CodeIgniter\Session\Handlers\FileHandler' driver.
CRITICAL - 2024-04-25 08:19:05 --> A non-numeric value encountered
in APPPATH\Views\student\cart_view.php on line 57.
 1 APPPATH\Views\student\cart_view.php(57): CodeIgniter\Debug\Exceptions->errorHandler(2, 'A non-numeric value encountered', 'C:\\laragon\\www\\SchoolingTime\\app\\Views\\student\\cart_view.php', 57, [...])
 2 SYSTEMPATH\View\View.php(228): include('C:\\laragon\\www\\SchoolingTime\\app\\Views\\student\\cart_view.php')
 3 SYSTEMPATH\View\View.php(231): CodeIgniter\View\View->CodeIgniter\View\{closure}()
 4 SYSTEMPATH\Common.php(1190): CodeIgniter\View\View->render('student/cart_view.php', [], true)
 5 APPPATH\Controllers\StudentDashboardController.php(130): view('student/cart_view.php')
 6 SYSTEMPATH\CodeIgniter.php(942): App\Controllers\StudentDashboardController->cartView()
 7 SYSTEMPATH\CodeIgniter.php(502): CodeIgniter\CodeIgniter->runController(Object(App\Controllers\StudentDashboardController))
 8 SYSTEMPATH\CodeIgniter.php(361): CodeIgniter\CodeIgniter->handleRequest(null, Object(Config\Cache), false)
 9 FCPATH\index.php(79): CodeIgniter\CodeIgniter->run()
INFO - 2024-04-25 08:19:56 --> Session: Class initialized using 'CodeIgniter\Session\Handlers\FileHandler' driver.
CRITICAL - 2024-04-25 08:19:56 --> A non-numeric value encountered
in APPPATH\Views\student\cart_view.php on line 57.
 1 APPPATH\Views\student\cart_view.php(57): CodeIgniter\Debug\Exceptions->errorHandler(2, 'A non-numeric value encountered', 'C:\\laragon\\www\\SchoolingTime\\app\\Views\\student\\cart_view.php', 57, [...])
 2 SYSTEMPATH\View\View.php(228): include('C:\\laragon\\www\\SchoolingTime\\app\\Views\\student\\cart_view.php')
 3 SYSTEMPATH\View\View.php(231): CodeIgniter\View\View->CodeIgniter\View\{closure}()
 4 SYSTEMPATH\Common.php(1190): CodeIgniter\View\View->render('student/cart_view.php', [], true)
 5 APPPATH\Controllers\StudentDashboardController.php(130): view('student/cart_view.php')
 6 SYSTEMPATH\CodeIgniter.php(942): App\Controllers\StudentDashboardController->cartView()
 7 SYSTEMPATH\CodeIgniter.php(502): CodeIgniter\CodeIgniter->runController(Object(App\Controllers\StudentDashboardController))
 8 SYSTEMPATH\CodeIgniter.php(361): CodeIgniter\CodeIgniter->handleRequest(null, Object(Config\Cache), false)
 9 FCPATH\index.php(79): CodeIgniter\CodeIgniter->run()
INFO - 2024-04-25 08:20:03 --> Session: Class initialized using 'CodeIgniter\Session\Handlers\FileHandler' driver.
CRITICAL - 2024-04-25 08:20:03 --> A non-numeric value encountered
in APPPATH\Views\student\cart_view.php on line 57.
 1 APPPATH\Views\student\cart_view.php(57): CodeIgniter\Debug\Exceptions->errorHandler(2, 'A non-numeric value encountered', 'C:\\laragon\\www\\SchoolingTime\\app\\Views\\student\\cart_view.php', 57, [...])
 2 SYSTEMPATH\View\View.php(228): include('C:\\laragon\\www\\SchoolingTime\\app\\Views\\student\\cart_view.php')
 3 SYSTEMPATH\View\View.php(231): CodeIgniter\View\View->CodeIgniter\View\{closure}()
 4 SYSTEMPATH\Common.php(1190): CodeIgniter\View\View->render('student/cart_view.php', [], true)
 5 APPPATH\Controllers\StudentDashboardController.php(130): view('student/cart_view.php')
 6 SYSTEMPATH\CodeIgniter.php(942): App\Controllers\StudentDashboardController->cartView()
 7 SYSTEMPATH\CodeIgniter.php(502): CodeIgniter\CodeIgniter->runController(Object(App\Controllers\StudentDashboardController))
 8 SYSTEMPATH\CodeIgniter.php(361): CodeIgniter\CodeIgniter->handleRequest(null, Object(Config\Cache), false)
 9 FCPATH\index.php(79): CodeIgniter\CodeIgniter->run()
INFO - 2024-04-25 08:20:10 --> Session: Class initialized using 'CodeIgniter\Session\Handlers\FileHandler' driver.
CRITICAL - 2024-04-25 08:20:10 --> A non-numeric value encountered
in APPPATH\Views\student\cart_view.php on line 57.
 1 APPPATH\Views\student\cart_view.php(57): CodeIgniter\Debug\Exceptions->errorHandler(2, 'A non-numeric value encountered', 'C:\\laragon\\www\\SchoolingTime\\app\\Views\\student\\cart_view.php', 57, [...])
 2 SYSTEMPATH\View\View.php(228): include('C:\\laragon\\www\\SchoolingTime\\app\\Views\\student\\cart_view.php')
 3 SYSTEMPATH\View\View.php(231): CodeIgniter\View\View->CodeIgniter\View\{closure}()
 4 SYSTEMPATH\Common.php(1190): CodeIgniter\View\View->render('student/cart_view.php', [], true)
 5 APPPATH\Controllers\StudentDashboardController.php(130): view('student/cart_view.php')
 6 SYSTEMPATH\CodeIgniter.php(942): App\Controllers\StudentDashboardController->cartView()
 7 SYSTEMPATH\CodeIgniter.php(502): CodeIgniter\CodeIgniter->runController(Object(App\Controllers\StudentDashboardController))
 8 SYSTEMPATH\CodeIgniter.php(361): CodeIgniter\CodeIgniter->handleRequest(null, Object(Config\Cache), false)
 9 FCPATH\index.php(79): CodeIgniter\CodeIgniter->run()
INFO - 2024-04-25 08:20:11 --> Session: Class initialized using 'CodeIgniter\Session\Handlers\FileHandler' driver.
INFO - 2024-04-25 08:20:14 --> Session: Class initialized using 'CodeIgniter\Session\Handlers\FileHandler' driver.
INFO - 2024-04-25 08:20:14 --> Session: Class initialized using 'CodeIgniter\Session\Handlers\FileHandler' driver.
CRITICAL - 2024-04-25 08:20:14 --> Undefined variable: course_teacher_id
in APPPATH\Controllers\HomepageController.php on line 39.
 1 APPPATH\Controllers\HomepageController.php(39): CodeIgniter\Debug\Exceptions->errorHandler(8, 'Undefined variable: course_teacher_id', 'C:\\laragon\\www\\SchoolingTime\\app\\Controllers\\HomepageController.php', 39, [...])
 2 SYSTEMPATH\CodeIgniter.php(942): App\Controllers\HomepageController->Course_details_view('homepage_assets', 'img', 'logo.png')
 3 SYSTEMPATH\CodeIgniter.php(502): CodeIgniter\CodeIgniter->runController(Object(App\Controllers\HomepageController))
 4 SYSTEMPATH\CodeIgniter.php(361): CodeIgniter\CodeIgniter->handleRequest(null, Object(Config\Cache), false)
 5 FCPATH\index.php(79): CodeIgniter\CodeIgniter->run()
INFO - 2024-04-25 08:20:15 --> Session: Class initialized using 'CodeIgniter\Session\Handlers\FileHandler' driver.
CRITICAL - 2024-04-25 08:20:15 --> Undefined variable: course_teacher_id
in APPPATH\Controllers\HomepageController.php on line 39.
 1 APPPATH\Controllers\HomepageController.php(39): CodeIgniter\Debug\Exceptions->errorHandler(8, 'Undefined variable: course_teacher_id', 'C:\\laragon\\www\\SchoolingTime\\app\\Controllers\\HomepageController.php', 39, [...])
 2 SYSTEMPATH\CodeIgniter.php(942): App\Controllers\HomepageController->Course_details_view('homepage_assets', 'img', 'apple-touch-icon.png')
 3 SYSTEMPATH\CodeIgniter.php(502): CodeIgniter\CodeIgniter->runController(Object(App\Controllers\HomepageController))
 4 SYSTEMPATH\CodeIgniter.php(361): CodeIgniter\CodeIgniter->handleRequest(null, Object(Config\Cache), false)
 5 FCPATH\index.php(79): CodeIgniter\CodeIgniter->run()
INFO - 2024-04-25 08:20:15 --> Session: Class initialized using 'CodeIgniter\Session\Handlers\FileHandler' driver.
CRITICAL - 2024-04-25 08:20:15 --> Undefined variable: course_teacher_id
in APPPATH\Controllers\HomepageController.php on line 39.
 1 APPPATH\Controllers\HomepageController.php(39): CodeIgniter\Debug\Exceptions->errorHandler(8, 'Undefined variable: course_teacher_id', 'C:\\laragon\\www\\SchoolingTime\\app\\Controllers\\HomepageController.php', 39, [...])
 2 SYSTEMPATH\CodeIgniter.php(942): App\Controllers\HomepageController->Course_details_view('homepage_assets', 'img', 'favicon.png')
 3 SYSTEMPATH\CodeIgniter.php(502): CodeIgniter\CodeIgniter->runController(Object(App\Controllers\HomepageController))
 4 SYSTEMPATH\CodeIgniter.php(361): CodeIgniter\CodeIgniter->handleRequest(null, Object(Config\Cache), false)
 5 FCPATH\index.php(79): CodeIgniter\CodeIgniter->run()
INFO - 2024-04-25 08:20:16 --> Session: Class initialized using 'CodeIgniter\Session\Handlers\FileHandler' driver.
INFO - 2024-04-25 08:20:17 --> Session: Class initialized using 'CodeIgniter\Session\Handlers\FileHandler' driver.
CRITICAL - 2024-04-25 08:20:17 --> A non-numeric value encountered
in APPPATH\Views\student\cart_view.php on line 57.
 1 APPPATH\Views\student\cart_view.php(57): CodeIgniter\Debug\Exceptions->errorHandler(2, 'A non-numeric value encountered', 'C:\\laragon\\www\\SchoolingTime\\app\\Views\\student\\cart_view.php', 57, [...])
 2 SYSTEMPATH\View\View.php(228): include('C:\\laragon\\www\\SchoolingTime\\app\\Views\\student\\cart_view.php')
 3 SYSTEMPATH\View\View.php(231): CodeIgniter\View\View->CodeIgniter\View\{closure}()
 4 SYSTEMPATH\Common.php(1190): CodeIgniter\View\View->render('student/cart_view.php', [], true)
 5 APPPATH\Controllers\StudentDashboardController.php(130): view('student/cart_view.php')
 6 SYSTEMPATH\CodeIgniter.php(942): App\Controllers\StudentDashboardController->cartView()
 7 SYSTEMPATH\CodeIgniter.php(502): CodeIgniter\CodeIgniter->runController(Object(App\Controllers\StudentDashboardController))
 8 SYSTEMPATH\CodeIgniter.php(361): CodeIgniter\CodeIgniter->handleRequest(null, Object(Config\Cache), false)
 9 FCPATH\index.php(79): CodeIgniter\CodeIgniter->run()
INFO - 2024-04-25 08:23:51 --> Session: Class initialized using 'CodeIgniter\Session\Handlers\FileHandler' driver.
CRITICAL - 2024-04-25 08:23:51 --> A non-numeric value encountered
in APPPATH\Views\student\cart_view.php on line 59.
 1 APPPATH\Views\student\cart_view.php(59): CodeIgniter\Debug\Exceptions->errorHandler(2, 'A non-numeric value encountered', 'C:\\laragon\\www\\SchoolingTime\\app\\Views\\student\\cart_view.php', 59, [...])
 2 SYSTEMPATH\View\View.php(228): include('C:\\laragon\\www\\SchoolingTime\\app\\Views\\student\\cart_view.php')
 3 SYSTEMPATH\View\View.php(231): CodeIgniter\View\View->CodeIgniter\View\{closure}()
 4 SYSTEMPATH\Common.php(1190): CodeIgniter\View\View->render('student/cart_view.php', [], true)
 5 APPPATH\Controllers\StudentDashboardController.php(130): view('student/cart_view.php')
 6 SYSTEMPATH\CodeIgniter.php(942): App\Controllers\StudentDashboardController->cartView()
 7 SYSTEMPATH\CodeIgniter.php(502): CodeIgniter\CodeIgniter->runController(Object(App\Controllers\StudentDashboardController))
 8 SYSTEMPATH\CodeIgniter.php(361): CodeIgniter\CodeIgniter->handleRequest(null, Object(Config\Cache), false)
 9 FCPATH\index.php(79): CodeIgniter\CodeIgniter->run()
INFO - 2024-04-25 08:24:41 --> Session: Class initialized using 'CodeIgniter\Session\Handlers\FileHandler' driver.
INFO - 2024-04-25 08:24:44 --> Session: Class initialized using 'CodeIgniter\Session\Handlers\FileHandler' driver.
INFO - 2024-04-25 08:25:16 --> Session: Class initialized using 'CodeIgniter\Session\Handlers\FileHandler' driver.
INFO - 2024-04-25 08:25:36 --> Session: Class initialized using 'CodeIgniter\Session\Handlers\FileHandler' driver.
INFO - 2024-04-25 08:25:42 --> Session: Class initialized using 'CodeIgniter\Session\Handlers\FileHandler' driver.
INFO - 2024-04-25 08:25:42 --> Session: Class initialized using 'CodeIgniter\Session\Handlers\FileHandler' driver.
CRITICAL - 2024-04-25 08:25:42 --> Undefined variable: course_teacher_id
in APPPATH\Controllers\HomepageController.php on line 39.
 1 APPPATH\Controllers\HomepageController.php(39): CodeIgniter\Debug\Exceptions->errorHandler(8, 'Undefined variable: course_teacher_id', 'C:\\laragon\\www\\SchoolingTime\\app\\Controllers\\HomepageController.php', 39, [...])
 2 SYSTEMPATH\CodeIgniter.php(942): App\Controllers\HomepageController->Course_details_view('homepage_assets', 'img', 'logo.png')
 3 SYSTEMPATH\CodeIgniter.php(502): CodeIgniter\CodeIgniter->runController(Object(App\Controllers\HomepageController))
 4 SYSTEMPATH\CodeIgniter.php(361): CodeIgniter\CodeIgniter->handleRequest(null, Object(Config\Cache), false)
 5 FCPATH\index.php(79): CodeIgniter\CodeIgniter->run()
INFO - 2024-04-25 08:25:43 --> Session: Class initialized using 'CodeIgniter\Session\Handlers\FileHandler' driver.
CRITICAL - 2024-04-25 08:25:43 --> Undefined variable: course_teacher_id
in APPPATH\Controllers\HomepageController.php on line 39.
 1 APPPATH\Controllers\HomepageController.php(39): CodeIgniter\Debug\Exceptions->errorHandler(8, 'Undefined variable: course_teacher_id', 'C:\\laragon\\www\\SchoolingTime\\app\\Controllers\\HomepageController.php', 39, [...])
 2 SYSTEMPATH\CodeIgniter.php(942): App\Controllers\HomepageController->Course_details_view('homepage_assets', 'img', 'favicon.png')
 3 SYSTEMPATH\CodeIgniter.php(502): CodeIgniter\CodeIgniter->runController(Object(App\Controllers\HomepageController))
 4 SYSTEMPATH\CodeIgniter.php(361): CodeIgniter\CodeIgniter->handleRequest(null, Object(Config\Cache), false)
 5 FCPATH\index.php(79): CodeIgniter\CodeIgniter->run()
INFO - 2024-04-25 08:25:43 --> Session: Class initialized using 'CodeIgniter\Session\Handlers\FileHandler' driver.
CRITICAL - 2024-04-25 08:25:43 --> Undefined variable: course_teacher_id
in APPPATH\Controllers\HomepageController.php on line 39.
 1 APPPATH\Controllers\HomepageController.php(39): CodeIgniter\Debug\Exceptions->errorHandler(8, 'Undefined variable: course_teacher_id', 'C:\\laragon\\www\\SchoolingTime\\app\\Controllers\\HomepageController.php', 39, [...])
 2 SYSTEMPATH\CodeIgniter.php(942): App\Controllers\HomepageController->Course_details_view('homepage_assets', 'img', 'apple-touch-icon.png')
 3 SYSTEMPATH\CodeIgniter.php(502): CodeIgniter\CodeIgniter->runController(Object(App\Controllers\HomepageController))
 4 SYSTEMPATH\CodeIgniter.php(361): CodeIgniter\CodeIgniter->handleRequest(null, Object(Config\Cache), false)
 5 FCPATH\index.php(79): CodeIgniter\CodeIgniter->run()
INFO - 2024-04-25 08:25:45 --> Session: Class initialized using 'CodeIgniter\Session\Handlers\FileHandler' driver.
INFO - 2024-04-25 08:25:48 --> Session: Class initialized using 'CodeIgniter\Session\Handlers\FileHandler' driver.
INFO - 2024-04-25 08:25:51 --> Session: Class initialized using 'CodeIgniter\Session\Handlers\FileHandler' driver.
INFO - 2024-04-25 08:25:51 --> Session: Class initialized using 'CodeIgniter\Session\Handlers\FileHandler' driver.
CRITICAL - 2024-04-25 08:25:51 --> Undefined variable: course_teacher_id
in APPPATH\Controllers\HomepageController.php on line 39.
 1 APPPATH\Controllers\HomepageController.php(39): CodeIgniter\Debug\Exceptions->errorHandler(8, 'Undefined variable: course_teacher_id', 'C:\\laragon\\www\\SchoolingTime\\app\\Controllers\\HomepageController.php', 39, [...])
 2 SYSTEMPATH\CodeIgniter.php(942): App\Controllers\HomepageController->Course_details_view('homepage_assets', 'img', 'logo.png')
 3 SYSTEMPATH\CodeIgniter.php(502): CodeIgniter\CodeIgniter->runController(Object(App\Controllers\HomepageController))
 4 SYSTEMPATH\CodeIgniter.php(361): CodeIgniter\CodeIgniter->handleRequest(null, Object(Config\Cache), false)
 5 FCPATH\index.php(79): CodeIgniter\CodeIgniter->run()
INFO - 2024-04-25 08:25:53 --> Session: Class initialized using 'CodeIgniter\Session\Handlers\FileHandler' driver.
INFO - 2024-04-25 08:25:55 --> Session: Class initialized using 'CodeIgniter\Session\Handlers\FileHandler' driver.
INFO - 2024-04-25 08:25:58 --> Session: Class initialized using 'CodeIgniter\Session\Handlers\FileHandler' driver.
INFO - 2024-04-25 08:25:58 --> Session: Class initialized using 'CodeIgniter\Session\Handlers\FileHandler' driver.
CRITICAL - 2024-04-25 08:25:58 --> Undefined variable: course_teacher_id
in APPPATH\Controllers\HomepageController.php on line 39.
 1 APPPATH\Controllers\HomepageController.php(39): CodeIgniter\Debug\Exceptions->errorHandler(8, 'Undefined variable: course_teacher_id', 'C:\\laragon\\www\\SchoolingTime\\app\\Controllers\\HomepageController.php', 39, [...])
 2 SYSTEMPATH\CodeIgniter.php(942): App\Controllers\HomepageController->Course_details_view('homepage_assets', 'img', 'logo.png')
 3 SYSTEMPATH\CodeIgniter.php(502): CodeIgniter\CodeIgniter->runController(Object(App\Controllers\HomepageController))
 4 SYSTEMPATH\CodeIgniter.php(361): CodeIgniter\CodeIgniter->handleRequest(null, Object(Config\Cache), false)
 5 FCPATH\index.php(79): CodeIgniter\CodeIgniter->run()
INFO - 2024-04-25 08:26:01 --> Session: Class initialized using 'CodeIgniter\Session\Handlers\FileHandler' driver.
INFO - 2024-04-25 08:26:04 --> Session: Class initialized using 'CodeIgniter\Session\Handlers\FileHandler' driver.
INFO - 2024-04-25 08:26:14 --> Session: Class initialized using 'CodeIgniter\Session\Handlers\FileHandler' driver.
INFO - 2024-04-25 08:26:14 --> Session: Class initialized using 'CodeIgniter\Session\Handlers\FileHandler' driver.
CRITICAL - 2024-04-25 08:26:14 --> Undefined variable: course_teacher_id
in APPPATH\Controllers\HomepageController.php on line 39.
 1 APPPATH\Controllers\HomepageController.php(39): CodeIgniter\Debug\Exceptions->errorHandler(8, 'Undefined variable: course_teacher_id', 'C:\\laragon\\www\\SchoolingTime\\app\\Controllers\\HomepageController.php', 39, [...])
 2 SYSTEMPATH\CodeIgniter.php(942): App\Controllers\HomepageController->Course_details_view('homepage_assets', 'img', 'logo.png')
 3 SYSTEMPATH\CodeIgniter.php(502): CodeIgniter\CodeIgniter->runController(Object(App\Controllers\HomepageController))
 4 SYSTEMPATH\CodeIgniter.php(361): CodeIgniter\CodeIgniter->handleRequest(null, Object(Config\Cache), false)
 5 FCPATH\index.php(79): CodeIgniter\CodeIgniter->run()
INFO - 2024-04-25 08:26:22 --> Session: Class initialized using 'CodeIgniter\Session\Handlers\FileHandler' driver.
INFO - 2024-04-25 08:26:24 --> Session: Class initialized using 'CodeIgniter\Session\Handlers\FileHandler' driver.
INFO - 2024-04-25 08:26:29 --> Session: Class initialized using 'CodeIgniter\Session\Handlers\FileHandler' driver.
INFO - 2024-04-25 08:26:29 --> Session: Class initialized using 'CodeIgniter\Session\Handlers\FileHandler' driver.
CRITICAL - 2024-04-25 08:26:29 --> Undefined variable: course_teacher_id
in APPPATH\Controllers\HomepageController.php on line 39.
 1 APPPATH\Controllers\HomepageController.php(39): CodeIgniter\Debug\Exceptions->errorHandler(8, 'Undefined variable: course_teacher_id', 'C:\\laragon\\www\\SchoolingTime\\app\\Controllers\\HomepageController.php', 39, [...])
 2 SYSTEMPATH\CodeIgniter.php(942): App\Controllers\HomepageController->Course_details_view('homepage_assets', 'img', 'logo.png')
 3 SYSTEMPATH\CodeIgniter.php(502): CodeIgniter\CodeIgniter->runController(Object(App\Controllers\HomepageController))
 4 SYSTEMPATH\CodeIgniter.php(361): CodeIgniter\CodeIgniter->handleRequest(null, Object(Config\Cache), false)
 5 FCPATH\index.php(79): CodeIgniter\CodeIgniter->run()
INFO - 2024-04-25 08:26:33 --> Session: Class initialized using 'CodeIgniter\Session\Handlers\FileHandler' driver.
INFO - 2024-04-25 08:26:37 --> Session: Class initialized using 'CodeIgniter\Session\Handlers\FileHandler' driver.
INFO - 2024-04-25 08:26:37 --> Session: Class initialized using 'CodeIgniter\Session\Handlers\FileHandler' driver.
CRITICAL - 2024-04-25 08:26:37 --> Undefined variable: course_teacher_id
in APPPATH\Controllers\HomepageController.php on line 39.
 1 APPPATH\Controllers\HomepageController.php(39): CodeIgniter\Debug\Exceptions->errorHandler(8, 'Undefined variable: course_teacher_id', 'C:\\laragon\\www\\SchoolingTime\\app\\Controllers\\HomepageController.php', 39, [...])
 2 SYSTEMPATH\CodeIgniter.php(942): App\Controllers\HomepageController->Course_details_view('homepage_assets', 'img', 'logo.png')
 3 SYSTEMPATH\CodeIgniter.php(502): CodeIgniter\CodeIgniter->runController(Object(App\Controllers\HomepageController))
 4 SYSTEMPATH\CodeIgniter.php(361): CodeIgniter\CodeIgniter->handleRequest(null, Object(Config\Cache), false)
 5 FCPATH\index.php(79): CodeIgniter\CodeIgniter->run()
INFO - 2024-04-25 08:26:40 --> Session: Class initialized using 'CodeIgniter\Session\Handlers\FileHandler' driver.
INFO - 2024-04-25 08:38:13 --> Session: Class initialized using 'CodeIgniter\Session\Handlers\FileHandler' driver.
INFO - 2024-04-25 08:38:16 --> Session: Class initialized using 'CodeIgniter\Session\Handlers\FileHandler' driver.
INFO - 2024-04-25 08:38:16 --> Session: Class initialized using 'CodeIgniter\Session\Handlers\FileHandler' driver.
CRITICAL - 2024-04-25 08:38:16 --> Undefined variable: course_teacher_id
in APPPATH\Controllers\HomepageController.php on line 39.
 1 APPPATH\Controllers\HomepageController.php(39): CodeIgniter\Debug\Exceptions->errorHandler(8, 'Undefined variable: course_teacher_id', 'C:\\laragon\\www\\SchoolingTime\\app\\Controllers\\HomepageController.php', 39, [...])
 2 SYSTEMPATH\CodeIgniter.php(942): App\Controllers\HomepageController->Course_details_view('homepage_assets', 'img', 'logo.png')
 3 SYSTEMPATH\CodeIgniter.php(502): CodeIgniter\CodeIgniter->runController(Object(App\Controllers\HomepageController))
 4 SYSTEMPATH\CodeIgniter.php(361): CodeIgniter\CodeIgniter->handleRequest(null, Object(Config\Cache), false)
 5 FCPATH\index.php(79): CodeIgniter\CodeIgniter->run()
INFO - 2024-04-25 08:38:18 --> Session: Class initialized using 'CodeIgniter\Session\Handlers\FileHandler' driver.
INFO - 2024-04-25 08:38:21 --> Session: Class initialized using 'CodeIgniter\Session\Handlers\FileHandler' driver.
INFO - 2024-04-25 08:38:22 --> Session: Class initialized using 'CodeIgniter\Session\Handlers\FileHandler' driver.
INFO - 2024-04-25 08:38:22 --> Session: Class initialized using 'CodeIgniter\Session\Handlers\FileHandler' driver.
INFO - 2024-04-25 08:38:22 --> Session: Class initialized using 'CodeIgniter\Session\Handlers\FileHandler' driver.
INFO - 2024-04-25 08:38:23 --> Session: Class initialized using 'CodeIgniter\Session\Handlers\FileHandler' driver.
INFO - 2024-04-25 08:38:31 --> Session: Class initialized using 'CodeIgniter\Session\Handlers\FileHandler' driver.
INFO - 2024-04-25 08:38:31 --> Session: Class initialized using 'CodeIgniter\Session\Handlers\FileHandler' driver.
CRITICAL - 2024-04-25 08:38:31 --> Undefined variable: course_teacher_id
in APPPATH\Controllers\HomepageController.php on line 39.
 1 APPPATH\Controllers\HomepageController.php(39): CodeIgniter\Debug\Exceptions->errorHandler(8, 'Undefined variable: course_teacher_id', 'C:\\laragon\\www\\SchoolingTime\\app\\Controllers\\HomepageController.php', 39, [...])
 2 SYSTEMPATH\CodeIgniter.php(942): App\Controllers\HomepageController->Course_details_view('homepage_assets', 'img', 'logo.png')
 3 SYSTEMPATH\CodeIgniter.php(502): CodeIgniter\CodeIgniter->runController(Object(App\Controllers\HomepageController))
 4 SYSTEMPATH\CodeIgniter.php(361): CodeIgniter\CodeIgniter->handleRequest(null, Object(Config\Cache), false)
 5 FCPATH\index.php(79): CodeIgniter\CodeIgniter->run()
INFO - 2024-04-25 08:38:36 --> Session: Class initialized using 'CodeIgniter\Session\Handlers\FileHandler' driver.
INFO - 2024-04-25 08:38:37 --> Session: Class initialized using 'CodeIgniter\Session\Handlers\FileHandler' driver.
INFO - 2024-04-25 08:38:37 --> Session: Class initialized using 'CodeIgniter\Session\Handlers\FileHandler' driver.
INFO - 2024-04-25 08:38:38 --> Session: Class initialized using 'CodeIgniter\Session\Handlers\FileHandler' driver.
INFO - 2024-04-25 08:38:38 --> Session: Class initialized using 'CodeIgniter\Session\Handlers\FileHandler' driver.
INFO - 2024-04-25 08:38:42 --> Session: Class initialized using 'CodeIgniter\Session\Handlers\FileHandler' driver.
INFO - 2024-04-25 08:40:52 --> Session: Class initialized using 'CodeIgniter\Session\Handlers\FileHandler' driver.
INFO - 2024-04-25 08:40:52 --> Session: Class initialized using 'CodeIgniter\Session\Handlers\FileHandler' driver.
CRITICAL - 2024-04-25 08:40:53 --> Undefined variable: course_teacher_id
in APPPATH\Controllers\HomepageController.php on line 39.
 1 APPPATH\Controllers\HomepageController.php(39): CodeIgniter\Debug\Exceptions->errorHandler(8, 'Undefined variable: course_teacher_id', 'C:\\laragon\\www\\SchoolingTime\\app\\Controllers\\HomepageController.php', 39, [...])
 2 SYSTEMPATH\CodeIgniter.php(942): App\Controllers\HomepageController->Course_details_view('homepage_assets', 'img', 'logo.png')
 3 SYSTEMPATH\CodeIgniter.php(502): CodeIgniter\CodeIgniter->runController(Object(App\Controllers\HomepageController))
 4 SYSTEMPATH\CodeIgniter.php(361): CodeIgniter\CodeIgniter->handleRequest(null, Object(Config\Cache), false)
 5 FCPATH\index.php(79): CodeIgniter\CodeIgniter->run()
INFO - 2024-04-25 08:40:53 --> Session: Class initialized using 'CodeIgniter\Session\Handlers\FileHandler' driver.
CRITICAL - 2024-04-25 08:40:53 --> Undefined variable: course_teacher_id
in APPPATH\Controllers\HomepageController.php on line 39.
 1 APPPATH\Controllers\HomepageController.php(39): CodeIgniter\Debug\Exceptions->errorHandler(8, 'Undefined variable: course_teacher_id', 'C:\\laragon\\www\\SchoolingTime\\app\\Controllers\\HomepageController.php', 39, [...])
 2 SYSTEMPATH\CodeIgniter.php(942): App\Controllers\HomepageController->Course_details_view('homepage_assets', 'img', 'favicon.png')
 3 SYSTEMPATH\CodeIgniter.php(502): CodeIgniter\CodeIgniter->runController(Object(App\Controllers\HomepageController))
 4 SYSTEMPATH\CodeIgniter.php(361): CodeIgniter\CodeIgniter->handleRequest(null, Object(Config\Cache), false)
 5 FCPATH\index.php(79): CodeIgniter\CodeIgniter->run()
INFO - 2024-04-25 08:40:53 --> Session: Class initialized using 'CodeIgniter\Session\Handlers\FileHandler' driver.
CRITICAL - 2024-04-25 08:40:53 --> Undefined variable: course_teacher_id
in APPPATH\Controllers\HomepageController.php on line 39.
 1 APPPATH\Controllers\HomepageController.php(39): CodeIgniter\Debug\Exceptions->errorHandler(8, 'Undefined variable: course_teacher_id', 'C:\\laragon\\www\\SchoolingTime\\app\\Controllers\\HomepageController.php', 39, [...])
 2 SYSTEMPATH\CodeIgniter.php(942): App\Controllers\HomepageController->Course_details_view('homepage_assets', 'img', 'apple-touch-icon.png')
 3 SYSTEMPATH\CodeIgniter.php(502): CodeIgniter\CodeIgniter->runController(Object(App\Controllers\HomepageController))
 4 SYSTEMPATH\CodeIgniter.php(361): CodeIgniter\CodeIgniter->handleRequest(null, Object(Config\Cache), false)
 5 FCPATH\index.php(79): CodeIgniter\CodeIgniter->run()
INFO - 2024-04-25 08:40:54 --> Session: Class initialized using 'CodeIgniter\Session\Handlers\FileHandler' driver.
INFO - 2024-04-25 08:45:07 --> Session: Class initialized using 'CodeIgniter\Session\Handlers\FileHandler' driver.
INFO - 2024-04-25 08:45:11 --> Session: Class initialized using 'CodeIgniter\Session\Handlers\FileHandler' driver.
INFO - 2024-04-25 08:45:12 --> Session: Class initialized using 'CodeIgniter\Session\Handlers\FileHandler' driver.
CRITICAL - 2024-04-25 08:45:12 --> Undefined variable: course_teacher_id
in APPPATH\Controllers\HomepageController.php on line 39.
 1 APPPATH\Controllers\HomepageController.php(39): CodeIgniter\Debug\Exceptions->errorHandler(8, 'Undefined variable: course_teacher_id', 'C:\\laragon\\www\\SchoolingTime\\app\\Controllers\\HomepageController.php', 39, [...])
 2 SYSTEMPATH\CodeIgniter.php(942): App\Controllers\HomepageController->Course_details_view('homepage_assets', 'img', 'logo.png')
 3 SYSTEMPATH\CodeIgniter.php(502): CodeIgniter\CodeIgniter->runController(Object(App\Controllers\HomepageController))
 4 SYSTEMPATH\CodeIgniter.php(361): CodeIgniter\CodeIgniter->handleRequest(null, Object(Config\Cache), false)
 5 FCPATH\index.php(79): CodeIgniter\CodeIgniter->run()
INFO - 2024-04-25 08:45:12 --> Session: Class initialized using 'CodeIgniter\Session\Handlers\FileHandler' driver.
CRITICAL - 2024-04-25 08:45:12 --> Undefined variable: course_teacher_id
in APPPATH\Controllers\HomepageController.php on line 39.
 1 APPPATH\Controllers\HomepageController.php(39): CodeIgniter\Debug\Exceptions->errorHandler(8, 'Undefined variable: course_teacher_id', 'C:\\laragon\\www\\SchoolingTime\\app\\Controllers\\HomepageController.php', 39, [...])
 2 SYSTEMPATH\CodeIgniter.php(942): App\Controllers\HomepageController->Course_details_view('homepage_assets', 'img', 'apple-touch-icon.png')
 3 SYSTEMPATH\CodeIgniter.php(502): CodeIgniter\CodeIgniter->runController(Object(App\Controllers\HomepageController))
 4 SYSTEMPATH\CodeIgniter.php(361): CodeIgniter\CodeIgniter->handleRequest(null, Object(Config\Cache), false)
 5 FCPATH\index.php(79): CodeIgniter\CodeIgniter->run()
INFO - 2024-04-25 08:45:12 --> Session: Class initialized using 'CodeIgniter\Session\Handlers\FileHandler' driver.
CRITICAL - 2024-04-25 08:45:12 --> Undefined variable: course_teacher_id
in APPPATH\Controllers\HomepageController.php on line 39.
 1 APPPATH\Controllers\HomepageController.php(39): CodeIgniter\Debug\Exceptions->errorHandler(8, 'Undefined variable: course_teacher_id', 'C:\\laragon\\www\\SchoolingTime\\app\\Controllers\\HomepageController.php', 39, [...])
 2 SYSTEMPATH\CodeIgniter.php(942): App\Controllers\HomepageController->Course_details_view('homepage_assets', 'img', 'favicon.png')
 3 SYSTEMPATH\CodeIgniter.php(502): CodeIgniter\CodeIgniter->runController(Object(App\Controllers\HomepageController))
 4 SYSTEMPATH\CodeIgniter.php(361): CodeIgniter\CodeIgniter->handleRequest(null, Object(Config\Cache), false)
 5 FCPATH\index.php(79): CodeIgniter\CodeIgniter->run()
INFO - 2024-04-25 08:45:21 --> Session: Class initialized using 'CodeIgniter\Session\Handlers\FileHandler' driver.
INFO - 2024-04-25 08:45:21 --> Session: Class initialized using 'CodeIgniter\Session\Handlers\FileHandler' driver.
INFO - 2024-04-25 08:45:25 --> Session: Class initialized using 'CodeIgniter\Session\Handlers\FileHandler' driver.
INFO - 2024-04-25 08:45:25 --> Session: Class initialized using 'CodeIgniter\Session\Handlers\FileHandler' driver.
INFO - 2024-04-25 08:45:30 --> Session: Class initialized using 'CodeIgniter\Session\Handlers\FileHandler' driver.
INFO - 2024-04-25 08:45:32 --> Session: Class initialized using 'CodeIgniter\Session\Handlers\FileHandler' driver.
INFO - 2024-04-25 08:45:33 --> Session: Class initialized using 'CodeIgniter\Session\Handlers\FileHandler' driver.
CRITICAL - 2024-04-25 08:45:33 --> Undefined variable: course_teacher_id
in APPPATH\Controllers\HomepageController.php on line 39.
 1 APPPATH\Controllers\HomepageController.php(39): CodeIgniter\Debug\Exceptions->errorHandler(8, 'Undefined variable: course_teacher_id', 'C:\\laragon\\www\\SchoolingTime\\app\\Controllers\\HomepageController.php', 39, [...])
 2 SYSTEMPATH\CodeIgniter.php(942): App\Controllers\HomepageController->Course_details_view('homepage_assets', 'img', 'logo.png')
 3 SYSTEMPATH\CodeIgniter.php(502): CodeIgniter\CodeIgniter->runController(Object(App\Controllers\HomepageController))
 4 SYSTEMPATH\CodeIgniter.php(361): CodeIgniter\CodeIgniter->handleRequest(null, Object(Config\Cache), false)
 5 FCPATH\index.php(79): CodeIgniter\CodeIgniter->run()
INFO - 2024-04-25 08:45:35 --> Session: Class initialized using 'CodeIgniter\Session\Handlers\FileHandler' driver.
INFO - 2024-04-25 08:45:35 --> Session: Class initialized using 'CodeIgniter\Session\Handlers\FileHandler' driver.
INFO - 2024-04-25 08:45:47 --> Session: Class initialized using 'CodeIgniter\Session\Handlers\FileHandler' driver.
INFO - 2024-04-25 08:45:50 --> Session: Class initialized using 'CodeIgniter\Session\Handlers\FileHandler' driver.
INFO - 2024-04-25 08:45:51 --> Session: Class initialized using 'CodeIgniter\Session\Handlers\FileHandler' driver.
CRITICAL - 2024-04-25 08:45:51 --> Undefined variable: course_teacher_id
in APPPATH\Controllers\HomepageController.php on line 39.
 1 APPPATH\Controllers\HomepageController.php(39): CodeIgniter\Debug\Exceptions->errorHandler(8, 'Undefined variable: course_teacher_id', 'C:\\laragon\\www\\SchoolingTime\\app\\Controllers\\HomepageController.php', 39, [...])
 2 SYSTEMPATH\CodeIgniter.php(942): App\Controllers\HomepageController->Course_details_view('homepage_assets', 'img', 'logo.png')
 3 SYSTEMPATH\CodeIgniter.php(502): CodeIgniter\CodeIgniter->runController(Object(App\Controllers\HomepageController))
 4 SYSTEMPATH\CodeIgniter.php(361): CodeIgniter\CodeIgniter->handleRequest(null, Object(Config\Cache), false)
 5 FCPATH\index.php(79): CodeIgniter\CodeIgniter->run()
INFO - 2024-04-25 08:45:53 --> Session: Class initialized using 'CodeIgniter\Session\Handlers\FileHandler' driver.
INFO - 2024-04-25 08:45:53 --> Session: Class initialized using 'CodeIgniter\Session\Handlers\FileHandler' driver.
INFO - 2024-04-25 08:45:57 --> Session: Class initialized using 'CodeIgniter\Session\Handlers\FileHandler' driver.
INFO - 2024-04-25 08:46:01 --> Session: Class initialized using 'CodeIgniter\Session\Handlers\FileHandler' driver.
INFO - 2024-04-25 08:46:02 --> Session: Class initialized using 'CodeIgniter\Session\Handlers\FileHandler' driver.
CRITICAL - 2024-04-25 08:46:02 --> Undefined variable: course_teacher_id
in APPPATH\Controllers\HomepageController.php on line 39.
 1 APPPATH\Controllers\HomepageController.php(39): CodeIgniter\Debug\Exceptions->errorHandler(8, 'Undefined variable: course_teacher_id', 'C:\\laragon\\www\\SchoolingTime\\app\\Controllers\\HomepageController.php', 39, [...])
 2 SYSTEMPATH\CodeIgniter.php(942): App\Controllers\HomepageController->Course_details_view('homepage_assets', 'img', 'logo.png')
 3 SYSTEMPATH\CodeIgniter.php(502): CodeIgniter\CodeIgniter->runController(Object(App\Controllers\HomepageController))
 4 SYSTEMPATH\CodeIgniter.php(361): CodeIgniter\CodeIgniter->handleRequest(null, Object(Config\Cache), false)
 5 FCPATH\index.php(79): CodeIgniter\CodeIgniter->run()
INFO - 2024-04-25 08:46:05 --> Session: Class initialized using 'CodeIgniter\Session\Handlers\FileHandler' driver.
INFO - 2024-04-25 08:46:05 --> Session: Class initialized using 'CodeIgniter\Session\Handlers\FileHandler' driver.
INFO - 2024-04-25 08:46:07 --> Session: Class initialized using 'CodeIgniter\Session\Handlers\FileHandler' driver.
INFO - 2024-04-25 08:46:09 --> Session: Class initialized using 'CodeIgniter\Session\Handlers\FileHandler' driver.
INFO - 2024-04-25 08:46:12 --> Session: Class initialized using 'CodeIgniter\Session\Handlers\FileHandler' driver.
INFO - 2024-04-25 08:46:59 --> Session: Class initialized using 'CodeIgniter\Session\Handlers\FileHandler' driver.
INFO - 2024-04-25 08:47:05 --> Session: Class initialized using 'CodeIgniter\Session\Handlers\FileHandler' driver.
INFO - 2024-04-25 08:47:05 --> Session: Class initialized using 'CodeIgniter\Session\Handlers\FileHandler' driver.
CRITICAL - 2024-04-25 08:47:05 --> Undefined variable: course_teacher_id
in APPPATH\Controllers\HomepageController.php on line 39.
 1 APPPATH\Controllers\HomepageController.php(39): CodeIgniter\Debug\Exceptions->errorHandler(8, 'Undefined variable: course_teacher_id', 'C:\\laragon\\www\\SchoolingTime\\app\\Controllers\\HomepageController.php', 39, [...])
 2 SYSTEMPATH\CodeIgniter.php(942): App\Controllers\HomepageController->Course_details_view('homepage_assets', 'img', 'logo.png')
 3 SYSTEMPATH\CodeIgniter.php(502): CodeIgniter\CodeIgniter->runController(Object(App\Controllers\HomepageController))
 4 SYSTEMPATH\CodeIgniter.php(361): CodeIgniter\CodeIgniter->handleRequest(null, Object(Config\Cache), false)
 5 FCPATH\index.php(79): CodeIgniter\CodeIgniter->run()
INFO - 2024-04-25 08:47:08 --> Session: Class initialized using 'CodeIgniter\Session\Handlers\FileHandler' driver.
INFO - 2024-04-25 08:47:08 --> Session: Class initialized using 'CodeIgniter\Session\Handlers\FileHandler' driver.
CRITICAL - 2024-04-25 08:47:08 --> A non-numeric value encountered
in APPPATH\Views\student\cart_view.php on line 56.
 1 APPPATH\Views\student\cart_view.php(56): CodeIgniter\Debug\Exceptions->errorHandler(2, 'A non-numeric value encountered', 'C:\\laragon\\www\\SchoolingTime\\app\\Views\\student\\cart_view.php', 56, [...])
 2 SYSTEMPATH\View\View.php(228): include('C:\\laragon\\www\\SchoolingTime\\app\\Views\\student\\cart_view.php')
 3 SYSTEMPATH\View\View.php(231): CodeIgniter\View\View->CodeIgniter\View\{closure}()
 4 SYSTEMPATH\Common.php(1190): CodeIgniter\View\View->render('student/cart_view.php', [], true)
 5 APPPATH\Controllers\StudentDashboardController.php(130): view('student/cart_view.php')
 6 SYSTEMPATH\CodeIgniter.php(942): App\Controllers\StudentDashboardController->cartView()
 7 SYSTEMPATH\CodeIgniter.php(502): CodeIgniter\CodeIgniter->runController(Object(App\Controllers\StudentDashboardController))
 8 SYSTEMPATH\CodeIgniter.php(361): CodeIgniter\CodeIgniter->handleRequest(null, Object(Config\Cache), false)
 9 FCPATH\index.php(79): CodeIgniter\CodeIgniter->run()
INFO - 2024-04-25 08:53:12 --> Session: Class initialized using 'CodeIgniter\Session\Handlers\FileHandler' driver.
CRITICAL - 2024-04-25 08:53:12 --> A non-numeric value encountered
in APPPATH\Views\student\cart_view.php on line 58.
 1 APPPATH\Views\student\cart_view.php(58): CodeIgniter\Debug\Exceptions->errorHandler(2, 'A non-numeric value encountered', 'C:\\laragon\\www\\SchoolingTime\\app\\Views\\student\\cart_view.php', 58, [...])
 2 SYSTEMPATH\View\View.php(228): include('C:\\laragon\\www\\SchoolingTime\\app\\Views\\student\\cart_view.php')
 3 SYSTEMPATH\View\View.php(231): CodeIgniter\View\View->CodeIgniter\View\{closure}()
 4 SYSTEMPATH\Common.php(1190): CodeIgniter\View\View->render('student/cart_view.php', [], true)
 5 APPPATH\Controllers\StudentDashboardController.php(130): view('student/cart_view.php')
 6 SYSTEMPATH\CodeIgniter.php(942): App\Controllers\StudentDashboardController->cartView()
 7 SYSTEMPATH\CodeIgniter.php(502): CodeIgniter\CodeIgniter->runController(Object(App\Controllers\StudentDashboardController))
 8 SYSTEMPATH\CodeIgniter.php(361): CodeIgniter\CodeIgniter->handleRequest(null, Object(Config\Cache), false)
 9 FCPATH\index.php(79): CodeIgniter\CodeIgniter->run()
INFO - 2024-04-25 08:54:18 --> Session: Class initialized using 'CodeIgniter\Session\Handlers\FileHandler' driver.
CRITICAL - 2024-04-25 08:54:18 --> A non-numeric value encountered
in APPPATH\Views\student\cart_view.php on line 57.
 1 APPPATH\Views\student\cart_view.php(57): CodeIgniter\Debug\Exceptions->errorHandler(2, 'A non-numeric value encountered', 'C:\\laragon\\www\\SchoolingTime\\app\\Views\\student\\cart_view.php', 57, [...])
 2 SYSTEMPATH\View\View.php(228): include('C:\\laragon\\www\\SchoolingTime\\app\\Views\\student\\cart_view.php')
 3 SYSTEMPATH\View\View.php(231): CodeIgniter\View\View->CodeIgniter\View\{closure}()
 4 SYSTEMPATH\Common.php(1190): CodeIgniter\View\View->render('student/cart_view.php', [], true)
 5 APPPATH\Controllers\StudentDashboardController.php(130): view('student/cart_view.php')
 6 SYSTEMPATH\CodeIgniter.php(942): App\Controllers\StudentDashboardController->cartView()
 7 SYSTEMPATH\CodeIgniter.php(502): CodeIgniter\CodeIgniter->runController(Object(App\Controllers\StudentDashboardController))
 8 SYSTEMPATH\CodeIgniter.php(361): CodeIgniter\CodeIgniter->handleRequest(null, Object(Config\Cache), false)
 9 FCPATH\index.php(79): CodeIgniter\CodeIgniter->run()
INFO - 2024-04-25 08:54:57 --> Session: Class initialized using 'CodeIgniter\Session\Handlers\FileHandler' driver.
CRITICAL - 2024-04-25 08:54:57 --> A non-numeric value encountered
in APPPATH\Views\student\cart_view.php on line 57.
 1 APPPATH\Views\student\cart_view.php(57): CodeIgniter\Debug\Exceptions->errorHandler(2, 'A non-numeric value encountered', 'C:\\laragon\\www\\SchoolingTime\\app\\Views\\student\\cart_view.php', 57, [...])
 2 SYSTEMPATH\View\View.php(228): include('C:\\laragon\\www\\SchoolingTime\\app\\Views\\student\\cart_view.php')
 3 SYSTEMPATH\View\View.php(231): CodeIgniter\View\View->CodeIgniter\View\{closure}()
 4 SYSTEMPATH\Common.php(1190): CodeIgniter\View\View->render('student/cart_view.php', [], true)
 5 APPPATH\Controllers\StudentDashboardController.php(130): view('student/cart_view.php')
 6 SYSTEMPATH\CodeIgniter.php(942): App\Controllers\StudentDashboardController->cartView()
 7 SYSTEMPATH\CodeIgniter.php(502): CodeIgniter\CodeIgniter->runController(Object(App\Controllers\StudentDashboardController))
 8 SYSTEMPATH\CodeIgniter.php(361): CodeIgniter\CodeIgniter->handleRequest(null, Object(Config\Cache), false)
 9 FCPATH\index.php(79): CodeIgniter\CodeIgniter->run()
INFO - 2024-04-25 08:55:40 --> Session: Class initialized using 'CodeIgniter\Session\Handlers\FileHandler' driver.
INFO - 2024-04-25 08:56:44 --> Session: Class initialized using 'CodeIgniter\Session\Handlers\FileHandler' driver.
INFO - 2024-04-25 08:57:34 --> Session: Class initialized using 'CodeIgniter\Session\Handlers\FileHandler' driver.
INFO - 2024-04-25 08:58:09 --> Session: Class initialized using 'CodeIgniter\Session\Handlers\FileHandler' driver.
INFO - 2024-04-25 08:59:41 --> Session: Class initialized using 'CodeIgniter\Session\Handlers\FileHandler' driver.
CRITICAL - 2024-04-25 08:59:41 --> A non-numeric value encountered
in APPPATH\Views\student\cart_view.php on line 56.
 1 APPPATH\Views\student\cart_view.php(56): CodeIgniter\Debug\Exceptions->errorHandler(2, 'A non-numeric value encountered', 'C:\\laragon\\www\\SchoolingTime\\app\\Views\\student\\cart_view.php', 56, [...])
 2 SYSTEMPATH\View\View.php(228): include('C:\\laragon\\www\\SchoolingTime\\app\\Views\\student\\cart_view.php')
 3 SYSTEMPATH\View\View.php(231): CodeIgniter\View\View->CodeIgniter\View\{closure}()
 4 SYSTEMPATH\Common.php(1190): CodeIgniter\View\View->render('student/cart_view.php', [], true)
 5 APPPATH\Controllers\StudentDashboardController.php(130): view('student/cart_view.php')
 6 SYSTEMPATH\CodeIgniter.php(942): App\Controllers\StudentDashboardController->cartView()
 7 SYSTEMPATH\CodeIgniter.php(502): CodeIgniter\CodeIgniter->runController(Object(App\Controllers\StudentDashboardController))
 8 SYSTEMPATH\CodeIgniter.php(361): CodeIgniter\CodeIgniter->handleRequest(null, Object(Config\Cache), false)
 9 FCPATH\index.php(79): CodeIgniter\CodeIgniter->run()
INFO - 2024-04-25 08:59:45 --> Session: Class initialized using 'CodeIgniter\Session\Handlers\FileHandler' driver.
INFO - 2024-04-25 08:59:49 --> Session: Class initialized using 'CodeIgniter\Session\Handlers\FileHandler' driver.
INFO - 2024-04-25 08:59:50 --> Session: Class initialized using 'CodeIgniter\Session\Handlers\FileHandler' driver.
CRITICAL - 2024-04-25 08:59:50 --> Undefined variable: course_teacher_id
in APPPATH\Controllers\HomepageController.php on line 39.
 1 APPPATH\Controllers\HomepageController.php(39): CodeIgniter\Debug\Exceptions->errorHandler(8, 'Undefined variable: course_teacher_id', 'C:\\laragon\\www\\SchoolingTime\\app\\Controllers\\HomepageController.php', 39, [...])
 2 SYSTEMPATH\CodeIgniter.php(942): App\Controllers\HomepageController->Course_details_view('homepage_assets', 'img', 'logo.png')
 3 SYSTEMPATH\CodeIgniter.php(502): CodeIgniter\CodeIgniter->runController(Object(App\Controllers\HomepageController))
 4 SYSTEMPATH\CodeIgniter.php(361): CodeIgniter\CodeIgniter->handleRequest(null, Object(Config\Cache), false)
 5 FCPATH\index.php(79): CodeIgniter\CodeIgniter->run()
INFO - 2024-04-25 08:59:50 --> Session: Class initialized using 'CodeIgniter\Session\Handlers\FileHandler' driver.
CRITICAL - 2024-04-25 08:59:50 --> Undefined variable: course_teacher_id
in APPPATH\Controllers\HomepageController.php on line 39.
 1 APPPATH\Controllers\HomepageController.php(39): CodeIgniter\Debug\Exceptions->errorHandler(8, 'Undefined variable: course_teacher_id', 'C:\\laragon\\www\\SchoolingTime\\app\\Controllers\\HomepageController.php', 39, [...])
 2 SYSTEMPATH\CodeIgniter.php(942): App\Controllers\HomepageController->Course_details_view('homepage_assets', 'img', 'favicon.png')
 3 SYSTEMPATH\CodeIgniter.php(502): CodeIgniter\CodeIgniter->runController(Object(App\Controllers\HomepageController))
 4 SYSTEMPATH\CodeIgniter.php(361): CodeIgniter\CodeIgniter->handleRequest(null, Object(Config\Cache), false)
 5 FCPATH\index.php(79): CodeIgniter\CodeIgniter->run()
INFO - 2024-04-25 08:59:50 --> Session: Class initialized using 'CodeIgniter\Session\Handlers\FileHandler' driver.
CRITICAL - 2024-04-25 08:59:50 --> Undefined variable: course_teacher_id
in APPPATH\Controllers\HomepageController.php on line 39.
 1 APPPATH\Controllers\HomepageController.php(39): CodeIgniter\Debug\Exceptions->errorHandler(8, 'Undefined variable: course_teacher_id', 'C:\\laragon\\www\\SchoolingTime\\app\\Controllers\\HomepageController.php', 39, [...])
 2 SYSTEMPATH\CodeIgniter.php(942): App\Controllers\HomepageController->Course_details_view('homepage_assets', 'img', 'apple-touch-icon.png')
 3 SYSTEMPATH\CodeIgniter.php(502): CodeIgniter\CodeIgniter->runController(Object(App\Controllers\HomepageController))
 4 SYSTEMPATH\CodeIgniter.php(361): CodeIgniter\CodeIgniter->handleRequest(null, Object(Config\Cache), false)
 5 FCPATH\index.php(79): CodeIgniter\CodeIgniter->run()
INFO - 2024-04-25 08:59:52 --> Session: Class initialized using 'CodeIgniter\Session\Handlers\FileHandler' driver.
INFO - 2024-04-25 08:59:56 --> Session: Class initialized using 'CodeIgniter\Session\Handlers\FileHandler' driver.
INFO - 2024-04-25 08:59:57 --> Session: Class initialized using 'CodeIgniter\Session\Handlers\FileHandler' driver.
CRITICAL - 2024-04-25 08:59:57 --> Undefined variable: course_teacher_id
in APPPATH\Controllers\HomepageController.php on line 39.
 1 APPPATH\Controllers\HomepageController.php(39): CodeIgniter\Debug\Exceptions->errorHandler(8, 'Undefined variable: course_teacher_id', 'C:\\laragon\\www\\SchoolingTime\\app\\Controllers\\HomepageController.php', 39, [...])
 2 SYSTEMPATH\CodeIgniter.php(942): App\Controllers\HomepageController->Course_details_view('homepage_assets', 'img', 'logo.png')
 3 SYSTEMPATH\CodeIgniter.php(502): CodeIgniter\CodeIgniter->runController(Object(App\Controllers\HomepageController))
 4 SYSTEMPATH\CodeIgniter.php(361): CodeIgniter\CodeIgniter->handleRequest(null, Object(Config\Cache), false)
 5 FCPATH\index.php(79): CodeIgniter\CodeIgniter->run()
INFO - 2024-04-25 08:59:59 --> Session: Class initialized using 'CodeIgniter\Session\Handlers\FileHandler' driver.
INFO - 2024-04-25 08:59:59 --> Session: Class initialized using 'CodeIgniter\Session\Handlers\FileHandler' driver.
CRITICAL - 2024-04-25 08:59:59 --> A non-numeric value encountered
in APPPATH\Views\student\cart_view.php on line 56.
 1 APPPATH\Views\student\cart_view.php(56): CodeIgniter\Debug\Exceptions->errorHandler(2, 'A non-numeric value encountered', 'C:\\laragon\\www\\SchoolingTime\\app\\Views\\student\\cart_view.php', 56, [...])
 2 SYSTEMPATH\View\View.php(228): include('C:\\laragon\\www\\SchoolingTime\\app\\Views\\student\\cart_view.php')
 3 SYSTEMPATH\View\View.php(231): CodeIgniter\View\View->CodeIgniter\View\{closure}()
 4 SYSTEMPATH\Common.php(1190): CodeIgniter\View\View->render('student/cart_view.php', [], true)
 5 APPPATH\Controllers\StudentDashboardController.php(130): view('student/cart_view.php')
 6 SYSTEMPATH\CodeIgniter.php(942): App\Controllers\StudentDashboardController->cartView()
 7 SYSTEMPATH\CodeIgniter.php(502): CodeIgniter\CodeIgniter->runController(Object(App\Controllers\StudentDashboardController))
 8 SYSTEMPATH\CodeIgniter.php(361): CodeIgniter\CodeIgniter->handleRequest(null, Object(Config\Cache), false)
 9 FCPATH\index.php(79): CodeIgniter\CodeIgniter->run()
INFO - 2024-04-25 09:00:04 --> Session: Class initialized using 'CodeIgniter\Session\Handlers\FileHandler' driver.
INFO - 2024-04-25 09:00:08 --> Session: Class initialized using 'CodeIgniter\Session\Handlers\FileHandler' driver.
CRITICAL - 2024-04-25 09:00:08 --> A non-numeric value encountered
in APPPATH\Views\student\cart_view.php on line 56.
 1 APPPATH\Views\student\cart_view.php(56): CodeIgniter\Debug\Exceptions->errorHandler(2, 'A non-numeric value encountered', 'C:\\laragon\\www\\SchoolingTime\\app\\Views\\student\\cart_view.php', 56, [...])
 2 SYSTEMPATH\View\View.php(228): include('C:\\laragon\\www\\SchoolingTime\\app\\Views\\student\\cart_view.php')
 3 SYSTEMPATH\View\View.php(231): CodeIgniter\View\View->CodeIgniter\View\{closure}()
 4 SYSTEMPATH\Common.php(1190): CodeIgniter\View\View->render('student/cart_view.php', [], true)
 5 APPPATH\Controllers\StudentDashboardController.php(130): view('student/cart_view.php')
 6 SYSTEMPATH\CodeIgniter.php(942): App\Controllers\StudentDashboardController->cartView()
 7 SYSTEMPATH\CodeIgniter.php(502): CodeIgniter\CodeIgniter->runController(Object(App\Controllers\StudentDashboardController))
 8 SYSTEMPATH\CodeIgniter.php(361): CodeIgniter\CodeIgniter->handleRequest(null, Object(Config\Cache), false)
 9 FCPATH\index.php(79): CodeIgniter\CodeIgniter->run()
INFO - 2024-04-25 09:00:10 --> Session: Class initialized using 'CodeIgniter\Session\Handlers\FileHandler' driver.
INFO - 2024-04-25 09:00:14 --> Session: Class initialized using 'CodeIgniter\Session\Handlers\FileHandler' driver.
INFO - 2024-04-25 09:00:15 --> Session: Class initialized using 'CodeIgniter\Session\Handlers\FileHandler' driver.
INFO - 2024-04-25 09:00:19 --> Session: Class initialized using 'CodeIgniter\Session\Handlers\FileHandler' driver.
INFO - 2024-04-25 09:00:19 --> Session: Class initialized using 'CodeIgniter\Session\Handlers\FileHandler' driver.
INFO - 2024-04-25 09:00:22 --> Session: Class initialized using 'CodeIgniter\Session\Handlers\FileHandler' driver.
INFO - 2024-04-25 09:00:28 --> Session: Class initialized using 'CodeIgniter\Session\Handlers\FileHandler' driver.
INFO - 2024-04-25 09:00:28 --> Session: Class initialized using 'CodeIgniter\Session\Handlers\FileHandler' driver.
CRITICAL - 2024-04-25 09:00:28 --> Undefined variable: course_teacher_id
in APPPATH\Controllers\HomepageController.php on line 39.
 1 APPPATH\Controllers\HomepageController.php(39): CodeIgniter\Debug\Exceptions->errorHandler(8, 'Undefined variable: course_teacher_id', 'C:\\laragon\\www\\SchoolingTime\\app\\Controllers\\HomepageController.php', 39, [...])
 2 SYSTEMPATH\CodeIgniter.php(942): App\Controllers\HomepageController->Course_details_view('homepage_assets', 'img', 'logo.png')
 3 SYSTEMPATH\CodeIgniter.php(502): CodeIgniter\CodeIgniter->runController(Object(App\Controllers\HomepageController))
 4 SYSTEMPATH\CodeIgniter.php(361): CodeIgniter\CodeIgniter->handleRequest(null, Object(Config\Cache), false)
 5 FCPATH\index.php(79): CodeIgniter\CodeIgniter->run()
INFO - 2024-04-25 09:00:30 --> Session: Class initialized using 'CodeIgniter\Session\Handlers\FileHandler' driver.
INFO - 2024-04-25 09:00:31 --> Session: Class initialized using 'CodeIgniter\Session\Handlers\FileHandler' driver.
INFO - 2024-04-25 09:01:14 --> Session: Class initialized using 'CodeIgniter\Session\Handlers\FileHandler' driver.
INFO - 2024-04-25 09:01:16 --> Session: Class initialized using 'CodeIgniter\Session\Handlers\FileHandler' driver.
INFO - 2024-04-25 09:01:19 --> Session: Class initialized using 'CodeIgniter\Session\Handlers\FileHandler' driver.
INFO - 2024-04-25 09:01:19 --> Session: Class initialized using 'CodeIgniter\Session\Handlers\FileHandler' driver.
CRITICAL - 2024-04-25 09:01:19 --> Undefined variable: course_teacher_id
in APPPATH\Controllers\HomepageController.php on line 39.
 1 APPPATH\Controllers\HomepageController.php(39): CodeIgniter\Debug\Exceptions->errorHandler(8, 'Undefined variable: course_teacher_id', 'C:\\laragon\\www\\SchoolingTime\\app\\Controllers\\HomepageController.php', 39, [...])
 2 SYSTEMPATH\CodeIgniter.php(942): App\Controllers\HomepageController->Course_details_view('homepage_assets', 'img', 'logo.png')
 3 SYSTEMPATH\CodeIgniter.php(502): CodeIgniter\CodeIgniter->runController(Object(App\Controllers\HomepageController))
 4 SYSTEMPATH\CodeIgniter.php(361): CodeIgniter\CodeIgniter->handleRequest(null, Object(Config\Cache), false)
 5 FCPATH\index.php(79): CodeIgniter\CodeIgniter->run()
INFO - 2024-04-25 09:01:21 --> Session: Class initialized using 'CodeIgniter\Session\Handlers\FileHandler' driver.
INFO - 2024-04-25 09:01:22 --> Session: Class initialized using 'CodeIgniter\Session\Handlers\FileHandler' driver.
INFO - 2024-04-25 09:01:25 --> Session: Class initialized using 'CodeIgniter\Session\Handlers\FileHandler' driver.
INFO - 2024-04-25 09:01:28 --> Session: Class initialized using 'CodeIgniter\Session\Handlers\FileHandler' driver.
INFO - 2024-04-25 09:01:28 --> Session: Class initialized using 'CodeIgniter\Session\Handlers\FileHandler' driver.
CRITICAL - 2024-04-25 09:01:28 --> Undefined variable: course_teacher_id
in APPPATH\Controllers\HomepageController.php on line 39.
 1 APPPATH\Controllers\HomepageController.php(39): CodeIgniter\Debug\Exceptions->errorHandler(8, 'Undefined variable: course_teacher_id', 'C:\\laragon\\www\\SchoolingTime\\app\\Controllers\\HomepageController.php', 39, [...])
 2 SYSTEMPATH\CodeIgniter.php(942): App\Controllers\HomepageController->Course_details_view('homepage_assets', 'img', 'logo.png')
 3 SYSTEMPATH\CodeIgniter.php(502): CodeIgniter\CodeIgniter->runController(Object(App\Controllers\HomepageController))
 4 SYSTEMPATH\CodeIgniter.php(361): CodeIgniter\CodeIgniter->handleRequest(null, Object(Config\Cache), false)
 5 FCPATH\index.php(79): CodeIgniter\CodeIgniter->run()
INFO - 2024-04-25 09:01:29 --> Session: Class initialized using 'CodeIgniter\Session\Handlers\FileHandler' driver.
CRITICAL - 2024-04-25 09:01:29 --> Undefined variable: course_teacher_id
in APPPATH\Controllers\HomepageController.php on line 39.
 1 APPPATH\Controllers\HomepageController.php(39): CodeIgniter\Debug\Exceptions->errorHandler(8, 'Undefined variable: course_teacher_id', 'C:\\laragon\\www\\SchoolingTime\\app\\Controllers\\HomepageController.php', 39, [...])
 2 SYSTEMPATH\CodeIgniter.php(942): App\Controllers\HomepageController->Course_details_view('homepage_assets', 'img', 'apple-touch-icon.png')
 3 SYSTEMPATH\CodeIgniter.php(502): CodeIgniter\CodeIgniter->runController(Object(App\Controllers\HomepageController))
 4 SYSTEMPATH\CodeIgniter.php(361): CodeIgniter\CodeIgniter->handleRequest(null, Object(Config\Cache), false)
 5 FCPATH\index.php(79): CodeIgniter\CodeIgniter->run()
INFO - 2024-04-25 09:01:29 --> Session: Class initialized using 'CodeIgniter\Session\Handlers\FileHandler' driver.
CRITICAL - 2024-04-25 09:01:29 --> Undefined variable: course_teacher_id
in APPPATH\Controllers\HomepageController.php on line 39.
 1 APPPATH\Controllers\HomepageController.php(39): CodeIgniter\Debug\Exceptions->errorHandler(8, 'Undefined variable: course_teacher_id', 'C:\\laragon\\www\\SchoolingTime\\app\\Controllers\\HomepageController.php', 39, [...])
 2 SYSTEMPATH\CodeIgniter.php(942): App\Controllers\HomepageController->Course_details_view('homepage_assets', 'img', 'favicon.png')
 3 SYSTEMPATH\CodeIgniter.php(502): CodeIgniter\CodeIgniter->runController(Object(App\Controllers\HomepageController))
 4 SYSTEMPATH\CodeIgniter.php(361): CodeIgniter\CodeIgniter->handleRequest(null, Object(Config\Cache), false)
 5 FCPATH\index.php(79): CodeIgniter\CodeIgniter->run()
INFO - 2024-04-25 09:01:30 --> Session: Class initialized using 'CodeIgniter\Session\Handlers\FileHandler' driver.
INFO - 2024-04-25 09:01:31 --> Session: Class initialized using 'CodeIgniter\Session\Handlers\FileHandler' driver.
INFO - 2024-04-25 09:01:35 --> Session: Class initialized using 'CodeIgniter\Session\Handlers\FileHandler' driver.
INFO - 2024-04-25 09:02:03 --> Session: Class initialized using 'CodeIgniter\Session\Handlers\FileHandler' driver.
INFO - 2024-04-25 09:02:06 --> Session: Class initialized using 'CodeIgniter\Session\Handlers\FileHandler' driver.
INFO - 2024-04-25 09:02:09 --> Session: Class initialized using 'CodeIgniter\Session\Handlers\FileHandler' driver.
INFO - 2024-04-25 09:02:12 --> Session: Class initialized using 'CodeIgniter\Session\Handlers\FileHandler' driver.
INFO - 2024-04-25 09:02:12 --> Session: Class initialized using 'CodeIgniter\Session\Handlers\FileHandler' driver.
INFO - 2024-04-25 09:02:17 --> Session: Class initialized using 'CodeIgniter\Session\Handlers\FileHandler' driver.
INFO - 2024-04-25 09:19:13 --> Session: Class initialized using 'CodeIgniter\Session\Handlers\FileHandler' driver.
INFO - 2024-04-25 09:20:13 --> Session: Class initialized using 'CodeIgniter\Session\Handlers\FileHandler' driver.
INFO - 2024-04-25 09:21:19 --> Session: Class initialized using 'CodeIgniter\Session\Handlers\FileHandler' driver.
INFO - 2024-04-25 09:23:12 --> Session: Class initialized using 'CodeIgniter\Session\Handlers\FileHandler' driver.
INFO - 2024-04-25 09:23:13 --> Session: Class initialized using 'CodeIgniter\Session\Handlers\FileHandler' driver.
INFO - 2024-04-25 09:24:14 --> Session: Class initialized using 'CodeIgniter\Session\Handlers\FileHandler' driver.
INFO - 2024-04-25 09:28:53 --> Session: Class initialized using 'CodeIgniter\Session\Handlers\FileHandler' driver.
INFO - 2024-04-25 09:29:19 --> Session: Class initialized using 'CodeIgniter\Session\Handlers\FileHandler' driver.
INFO - 2024-04-25 09:31:54 --> Session: Class initialized using 'CodeIgniter\Session\Handlers\FileHandler' driver.
INFO - 2024-04-25 09:48:24 --> Session: Class initialized using 'CodeIgniter\Session\Handlers\FileHandler' driver.
INFO - 2024-04-25 09:48:25 --> Session: Class initialized using 'CodeIgniter\Session\Handlers\FileHandler' driver.
CRITICAL - 2024-04-25 09:48:25 --> Undefined variable: course_teacher_id
in APPPATH\Controllers\HomepageController.php on line 39.
 1 APPPATH\Controllers\HomepageController.php(39): CodeIgniter\Debug\Exceptions->errorHandler(8, 'Undefined variable: course_teacher_id', 'C:\\laragon\\www\\SchoolingTime\\app\\Controllers\\HomepageController.php', 39, [...])
 2 SYSTEMPATH\CodeIgniter.php(942): App\Controllers\HomepageController->Course_details_view('homepage_assets', 'img', 'logo.png')
 3 SYSTEMPATH\CodeIgniter.php(502): CodeIgniter\CodeIgniter->runController(Object(App\Controllers\HomepageController))
 4 SYSTEMPATH\CodeIgniter.php(361): CodeIgniter\CodeIgniter->handleRequest(null, Object(Config\Cache), false)
 5 FCPATH\index.php(79): CodeIgniter\CodeIgniter->run()
INFO - 2024-04-25 09:48:25 --> Session: Class initialized using 'CodeIgniter\Session\Handlers\FileHandler' driver.
CRITICAL - 2024-04-25 09:48:25 --> Undefined variable: course_teacher_id
in APPPATH\Controllers\HomepageController.php on line 39.
 1 APPPATH\Controllers\HomepageController.php(39): CodeIgniter\Debug\Exceptions->errorHandler(8, 'Undefined variable: course_teacher_id', 'C:\\laragon\\www\\SchoolingTime\\app\\Controllers\\HomepageController.php', 39, [...])
 2 SYSTEMPATH\CodeIgniter.php(942): App\Controllers\HomepageController->Course_details_view('homepage_assets', 'img', 'apple-touch-icon.png')
 3 SYSTEMPATH\CodeIgniter.php(502): CodeIgniter\CodeIgniter->runController(Object(App\Controllers\HomepageController))
 4 SYSTEMPATH\CodeIgniter.php(361): CodeIgniter\CodeIgniter->handleRequest(null, Object(Config\Cache), false)
 5 FCPATH\index.php(79): CodeIgniter\CodeIgniter->run()
INFO - 2024-04-25 09:48:25 --> Session: Class initialized using 'CodeIgniter\Session\Handlers\FileHandler' driver.
CRITICAL - 2024-04-25 09:48:25 --> Undefined variable: course_teacher_id
in APPPATH\Controllers\HomepageController.php on line 39.
 1 APPPATH\Controllers\HomepageController.php(39): CodeIgniter\Debug\Exceptions->errorHandler(8, 'Undefined variable: course_teacher_id', 'C:\\laragon\\www\\SchoolingTime\\app\\Controllers\\HomepageController.php', 39, [...])
 2 SYSTEMPATH\CodeIgniter.php(942): App\Controllers\HomepageController->Course_details_view('homepage_assets', 'img', 'favicon.png')
 3 SYSTEMPATH\CodeIgniter.php(502): CodeIgniter\CodeIgniter->runController(Object(App\Controllers\HomepageController))
 4 SYSTEMPATH\CodeIgniter.php(361): CodeIgniter\CodeIgniter->handleRequest(null, Object(Config\Cache), false)
 5 FCPATH\index.php(79): CodeIgniter\CodeIgniter->run()
INFO - 2024-04-25 09:48:33 --> Session: Class initialized using 'CodeIgniter\Session\Handlers\FileHandler' driver.
INFO - 2024-04-25 09:48:33 --> Session: Class initialized using 'CodeIgniter\Session\Handlers\FileHandler' driver.
INFO - 2024-04-25 09:48:38 --> Session: Class initialized using 'CodeIgniter\Session\Handlers\FileHandler' driver.
INFO - 2024-04-25 09:49:14 --> Session: Class initialized using 'CodeIgniter\Session\Handlers\FileHandler' driver.
INFO - 2024-04-25 09:49:20 --> Session: Class initialized using 'CodeIgniter\Session\Handlers\FileHandler' driver.
INFO - 2024-04-25 09:50:03 --> Session: Class initialized using 'CodeIgniter\Session\Handlers\FileHandler' driver.
INFO - 2024-04-25 09:50:06 --> Session: Class initialized using 'CodeIgniter\Session\Handlers\FileHandler' driver.
INFO - 2024-04-25 09:50:06 --> Session: Class initialized using 'CodeIgniter\Session\Handlers\FileHandler' driver.
INFO - 2024-04-25 09:50:12 --> Session: Class initialized using 'CodeIgniter\Session\Handlers\FileHandler' driver.
INFO - 2024-04-25 09:50:14 --> Session: Class initialized using 'CodeIgniter\Session\Handlers\FileHandler' driver.
INFO - 2024-04-25 09:50:59 --> Session: Class initialized using 'CodeIgniter\Session\Handlers\FileHandler' driver.
INFO - 2024-04-25 09:51:02 --> Session: Class initialized using 'CodeIgniter\Session\Handlers\FileHandler' driver.
INFO - 2024-04-25 09:51:05 --> Session: Class initialized using 'CodeIgniter\Session\Handlers\FileHandler' driver.
INFO - 2024-04-25 09:51:19 --> Session: Class initialized using 'CodeIgniter\Session\Handlers\FileHandler' driver.
INFO - 2024-04-25 09:51:21 --> Session: Class initialized using 'CodeIgniter\Session\Handlers\FileHandler' driver.
INFO - 2024-04-25 09:51:22 --> Session: Class initialized using 'CodeIgniter\Session\Handlers\FileHandler' driver.
CRITICAL - 2024-04-25 09:51:22 --> Undefined variable: course_teacher_id
in APPPATH\Controllers\HomepageController.php on line 39.
 1 APPPATH\Controllers\HomepageController.php(39): CodeIgniter\Debug\Exceptions->errorHandler(8, 'Undefined variable: course_teacher_id', 'C:\\laragon\\www\\SchoolingTime\\app\\Controllers\\HomepageController.php', 39, [...])
 2 SYSTEMPATH\CodeIgniter.php(942): App\Controllers\HomepageController->Course_details_view('homepage_assets', 'img', 'logo.png')
 3 SYSTEMPATH\CodeIgniter.php(502): CodeIgniter\CodeIgniter->runController(Object(App\Controllers\HomepageController))
 4 SYSTEMPATH\CodeIgniter.php(361): CodeIgniter\CodeIgniter->handleRequest(null, Object(Config\Cache), false)
 5 FCPATH\index.php(79): CodeIgniter\CodeIgniter->run()
INFO - 2024-04-25 09:51:24 --> Session: Class initialized using 'CodeIgniter\Session\Handlers\FileHandler' driver.
INFO - 2024-04-25 09:51:24 --> Session: Class initialized using 'CodeIgniter\Session\Handlers\FileHandler' driver.
INFO - 2024-04-25 09:51:26 --> Session: Class initialized using 'CodeIgniter\Session\Handlers\FileHandler' driver.
INFO - 2024-04-25 09:51:37 --> Session: Class initialized using 'CodeIgniter\Session\Handlers\FileHandler' driver.
INFO - 2024-04-25 13:53:09 --> Session: Class initialized using 'CodeIgniter\Session\Handlers\FileHandler' driver.
INFO - 2024-04-25 13:55:17 --> Session: Class initialized using 'CodeIgniter\Session\Handlers\FileHandler' driver.
INFO - 2024-04-25 13:55:41 --> Session: Class initialized using 'CodeIgniter\Session\Handlers\FileHandler' driver.
INFO - 2024-04-25 13:55:41 --> Session: Class initialized using 'CodeIgniter\Session\Handlers\FileHandler' driver.
CRITICAL - 2024-04-25 13:55:41 --> Undefined variable $course_teacher_id
in APPPATH\Controllers\HomepageController.php on line 39.
 1 APPPATH\Controllers\HomepageController.php(39): CodeIgniter\Debug\Exceptions->errorHandler(2, 'Undefined variable $course_teacher_id', 'D:\\laragon\\www\\SchoolingTime\\app\\Controllers\\HomepageController.php', 39)
 2 SYSTEMPATH\CodeIgniter.php(942): App\Controllers\HomepageController->Course_details_view('homepage_assets', 'img', 'logo.png')
 3 SYSTEMPATH\CodeIgniter.php(502): CodeIgniter\CodeIgniter->runController(Object(App\Controllers\HomepageController))
 4 SYSTEMPATH\CodeIgniter.php(361): CodeIgniter\CodeIgniter->handleRequest(null, Object(Config\Cache), false)
 5 FCPATH\index.php(79): CodeIgniter\CodeIgniter->run()
INFO - 2024-04-25 13:55:42 --> Session: Class initialized using 'CodeIgniter\Session\Handlers\FileHandler' driver.
CRITICAL - 2024-04-25 13:55:42 --> Undefined variable $course_teacher_id
in APPPATH\Controllers\HomepageController.php on line 39.
 1 APPPATH\Controllers\HomepageController.php(39): CodeIgniter\Debug\Exceptions->errorHandler(2, 'Undefined variable $course_teacher_id', 'D:\\laragon\\www\\SchoolingTime\\app\\Controllers\\HomepageController.php', 39)
 2 SYSTEMPATH\CodeIgniter.php(942): App\Controllers\HomepageController->Course_details_view('homepage_assets', 'img', 'favicon.png')
 3 SYSTEMPATH\CodeIgniter.php(502): CodeIgniter\CodeIgniter->runController(Object(App\Controllers\HomepageController))
 4 SYSTEMPATH\CodeIgniter.php(361): CodeIgniter\CodeIgniter->handleRequest(null, Object(Config\Cache), false)
 5 FCPATH\index.php(79): CodeIgniter\CodeIgniter->run()
INFO - 2024-04-25 13:55:42 --> Session: Class initialized using 'CodeIgniter\Session\Handlers\FileHandler' driver.
CRITICAL - 2024-04-25 13:55:42 --> Undefined variable $course_teacher_id
in APPPATH\Controllers\HomepageController.php on line 39.
 1 APPPATH\Controllers\HomepageController.php(39): CodeIgniter\Debug\Exceptions->errorHandler(2, 'Undefined variable $course_teacher_id', 'D:\\laragon\\www\\SchoolingTime\\app\\Controllers\\HomepageController.php', 39)
 2 SYSTEMPATH\CodeIgniter.php(942): App\Controllers\HomepageController->Course_details_view('homepage_assets', 'img', 'apple-touch-icon.png')
 3 SYSTEMPATH\CodeIgniter.php(502): CodeIgniter\CodeIgniter->runController(Object(App\Controllers\HomepageController))
 4 SYSTEMPATH\CodeIgniter.php(361): CodeIgniter\CodeIgniter->handleRequest(null, Object(Config\Cache), false)
 5 FCPATH\index.php(79): CodeIgniter\CodeIgniter->run()
INFO - 2024-04-25 13:55:43 --> Session: Class initialized using 'CodeIgniter\Session\Handlers\FileHandler' driver.
INFO - 2024-04-25 13:55:44 --> Session: Class initialized using 'CodeIgniter\Session\Handlers\FileHandler' driver.
INFO - 2024-04-25 13:55:47 --> Session: Class initialized using 'CodeIgniter\Session\Handlers\FileHandler' driver.
INFO - 2024-04-25 13:59:21 --> Session: Class initialized using 'CodeIgniter\Session\Handlers\FileHandler' driver.
INFO - 2024-04-25 14:01:03 --> Session: Class initialized using 'CodeIgniter\Session\Handlers\FileHandler' driver.
INFO - 2024-04-25 14:01:04 --> Session: Class initialized using 'CodeIgniter\Session\Handlers\FileHandler' driver.
CRITICAL - 2024-04-25 14:01:04 --> Undefined variable $course_teacher_id
in APPPATH\Controllers\HomepageController.php on line 39.
 1 APPPATH\Controllers\HomepageController.php(39): CodeIgniter\Debug\Exceptions->errorHandler(2, 'Undefined variable $course_teacher_id', 'D:\\laragon\\www\\SchoolingTime\\app\\Controllers\\HomepageController.php', 39)
 2 SYSTEMPATH\CodeIgniter.php(942): App\Controllers\HomepageController->Course_details_view('homepage_assets', 'img', 'logo.png')
 3 SYSTEMPATH\CodeIgniter.php(502): CodeIgniter\CodeIgniter->runController(Object(App\Controllers\HomepageController))
 4 SYSTEMPATH\CodeIgniter.php(361): CodeIgniter\CodeIgniter->handleRequest(null, Object(Config\Cache), false)
 5 FCPATH\index.php(79): CodeIgniter\CodeIgniter->run()
INFO - 2024-04-25 14:01:04 --> Session: Class initialized using 'CodeIgniter\Session\Handlers\FileHandler' driver.
CRITICAL - 2024-04-25 14:01:04 --> Undefined variable $course_teacher_id
in APPPATH\Controllers\HomepageController.php on line 39.
 1 APPPATH\Controllers\HomepageController.php(39): CodeIgniter\Debug\Exceptions->errorHandler(2, 'Undefined variable $course_teacher_id', 'D:\\laragon\\www\\SchoolingTime\\app\\Controllers\\HomepageController.php', 39)
 2 SYSTEMPATH\CodeIgniter.php(942): App\Controllers\HomepageController->Course_details_view('homepage_assets', 'img', 'favicon.png')
 3 SYSTEMPATH\CodeIgniter.php(502): CodeIgniter\CodeIgniter->runController(Object(App\Controllers\HomepageController))
 4 SYSTEMPATH\CodeIgniter.php(361): CodeIgniter\CodeIgniter->handleRequest(null, Object(Config\Cache), false)
 5 FCPATH\index.php(79): CodeIgniter\CodeIgniter->run()
INFO - 2024-04-25 14:01:04 --> Session: Class initialized using 'CodeIgniter\Session\Handlers\FileHandler' driver.
CRITICAL - 2024-04-25 14:01:04 --> Undefined variable $course_teacher_id
in APPPATH\Controllers\HomepageController.php on line 39.
 1 APPPATH\Controllers\HomepageController.php(39): CodeIgniter\Debug\Exceptions->errorHandler(2, 'Undefined variable $course_teacher_id', 'D:\\laragon\\www\\SchoolingTime\\app\\Controllers\\HomepageController.php', 39)
 2 SYSTEMPATH\CodeIgniter.php(942): App\Controllers\HomepageController->Course_details_view('homepage_assets', 'img', 'apple-touch-icon.png')
 3 SYSTEMPATH\CodeIgniter.php(502): CodeIgniter\CodeIgniter->runController(Object(App\Controllers\HomepageController))
 4 SYSTEMPATH\CodeIgniter.php(361): CodeIgniter\CodeIgniter->handleRequest(null, Object(Config\Cache), false)
 5 FCPATH\index.php(79): CodeIgniter\CodeIgniter->run()
INFO - 2024-04-25 14:01:12 --> Session: Class initialized using 'CodeIgniter\Session\Handlers\FileHandler' driver.
INFO - 2024-04-25 14:01:12 --> Session: Class initialized using 'CodeIgniter\Session\Handlers\FileHandler' driver.
INFO - 2024-04-25 14:01:12 --> Session: Class initialized using 'CodeIgniter\Session\Handlers\FileHandler' driver.
CRITICAL - 2024-04-25 14:01:12 --> Undefined variable $course_teacher_id
in APPPATH\Controllers\HomepageController.php on line 39.
 1 APPPATH\Controllers\HomepageController.php(39): CodeIgniter\Debug\Exceptions->errorHandler(2, 'Undefined variable $course_teacher_id', 'D:\\laragon\\www\\SchoolingTime\\app\\Controllers\\HomepageController.php', 39)
 2 SYSTEMPATH\CodeIgniter.php(942): App\Controllers\HomepageController->Course_details_view('homepage_assets', 'img', 'logo.png')
 3 SYSTEMPATH\CodeIgniter.php(502): CodeIgniter\CodeIgniter->runController(Object(App\Controllers\HomepageController))
 4 SYSTEMPATH\CodeIgniter.php(361): CodeIgniter\CodeIgniter->handleRequest(null, Object(Config\Cache), false)
 5 FCPATH\index.php(79): CodeIgniter\CodeIgniter->run()
INFO - 2024-04-25 14:01:19 --> Session: Class initialized using 'CodeIgniter\Session\Handlers\FileHandler' driver.
INFO - 2024-04-25 14:01:19 --> Session: Class initialized using 'CodeIgniter\Session\Handlers\FileHandler' driver.
INFO - 2024-04-25 14:01:36 --> Session: Class initialized using 'CodeIgniter\Session\Handlers\FileHandler' driver.
INFO - 2024-04-25 14:01:36 --> Session: Class initialized using 'CodeIgniter\Session\Handlers\FileHandler' driver.
INFO - 2024-04-25 14:01:40 --> Session: Class initialized using 'CodeIgniter\Session\Handlers\FileHandler' driver.
INFO - 2024-04-25 14:02:08 --> Session: Class initialized using 'CodeIgniter\Session\Handlers\FileHandler' driver.
INFO - 2024-04-25 14:02:09 --> Session: Class initialized using 'CodeIgniter\Session\Handlers\FileHandler' driver.
INFO - 2024-04-25 14:02:22 --> Session: Class initialized using 'CodeIgniter\Session\Handlers\FileHandler' driver.
INFO - 2024-04-25 14:02:22 --> Session: Class initialized using 'CodeIgniter\Session\Handlers\FileHandler' driver.
INFO - 2024-04-25 14:02:39 --> Session: Class initialized using 'CodeIgniter\Session\Handlers\FileHandler' driver.
INFO - 2024-04-25 14:02:39 --> Session: Class initialized using 'CodeIgniter\Session\Handlers\FileHandler' driver.
INFO - 2024-04-25 14:02:48 --> Session: Class initialized using 'CodeIgniter\Session\Handlers\FileHandler' driver.
INFO - 2024-04-25 14:02:55 --> Session: Class initialized using 'CodeIgniter\Session\Handlers\FileHandler' driver.
INFO - 2024-04-25 14:02:56 --> Session: Class initialized using 'CodeIgniter\Session\Handlers\FileHandler' driver.
CRITICAL - 2024-04-25 14:02:56 --> Undefined variable $course_teacher_id
in APPPATH\Controllers\HomepageController.php on line 39.
 1 APPPATH\Controllers\HomepageController.php(39): CodeIgniter\Debug\Exceptions->errorHandler(2, 'Undefined variable $course_teacher_id', 'D:\\laragon\\www\\SchoolingTime\\app\\Controllers\\HomepageController.php', 39)
 2 SYSTEMPATH\CodeIgniter.php(942): App\Controllers\HomepageController->Course_details_view('homepage_assets', 'img', 'logo.png')
 3 SYSTEMPATH\CodeIgniter.php(502): CodeIgniter\CodeIgniter->runController(Object(App\Controllers\HomepageController))
 4 SYSTEMPATH\CodeIgniter.php(361): CodeIgniter\CodeIgniter->handleRequest(null, Object(Config\Cache), false)
 5 FCPATH\index.php(79): CodeIgniter\CodeIgniter->run()
INFO - 2024-04-25 14:02:56 --> Session: Class initialized using 'CodeIgniter\Session\Handlers\FileHandler' driver.
CRITICAL - 2024-04-25 14:02:56 --> Undefined variable $course_teacher_id
in APPPATH\Controllers\HomepageController.php on line 39.
 1 APPPATH\Controllers\HomepageController.php(39): CodeIgniter\Debug\Exceptions->errorHandler(2, 'Undefined variable $course_teacher_id', 'D:\\laragon\\www\\SchoolingTime\\app\\Controllers\\HomepageController.php', 39)
 2 SYSTEMPATH\CodeIgniter.php(942): App\Controllers\HomepageController->Course_details_view('homepage_assets', 'img', 'apple-touch-icon.png')
 3 SYSTEMPATH\CodeIgniter.php(502): CodeIgniter\CodeIgniter->runController(Object(App\Controllers\HomepageController))
 4 SYSTEMPATH\CodeIgniter.php(361): CodeIgniter\CodeIgniter->handleRequest(null, Object(Config\Cache), false)
 5 FCPATH\index.php(79): CodeIgniter\CodeIgniter->run()
INFO - 2024-04-25 14:02:56 --> Session: Class initialized using 'CodeIgniter\Session\Handlers\FileHandler' driver.
CRITICAL - 2024-04-25 14:02:56 --> Undefined variable $course_teacher_id
in APPPATH\Controllers\HomepageController.php on line 39.
 1 APPPATH\Controllers\HomepageController.php(39): CodeIgniter\Debug\Exceptions->errorHandler(2, 'Undefined variable $course_teacher_id', 'D:\\laragon\\www\\SchoolingTime\\app\\Controllers\\HomepageController.php', 39)
 2 SYSTEMPATH\CodeIgniter.php(942): App\Controllers\HomepageController->Course_details_view('homepage_assets', 'img', 'favicon.png')
 3 SYSTEMPATH\CodeIgniter.php(502): CodeIgniter\CodeIgniter->runController(Object(App\Controllers\HomepageController))
 4 SYSTEMPATH\CodeIgniter.php(361): CodeIgniter\CodeIgniter->handleRequest(null, Object(Config\Cache), false)
 5 FCPATH\index.php(79): CodeIgniter\CodeIgniter->run()
INFO - 2024-04-25 14:03:04 --> Session: Class initialized using 'CodeIgniter\Session\Handlers\FileHandler' driver.
INFO - 2024-04-25 14:03:04 --> Session: Class initialized using 'CodeIgniter\Session\Handlers\FileHandler' driver.
CRITICAL - 2024-04-25 14:03:04 --> Unsupported operand types: int + string
in APPPATH\Views\student\cart_view.php on line 56.
 1 SYSTEMPATH\View\View.php(228): include()
 2 SYSTEMPATH\View\View.php(231): CodeIgniter\View\View->CodeIgniter\View\{closure}()
 3 SYSTEMPATH\Common.php(1190): CodeIgniter\View\View->render('student/cart_view.php', [], true)
 4 APPPATH\Controllers\StudentDashboardController.php(130): view('student/cart_view.php')
 5 SYSTEMPATH\CodeIgniter.php(942): App\Controllers\StudentDashboardController->cartView()
 6 SYSTEMPATH\CodeIgniter.php(502): CodeIgniter\CodeIgniter->runController(Object(App\Controllers\StudentDashboardController))
 7 SYSTEMPATH\CodeIgniter.php(361): CodeIgniter\CodeIgniter->handleRequest(null, Object(Config\Cache), false)
 8 FCPATH\index.php(79): CodeIgniter\CodeIgniter->run()
INFO - 2024-04-25 14:03:48 --> Session: Class initialized using 'CodeIgniter\Session\Handlers\FileHandler' driver.
CRITICAL - 2024-04-25 14:03:48 --> Unsupported operand types: int + string
in APPPATH\Views\student\cart_view.php on line 56.
 1 SYSTEMPATH\View\View.php(228): include()
 2 SYSTEMPATH\View\View.php(231): CodeIgniter\View\View->CodeIgniter\View\{closure}()
 3 SYSTEMPATH\Common.php(1190): CodeIgniter\View\View->render('student/cart_view.php', [], true)
 4 APPPATH\Controllers\StudentDashboardController.php(130): view('student/cart_view.php')
 5 SYSTEMPATH\CodeIgniter.php(942): App\Controllers\StudentDashboardController->cartView()
 6 SYSTEMPATH\CodeIgniter.php(502): CodeIgniter\CodeIgniter->runController(Object(App\Controllers\StudentDashboardController))
 7 SYSTEMPATH\CodeIgniter.php(361): CodeIgniter\CodeIgniter->handleRequest(null, Object(Config\Cache), false)
 8 FCPATH\index.php(79): CodeIgniter\CodeIgniter->run()
INFO - 2024-04-25 14:03:56 --> Session: Class initialized using 'CodeIgniter\Session\Handlers\FileHandler' driver.
INFO - 2024-04-25 14:03:59 --> Session: Class initialized using 'CodeIgniter\Session\Handlers\FileHandler' driver.
INFO - 2024-04-25 14:04:00 --> Session: Class initialized using 'CodeIgniter\Session\Handlers\FileHandler' driver.
CRITICAL - 2024-04-25 14:04:00 --> Undefined variable $course_teacher_id
in APPPATH\Controllers\HomepageController.php on line 39.
 1 APPPATH\Controllers\HomepageController.php(39): CodeIgniter\Debug\Exceptions->errorHandler(2, 'Undefined variable $course_teacher_id', 'D:\\laragon\\www\\SchoolingTime\\app\\Controllers\\HomepageController.php', 39)
 2 SYSTEMPATH\CodeIgniter.php(942): App\Controllers\HomepageController->Course_details_view('homepage_assets', 'img', 'logo.png')
 3 SYSTEMPATH\CodeIgniter.php(502): CodeIgniter\CodeIgniter->runController(Object(App\Controllers\HomepageController))
 4 SYSTEMPATH\CodeIgniter.php(361): CodeIgniter\CodeIgniter->handleRequest(null, Object(Config\Cache), false)
 5 FCPATH\index.php(79): CodeIgniter\CodeIgniter->run()
INFO - 2024-04-25 14:04:00 --> Session: Class initialized using 'CodeIgniter\Session\Handlers\FileHandler' driver.
CRITICAL - 2024-04-25 14:04:00 --> Undefined variable $course_teacher_id
in APPPATH\Controllers\HomepageController.php on line 39.
 1 APPPATH\Controllers\HomepageController.php(39): CodeIgniter\Debug\Exceptions->errorHandler(2, 'Undefined variable $course_teacher_id', 'D:\\laragon\\www\\SchoolingTime\\app\\Controllers\\HomepageController.php', 39)
 2 SYSTEMPATH\CodeIgniter.php(942): App\Controllers\HomepageController->Course_details_view('homepage_assets', 'img', 'favicon.png')
 3 SYSTEMPATH\CodeIgniter.php(502): CodeIgniter\CodeIgniter->runController(Object(App\Controllers\HomepageController))
 4 SYSTEMPATH\CodeIgniter.php(361): CodeIgniter\CodeIgniter->handleRequest(null, Object(Config\Cache), false)
 5 FCPATH\index.php(79): CodeIgniter\CodeIgniter->run()
INFO - 2024-04-25 14:04:00 --> Session: Class initialized using 'CodeIgniter\Session\Handlers\FileHandler' driver.
CRITICAL - 2024-04-25 14:04:00 --> Undefined variable $course_teacher_id
in APPPATH\Controllers\HomepageController.php on line 39.
 1 APPPATH\Controllers\HomepageController.php(39): CodeIgniter\Debug\Exceptions->errorHandler(2, 'Undefined variable $course_teacher_id', 'D:\\laragon\\www\\SchoolingTime\\app\\Controllers\\HomepageController.php', 39)
 2 SYSTEMPATH\CodeIgniter.php(942): App\Controllers\HomepageController->Course_details_view('homepage_assets', 'img', 'apple-touch-icon.png')
 3 SYSTEMPATH\CodeIgniter.php(502): CodeIgniter\CodeIgniter->runController(Object(App\Controllers\HomepageController))
 4 SYSTEMPATH\CodeIgniter.php(361): CodeIgniter\CodeIgniter->handleRequest(null, Object(Config\Cache), false)
 5 FCPATH\index.php(79): CodeIgniter\CodeIgniter->run()
INFO - 2024-04-25 14:04:03 --> Session: Class initialized using 'CodeIgniter\Session\Handlers\FileHandler' driver.
INFO - 2024-04-25 14:04:03 --> Session: Class initialized using 'CodeIgniter\Session\Handlers\FileHandler' driver.
CRITICAL - 2024-04-25 14:04:03 --> Unsupported operand types: int + string
in APPPATH\Views\student\cart_view.php on line 56.
 1 SYSTEMPATH\View\View.php(228): include()
 2 SYSTEMPATH\View\View.php(231): CodeIgniter\View\View->CodeIgniter\View\{closure}()
 3 SYSTEMPATH\Common.php(1190): CodeIgniter\View\View->render('student/cart_view.php', [], true)
 4 APPPATH\Controllers\StudentDashboardController.php(130): view('student/cart_view.php')
 5 SYSTEMPATH\CodeIgniter.php(942): App\Controllers\StudentDashboardController->cartView()
 6 SYSTEMPATH\CodeIgniter.php(502): CodeIgniter\CodeIgniter->runController(Object(App\Controllers\StudentDashboardController))
 7 SYSTEMPATH\CodeIgniter.php(361): CodeIgniter\CodeIgniter->handleRequest(null, Object(Config\Cache), false)
 8 FCPATH\index.php(79): CodeIgniter\CodeIgniter->run()
INFO - 2024-04-25 14:20:17 --> Session: Class initialized using 'CodeIgniter\Session\Handlers\FileHandler' driver.
INFO - 2024-04-25 14:20:21 --> Session: Class initialized using 'CodeIgniter\Session\Handlers\FileHandler' driver.
INFO - 2024-04-25 14:20:24 --> Session: Class initialized using 'CodeIgniter\Session\Handlers\FileHandler' driver.
INFO - 2024-04-25 14:20:24 --> Session: Class initialized using 'CodeIgniter\Session\Handlers\FileHandler' driver.
CRITICAL - 2024-04-25 14:20:24 --> Undefined variable $course_teacher_id
in APPPATH\Controllers\HomepageController.php on line 39.
 1 APPPATH\Controllers\HomepageController.php(39): CodeIgniter\Debug\Exceptions->errorHandler(2, 'Undefined variable $course_teacher_id', 'D:\\laragon\\www\\SchoolingTime\\app\\Controllers\\HomepageController.php', 39)
 2 SYSTEMPATH\CodeIgniter.php(942): App\Controllers\HomepageController->Course_details_view('homepage_assets', 'img', 'logo.png')
 3 SYSTEMPATH\CodeIgniter.php(502): CodeIgniter\CodeIgniter->runController(Object(App\Controllers\HomepageController))
 4 SYSTEMPATH\CodeIgniter.php(361): CodeIgniter\CodeIgniter->handleRequest(null, Object(Config\Cache), false)
 5 FCPATH\index.php(79): CodeIgniter\CodeIgniter->run()
INFO - 2024-04-25 14:20:25 --> Session: Class initialized using 'CodeIgniter\Session\Handlers\FileHandler' driver.
CRITICAL - 2024-04-25 14:20:25 --> Undefined variable $course_teacher_id
in APPPATH\Controllers\HomepageController.php on line 39.
 1 APPPATH\Controllers\HomepageController.php(39): CodeIgniter\Debug\Exceptions->errorHandler(2, 'Undefined variable $course_teacher_id', 'D:\\laragon\\www\\SchoolingTime\\app\\Controllers\\HomepageController.php', 39)
 2 SYSTEMPATH\CodeIgniter.php(942): App\Controllers\HomepageController->Course_details_view('homepage_assets', 'img', 'apple-touch-icon.png')
 3 SYSTEMPATH\CodeIgniter.php(502): CodeIgniter\CodeIgniter->runController(Object(App\Controllers\HomepageController))
 4 SYSTEMPATH\CodeIgniter.php(361): CodeIgniter\CodeIgniter->handleRequest(null, Object(Config\Cache), false)
 5 FCPATH\index.php(79): CodeIgniter\CodeIgniter->run()
INFO - 2024-04-25 14:20:25 --> Session: Class initialized using 'CodeIgniter\Session\Handlers\FileHandler' driver.
CRITICAL - 2024-04-25 14:20:25 --> Undefined variable $course_teacher_id
in APPPATH\Controllers\HomepageController.php on line 39.
 1 APPPATH\Controllers\HomepageController.php(39): CodeIgniter\Debug\Exceptions->errorHandler(2, 'Undefined variable $course_teacher_id', 'D:\\laragon\\www\\SchoolingTime\\app\\Controllers\\HomepageController.php', 39)
 2 SYSTEMPATH\CodeIgniter.php(942): App\Controllers\HomepageController->Course_details_view('homepage_assets', 'img', 'favicon.png')
 3 SYSTEMPATH\CodeIgniter.php(502): CodeIgniter\CodeIgniter->runController(Object(App\Controllers\HomepageController))
 4 SYSTEMPATH\CodeIgniter.php(361): CodeIgniter\CodeIgniter->handleRequest(null, Object(Config\Cache), false)
 5 FCPATH\index.php(79): CodeIgniter\CodeIgniter->run()
INFO - 2024-04-25 14:21:05 --> Session: Class initialized using 'CodeIgniter\Session\Handlers\FileHandler' driver.
INFO - 2024-04-25 14:21:06 --> Session: Class initialized using 'CodeIgniter\Session\Handlers\FileHandler' driver.
CRITICAL - 2024-04-25 14:21:06 --> Undefined variable $course_teacher_id
in APPPATH\Controllers\HomepageController.php on line 39.
 1 APPPATH\Controllers\HomepageController.php(39): CodeIgniter\Debug\Exceptions->errorHandler(2, 'Undefined variable $course_teacher_id', 'D:\\laragon\\www\\SchoolingTime\\app\\Controllers\\HomepageController.php', 39)
 2 SYSTEMPATH\CodeIgniter.php(942): App\Controllers\HomepageController->Course_details_view('homepage_assets', 'img', 'logo.png')
 3 SYSTEMPATH\CodeIgniter.php(502): CodeIgniter\CodeIgniter->runController(Object(App\Controllers\HomepageController))
 4 SYSTEMPATH\CodeIgniter.php(361): CodeIgniter\CodeIgniter->handleRequest(null, Object(Config\Cache), false)
 5 FCPATH\index.php(79): CodeIgniter\CodeIgniter->run()
INFO - 2024-04-25 14:21:06 --> Session: Class initialized using 'CodeIgniter\Session\Handlers\FileHandler' driver.
CRITICAL - 2024-04-25 14:21:06 --> Undefined variable $course_teacher_id
in APPPATH\Controllers\HomepageController.php on line 39.
 1 APPPATH\Controllers\HomepageController.php(39): CodeIgniter\Debug\Exceptions->errorHandler(2, 'Undefined variable $course_teacher_id', 'D:\\laragon\\www\\SchoolingTime\\app\\Controllers\\HomepageController.php', 39)
 2 SYSTEMPATH\CodeIgniter.php(942): App\Controllers\HomepageController->Course_details_view('homepage_assets', 'img', 'apple-touch-icon.png')
 3 SYSTEMPATH\CodeIgniter.php(502): CodeIgniter\CodeIgniter->runController(Object(App\Controllers\HomepageController))
 4 SYSTEMPATH\CodeIgniter.php(361): CodeIgniter\CodeIgniter->handleRequest(null, Object(Config\Cache), false)
 5 FCPATH\index.php(79): CodeIgniter\CodeIgniter->run()
INFO - 2024-04-25 14:21:06 --> Session: Class initialized using 'CodeIgniter\Session\Handlers\FileHandler' driver.
CRITICAL - 2024-04-25 14:21:06 --> Undefined variable $course_teacher_id
in APPPATH\Controllers\HomepageController.php on line 39.
 1 APPPATH\Controllers\HomepageController.php(39): CodeIgniter\Debug\Exceptions->errorHandler(2, 'Undefined variable $course_teacher_id', 'D:\\laragon\\www\\SchoolingTime\\app\\Controllers\\HomepageController.php', 39)
 2 SYSTEMPATH\CodeIgniter.php(942): App\Controllers\HomepageController->Course_details_view('homepage_assets', 'img', 'favicon.png')
 3 SYSTEMPATH\CodeIgniter.php(502): CodeIgniter\CodeIgniter->runController(Object(App\Controllers\HomepageController))
 4 SYSTEMPATH\CodeIgniter.php(361): CodeIgniter\CodeIgniter->handleRequest(null, Object(Config\Cache), false)
 5 FCPATH\index.php(79): CodeIgniter\CodeIgniter->run()
INFO - 2024-04-25 14:22:15 --> Session: Class initialized using 'CodeIgniter\Session\Handlers\FileHandler' driver.
INFO - 2024-04-25 14:22:15 --> Session: Class initialized using 'CodeIgniter\Session\Handlers\FileHandler' driver.
CRITICAL - 2024-04-25 14:22:15 --> Undefined variable $course_teacher_id
in APPPATH\Controllers\HomepageController.php on line 39.
 1 APPPATH\Controllers\HomepageController.php(39): CodeIgniter\Debug\Exceptions->errorHandler(2, 'Undefined variable $course_teacher_id', 'D:\\laragon\\www\\SchoolingTime\\app\\Controllers\\HomepageController.php', 39)
 2 SYSTEMPATH\CodeIgniter.php(942): App\Controllers\HomepageController->Course_details_view('homepage_assets', 'img', 'logo.png')
 3 SYSTEMPATH\CodeIgniter.php(502): CodeIgniter\CodeIgniter->runController(Object(App\Controllers\HomepageController))
 4 SYSTEMPATH\CodeIgniter.php(361): CodeIgniter\CodeIgniter->handleRequest(null, Object(Config\Cache), false)
 5 FCPATH\index.php(79): CodeIgniter\CodeIgniter->run()
INFO - 2024-04-25 14:22:16 --> Session: Class initialized using 'CodeIgniter\Session\Handlers\FileHandler' driver.
CRITICAL - 2024-04-25 14:22:16 --> Undefined variable $course_teacher_id
in APPPATH\Controllers\HomepageController.php on line 39.
 1 APPPATH\Controllers\HomepageController.php(39): CodeIgniter\Debug\Exceptions->errorHandler(2, 'Undefined variable $course_teacher_id', 'D:\\laragon\\www\\SchoolingTime\\app\\Controllers\\HomepageController.php', 39)
 2 SYSTEMPATH\CodeIgniter.php(942): App\Controllers\HomepageController->Course_details_view('homepage_assets', 'img', 'favicon.png')
 3 SYSTEMPATH\CodeIgniter.php(502): CodeIgniter\CodeIgniter->runController(Object(App\Controllers\HomepageController))
 4 SYSTEMPATH\CodeIgniter.php(361): CodeIgniter\CodeIgniter->handleRequest(null, Object(Config\Cache), false)
 5 FCPATH\index.php(79): CodeIgniter\CodeIgniter->run()
INFO - 2024-04-25 14:22:16 --> Session: Class initialized using 'CodeIgniter\Session\Handlers\FileHandler' driver.
CRITICAL - 2024-04-25 14:22:16 --> Undefined variable $course_teacher_id
in APPPATH\Controllers\HomepageController.php on line 39.
 1 APPPATH\Controllers\HomepageController.php(39): CodeIgniter\Debug\Exceptions->errorHandler(2, 'Undefined variable $course_teacher_id', 'D:\\laragon\\www\\SchoolingTime\\app\\Controllers\\HomepageController.php', 39)
 2 SYSTEMPATH\CodeIgniter.php(942): App\Controllers\HomepageController->Course_details_view('homepage_assets', 'img', 'apple-touch-icon.png')
 3 SYSTEMPATH\CodeIgniter.php(502): CodeIgniter\CodeIgniter->runController(Object(App\Controllers\HomepageController))
 4 SYSTEMPATH\CodeIgniter.php(361): CodeIgniter\CodeIgniter->handleRequest(null, Object(Config\Cache), false)
 5 FCPATH\index.php(79): CodeIgniter\CodeIgniter->run()
INFO - 2024-04-25 14:28:23 --> Session: Class initialized using 'CodeIgniter\Session\Handlers\FileHandler' driver.
INFO - 2024-04-25 14:28:24 --> Session: Class initialized using 'CodeIgniter\Session\Handlers\FileHandler' driver.
CRITICAL - 2024-04-25 14:28:24 --> Undefined variable $course_teacher_id
in APPPATH\Controllers\HomepageController.php on line 39.
 1 APPPATH\Controllers\HomepageController.php(39): CodeIgniter\Debug\Exceptions->errorHandler(2, 'Undefined variable $course_teacher_id', 'D:\\laragon\\www\\SchoolingTime\\app\\Controllers\\HomepageController.php', 39)
 2 SYSTEMPATH\CodeIgniter.php(942): App\Controllers\HomepageController->Course_details_view('homepage_assets', 'img', 'logo.png')
 3 SYSTEMPATH\CodeIgniter.php(502): CodeIgniter\CodeIgniter->runController(Object(App\Controllers\HomepageController))
 4 SYSTEMPATH\CodeIgniter.php(361): CodeIgniter\CodeIgniter->handleRequest(null, Object(Config\Cache), false)
 5 FCPATH\index.php(79): CodeIgniter\CodeIgniter->run()
INFO - 2024-04-25 14:28:24 --> Session: Class initialized using 'CodeIgniter\Session\Handlers\FileHandler' driver.
CRITICAL - 2024-04-25 14:28:24 --> Undefined variable $course_teacher_id
in APPPATH\Controllers\HomepageController.php on line 39.
 1 APPPATH\Controllers\HomepageController.php(39): CodeIgniter\Debug\Exceptions->errorHandler(2, 'Undefined variable $course_teacher_id', 'D:\\laragon\\www\\SchoolingTime\\app\\Controllers\\HomepageController.php', 39)
 2 SYSTEMPATH\CodeIgniter.php(942): App\Controllers\HomepageController->Course_details_view('homepage_assets', 'img', 'favicon.png')
 3 SYSTEMPATH\CodeIgniter.php(502): CodeIgniter\CodeIgniter->runController(Object(App\Controllers\HomepageController))
 4 SYSTEMPATH\CodeIgniter.php(361): CodeIgniter\CodeIgniter->handleRequest(null, Object(Config\Cache), false)
 5 FCPATH\index.php(79): CodeIgniter\CodeIgniter->run()
INFO - 2024-04-25 14:28:24 --> Session: Class initialized using 'CodeIgniter\Session\Handlers\FileHandler' driver.
CRITICAL - 2024-04-25 14:28:24 --> Undefined variable $course_teacher_id
in APPPATH\Controllers\HomepageController.php on line 39.
 1 APPPATH\Controllers\HomepageController.php(39): CodeIgniter\Debug\Exceptions->errorHandler(2, 'Undefined variable $course_teacher_id', 'D:\\laragon\\www\\SchoolingTime\\app\\Controllers\\HomepageController.php', 39)
 2 SYSTEMPATH\CodeIgniter.php(942): App\Controllers\HomepageController->Course_details_view('homepage_assets', 'img', 'apple-touch-icon.png')
 3 SYSTEMPATH\CodeIgniter.php(502): CodeIgniter\CodeIgniter->runController(Object(App\Controllers\HomepageController))
 4 SYSTEMPATH\CodeIgniter.php(361): CodeIgniter\CodeIgniter->handleRequest(null, Object(Config\Cache), false)
 5 FCPATH\index.php(79): CodeIgniter\CodeIgniter->run()
INFO - 2024-04-25 14:28:25 --> Session: Class initialized using 'CodeIgniter\Session\Handlers\FileHandler' driver.
INFO - 2024-04-25 14:28:28 --> Session: Class initialized using 'CodeIgniter\Session\Handlers\FileHandler' driver.
INFO - 2024-04-25 14:28:29 --> Session: Class initialized using 'CodeIgniter\Session\Handlers\FileHandler' driver.
CRITICAL - 2024-04-25 14:28:29 --> Undefined variable $course_teacher_id
in APPPATH\Controllers\HomepageController.php on line 39.
 1 APPPATH\Controllers\HomepageController.php(39): CodeIgniter\Debug\Exceptions->errorHandler(2, 'Undefined variable $course_teacher_id', 'D:\\laragon\\www\\SchoolingTime\\app\\Controllers\\HomepageController.php', 39)
 2 SYSTEMPATH\CodeIgniter.php(942): App\Controllers\HomepageController->Course_details_view('homepage_assets', 'img', 'logo.png')
 3 SYSTEMPATH\CodeIgniter.php(502): CodeIgniter\CodeIgniter->runController(Object(App\Controllers\HomepageController))
 4 SYSTEMPATH\CodeIgniter.php(361): CodeIgniter\CodeIgniter->handleRequest(null, Object(Config\Cache), false)
 5 FCPATH\index.php(79): CodeIgniter\CodeIgniter->run()
INFO - 2024-04-25 14:28:43 --> Session: Class initialized using 'CodeIgniter\Session\Handlers\FileHandler' driver.
INFO - 2024-04-25 14:28:48 --> Session: Class initialized using 'CodeIgniter\Session\Handlers\FileHandler' driver.
INFO - 2024-04-25 14:28:48 --> Session: Class initialized using 'CodeIgniter\Session\Handlers\FileHandler' driver.
CRITICAL - 2024-04-25 14:28:48 --> Undefined variable $course_teacher_id
in APPPATH\Controllers\HomepageController.php on line 39.
 1 APPPATH\Controllers\HomepageController.php(39): CodeIgniter\Debug\Exceptions->errorHandler(2, 'Undefined variable $course_teacher_id', 'D:\\laragon\\www\\SchoolingTime\\app\\Controllers\\HomepageController.php', 39)
 2 SYSTEMPATH\CodeIgniter.php(942): App\Controllers\HomepageController->Course_details_view('homepage_assets', 'img', 'logo.png')
 3 SYSTEMPATH\CodeIgniter.php(502): CodeIgniter\CodeIgniter->runController(Object(App\Controllers\HomepageController))
 4 SYSTEMPATH\CodeIgniter.php(361): CodeIgniter\CodeIgniter->handleRequest(null, Object(Config\Cache), false)
 5 FCPATH\index.php(79): CodeIgniter\CodeIgniter->run()
INFO - 2024-04-25 14:28:49 --> Session: Class initialized using 'CodeIgniter\Session\Handlers\FileHandler' driver.
CRITICAL - 2024-04-25 14:28:49 --> Undefined variable $course_teacher_id
in APPPATH\Controllers\HomepageController.php on line 39.
 1 APPPATH\Controllers\HomepageController.php(39): CodeIgniter\Debug\Exceptions->errorHandler(2, 'Undefined variable $course_teacher_id', 'D:\\laragon\\www\\SchoolingTime\\app\\Controllers\\HomepageController.php', 39)
 2 SYSTEMPATH\CodeIgniter.php(942): App\Controllers\HomepageController->Course_details_view('homepage_assets', 'img', 'favicon.png')
 3 SYSTEMPATH\CodeIgniter.php(502): CodeIgniter\CodeIgniter->runController(Object(App\Controllers\HomepageController))
 4 SYSTEMPATH\CodeIgniter.php(361): CodeIgniter\CodeIgniter->handleRequest(null, Object(Config\Cache), false)
 5 FCPATH\index.php(79): CodeIgniter\CodeIgniter->run()
INFO - 2024-04-25 14:28:49 --> Session: Class initialized using 'CodeIgniter\Session\Handlers\FileHandler' driver.
CRITICAL - 2024-04-25 14:28:49 --> Undefined variable $course_teacher_id
in APPPATH\Controllers\HomepageController.php on line 39.
 1 APPPATH\Controllers\HomepageController.php(39): CodeIgniter\Debug\Exceptions->errorHandler(2, 'Undefined variable $course_teacher_id', 'D:\\laragon\\www\\SchoolingTime\\app\\Controllers\\HomepageController.php', 39)
 2 SYSTEMPATH\CodeIgniter.php(942): App\Controllers\HomepageController->Course_details_view('homepage_assets', 'img', 'apple-touch-icon.png')
 3 SYSTEMPATH\CodeIgniter.php(502): CodeIgniter\CodeIgniter->runController(Object(App\Controllers\HomepageController))
 4 SYSTEMPATH\CodeIgniter.php(361): CodeIgniter\CodeIgniter->handleRequest(null, Object(Config\Cache), false)
 5 FCPATH\index.php(79): CodeIgniter\CodeIgniter->run()
INFO - 2024-04-25 14:29:00 --> Session: Class initialized using 'CodeIgniter\Session\Handlers\FileHandler' driver.
INFO - 2024-04-25 14:29:04 --> Session: Class initialized using 'CodeIgniter\Session\Handlers\FileHandler' driver.
INFO - 2024-04-25 14:29:05 --> Session: Class initialized using 'CodeIgniter\Session\Handlers\FileHandler' driver.
INFO - 2024-04-25 14:29:23 --> Session: Class initialized using 'CodeIgniter\Session\Handlers\FileHandler' driver.
INFO - 2024-04-25 14:29:24 --> Session: Class initialized using 'CodeIgniter\Session\Handlers\FileHandler' driver.
INFO - 2024-04-25 14:29:29 --> Session: Class initialized using 'CodeIgniter\Session\Handlers\FileHandler' driver.
INFO - 2024-04-25 14:29:33 --> Session: Class initialized using 'CodeIgniter\Session\Handlers\FileHandler' driver.
INFO - 2024-04-25 14:29:33 --> Session: Class initialized using 'CodeIgniter\Session\Handlers\FileHandler' driver.
CRITICAL - 2024-04-25 14:29:33 --> Undefined variable $course_teacher_id
in APPPATH\Controllers\HomepageController.php on line 39.
 1 APPPATH\Controllers\HomepageController.php(39): CodeIgniter\Debug\Exceptions->errorHandler(2, 'Undefined variable $course_teacher_id', 'D:\\laragon\\www\\SchoolingTime\\app\\Controllers\\HomepageController.php', 39)
 2 SYSTEMPATH\CodeIgniter.php(942): App\Controllers\HomepageController->Course_details_view('homepage_assets', 'img', 'logo.png')
 3 SYSTEMPATH\CodeIgniter.php(502): CodeIgniter\CodeIgniter->runController(Object(App\Controllers\HomepageController))
 4 SYSTEMPATH\CodeIgniter.php(361): CodeIgniter\CodeIgniter->handleRequest(null, Object(Config\Cache), false)
 5 FCPATH\index.php(79): CodeIgniter\CodeIgniter->run()
INFO - 2024-04-25 14:29:34 --> Session: Class initialized using 'CodeIgniter\Session\Handlers\FileHandler' driver.
CRITICAL - 2024-04-25 14:29:34 --> Undefined variable $course_teacher_id
in APPPATH\Controllers\HomepageController.php on line 39.
 1 APPPATH\Controllers\HomepageController.php(39): CodeIgniter\Debug\Exceptions->errorHandler(2, 'Undefined variable $course_teacher_id', 'D:\\laragon\\www\\SchoolingTime\\app\\Controllers\\HomepageController.php', 39)
 2 SYSTEMPATH\CodeIgniter.php(942): App\Controllers\HomepageController->Course_details_view('homepage_assets', 'img', 'favicon.png')
 3 SYSTEMPATH\CodeIgniter.php(502): CodeIgniter\CodeIgniter->runController(Object(App\Controllers\HomepageController))
 4 SYSTEMPATH\CodeIgniter.php(361): CodeIgniter\CodeIgniter->handleRequest(null, Object(Config\Cache), false)
 5 FCPATH\index.php(79): CodeIgniter\CodeIgniter->run()
INFO - 2024-04-25 14:29:34 --> Session: Class initialized using 'CodeIgniter\Session\Handlers\FileHandler' driver.
CRITICAL - 2024-04-25 14:29:34 --> Undefined variable $course_teacher_id
in APPPATH\Controllers\HomepageController.php on line 39.
 1 APPPATH\Controllers\HomepageController.php(39): CodeIgniter\Debug\Exceptions->errorHandler(2, 'Undefined variable $course_teacher_id', 'D:\\laragon\\www\\SchoolingTime\\app\\Controllers\\HomepageController.php', 39)
 2 SYSTEMPATH\CodeIgniter.php(942): App\Controllers\HomepageController->Course_details_view('homepage_assets', 'img', 'apple-touch-icon.png')
 3 SYSTEMPATH\CodeIgniter.php(502): CodeIgniter\CodeIgniter->runController(Object(App\Controllers\HomepageController))
 4 SYSTEMPATH\CodeIgniter.php(361): CodeIgniter\CodeIgniter->handleRequest(null, Object(Config\Cache), false)
 5 FCPATH\index.php(79): CodeIgniter\CodeIgniter->run()
INFO - 2024-04-25 14:29:36 --> Session: Class initialized using 'CodeIgniter\Session\Handlers\FileHandler' driver.
INFO - 2024-04-25 14:29:37 --> Session: Class initialized using 'CodeIgniter\Session\Handlers\FileHandler' driver.
INFO - 2024-04-25 14:29:46 --> Session: Class initialized using 'CodeIgniter\Session\Handlers\FileHandler' driver.
INFO - 2024-04-25 14:32:02 --> Session: Class initialized using 'CodeIgniter\Session\Handlers\FileHandler' driver.
INFO - 2024-04-25 14:32:06 --> Session: Class initialized using 'CodeIgniter\Session\Handlers\FileHandler' driver.
INFO - 2024-04-25 14:32:07 --> Session: Class initialized using 'CodeIgniter\Session\Handlers\FileHandler' driver.
CRITICAL - 2024-04-25 14:32:07 --> Undefined variable $course_teacher_id
in APPPATH\Controllers\HomepageController.php on line 39.
 1 APPPATH\Controllers\HomepageController.php(39): CodeIgniter\Debug\Exceptions->errorHandler(2, 'Undefined variable $course_teacher_id', 'D:\\laragon\\www\\SchoolingTime\\app\\Controllers\\HomepageController.php', 39)
 2 SYSTEMPATH\CodeIgniter.php(942): App\Controllers\HomepageController->Course_details_view('homepage_assets', 'img', 'logo.png')
 3 SYSTEMPATH\CodeIgniter.php(502): CodeIgniter\CodeIgniter->runController(Object(App\Controllers\HomepageController))
 4 SYSTEMPATH\CodeIgniter.php(361): CodeIgniter\CodeIgniter->handleRequest(null, Object(Config\Cache), false)
 5 FCPATH\index.php(79): CodeIgniter\CodeIgniter->run()
INFO - 2024-04-25 14:32:08 --> Session: Class initialized using 'CodeIgniter\Session\Handlers\FileHandler' driver.
CRITICAL - 2024-04-25 14:32:08 --> Undefined variable $course_teacher_id
in APPPATH\Controllers\HomepageController.php on line 39.
 1 APPPATH\Controllers\HomepageController.php(39): CodeIgniter\Debug\Exceptions->errorHandler(2, 'Undefined variable $course_teacher_id', 'D:\\laragon\\www\\SchoolingTime\\app\\Controllers\\HomepageController.php', 39)
 2 SYSTEMPATH\CodeIgniter.php(942): App\Controllers\HomepageController->Course_details_view('homepage_assets', 'img', 'apple-touch-icon.png')
 3 SYSTEMPATH\CodeIgniter.php(502): CodeIgniter\CodeIgniter->runController(Object(App\Controllers\HomepageController))
 4 SYSTEMPATH\CodeIgniter.php(361): CodeIgniter\CodeIgniter->handleRequest(null, Object(Config\Cache), false)
 5 FCPATH\index.php(79): CodeIgniter\CodeIgniter->run()
INFO - 2024-04-25 14:32:08 --> Session: Class initialized using 'CodeIgniter\Session\Handlers\FileHandler' driver.
CRITICAL - 2024-04-25 14:32:08 --> Undefined variable $course_teacher_id
in APPPATH\Controllers\HomepageController.php on line 39.
 1 APPPATH\Controllers\HomepageController.php(39): CodeIgniter\Debug\Exceptions->errorHandler(2, 'Undefined variable $course_teacher_id', 'D:\\laragon\\www\\SchoolingTime\\app\\Controllers\\HomepageController.php', 39)
 2 SYSTEMPATH\CodeIgniter.php(942): App\Controllers\HomepageController->Course_details_view('homepage_assets', 'img', 'favicon.png')
 3 SYSTEMPATH\CodeIgniter.php(502): CodeIgniter\CodeIgniter->runController(Object(App\Controllers\HomepageController))
 4 SYSTEMPATH\CodeIgniter.php(361): CodeIgniter\CodeIgniter->handleRequest(null, Object(Config\Cache), false)
 5 FCPATH\index.php(79): CodeIgniter\CodeIgniter->run()
INFO - 2024-04-25 14:32:10 --> Session: Class initialized using 'CodeIgniter\Session\Handlers\FileHandler' driver.
INFO - 2024-04-25 14:32:17 --> Session: Class initialized using 'CodeIgniter\Session\Handlers\FileHandler' driver.
INFO - 2024-04-25 14:32:20 --> Session: Class initialized using 'CodeIgniter\Session\Handlers\FileHandler' driver.
INFO - 2024-04-25 14:32:22 --> Session: Class initialized using 'CodeIgniter\Session\Handlers\FileHandler' driver.
INFO - 2024-04-25 14:32:25 --> Session: Class initialized using 'CodeIgniter\Session\Handlers\FileHandler' driver.
INFO - 2024-04-25 14:32:26 --> Session: Class initialized using 'CodeIgniter\Session\Handlers\FileHandler' driver.
CRITICAL - 2024-04-25 14:32:26 --> Undefined variable $course_teacher_id
in APPPATH\Controllers\HomepageController.php on line 39.
 1 APPPATH\Controllers\HomepageController.php(39): CodeIgniter\Debug\Exceptions->errorHandler(2, 'Undefined variable $course_teacher_id', 'D:\\laragon\\www\\SchoolingTime\\app\\Controllers\\HomepageController.php', 39)
 2 SYSTEMPATH\CodeIgniter.php(942): App\Controllers\HomepageController->Course_details_view('homepage_assets', 'img', 'logo.png')
 3 SYSTEMPATH\CodeIgniter.php(502): CodeIgniter\CodeIgniter->runController(Object(App\Controllers\HomepageController))
 4 SYSTEMPATH\CodeIgniter.php(361): CodeIgniter\CodeIgniter->handleRequest(null, Object(Config\Cache), false)
 5 FCPATH\index.php(79): CodeIgniter\CodeIgniter->run()
INFO - 2024-04-25 14:32:26 --> Session: Class initialized using 'CodeIgniter\Session\Handlers\FileHandler' driver.
CRITICAL - 2024-04-25 14:32:26 --> Undefined variable $course_teacher_id
in APPPATH\Controllers\HomepageController.php on line 39.
 1 APPPATH\Controllers\HomepageController.php(39): CodeIgniter\Debug\Exceptions->errorHandler(2, 'Undefined variable $course_teacher_id', 'D:\\laragon\\www\\SchoolingTime\\app\\Controllers\\HomepageController.php', 39)
 2 SYSTEMPATH\CodeIgniter.php(942): App\Controllers\HomepageController->Course_details_view('homepage_assets', 'img', 'favicon.png')
 3 SYSTEMPATH\CodeIgniter.php(502): CodeIgniter\CodeIgniter->runController(Object(App\Controllers\HomepageController))
 4 SYSTEMPATH\CodeIgniter.php(361): CodeIgniter\CodeIgniter->handleRequest(null, Object(Config\Cache), false)
 5 FCPATH\index.php(79): CodeIgniter\CodeIgniter->run()
INFO - 2024-04-25 14:32:26 --> Session: Class initialized using 'CodeIgniter\Session\Handlers\FileHandler' driver.
CRITICAL - 2024-04-25 14:32:26 --> Undefined variable $course_teacher_id
in APPPATH\Controllers\HomepageController.php on line 39.
 1 APPPATH\Controllers\HomepageController.php(39): CodeIgniter\Debug\Exceptions->errorHandler(2, 'Undefined variable $course_teacher_id', 'D:\\laragon\\www\\SchoolingTime\\app\\Controllers\\HomepageController.php', 39)
 2 SYSTEMPATH\CodeIgniter.php(942): App\Controllers\HomepageController->Course_details_view('homepage_assets', 'img', 'apple-touch-icon.png')
 3 SYSTEMPATH\CodeIgniter.php(502): CodeIgniter\CodeIgniter->runController(Object(App\Controllers\HomepageController))
 4 SYSTEMPATH\CodeIgniter.php(361): CodeIgniter\CodeIgniter->handleRequest(null, Object(Config\Cache), false)
 5 FCPATH\index.php(79): CodeIgniter\CodeIgniter->run()
INFO - 2024-04-25 14:32:28 --> Session: Class initialized using 'CodeIgniter\Session\Handlers\FileHandler' driver.
INFO - 2024-04-25 14:32:29 --> Session: Class initialized using 'CodeIgniter\Session\Handlers\FileHandler' driver.
INFO - 2024-04-25 14:32:34 --> Session: Class initialized using 'CodeIgniter\Session\Handlers\FileHandler' driver.
INFO - 2024-04-25 14:32:36 --> Session: Class initialized using 'CodeIgniter\Session\Handlers\FileHandler' driver.
INFO - 2024-04-25 14:32:37 --> Session: Class initialized using 'CodeIgniter\Session\Handlers\FileHandler' driver.
CRITICAL - 2024-04-25 14:32:37 --> Undefined variable $course_teacher_id
in APPPATH\Controllers\HomepageController.php on line 39.
 1 APPPATH\Controllers\HomepageController.php(39): CodeIgniter\Debug\Exceptions->errorHandler(2, 'Undefined variable $course_teacher_id', 'D:\\laragon\\www\\SchoolingTime\\app\\Controllers\\HomepageController.php', 39)
 2 SYSTEMPATH\CodeIgniter.php(942): App\Controllers\HomepageController->Course_details_view('homepage_assets', 'img', 'logo.png')
 3 SYSTEMPATH\CodeIgniter.php(502): CodeIgniter\CodeIgniter->runController(Object(App\Controllers\HomepageController))
 4 SYSTEMPATH\CodeIgniter.php(361): CodeIgniter\CodeIgniter->handleRequest(null, Object(Config\Cache), false)
 5 FCPATH\index.php(79): CodeIgniter\CodeIgniter->run()
INFO - 2024-04-25 14:32:37 --> Session: Class initialized using 'CodeIgniter\Session\Handlers\FileHandler' driver.
CRITICAL - 2024-04-25 14:32:37 --> Undefined variable $course_teacher_id
in APPPATH\Controllers\HomepageController.php on line 39.
 1 APPPATH\Controllers\HomepageController.php(39): CodeIgniter\Debug\Exceptions->errorHandler(2, 'Undefined variable $course_teacher_id', 'D:\\laragon\\www\\SchoolingTime\\app\\Controllers\\HomepageController.php', 39)
 2 SYSTEMPATH\CodeIgniter.php(942): App\Controllers\HomepageController->Course_details_view('homepage_assets', 'img', 'apple-touch-icon.png')
 3 SYSTEMPATH\CodeIgniter.php(502): CodeIgniter\CodeIgniter->runController(Object(App\Controllers\HomepageController))
 4 SYSTEMPATH\CodeIgniter.php(361): CodeIgniter\CodeIgniter->handleRequest(null, Object(Config\Cache), false)
 5 FCPATH\index.php(79): CodeIgniter\CodeIgniter->run()
INFO - 2024-04-25 14:32:37 --> Session: Class initialized using 'CodeIgniter\Session\Handlers\FileHandler' driver.
CRITICAL - 2024-04-25 14:32:38 --> Undefined variable $course_teacher_id
in APPPATH\Controllers\HomepageController.php on line 39.
 1 APPPATH\Controllers\HomepageController.php(39): CodeIgniter\Debug\Exceptions->errorHandler(2, 'Undefined variable $course_teacher_id', 'D:\\laragon\\www\\SchoolingTime\\app\\Controllers\\HomepageController.php', 39)
 2 SYSTEMPATH\CodeIgniter.php(942): App\Controllers\HomepageController->Course_details_view('homepage_assets', 'img', 'favicon.png')
 3 SYSTEMPATH\CodeIgniter.php(502): CodeIgniter\CodeIgniter->runController(Object(App\Controllers\HomepageController))
 4 SYSTEMPATH\CodeIgniter.php(361): CodeIgniter\CodeIgniter->handleRequest(null, Object(Config\Cache), false)
 5 FCPATH\index.php(79): CodeIgniter\CodeIgniter->run()
INFO - 2024-04-25 14:32:40 --> Session: Class initialized using 'CodeIgniter\Session\Handlers\FileHandler' driver.
INFO - 2024-04-25 14:32:40 --> Session: Class initialized using 'CodeIgniter\Session\Handlers\FileHandler' driver.
INFO - 2024-04-25 14:32:47 --> Session: Class initialized using 'CodeIgniter\Session\Handlers\FileHandler' driver.
INFO - 2024-04-25 15:38:37 --> Session: Class initialized using 'CodeIgniter\Session\Handlers\FileHandler' driver.
INFO - 2024-04-25 15:38:46 --> Session: Class initialized using 'CodeIgniter\Session\Handlers\FileHandler' driver.
INFO - 2024-04-25 15:38:46 --> Session: Class initialized using 'CodeIgniter\Session\Handlers\FileHandler' driver.
CRITICAL - 2024-04-25 15:38:46 --> Undefined variable $course_teacher_id
in APPPATH\Controllers\HomepageController.php on line 39.
 1 APPPATH\Controllers\HomepageController.php(39): CodeIgniter\Debug\Exceptions->errorHandler(2, 'Undefined variable $course_teacher_id', 'D:\\laragon\\www\\SchoolingTime\\app\\Controllers\\HomepageController.php', 39)
 2 SYSTEMPATH\CodeIgniter.php(942): App\Controllers\HomepageController->Course_details_view('homepage_assets', 'img', 'logo.png')
 3 SYSTEMPATH\CodeIgniter.php(502): CodeIgniter\CodeIgniter->runController(Object(App\Controllers\HomepageController))
 4 SYSTEMPATH\CodeIgniter.php(361): CodeIgniter\CodeIgniter->handleRequest(null, Object(Config\Cache), false)
 5 FCPATH\index.php(79): CodeIgniter\CodeIgniter->run()
INFO - 2024-04-25 15:38:47 --> Session: Class initialized using 'CodeIgniter\Session\Handlers\FileHandler' driver.
CRITICAL - 2024-04-25 15:38:47 --> Undefined variable $course_teacher_id
in APPPATH\Controllers\HomepageController.php on line 39.
 1 APPPATH\Controllers\HomepageController.php(39): CodeIgniter\Debug\Exceptions->errorHandler(2, 'Undefined variable $course_teacher_id', 'D:\\laragon\\www\\SchoolingTime\\app\\Controllers\\HomepageController.php', 39)
 2 SYSTEMPATH\CodeIgniter.php(942): App\Controllers\HomepageController->Course_details_view('homepage_assets', 'img', 'favicon.png')
 3 SYSTEMPATH\CodeIgniter.php(502): CodeIgniter\CodeIgniter->runController(Object(App\Controllers\HomepageController))
 4 SYSTEMPATH\CodeIgniter.php(361): CodeIgniter\CodeIgniter->handleRequest(null, Object(Config\Cache), false)
 5 FCPATH\index.php(79): CodeIgniter\CodeIgniter->run()
INFO - 2024-04-25 15:38:47 --> Session: Class initialized using 'CodeIgniter\Session\Handlers\FileHandler' driver.
CRITICAL - 2024-04-25 15:38:47 --> Undefined variable $course_teacher_id
in APPPATH\Controllers\HomepageController.php on line 39.
 1 APPPATH\Controllers\HomepageController.php(39): CodeIgniter\Debug\Exceptions->errorHandler(2, 'Undefined variable $course_teacher_id', 'D:\\laragon\\www\\SchoolingTime\\app\\Controllers\\HomepageController.php', 39)
 2 SYSTEMPATH\CodeIgniter.php(942): App\Controllers\HomepageController->Course_details_view('homepage_assets', 'img', 'apple-touch-icon.png')
 3 SYSTEMPATH\CodeIgniter.php(502): CodeIgniter\CodeIgniter->runController(Object(App\Controllers\HomepageController))
 4 SYSTEMPATH\CodeIgniter.php(361): CodeIgniter\CodeIgniter->handleRequest(null, Object(Config\Cache), false)
 5 FCPATH\index.php(79): CodeIgniter\CodeIgniter->run()
INFO - 2024-04-25 15:38:50 --> Session: Class initialized using 'CodeIgniter\Session\Handlers\FileHandler' driver.
INFO - 2024-04-25 15:38:50 --> Session: Class initialized using 'CodeIgniter\Session\Handlers\FileHandler' driver.
INFO - 2024-04-25 15:38:53 --> Session: Class initialized using 'CodeIgniter\Session\Handlers\FileHandler' driver.
INFO - 2024-04-25 15:38:56 --> Session: Class initialized using 'CodeIgniter\Session\Handlers\FileHandler' driver.
INFO - 2024-04-25 15:47:33 --> Session: Class initialized using 'CodeIgniter\Session\Handlers\FileHandler' driver.
INFO - 2024-04-25 15:47:35 --> Session: Class initialized using 'CodeIgniter\Session\Handlers\FileHandler' driver.
INFO - 2024-04-25 15:47:39 --> Session: Class initialized using 'CodeIgniter\Session\Handlers\FileHandler' driver.
INFO - 2024-04-25 15:47:55 --> Session: Class initialized using 'CodeIgniter\Session\Handlers\FileHandler' driver.
INFO - 2024-04-25 15:48:45 --> Session: Class initialized using 'CodeIgniter\Session\Handlers\FileHandler' driver.
INFO - 2024-04-25 15:48:50 --> Session: Class initialized using 'CodeIgniter\Session\Handlers\FileHandler' driver.
INFO - 2024-04-25 16:04:27 --> Session: Class initialized using 'CodeIgniter\Session\Handlers\FileHandler' driver.
INFO - 2024-04-25 16:04:56 --> Session: Class initialized using 'CodeIgniter\Session\Handlers\FileHandler' driver.
INFO - 2024-04-25 16:05:38 --> Session: Class initialized using 'CodeIgniter\Session\Handlers\FileHandler' driver.
INFO - 2024-04-25 16:06:09 --> Session: Class initialized using 'CodeIgniter\Session\Handlers\FileHandler' driver.
INFO - 2024-04-25 16:06:15 --> Session: Class initialized using 'CodeIgniter\Session\Handlers\FileHandler' driver.
INFO - 2024-04-25 16:06:42 --> Session: Class initialized using 'CodeIgniter\Session\Handlers\FileHandler' driver.
INFO - 2024-04-25 16:06:45 --> Session: Class initialized using 'CodeIgniter\Session\Handlers\FileHandler' driver.
INFO - 2024-04-25 16:06:48 --> Session: Class initialized using 'CodeIgniter\Session\Handlers\FileHandler' driver.
INFO - 2024-04-25 16:07:02 --> Session: Class initialized using 'CodeIgniter\Session\Handlers\FileHandler' driver.
INFO - 2024-04-25 16:07:08 --> Session: Class initialized using 'CodeIgniter\Session\Handlers\FileHandler' driver.
INFO - 2024-04-25 16:07:46 --> Session: Class initialized using 'CodeIgniter\Session\Handlers\FileHandler' driver.
INFO - 2024-04-25 16:27:24 --> Session: Class initialized using 'CodeIgniter\Session\Handlers\FileHandler' driver.
INFO - 2024-04-25 16:37:10 --> Session: Class initialized using 'CodeIgniter\Session\Handlers\FileHandler' driver.
INFO - 2024-04-25 16:42:29 --> Session: Class initialized using 'CodeIgniter\Session\Handlers\FileHandler' driver.
INFO - 2024-04-25 16:43:29 --> Session: Class initialized using 'CodeIgniter\Session\Handlers\FileHandler' driver.
INFO - 2024-04-25 16:43:39 --> Session: Class initialized using 'CodeIgniter\Session\Handlers\FileHandler' driver.
INFO - 2024-04-25 16:47:07 --> Session: Class initialized using 'CodeIgniter\Session\Handlers\FileHandler' driver.
INFO - 2024-04-25 16:47:45 --> Session: Class initialized using 'CodeIgniter\Session\Handlers\FileHandler' driver.
INFO - 2024-04-25 16:48:29 --> Session: Class initialized using 'CodeIgniter\Session\Handlers\FileHandler' driver.
INFO - 2024-04-25 16:51:53 --> Session: Class initialized using 'CodeIgniter\Session\Handlers\FileHandler' driver.
INFO - 2024-04-25 16:56:55 --> Session: Class initialized using 'CodeIgniter\Session\Handlers\FileHandler' driver.
INFO - 2024-04-25 16:57:00 --> Session: Class initialized using 'CodeIgniter\Session\Handlers\FileHandler' driver.
INFO - 2024-04-25 16:57:03 --> Session: Class initialized using 'CodeIgniter\Session\Handlers\FileHandler' driver.
INFO - 2024-04-25 16:57:07 --> Session: Class initialized using 'CodeIgniter\Session\Handlers\FileHandler' driver.
INFO - 2024-04-25 16:58:05 --> Session: Class initialized using 'CodeIgniter\Session\Handlers\FileHandler' driver.
INFO - 2024-04-25 16:59:27 --> Session: Class initialized using 'CodeIgniter\Session\Handlers\FileHandler' driver.
INFO - 2024-04-25 16:59:31 --> Session: Class initialized using 'CodeIgniter\Session\Handlers\FileHandler' driver.
INFO - 2024-04-25 16:59:33 --> Session: Class initialized using 'CodeIgniter\Session\Handlers\FileHandler' driver.
INFO - 2024-04-25 17:07:08 --> Session: Class initialized using 'CodeIgniter\Session\Handlers\FileHandler' driver.
INFO - 2024-04-25 17:07:55 --> Session: Class initialized using 'CodeIgniter\Session\Handlers\FileHandler' driver.
CRITICAL - 2024-04-25 17:07:55 --> Undefined array key "student_id"
in APPPATH\Controllers\CheckoutController.php on line 14.
 1 APPPATH\Controllers\CheckoutController.php(14): CodeIgniter\Debug\Exceptions->errorHandler(2, 'Undefined array key "student_id"', 'D:\\laragon\\www\\SchoolingTime\\app\\Controllers\\CheckoutController.php', 14)
 2 SYSTEMPATH\CodeIgniter.php(942): App\Controllers\CheckoutController->index()
 3 SYSTEMPATH\CodeIgniter.php(502): CodeIgniter\CodeIgniter->runController(Object(App\Controllers\CheckoutController))
 4 SYSTEMPATH\CodeIgniter.php(361): CodeIgniter\CodeIgniter->handleRequest(null, Object(Config\Cache), false)
 5 FCPATH\index.php(79): CodeIgniter\CodeIgniter->run()
INFO - 2024-04-25 17:13:44 --> Session: Class initialized using 'CodeIgniter\Session\Handlers\FileHandler' driver.
INFO - 2024-04-25 17:14:14 --> Session: Class initialized using 'CodeIgniter\Session\Handlers\FileHandler' driver.
INFO - 2024-04-25 17:14:17 --> Session: Class initialized using 'CodeIgniter\Session\Handlers\FileHandler' driver.
INFO - 2024-04-25 17:14:19 --> Session: Class initialized using 'CodeIgniter\Session\Handlers\FileHandler' driver.
INFO - 2024-04-25 17:15:49 --> Session: Class initialized using 'CodeIgniter\Session\Handlers\FileHandler' driver.
INFO - 2024-04-25 17:15:50 --> Session: Class initialized using 'CodeIgniter\Session\Handlers\FileHandler' driver.
INFO - 2024-04-25 17:15:52 --> Session: Class initialized using 'CodeIgniter\Session\Handlers\FileHandler' driver.
INFO - 2024-04-25 17:16:04 --> Session: Class initialized using 'CodeIgniter\Session\Handlers\FileHandler' driver.
INFO - 2024-04-25 17:16:05 --> Session: Class initialized using 'CodeIgniter\Session\Handlers\FileHandler' driver.
INFO - 2024-04-25 17:16:36 --> Session: Class initialized using 'CodeIgniter\Session\Handlers\FileHandler' driver.
INFO - 2024-04-25 17:16:36 --> Session: Class initialized using 'CodeIgniter\Session\Handlers\FileHandler' driver.
INFO - 2024-04-25 17:17:16 --> Session: Class initialized using 'CodeIgniter\Session\Handlers\FileHandler' driver.
INFO - 2024-04-25 17:17:26 --> Session: Class initialized using 'CodeIgniter\Session\Handlers\FileHandler' driver.
INFO - 2024-04-25 17:19:35 --> Session: Class initialized using 'CodeIgniter\Session\Handlers\FileHandler' driver.
INFO - 2024-04-25 17:19:40 --> Session: Class initialized using 'CodeIgniter\Session\Handlers\FileHandler' driver.
INFO - 2024-04-25 17:20:48 --> Session: Class initialized using 'CodeIgniter\Session\Handlers\FileHandler' driver.
INFO - 2024-04-25 17:23:38 --> Session: Class initialized using 'CodeIgniter\Session\Handlers\FileHandler' driver.
INFO - 2024-04-25 17:23:58 --> Session: Class initialized using 'CodeIgniter\Session\Handlers\FileHandler' driver.
INFO - 2024-04-25 17:23:58 --> Session: Class initialized using 'CodeIgniter\Session\Handlers\FileHandler' driver.
ERROR - 2024-04-25 17:23:58 --> mysqli_sql_exception: Table 'school_tutor_db.selected_course_by_student' doesn't exist in D:\laragon\www\SchoolingTime\vendor\codeigniter4\framework\system\Database\MySQLi\Connection.php:306
Stack trace:
#0 D:\laragon\www\SchoolingTime\vendor\codeigniter4\framework\system\Database\MySQLi\Connection.php(306): mysqli->query('SELECT course_i...', 0)
#1 D:\laragon\www\SchoolingTime\vendor\codeigniter4\framework\system\Database\BaseConnection.php(693): CodeIgniter\Database\MySQLi\Connection->execute('SELECT course_i...')
#2 D:\laragon\www\SchoolingTime\vendor\codeigniter4\framework\system\Database\BaseConnection.php(607): CodeIgniter\Database\BaseConnection->simpleQuery('SELECT course_i...')
#3 D:\laragon\www\SchoolingTime\app\Controllers\TeacherDashboardController.php(36): CodeIgniter\Database\BaseConnection->query('SELECT course_i...')
#4 D:\laragon\www\SchoolingTime\vendor\codeigniter4\framework\system\CodeIgniter.php(942): App\Controllers\TeacherDashboardController->index()
#5 D:\laragon\www\SchoolingTime\vendor\codeigniter4\framework\system\CodeIgniter.php(502): CodeIgniter\CodeIgniter->runController(Object(App\Controllers\TeacherDashboardController))
#6 D:\laragon\www\SchoolingTime\vendor\codeigniter4\framework\system\CodeIgniter.php(361): CodeIgniter\CodeIgniter->handleRequest(NULL, Object(Config\Cache), false)
#7 D:\laragon\www\SchoolingTime\index.php(79): CodeIgniter\CodeIgniter->run()
#8 {main}
CRITICAL - 2024-04-25 17:23:58 --> Table 'school_tutor_db.selected_course_by_student' doesn't exist
in SYSTEMPATH\Database\BaseConnection.php on line 647.
 1 APPPATH\Controllers\TeacherDashboardController.php(36): CodeIgniter\Database\BaseConnection->query('SELECT course_id, COUNT(selected_student_id) AS Course_enrolled_student_number
                FROM selected_course_by_student
                WHERE selected_teacher_id = \'TEA2411390622\'
                GROUP BY course_id; ')
 2 SYSTEMPATH\CodeIgniter.php(942): App\Controllers\TeacherDashboardController->index()
 3 SYSTEMPATH\CodeIgniter.php(502): CodeIgniter\CodeIgniter->runController(Object(App\Controllers\TeacherDashboardController))
 4 SYSTEMPATH\CodeIgniter.php(361): CodeIgniter\CodeIgniter->handleRequest(null, Object(Config\Cache), false)
 5 FCPATH\index.php(79): CodeIgniter\CodeIgniter->run()
INFO - 2024-04-25 17:28:41 --> Session: Class initialized using 'CodeIgniter\Session\Handlers\FileHandler' driver.
CRITICAL - 2024-04-25 17:28:41 --> Undefined variable $student_list_show
in APPPATH\Views\teacher\teacherDashboardView.php on line 64.
 1 APPPATH\Views\teacher\teacherDashboardView.php(64): CodeIgniter\Debug\Exceptions->errorHandler(2, 'Undefined variable $student_list_show', 'D:\\laragon\\www\\SchoolingTime\\app\\Views\\teacher\\teacherDashboardView.php', 64)
 2 SYSTEMPATH\View\View.php(228): include('D:\\laragon\\www\\SchoolingTime\\app\\Views\\teacher\\teacherDashboardView.php')
 3 SYSTEMPATH\View\View.php(231): CodeIgniter\View\View->CodeIgniter\View\{closure}()
 4 SYSTEMPATH\Common.php(1190): CodeIgniter\View\View->render('teacher/teacherDashboardView', [], true)
 5 APPPATH\Controllers\TeacherDashboardController.php(40): view('teacher/teacherDashboardView', [...])
 6 SYSTEMPATH\CodeIgniter.php(942): App\Controllers\TeacherDashboardController->index()
 7 SYSTEMPATH\CodeIgniter.php(502): CodeIgniter\CodeIgniter->runController(Object(App\Controllers\TeacherDashboardController))
 8 SYSTEMPATH\CodeIgniter.php(361): CodeIgniter\CodeIgniter->handleRequest(null, Object(Config\Cache), false)
 9 FCPATH\index.php(79): CodeIgniter\CodeIgniter->run()
INFO - 2024-04-25 17:30:48 --> Session: Class initialized using 'CodeIgniter\Session\Handlers\FileHandler' driver.
INFO - 2024-04-25 17:31:26 --> Session: Class initialized using 'CodeIgniter\Session\Handlers\FileHandler' driver.
INFO - 2024-04-25 17:31:29 --> Session: Class initialized using 'CodeIgniter\Session\Handlers\FileHandler' driver.
INFO - 2024-04-25 17:31:34 --> Session: Class initialized using 'CodeIgniter\Session\Handlers\FileHandler' driver.
INFO - 2024-04-25 17:34:22 --> Session: Class initialized using 'CodeIgniter\Session\Handlers\FileHandler' driver.
INFO - 2024-04-25 17:34:22 --> Session: Class initialized using 'CodeIgniter\Session\Handlers\FileHandler' driver.
