INFO - 2026-01-27 09:56:08 --> Session: Class initialized using 'CodeIgniter\Session\Handlers\FileHandler' driver.
INFO - 2026-01-27 09:56:35 --> Session: Class initialized using 'CodeIgniter\Session\Handlers\FileHandler' driver.
INFO - 2026-01-27 09:56:40 --> Session: Class initialized using 'CodeIgniter\Session\Handlers\FileHandler' driver.
INFO - 2026-01-27 09:56:40 --> Session: Class initialized using 'CodeIgniter\Session\Handlers\FileHandler' driver.
INFO - 2026-01-27 09:56:40 --> Session: Class initialized using 'CodeIgniter\Session\Handlers\FileHandler' driver.
INFO - 2026-01-27 09:56:45 --> Session: Class initialized using 'CodeIgniter\Session\Handlers\FileHandler' driver.
INFO - 2026-01-27 09:56:57 --> Session: Class initialized using 'CodeIgniter\Session\Handlers\FileHandler' driver.
INFO - 2026-01-27 09:57:01 --> Session: Class initialized using 'CodeIgniter\Session\Handlers\FileHandler' driver.
ERROR - 2026-01-27 09:57:01 --> mysqli_sql_exception: Expression #3 of SELECT list is not in GROUP BY clause and contains nonaggregated column 'sctime_db.course_feedback.course_id' which is not functionally dependent on columns in GROUP BY clause; this is incompatible with sql_mode=only_full_group_by in C:\laragon\www\schoolingtime\vendor\codeigniter4\framework\system\Database\MySQLi\Connection.php:306
Stack trace:
#0 C:\laragon\www\schoolingtime\vendor\codeigniter4\framework\system\Database\MySQLi\Connection.php(306): mysqli->query(' SELECT tc.*, r...', 0)
#1 C:\laragon\www\schoolingtime\vendor\codeigniter4\framework\system\Database\BaseConnection.php(693): CodeIgniter\Database\MySQLi\Connection->execute(' SELECT tc.*, r...')
#2 C:\laragon\www\schoolingtime\vendor\codeigniter4\framework\system\Database\BaseConnection.php(607): CodeIgniter\Database\BaseConnection->simpleQuery(' SELECT tc.*, r...')
#3 C:\laragon\www\schoolingtime\app\Controllers\CourseCategoryDetailsController.php(29): CodeIgniter\Database\BaseConnection->query(' SELECT tc.*, r...')
#4 C:\laragon\www\schoolingtime\vendor\codeigniter4\framework\system\CodeIgniter.php(943): App\Controllers\CourseCategoryDetailsController->index()
#5 C:\laragon\www\schoolingtime\vendor\codeigniter4\framework\system\CodeIgniter.php(503): CodeIgniter\CodeIgniter->runController(Object(App\Controllers\CourseCategoryDetailsController))
#6 C:\laragon\www\schoolingtime\vendor\codeigniter4\framework\system\CodeIgniter.php(361): CodeIgniter\CodeIgniter->handleRequest(NULL, Object(Config\Cache), false)
#7 C:\laragon\www\schoolingtime\index.php(79): CodeIgniter\CodeIgniter->run()
#8 {main}
CRITICAL - 2026-01-27 09:57:01 --> CodeIgniter\Database\Exceptions\DatabaseException: Expression #3 of SELECT list is not in GROUP BY clause and contains nonaggregated column 'sctime_db.course_feedback.course_id' which is not functionally dependent on columns in GROUP BY clause; this is incompatible with sql_mode=only_full_group_by
in SYSTEMPATH\Database\BaseConnection.php on line 647.
 1 APPPATH\Controllers\CourseCategoryDetailsController.php(29): CodeIgniter\Database\BaseConnection->query(' SELECT tc.*, rt.feedback_rating,rt.number_of_student,tr.teacher_name,tr.last_educational_institute,tr.teacher_pro_his
        FROM teacher_course AS tc
        LEFT JOIN (SELECT AVG(feedback_rating) AS feedback_rating, COUNT(student_id) AS number_of_student,course_id FROM course_feedback GROUP BY teacher_course_id
        ) AS rt
        ON  rt.course_id = tc.course_id 
        LEFT JOIN ( SELECT teacher_registration.teacher_name, teacher_profile.last_educational_institute,teacher_profile.teacher_pro_his, teacher_registration.teacher_id FROM teacher_registration 
            LEFT JOIN teacher_profile ON teacher_registration.teacher_id = teacher_profile.teacher_id 
        ) AS tr
        ON  tr.teacher_id = tc.course_teacher_id
        WHERE tc.course_status !=\'pending\'')
 2 SYSTEMPATH\CodeIgniter.php(943): App\Controllers\CourseCategoryDetailsController->index()
 3 SYSTEMPATH\CodeIgniter.php(503): CodeIgniter\CodeIgniter->runController(Object(App\Controllers\CourseCategoryDetailsController))
 4 SYSTEMPATH\CodeIgniter.php(361): CodeIgniter\CodeIgniter->handleRequest(null, Object(Config\Cache), false)
 5 FCPATH\index.php(79): CodeIgniter\CodeIgniter->run()
CRITICAL - 2026-01-27 09:57:01 --> [Caused by] CodeIgniter\Database\Exceptions\DatabaseException: Expression #3 of SELECT list is not in GROUP BY clause and contains nonaggregated column 'sctime_db.course_feedback.course_id' which is not functionally dependent on columns in GROUP BY clause; this is incompatible with sql_mode=only_full_group_by
in SYSTEMPATH\Database\MySQLi\Connection.php on line 311.
 1 SYSTEMPATH\Database\BaseConnection.php(693): CodeIgniter\Database\MySQLi\Connection->execute(' SELECT tc.*, rt.feedback_rating,rt.number_of_student,tr.teacher_name,tr.last_educational_institute,tr.teacher_pro_his
        FROM teacher_course AS tc
        LEFT JOIN (SELECT AVG(feedback_rating) AS feedback_rating, COUNT(student_id) AS number_of_student,course_id FROM course_feedback GROUP BY teacher_course_id
        ) AS rt
        ON  rt.course_id = tc.course_id 
        LEFT JOIN ( SELECT teacher_registration.teacher_name, teacher_profile.last_educational_institute,teacher_profile.teacher_pro_his, teacher_registration.teacher_id FROM teacher_registration 
            LEFT JOIN teacher_profile ON teacher_registration.teacher_id = teacher_profile.teacher_id 
        ) AS tr
        ON  tr.teacher_id = tc.course_teacher_id
        WHERE tc.course_status !=\'pending\'')
 2 SYSTEMPATH\Database\BaseConnection.php(607): CodeIgniter\Database\BaseConnection->simpleQuery(' SELECT tc.*, rt.feedback_rating,rt.number_of_student,tr.teacher_name,tr.last_educational_institute,tr.teacher_pro_his
        FROM teacher_course AS tc
        LEFT JOIN (SELECT AVG(feedback_rating) AS feedback_rating, COUNT(student_id) AS number_of_student,course_id FROM course_feedback GROUP BY teacher_course_id
        ) AS rt
        ON  rt.course_id = tc.course_id 
        LEFT JOIN ( SELECT teacher_registration.teacher_name, teacher_profile.last_educational_institute,teacher_profile.teacher_pro_his, teacher_registration.teacher_id FROM teacher_registration 
            LEFT JOIN teacher_profile ON teacher_registration.teacher_id = teacher_profile.teacher_id 
        ) AS tr
        ON  tr.teacher_id = tc.course_teacher_id
        WHERE tc.course_status !=\'pending\'')
 3 APPPATH\Controllers\CourseCategoryDetailsController.php(29): CodeIgniter\Database\BaseConnection->query(' SELECT tc.*, rt.feedback_rating,rt.number_of_student,tr.teacher_name,tr.last_educational_institute,tr.teacher_pro_his
        FROM teacher_course AS tc
        LEFT JOIN (SELECT AVG(feedback_rating) AS feedback_rating, COUNT(student_id) AS number_of_student,course_id FROM course_feedback GROUP BY teacher_course_id
        ) AS rt
        ON  rt.course_id = tc.course_id 
        LEFT JOIN ( SELECT teacher_registration.teacher_name, teacher_profile.last_educational_institute,teacher_profile.teacher_pro_his, teacher_registration.teacher_id FROM teacher_registration 
            LEFT JOIN teacher_profile ON teacher_registration.teacher_id = teacher_profile.teacher_id 
        ) AS tr
        ON  tr.teacher_id = tc.course_teacher_id
        WHERE tc.course_status !=\'pending\'')
 4 SYSTEMPATH\CodeIgniter.php(943): App\Controllers\CourseCategoryDetailsController->index()
 5 SYSTEMPATH\CodeIgniter.php(503): CodeIgniter\CodeIgniter->runController(Object(App\Controllers\CourseCategoryDetailsController))
 6 SYSTEMPATH\CodeIgniter.php(361): CodeIgniter\CodeIgniter->handleRequest(null, Object(Config\Cache), false)
 7 FCPATH\index.php(79): CodeIgniter\CodeIgniter->run()
CRITICAL - 2026-01-27 09:57:01 --> [Caused by] mysqli_sql_exception: Expression #3 of SELECT list is not in GROUP BY clause and contains nonaggregated column 'sctime_db.course_feedback.course_id' which is not functionally dependent on columns in GROUP BY clause; this is incompatible with sql_mode=only_full_group_by
in SYSTEMPATH\Database\MySQLi\Connection.php on line 306.
 1 SYSTEMPATH\Database\MySQLi\Connection.php(306): mysqli->query(' SELECT tc.*, rt.feedback_rating,rt.number_of_student,tr.teacher_name,tr.last_educational_institute,tr.teacher_pro_his
        FROM teacher_course AS tc
        LEFT JOIN (SELECT AVG(feedback_rating) AS feedback_rating, COUNT(student_id) AS number_of_student,course_id FROM course_feedback GROUP BY teacher_course_id
        ) AS rt
        ON  rt.course_id = tc.course_id 
        LEFT JOIN ( SELECT teacher_registration.teacher_name, teacher_profile.last_educational_institute,teacher_profile.teacher_pro_his, teacher_registration.teacher_id FROM teacher_registration 
            LEFT JOIN teacher_profile ON teacher_registration.teacher_id = teacher_profile.teacher_id 
        ) AS tr
        ON  tr.teacher_id = tc.course_teacher_id
        WHERE tc.course_status !=\'pending\'', 0)
 2 SYSTEMPATH\Database\BaseConnection.php(693): CodeIgniter\Database\MySQLi\Connection->execute(' SELECT tc.*, rt.feedback_rating,rt.number_of_student,tr.teacher_name,tr.last_educational_institute,tr.teacher_pro_his
        FROM teacher_course AS tc
        LEFT JOIN (SELECT AVG(feedback_rating) AS feedback_rating, COUNT(student_id) AS number_of_student,course_id FROM course_feedback GROUP BY teacher_course_id
        ) AS rt
        ON  rt.course_id = tc.course_id 
        LEFT JOIN ( SELECT teacher_registration.teacher_name, teacher_profile.last_educational_institute,teacher_profile.teacher_pro_his, teacher_registration.teacher_id FROM teacher_registration 
            LEFT JOIN teacher_profile ON teacher_registration.teacher_id = teacher_profile.teacher_id 
        ) AS tr
        ON  tr.teacher_id = tc.course_teacher_id
        WHERE tc.course_status !=\'pending\'')
 3 SYSTEMPATH\Database\BaseConnection.php(607): CodeIgniter\Database\BaseConnection->simpleQuery(' SELECT tc.*, rt.feedback_rating,rt.number_of_student,tr.teacher_name,tr.last_educational_institute,tr.teacher_pro_his
        FROM teacher_course AS tc
        LEFT JOIN (SELECT AVG(feedback_rating) AS feedback_rating, COUNT(student_id) AS number_of_student,course_id FROM course_feedback GROUP BY teacher_course_id
        ) AS rt
        ON  rt.course_id = tc.course_id 
        LEFT JOIN ( SELECT teacher_registration.teacher_name, teacher_profile.last_educational_institute,teacher_profile.teacher_pro_his, teacher_registration.teacher_id FROM teacher_registration 
            LEFT JOIN teacher_profile ON teacher_registration.teacher_id = teacher_profile.teacher_id 
        ) AS tr
        ON  tr.teacher_id = tc.course_teacher_id
        WHERE tc.course_status !=\'pending\'')
 4 APPPATH\Controllers\CourseCategoryDetailsController.php(29): CodeIgniter\Database\BaseConnection->query(' SELECT tc.*, rt.feedback_rating,rt.number_of_student,tr.teacher_name,tr.last_educational_institute,tr.teacher_pro_his
        FROM teacher_course AS tc
        LEFT JOIN (SELECT AVG(feedback_rating) AS feedback_rating, COUNT(student_id) AS number_of_student,course_id FROM course_feedback GROUP BY teacher_course_id
        ) AS rt
        ON  rt.course_id = tc.course_id 
        LEFT JOIN ( SELECT teacher_registration.teacher_name, teacher_profile.last_educational_institute,teacher_profile.teacher_pro_his, teacher_registration.teacher_id FROM teacher_registration 
            LEFT JOIN teacher_profile ON teacher_registration.teacher_id = teacher_profile.teacher_id 
        ) AS tr
        ON  tr.teacher_id = tc.course_teacher_id
        WHERE tc.course_status !=\'pending\'')
 5 SYSTEMPATH\CodeIgniter.php(943): App\Controllers\CourseCategoryDetailsController->index()
 6 SYSTEMPATH\CodeIgniter.php(503): CodeIgniter\CodeIgniter->runController(Object(App\Controllers\CourseCategoryDetailsController))
 7 SYSTEMPATH\CodeIgniter.php(361): CodeIgniter\CodeIgniter->handleRequest(null, Object(Config\Cache), false)
 8 FCPATH\index.php(79): CodeIgniter\CodeIgniter->run()
INFO - 2026-01-27 09:58:12 --> Session: Class initialized using 'CodeIgniter\Session\Handlers\FileHandler' driver.
INFO - 2026-01-27 09:58:21 --> Session: Class initialized using 'CodeIgniter\Session\Handlers\FileHandler' driver.
INFO - 2026-01-27 09:58:22 --> Session: Class initialized using 'CodeIgniter\Session\Handlers\FileHandler' driver.
INFO - 2026-01-27 09:58:22 --> Session: Class initialized using 'CodeIgniter\Session\Handlers\FileHandler' driver.
INFO - 2026-01-27 09:58:25 --> Session: Class initialized using 'CodeIgniter\Session\Handlers\FileHandler' driver.
INFO - 2026-01-27 09:58:27 --> Session: Class initialized using 'CodeIgniter\Session\Handlers\FileHandler' driver.
INFO - 2026-01-27 09:58:30 --> Session: Class initialized using 'CodeIgniter\Session\Handlers\FileHandler' driver.
INFO - 2026-01-27 09:58:33 --> Session: Class initialized using 'CodeIgniter\Session\Handlers\FileHandler' driver.
INFO - 2026-01-27 09:58:44 --> Session: Class initialized using 'CodeIgniter\Session\Handlers\FileHandler' driver.
INFO - 2026-01-27 09:59:46 --> Session: Class initialized using 'CodeIgniter\Session\Handlers\FileHandler' driver.
INFO - 2026-01-27 09:59:46 --> Session: Class initialized using 'CodeIgniter\Session\Handlers\FileHandler' driver.
INFO - 2026-01-27 09:59:53 --> Session: Class initialized using 'CodeIgniter\Session\Handlers\FileHandler' driver.
INFO - 2026-01-27 09:59:58 --> Session: Class initialized using 'CodeIgniter\Session\Handlers\FileHandler' driver.
INFO - 2026-01-27 10:00:00 --> Session: Class initialized using 'CodeIgniter\Session\Handlers\FileHandler' driver.
INFO - 2026-01-27 10:00:04 --> Session: Class initialized using 'CodeIgniter\Session\Handlers\FileHandler' driver.
INFO - 2026-01-27 10:00:12 --> Session: Class initialized using 'CodeIgniter\Session\Handlers\FileHandler' driver.
INFO - 2026-01-27 10:00:14 --> Session: Class initialized using 'CodeIgniter\Session\Handlers\FileHandler' driver.
INFO - 2026-01-27 10:00:19 --> Session: Class initialized using 'CodeIgniter\Session\Handlers\FileHandler' driver.
INFO - 2026-01-27 10:00:20 --> Session: Class initialized using 'CodeIgniter\Session\Handlers\FileHandler' driver.
ERROR - 2026-01-27 10:00:20 --> mysqli_sql_exception: Unknown column 'homepage_assets' in 'where clause' in C:\laragon\www\schoolingtime\vendor\codeigniter4\framework\system\Database\MySQLi\Connection.php:306
Stack trace:
#0 C:\laragon\www\schoolingtime\vendor\codeigniter4\framework\system\Database\MySQLi\Connection.php(306): mysqli->query(' SELECT *  FROM...', 0)
#1 C:\laragon\www\schoolingtime\vendor\codeigniter4\framework\system\Database\BaseConnection.php(693): CodeIgniter\Database\MySQLi\Connection->execute(' SELECT *  FROM...')
#2 C:\laragon\www\schoolingtime\vendor\codeigniter4\framework\system\Database\BaseConnection.php(607): CodeIgniter\Database\BaseConnection->simpleQuery(' SELECT *  FROM...')
#3 C:\laragon\www\schoolingtime\app\Controllers\HomepageController.php(107): CodeIgniter\Database\BaseConnection->query(' SELECT *  FROM...')
#4 C:\laragon\www\schoolingtime\vendor\codeigniter4\framework\system\CodeIgniter.php(943): App\Controllers\HomepageController->Course_details_view('homepage_assets', 'img', 'favicon.png')
#5 C:\laragon\www\schoolingtime\vendor\codeigniter4\framework\system\CodeIgniter.php(503): CodeIgniter\CodeIgniter->runController(Object(App\Controllers\HomepageController))
#6 C:\laragon\www\schoolingtime\vendor\codeigniter4\framework\system\CodeIgniter.php(361): CodeIgniter\CodeIgniter->handleRequest(NULL, Object(Config\Cache), false)
#7 C:\laragon\www\schoolingtime\index.php(79): CodeIgniter\CodeIgniter->run()
#8 {main}
CRITICAL - 2026-01-27 10:00:20 --> CodeIgniter\Database\Exceptions\DatabaseException: Unknown column 'homepage_assets' in 'where clause'
in SYSTEMPATH\Database\BaseConnection.php on line 647.
 1 APPPATH\Controllers\HomepageController.php(107): CodeIgniter\Database\BaseConnection->query(' SELECT *  FROM course_batch
                                WHERE course_id = homepage_assets')
 2 SYSTEMPATH\CodeIgniter.php(943): App\Controllers\HomepageController->Course_details_view('homepage_assets', 'img', 'favicon.png')
 3 SYSTEMPATH\CodeIgniter.php(503): CodeIgniter\CodeIgniter->runController(Object(App\Controllers\HomepageController))
 4 SYSTEMPATH\CodeIgniter.php(361): CodeIgniter\CodeIgniter->handleRequest(null, Object(Config\Cache), false)
 5 FCPATH\index.php(79): CodeIgniter\CodeIgniter->run()
CRITICAL - 2026-01-27 10:00:20 --> [Caused by] CodeIgniter\Database\Exceptions\DatabaseException: Unknown column 'homepage_assets' in 'where clause'
in SYSTEMPATH\Database\MySQLi\Connection.php on line 311.
 1 SYSTEMPATH\Database\BaseConnection.php(693): CodeIgniter\Database\MySQLi\Connection->execute(' SELECT *  FROM course_batch
                                WHERE course_id = homepage_assets')
 2 SYSTEMPATH\Database\BaseConnection.php(607): CodeIgniter\Database\BaseConnection->simpleQuery(' SELECT *  FROM course_batch
                                WHERE course_id = homepage_assets')
 3 APPPATH\Controllers\HomepageController.php(107): CodeIgniter\Database\BaseConnection->query(' SELECT *  FROM course_batch
                                WHERE course_id = homepage_assets')
 4 SYSTEMPATH\CodeIgniter.php(943): App\Controllers\HomepageController->Course_details_view('homepage_assets', 'img', 'favicon.png')
 5 SYSTEMPATH\CodeIgniter.php(503): CodeIgniter\CodeIgniter->runController(Object(App\Controllers\HomepageController))
 6 SYSTEMPATH\CodeIgniter.php(361): CodeIgniter\CodeIgniter->handleRequest(null, Object(Config\Cache), false)
 7 FCPATH\index.php(79): CodeIgniter\CodeIgniter->run()
CRITICAL - 2026-01-27 10:00:20 --> [Caused by] mysqli_sql_exception: Unknown column 'homepage_assets' in 'where clause'
in SYSTEMPATH\Database\MySQLi\Connection.php on line 306.
 1 SYSTEMPATH\Database\MySQLi\Connection.php(306): mysqli->query(' SELECT *  FROM course_batch
                                WHERE course_id = homepage_assets', 0)
 2 SYSTEMPATH\Database\BaseConnection.php(693): CodeIgniter\Database\MySQLi\Connection->execute(' SELECT *  FROM course_batch
                                WHERE course_id = homepage_assets')
 3 SYSTEMPATH\Database\BaseConnection.php(607): CodeIgniter\Database\BaseConnection->simpleQuery(' SELECT *  FROM course_batch
                                WHERE course_id = homepage_assets')
 4 APPPATH\Controllers\HomepageController.php(107): CodeIgniter\Database\BaseConnection->query(' SELECT *  FROM course_batch
                                WHERE course_id = homepage_assets')
 5 SYSTEMPATH\CodeIgniter.php(943): App\Controllers\HomepageController->Course_details_view('homepage_assets', 'img', 'favicon.png')
 6 SYSTEMPATH\CodeIgniter.php(503): CodeIgniter\CodeIgniter->runController(Object(App\Controllers\HomepageController))
 7 SYSTEMPATH\CodeIgniter.php(361): CodeIgniter\CodeIgniter->handleRequest(null, Object(Config\Cache), false)
 8 FCPATH\index.php(79): CodeIgniter\CodeIgniter->run()
INFO - 2026-01-27 10:00:20 --> Session: Class initialized using 'CodeIgniter\Session\Handlers\FileHandler' driver.
ERROR - 2026-01-27 10:00:20 --> mysqli_sql_exception: Unknown column 'homepage_assets' in 'where clause' in C:\laragon\www\schoolingtime\vendor\codeigniter4\framework\system\Database\MySQLi\Connection.php:306
Stack trace:
#0 C:\laragon\www\schoolingtime\vendor\codeigniter4\framework\system\Database\MySQLi\Connection.php(306): mysqli->query(' SELECT *  FROM...', 0)
#1 C:\laragon\www\schoolingtime\vendor\codeigniter4\framework\system\Database\BaseConnection.php(693): CodeIgniter\Database\MySQLi\Connection->execute(' SELECT *  FROM...')
#2 C:\laragon\www\schoolingtime\vendor\codeigniter4\framework\system\Database\BaseConnection.php(607): CodeIgniter\Database\BaseConnection->simpleQuery(' SELECT *  FROM...')
#3 C:\laragon\www\schoolingtime\app\Controllers\HomepageController.php(107): CodeIgniter\Database\BaseConnection->query(' SELECT *  FROM...')
#4 C:\laragon\www\schoolingtime\vendor\codeigniter4\framework\system\CodeIgniter.php(943): App\Controllers\HomepageController->Course_details_view('homepage_assets', 'img', 'apple-touch-ico...')
#5 C:\laragon\www\schoolingtime\vendor\codeigniter4\framework\system\CodeIgniter.php(503): CodeIgniter\CodeIgniter->runController(Object(App\Controllers\HomepageController))
#6 C:\laragon\www\schoolingtime\vendor\codeigniter4\framework\system\CodeIgniter.php(361): CodeIgniter\CodeIgniter->handleRequest(NULL, Object(Config\Cache), false)
#7 C:\laragon\www\schoolingtime\index.php(79): CodeIgniter\CodeIgniter->run()
#8 {main}
CRITICAL - 2026-01-27 10:00:20 --> CodeIgniter\Database\Exceptions\DatabaseException: Unknown column 'homepage_assets' in 'where clause'
in SYSTEMPATH\Database\BaseConnection.php on line 647.
 1 APPPATH\Controllers\HomepageController.php(107): CodeIgniter\Database\BaseConnection->query(' SELECT *  FROM course_batch
                                WHERE course_id = homepage_assets')
 2 SYSTEMPATH\CodeIgniter.php(943): App\Controllers\HomepageController->Course_details_view('homepage_assets', 'img', 'apple-touch-icon.png')
 3 SYSTEMPATH\CodeIgniter.php(503): CodeIgniter\CodeIgniter->runController(Object(App\Controllers\HomepageController))
 4 SYSTEMPATH\CodeIgniter.php(361): CodeIgniter\CodeIgniter->handleRequest(null, Object(Config\Cache), false)
 5 FCPATH\index.php(79): CodeIgniter\CodeIgniter->run()
CRITICAL - 2026-01-27 10:00:20 --> [Caused by] CodeIgniter\Database\Exceptions\DatabaseException: Unknown column 'homepage_assets' in 'where clause'
in SYSTEMPATH\Database\MySQLi\Connection.php on line 311.
 1 SYSTEMPATH\Database\BaseConnection.php(693): CodeIgniter\Database\MySQLi\Connection->execute(' SELECT *  FROM course_batch
                                WHERE course_id = homepage_assets')
 2 SYSTEMPATH\Database\BaseConnection.php(607): CodeIgniter\Database\BaseConnection->simpleQuery(' SELECT *  FROM course_batch
                                WHERE course_id = homepage_assets')
 3 APPPATH\Controllers\HomepageController.php(107): CodeIgniter\Database\BaseConnection->query(' SELECT *  FROM course_batch
                                WHERE course_id = homepage_assets')
 4 SYSTEMPATH\CodeIgniter.php(943): App\Controllers\HomepageController->Course_details_view('homepage_assets', 'img', 'apple-touch-icon.png')
 5 SYSTEMPATH\CodeIgniter.php(503): CodeIgniter\CodeIgniter->runController(Object(App\Controllers\HomepageController))
 6 SYSTEMPATH\CodeIgniter.php(361): CodeIgniter\CodeIgniter->handleRequest(null, Object(Config\Cache), false)
 7 FCPATH\index.php(79): CodeIgniter\CodeIgniter->run()
CRITICAL - 2026-01-27 10:00:20 --> [Caused by] mysqli_sql_exception: Unknown column 'homepage_assets' in 'where clause'
in SYSTEMPATH\Database\MySQLi\Connection.php on line 306.
 1 SYSTEMPATH\Database\MySQLi\Connection.php(306): mysqli->query(' SELECT *  FROM course_batch
                                WHERE course_id = homepage_assets', 0)
 2 SYSTEMPATH\Database\BaseConnection.php(693): CodeIgniter\Database\MySQLi\Connection->execute(' SELECT *  FROM course_batch
                                WHERE course_id = homepage_assets')
 3 SYSTEMPATH\Database\BaseConnection.php(607): CodeIgniter\Database\BaseConnection->simpleQuery(' SELECT *  FROM course_batch
                                WHERE course_id = homepage_assets')
 4 APPPATH\Controllers\HomepageController.php(107): CodeIgniter\Database\BaseConnection->query(' SELECT *  FROM course_batch
                                WHERE course_id = homepage_assets')
 5 SYSTEMPATH\CodeIgniter.php(943): App\Controllers\HomepageController->Course_details_view('homepage_assets', 'img', 'apple-touch-icon.png')
 6 SYSTEMPATH\CodeIgniter.php(503): CodeIgniter\CodeIgniter->runController(Object(App\Controllers\HomepageController))
 7 SYSTEMPATH\CodeIgniter.php(361): CodeIgniter\CodeIgniter->handleRequest(null, Object(Config\Cache), false)
 8 FCPATH\index.php(79): CodeIgniter\CodeIgniter->run()
INFO - 2026-01-27 10:00:23 --> Session: Class initialized using 'CodeIgniter\Session\Handlers\FileHandler' driver.
INFO - 2026-01-27 10:00:24 --> Session: Class initialized using 'CodeIgniter\Session\Handlers\FileHandler' driver.
INFO - 2026-01-27 10:00:31 --> Session: Class initialized using 'CodeIgniter\Session\Handlers\FileHandler' driver.
INFO - 2026-01-27 10:00:34 --> Session: Class initialized using 'CodeIgniter\Session\Handlers\FileHandler' driver.
INFO - 2026-01-27 10:00:37 --> Session: Class initialized using 'CodeIgniter\Session\Handlers\FileHandler' driver.
INFO - 2026-01-27 10:00:39 --> Session: Class initialized using 'CodeIgniter\Session\Handlers\FileHandler' driver.
INFO - 2026-01-27 10:00:44 --> Session: Class initialized using 'CodeIgniter\Session\Handlers\FileHandler' driver.
INFO - 2026-01-27 10:01:56 --> Session: Class initialized using 'CodeIgniter\Session\Handlers\FileHandler' driver.
INFO - 2026-01-27 10:01:57 --> Session: Class initialized using 'CodeIgniter\Session\Handlers\FileHandler' driver.
INFO - 2026-01-27 10:02:00 --> Session: Class initialized using 'CodeIgniter\Session\Handlers\FileHandler' driver.
INFO - 2026-01-27 10:02:13 --> Session: Class initialized using 'CodeIgniter\Session\Handlers\FileHandler' driver.
INFO - 2026-01-27 10:02:16 --> Session: Class initialized using 'CodeIgniter\Session\Handlers\FileHandler' driver.
INFO - 2026-01-27 10:02:30 --> Session: Class initialized using 'CodeIgniter\Session\Handlers\FileHandler' driver.
INFO - 2026-01-27 10:02:33 --> Session: Class initialized using 'CodeIgniter\Session\Handlers\FileHandler' driver.
INFO - 2026-01-27 10:02:36 --> Session: Class initialized using 'CodeIgniter\Session\Handlers\FileHandler' driver.
INFO - 2026-01-27 10:02:41 --> Session: Class initialized using 'CodeIgniter\Session\Handlers\FileHandler' driver.
INFO - 2026-01-27 10:02:44 --> Session: Class initialized using 'CodeIgniter\Session\Handlers\FileHandler' driver.
INFO - 2026-01-27 10:02:48 --> Session: Class initialized using 'CodeIgniter\Session\Handlers\FileHandler' driver.
INFO - 2026-01-27 10:02:51 --> Session: Class initialized using 'CodeIgniter\Session\Handlers\FileHandler' driver.
INFO - 2026-01-27 10:02:53 --> Session: Class initialized using 'CodeIgniter\Session\Handlers\FileHandler' driver.
INFO - 2026-01-27 10:02:53 --> Session: Class initialized using 'CodeIgniter\Session\Handlers\FileHandler' driver.
INFO - 2026-01-27 10:02:54 --> Session: Class initialized using 'CodeIgniter\Session\Handlers\FileHandler' driver.
INFO - 2026-01-27 10:03:01 --> Session: Class initialized using 'CodeIgniter\Session\Handlers\FileHandler' driver.
INFO - 2026-01-27 10:03:01 --> Session: Class initialized using 'CodeIgniter\Session\Handlers\FileHandler' driver.
INFO - 2026-01-27 10:03:01 --> Session: Class initialized using 'CodeIgniter\Session\Handlers\FileHandler' driver.
CRITICAL - 2026-01-27 10:03:01 --> ErrorException: Undefined variable $student_id
in APPPATH\Views\examsystem\question_ready_exam_view.php on line 64.
 1 APPPATH\Views\examsystem\question_ready_exam_view.php(64): CodeIgniter\Debug\Exceptions->errorHandler(2, 'Undefined variable $student_id', 'C:\\laragon\\www\\schoolingtime\\app\\Views\\examsystem\\question_ready_exam_view.php', 64)
 2 SYSTEMPATH\View\View.php(228): include('C:\\laragon\\www\\schoolingtime\\app\\Views\\examsystem\\question_ready_exam_view.php')
 3 SYSTEMPATH\View\View.php(231): CodeIgniter\View\View->CodeIgniter\View\{closure}()
 4 SYSTEMPATH\Common.php(1178): CodeIgniter\View\View->render('examsystem/question_ready_exam_view', [], true)
 5 APPPATH\Controllers\QuestionAnswerController.php(152): view('examsystem/question_ready_exam_view', [...])
 6 SYSTEMPATH\CodeIgniter.php(943): App\Controllers\QuestionAnswerController->currentTest('homepage_assets', 'img', 'apple-touch-icon.png')
 7 SYSTEMPATH\CodeIgniter.php(503): CodeIgniter\CodeIgniter->runController(Object(App\Controllers\QuestionAnswerController))
 8 SYSTEMPATH\CodeIgniter.php(361): CodeIgniter\CodeIgniter->handleRequest(null, Object(Config\Cache), false)
 9 FCPATH\index.php(79): CodeIgniter\CodeIgniter->run()
INFO - 2026-01-27 10:03:01 --> Session: Class initialized using 'CodeIgniter\Session\Handlers\FileHandler' driver.
CRITICAL - 2026-01-27 10:03:02 --> ErrorException: Undefined variable $student_id
in APPPATH\Views\examsystem\question_ready_exam_view.php on line 64.
 1 APPPATH\Views\examsystem\question_ready_exam_view.php(64): CodeIgniter\Debug\Exceptions->errorHandler(2, 'Undefined variable $student_id', 'C:\\laragon\\www\\schoolingtime\\app\\Views\\examsystem\\question_ready_exam_view.php', 64)
 2 SYSTEMPATH\View\View.php(228): include('C:\\laragon\\www\\schoolingtime\\app\\Views\\examsystem\\question_ready_exam_view.php')
 3 SYSTEMPATH\View\View.php(231): CodeIgniter\View\View->CodeIgniter\View\{closure}()
 4 SYSTEMPATH\Common.php(1178): CodeIgniter\View\View->render('examsystem/question_ready_exam_view', [], true)
 5 APPPATH\Controllers\QuestionAnswerController.php(152): view('examsystem/question_ready_exam_view', [...])
 6 SYSTEMPATH\CodeIgniter.php(943): App\Controllers\QuestionAnswerController->currentTest('homepage_assets', 'img', 'favicon.png')
 7 SYSTEMPATH\CodeIgniter.php(503): CodeIgniter\CodeIgniter->runController(Object(App\Controllers\QuestionAnswerController))
 8 SYSTEMPATH\CodeIgniter.php(361): CodeIgniter\CodeIgniter->handleRequest(null, Object(Config\Cache), false)
 9 FCPATH\index.php(79): CodeIgniter\CodeIgniter->run()
INFO - 2026-01-27 10:04:19 --> Session: Class initialized using 'CodeIgniter\Session\Handlers\FileHandler' driver.
INFO - 2026-01-27 10:04:23 --> Session: Class initialized using 'CodeIgniter\Session\Handlers\FileHandler' driver.
INFO - 2026-01-27 10:04:27 --> Session: Class initialized using 'CodeIgniter\Session\Handlers\FileHandler' driver.
INFO - 2026-01-27 10:04:29 --> Session: Class initialized using 'CodeIgniter\Session\Handlers\FileHandler' driver.
INFO - 2026-01-27 10:04:32 --> Session: Class initialized using 'CodeIgniter\Session\Handlers\FileHandler' driver.
INFO - 2026-01-27 10:04:39 --> Session: Class initialized using 'CodeIgniter\Session\Handlers\FileHandler' driver.
INFO - 2026-01-27 10:04:41 --> Session: Class initialized using 'CodeIgniter\Session\Handlers\FileHandler' driver.
INFO - 2026-01-27 10:05:32 --> Session: Class initialized using 'CodeIgniter\Session\Handlers\FileHandler' driver.
INFO - 2026-01-27 10:05:32 --> Session: Class initialized using 'CodeIgniter\Session\Handlers\FileHandler' driver.
INFO - 2026-01-27 10:05:35 --> Session: Class initialized using 'CodeIgniter\Session\Handlers\FileHandler' driver.
INFO - 2026-01-27 10:06:01 --> Session: Class initialized using 'CodeIgniter\Session\Handlers\FileHandler' driver.
INFO - 2026-01-27 10:06:01 --> Session: Class initialized using 'CodeIgniter\Session\Handlers\FileHandler' driver.
INFO - 2026-01-27 10:06:08 --> Session: Class initialized using 'CodeIgniter\Session\Handlers\FileHandler' driver.
INFO - 2026-01-27 10:07:33 --> Session: Class initialized using 'CodeIgniter\Session\Handlers\FileHandler' driver.
INFO - 2026-01-27 10:07:36 --> Session: Class initialized using 'CodeIgniter\Session\Handlers\FileHandler' driver.
INFO - 2026-01-27 10:08:14 --> Session: Class initialized using 'CodeIgniter\Session\Handlers\FileHandler' driver.
INFO - 2026-01-27 10:08:34 --> Session: Class initialized using 'CodeIgniter\Session\Handlers\FileHandler' driver.
INFO - 2026-01-27 10:10:16 --> Session: Class initialized using 'CodeIgniter\Session\Handlers\FileHandler' driver.
INFO - 2026-01-27 10:10:16 --> Session: Class initialized using 'CodeIgniter\Session\Handlers\FileHandler' driver.
INFO - 2026-01-27 10:10:20 --> Session: Class initialized using 'CodeIgniter\Session\Handlers\FileHandler' driver.
INFO - 2026-01-27 10:12:48 --> Session: Class initialized using 'CodeIgniter\Session\Handlers\FileHandler' driver.
INFO - 2026-01-27 10:13:31 --> Session: Class initialized using 'CodeIgniter\Session\Handlers\FileHandler' driver.
INFO - 2026-01-27 10:13:31 --> Session: Class initialized using 'CodeIgniter\Session\Handlers\FileHandler' driver.
INFO - 2026-01-27 10:13:54 --> Session: Class initialized using 'CodeIgniter\Session\Handlers\FileHandler' driver.
INFO - 2026-01-27 10:13:55 --> Session: Class initialized using 'CodeIgniter\Session\Handlers\FileHandler' driver.
INFO - 2026-01-27 10:14:19 --> Session: Class initialized using 'CodeIgniter\Session\Handlers\FileHandler' driver.
INFO - 2026-01-27 10:14:50 --> Session: Class initialized using 'CodeIgniter\Session\Handlers\FileHandler' driver.
INFO - 2026-01-27 10:14:59 --> Session: Class initialized using 'CodeIgniter\Session\Handlers\FileHandler' driver.
INFO - 2026-01-27 10:15:11 --> Session: Class initialized using 'CodeIgniter\Session\Handlers\FileHandler' driver.
INFO - 2026-01-27 10:15:13 --> Session: Class initialized using 'CodeIgniter\Session\Handlers\FileHandler' driver.
INFO - 2026-01-27 10:16:15 --> Session: Class initialized using 'CodeIgniter\Session\Handlers\FileHandler' driver.
INFO - 2026-01-27 10:16:25 --> Session: Class initialized using 'CodeIgniter\Session\Handlers\FileHandler' driver.
INFO - 2026-01-27 10:17:17 --> Session: Class initialized using 'CodeIgniter\Session\Handlers\FileHandler' driver.
INFO - 2026-01-27 10:17:18 --> Session: Class initialized using 'CodeIgniter\Session\Handlers\FileHandler' driver.
INFO - 2026-01-27 10:17:22 --> Session: Class initialized using 'CodeIgniter\Session\Handlers\FileHandler' driver.
INFO - 2026-01-27 10:17:24 --> Session: Class initialized using 'CodeIgniter\Session\Handlers\FileHandler' driver.
INFO - 2026-01-27 10:17:28 --> Session: Class initialized using 'CodeIgniter\Session\Handlers\FileHandler' driver.
INFO - 2026-01-27 10:17:28 --> Session: Class initialized using 'CodeIgniter\Session\Handlers\FileHandler' driver.
INFO - 2026-01-27 10:17:38 --> Session: Class initialized using 'CodeIgniter\Session\Handlers\FileHandler' driver.
INFO - 2026-01-27 10:17:42 --> Session: Class initialized using 'CodeIgniter\Session\Handlers\FileHandler' driver.
INFO - 2026-01-27 10:18:46 --> Session: Class initialized using 'CodeIgniter\Session\Handlers\FileHandler' driver.
INFO - 2026-01-27 10:18:55 --> Session: Class initialized using 'CodeIgniter\Session\Handlers\FileHandler' driver.
INFO - 2026-01-27 10:19:15 --> Session: Class initialized using 'CodeIgniter\Session\Handlers\FileHandler' driver.
INFO - 2026-01-27 10:19:36 --> Session: Class initialized using 'CodeIgniter\Session\Handlers\FileHandler' driver.
INFO - 2026-01-27 10:19:39 --> Session: Class initialized using 'CodeIgniter\Session\Handlers\FileHandler' driver.
INFO - 2026-01-27 10:19:42 --> Session: Class initialized using 'CodeIgniter\Session\Handlers\FileHandler' driver.
INFO - 2026-01-27 10:19:47 --> Session: Class initialized using 'CodeIgniter\Session\Handlers\FileHandler' driver.
INFO - 2026-01-27 10:20:25 --> Session: Class initialized using 'CodeIgniter\Session\Handlers\FileHandler' driver.
INFO - 2026-01-27 10:20:34 --> Session: Class initialized using 'CodeIgniter\Session\Handlers\FileHandler' driver.
INFO - 2026-01-27 10:21:05 --> Session: Class initialized using 'CodeIgniter\Session\Handlers\FileHandler' driver.
INFO - 2026-01-27 10:22:18 --> Session: Class initialized using 'CodeIgniter\Session\Handlers\FileHandler' driver.
CRITICAL - 2026-01-27 10:22:18 --> ErrorException: Undefined variable $avatar
in APPPATH\Controllers\TeacherDashboardController.php on line 162.
 1 APPPATH\Controllers\TeacherDashboardController.php(162): CodeIgniter\Debug\Exceptions->errorHandler(2, 'Undefined variable $avatar', 'C:\\laragon\\www\\schoolingtime\\app\\Controllers\\TeacherDashboardController.php', 162)
 2 SYSTEMPATH\CodeIgniter.php(943): App\Controllers\TeacherDashboardController->TeacherCourseContentInsert()
 3 SYSTEMPATH\CodeIgniter.php(503): CodeIgniter\CodeIgniter->runController(Object(App\Controllers\TeacherDashboardController))
 4 SYSTEMPATH\CodeIgniter.php(361): CodeIgniter\CodeIgniter->handleRequest(null, Object(Config\Cache), false)
 5 FCPATH\index.php(79): CodeIgniter\CodeIgniter->run()
INFO - 2026-01-27 10:29:06 --> Session: Class initialized using 'CodeIgniter\Session\Handlers\FileHandler' driver.
INFO - 2026-01-27 10:29:06 --> Session: Class initialized using 'CodeIgniter\Session\Handlers\FileHandler' driver.
INFO - 2026-01-27 10:29:18 --> Session: Class initialized using 'CodeIgniter\Session\Handlers\FileHandler' driver.
INFO - 2026-01-27 10:29:18 --> Session: Class initialized using 'CodeIgniter\Session\Handlers\FileHandler' driver.
INFO - 2026-01-27 10:29:23 --> Session: Class initialized using 'CodeIgniter\Session\Handlers\FileHandler' driver.
INFO - 2026-01-27 10:29:23 --> Session: Class initialized using 'CodeIgniter\Session\Handlers\FileHandler' driver.
ERROR - 2026-01-27 10:29:23 --> mysqli_sql_exception: Unknown column 'homepage_assets' in 'where clause' in C:\laragon\www\schoolingtime\vendor\codeigniter4\framework\system\Database\MySQLi\Connection.php:306
Stack trace:
#0 C:\laragon\www\schoolingtime\vendor\codeigniter4\framework\system\Database\MySQLi\Connection.php(306): mysqli->query(' SELECT *  FROM...', 0)
#1 C:\laragon\www\schoolingtime\vendor\codeigniter4\framework\system\Database\BaseConnection.php(693): CodeIgniter\Database\MySQLi\Connection->execute(' SELECT *  FROM...')
#2 C:\laragon\www\schoolingtime\vendor\codeigniter4\framework\system\Database\BaseConnection.php(607): CodeIgniter\Database\BaseConnection->simpleQuery(' SELECT *  FROM...')
#3 C:\laragon\www\schoolingtime\app\Controllers\HomepageController.php(107): CodeIgniter\Database\BaseConnection->query(' SELECT *  FROM...')
#4 C:\laragon\www\schoolingtime\vendor\codeigniter4\framework\system\CodeIgniter.php(943): App\Controllers\HomepageController->Course_details_view('homepage_assets', 'img', 'favicon.png')
#5 C:\laragon\www\schoolingtime\vendor\codeigniter4\framework\system\CodeIgniter.php(503): CodeIgniter\CodeIgniter->runController(Object(App\Controllers\HomepageController))
#6 C:\laragon\www\schoolingtime\vendor\codeigniter4\framework\system\CodeIgniter.php(361): CodeIgniter\CodeIgniter->handleRequest(NULL, Object(Config\Cache), false)
#7 C:\laragon\www\schoolingtime\index.php(79): CodeIgniter\CodeIgniter->run()
#8 {main}
CRITICAL - 2026-01-27 10:29:23 --> CodeIgniter\Database\Exceptions\DatabaseException: Unknown column 'homepage_assets' in 'where clause'
in SYSTEMPATH\Database\BaseConnection.php on line 647.
 1 APPPATH\Controllers\HomepageController.php(107): CodeIgniter\Database\BaseConnection->query(' SELECT *  FROM course_batch
                                WHERE course_id = homepage_assets')
 2 SYSTEMPATH\CodeIgniter.php(943): App\Controllers\HomepageController->Course_details_view('homepage_assets', 'img', 'favicon.png')
 3 SYSTEMPATH\CodeIgniter.php(503): CodeIgniter\CodeIgniter->runController(Object(App\Controllers\HomepageController))
 4 SYSTEMPATH\CodeIgniter.php(361): CodeIgniter\CodeIgniter->handleRequest(null, Object(Config\Cache), false)
 5 FCPATH\index.php(79): CodeIgniter\CodeIgniter->run()
CRITICAL - 2026-01-27 10:29:23 --> [Caused by] CodeIgniter\Database\Exceptions\DatabaseException: Unknown column 'homepage_assets' in 'where clause'
in SYSTEMPATH\Database\MySQLi\Connection.php on line 311.
 1 SYSTEMPATH\Database\BaseConnection.php(693): CodeIgniter\Database\MySQLi\Connection->execute(' SELECT *  FROM course_batch
                                WHERE course_id = homepage_assets')
 2 SYSTEMPATH\Database\BaseConnection.php(607): CodeIgniter\Database\BaseConnection->simpleQuery(' SELECT *  FROM course_batch
                                WHERE course_id = homepage_assets')
 3 APPPATH\Controllers\HomepageController.php(107): CodeIgniter\Database\BaseConnection->query(' SELECT *  FROM course_batch
                                WHERE course_id = homepage_assets')
 4 SYSTEMPATH\CodeIgniter.php(943): App\Controllers\HomepageController->Course_details_view('homepage_assets', 'img', 'favicon.png')
 5 SYSTEMPATH\CodeIgniter.php(503): CodeIgniter\CodeIgniter->runController(Object(App\Controllers\HomepageController))
 6 SYSTEMPATH\CodeIgniter.php(361): CodeIgniter\CodeIgniter->handleRequest(null, Object(Config\Cache), false)
 7 FCPATH\index.php(79): CodeIgniter\CodeIgniter->run()
CRITICAL - 2026-01-27 10:29:23 --> [Caused by] mysqli_sql_exception: Unknown column 'homepage_assets' in 'where clause'
in SYSTEMPATH\Database\MySQLi\Connection.php on line 306.
 1 SYSTEMPATH\Database\MySQLi\Connection.php(306): mysqli->query(' SELECT *  FROM course_batch
                                WHERE course_id = homepage_assets', 0)
 2 SYSTEMPATH\Database\BaseConnection.php(693): CodeIgniter\Database\MySQLi\Connection->execute(' SELECT *  FROM course_batch
                                WHERE course_id = homepage_assets')
 3 SYSTEMPATH\Database\BaseConnection.php(607): CodeIgniter\Database\BaseConnection->simpleQuery(' SELECT *  FROM course_batch
                                WHERE course_id = homepage_assets')
 4 APPPATH\Controllers\HomepageController.php(107): CodeIgniter\Database\BaseConnection->query(' SELECT *  FROM course_batch
                                WHERE course_id = homepage_assets')
 5 SYSTEMPATH\CodeIgniter.php(943): App\Controllers\HomepageController->Course_details_view('homepage_assets', 'img', 'favicon.png')
 6 SYSTEMPATH\CodeIgniter.php(503): CodeIgniter\CodeIgniter->runController(Object(App\Controllers\HomepageController))
 7 SYSTEMPATH\CodeIgniter.php(361): CodeIgniter\CodeIgniter->handleRequest(null, Object(Config\Cache), false)
 8 FCPATH\index.php(79): CodeIgniter\CodeIgniter->run()
INFO - 2026-01-27 10:29:23 --> Session: Class initialized using 'CodeIgniter\Session\Handlers\FileHandler' driver.
ERROR - 2026-01-27 10:29:23 --> mysqli_sql_exception: Unknown column 'homepage_assets' in 'where clause' in C:\laragon\www\schoolingtime\vendor\codeigniter4\framework\system\Database\MySQLi\Connection.php:306
Stack trace:
#0 C:\laragon\www\schoolingtime\vendor\codeigniter4\framework\system\Database\MySQLi\Connection.php(306): mysqli->query(' SELECT *  FROM...', 0)
#1 C:\laragon\www\schoolingtime\vendor\codeigniter4\framework\system\Database\BaseConnection.php(693): CodeIgniter\Database\MySQLi\Connection->execute(' SELECT *  FROM...')
#2 C:\laragon\www\schoolingtime\vendor\codeigniter4\framework\system\Database\BaseConnection.php(607): CodeIgniter\Database\BaseConnection->simpleQuery(' SELECT *  FROM...')
#3 C:\laragon\www\schoolingtime\app\Controllers\HomepageController.php(107): CodeIgniter\Database\BaseConnection->query(' SELECT *  FROM...')
#4 C:\laragon\www\schoolingtime\vendor\codeigniter4\framework\system\CodeIgniter.php(943): App\Controllers\HomepageController->Course_details_view('homepage_assets', 'img', 'apple-touch-ico...')
#5 C:\laragon\www\schoolingtime\vendor\codeigniter4\framework\system\CodeIgniter.php(503): CodeIgniter\CodeIgniter->runController(Object(App\Controllers\HomepageController))
#6 C:\laragon\www\schoolingtime\vendor\codeigniter4\framework\system\CodeIgniter.php(361): CodeIgniter\CodeIgniter->handleRequest(NULL, Object(Config\Cache), false)
#7 C:\laragon\www\schoolingtime\index.php(79): CodeIgniter\CodeIgniter->run()
#8 {main}
CRITICAL - 2026-01-27 10:29:23 --> CodeIgniter\Database\Exceptions\DatabaseException: Unknown column 'homepage_assets' in 'where clause'
in SYSTEMPATH\Database\BaseConnection.php on line 647.
 1 APPPATH\Controllers\HomepageController.php(107): CodeIgniter\Database\BaseConnection->query(' SELECT *  FROM course_batch
                                WHERE course_id = homepage_assets')
 2 SYSTEMPATH\CodeIgniter.php(943): App\Controllers\HomepageController->Course_details_view('homepage_assets', 'img', 'apple-touch-icon.png')
 3 SYSTEMPATH\CodeIgniter.php(503): CodeIgniter\CodeIgniter->runController(Object(App\Controllers\HomepageController))
 4 SYSTEMPATH\CodeIgniter.php(361): CodeIgniter\CodeIgniter->handleRequest(null, Object(Config\Cache), false)
 5 FCPATH\index.php(79): CodeIgniter\CodeIgniter->run()
CRITICAL - 2026-01-27 10:29:23 --> [Caused by] CodeIgniter\Database\Exceptions\DatabaseException: Unknown column 'homepage_assets' in 'where clause'
in SYSTEMPATH\Database\MySQLi\Connection.php on line 311.
 1 SYSTEMPATH\Database\BaseConnection.php(693): CodeIgniter\Database\MySQLi\Connection->execute(' SELECT *  FROM course_batch
                                WHERE course_id = homepage_assets')
 2 SYSTEMPATH\Database\BaseConnection.php(607): CodeIgniter\Database\BaseConnection->simpleQuery(' SELECT *  FROM course_batch
                                WHERE course_id = homepage_assets')
 3 APPPATH\Controllers\HomepageController.php(107): CodeIgniter\Database\BaseConnection->query(' SELECT *  FROM course_batch
                                WHERE course_id = homepage_assets')
 4 SYSTEMPATH\CodeIgniter.php(943): App\Controllers\HomepageController->Course_details_view('homepage_assets', 'img', 'apple-touch-icon.png')
 5 SYSTEMPATH\CodeIgniter.php(503): CodeIgniter\CodeIgniter->runController(Object(App\Controllers\HomepageController))
 6 SYSTEMPATH\CodeIgniter.php(361): CodeIgniter\CodeIgniter->handleRequest(null, Object(Config\Cache), false)
 7 FCPATH\index.php(79): CodeIgniter\CodeIgniter->run()
CRITICAL - 2026-01-27 10:29:23 --> [Caused by] mysqli_sql_exception: Unknown column 'homepage_assets' in 'where clause'
in SYSTEMPATH\Database\MySQLi\Connection.php on line 306.
 1 SYSTEMPATH\Database\MySQLi\Connection.php(306): mysqli->query(' SELECT *  FROM course_batch
                                WHERE course_id = homepage_assets', 0)
 2 SYSTEMPATH\Database\BaseConnection.php(693): CodeIgniter\Database\MySQLi\Connection->execute(' SELECT *  FROM course_batch
                                WHERE course_id = homepage_assets')
 3 SYSTEMPATH\Database\BaseConnection.php(607): CodeIgniter\Database\BaseConnection->simpleQuery(' SELECT *  FROM course_batch
                                WHERE course_id = homepage_assets')
 4 APPPATH\Controllers\HomepageController.php(107): CodeIgniter\Database\BaseConnection->query(' SELECT *  FROM course_batch
                                WHERE course_id = homepage_assets')
 5 SYSTEMPATH\CodeIgniter.php(943): App\Controllers\HomepageController->Course_details_view('homepage_assets', 'img', 'apple-touch-icon.png')
 6 SYSTEMPATH\CodeIgniter.php(503): CodeIgniter\CodeIgniter->runController(Object(App\Controllers\HomepageController))
 7 SYSTEMPATH\CodeIgniter.php(361): CodeIgniter\CodeIgniter->handleRequest(null, Object(Config\Cache), false)
 8 FCPATH\index.php(79): CodeIgniter\CodeIgniter->run()
INFO - 2026-01-27 10:29:45 --> Session: Class initialized using 'CodeIgniter\Session\Handlers\FileHandler' driver.
INFO - 2026-01-27 10:30:05 --> Session: Class initialized using 'CodeIgniter\Session\Handlers\FileHandler' driver.
INFO - 2026-01-27 10:30:21 --> Session: Class initialized using 'CodeIgniter\Session\Handlers\FileHandler' driver.
INFO - 2026-01-27 10:30:21 --> Session: Class initialized using 'CodeIgniter\Session\Handlers\FileHandler' driver.
INFO - 2026-01-27 10:30:29 --> Session: Class initialized using 'CodeIgniter\Session\Handlers\FileHandler' driver.
INFO - 2026-01-27 10:30:32 --> Session: Class initialized using 'CodeIgniter\Session\Handlers\FileHandler' driver.
INFO - 2026-01-27 10:31:45 --> Session: Class initialized using 'CodeIgniter\Session\Handlers\FileHandler' driver.
INFO - 2026-01-27 10:32:15 --> Session: Class initialized using 'CodeIgniter\Session\Handlers\FileHandler' driver.
INFO - 2026-01-27 10:32:18 --> Session: Class initialized using 'CodeIgniter\Session\Handlers\FileHandler' driver.
INFO - 2026-01-27 10:32:18 --> Session: Class initialized using 'CodeIgniter\Session\Handlers\FileHandler' driver.
INFO - 2026-01-27 10:32:24 --> Session: Class initialized using 'CodeIgniter\Session\Handlers\FileHandler' driver.
INFO - 2026-01-27 10:32:24 --> Session: Class initialized using 'CodeIgniter\Session\Handlers\FileHandler' driver.
ERROR - 2026-01-27 10:32:24 --> mysqli_sql_exception: Unknown column 'homepage_assets' in 'where clause' in C:\laragon\www\schoolingtime\vendor\codeigniter4\framework\system\Database\MySQLi\Connection.php:306
Stack trace:
#0 C:\laragon\www\schoolingtime\vendor\codeigniter4\framework\system\Database\MySQLi\Connection.php(306): mysqli->query(' SELECT *  FROM...', 0)
#1 C:\laragon\www\schoolingtime\vendor\codeigniter4\framework\system\Database\BaseConnection.php(693): CodeIgniter\Database\MySQLi\Connection->execute(' SELECT *  FROM...')
#2 C:\laragon\www\schoolingtime\vendor\codeigniter4\framework\system\Database\BaseConnection.php(607): CodeIgniter\Database\BaseConnection->simpleQuery(' SELECT *  FROM...')
#3 C:\laragon\www\schoolingtime\app\Controllers\HomepageController.php(107): CodeIgniter\Database\BaseConnection->query(' SELECT *  FROM...')
#4 C:\laragon\www\schoolingtime\vendor\codeigniter4\framework\system\CodeIgniter.php(943): App\Controllers\HomepageController->Course_details_view('homepage_assets', 'img', 'apple-touch-ico...')
#5 C:\laragon\www\schoolingtime\vendor\codeigniter4\framework\system\CodeIgniter.php(503): CodeIgniter\CodeIgniter->runController(Object(App\Controllers\HomepageController))
#6 C:\laragon\www\schoolingtime\vendor\codeigniter4\framework\system\CodeIgniter.php(361): CodeIgniter\CodeIgniter->handleRequest(NULL, Object(Config\Cache), false)
#7 C:\laragon\www\schoolingtime\index.php(79): CodeIgniter\CodeIgniter->run()
#8 {main}
CRITICAL - 2026-01-27 10:32:24 --> CodeIgniter\Database\Exceptions\DatabaseException: Unknown column 'homepage_assets' in 'where clause'
in SYSTEMPATH\Database\BaseConnection.php on line 647.
 1 APPPATH\Controllers\HomepageController.php(107): CodeIgniter\Database\BaseConnection->query(' SELECT *  FROM course_batch
                                WHERE course_id = homepage_assets')
 2 SYSTEMPATH\CodeIgniter.php(943): App\Controllers\HomepageController->Course_details_view('homepage_assets', 'img', 'apple-touch-icon.png')
 3 SYSTEMPATH\CodeIgniter.php(503): CodeIgniter\CodeIgniter->runController(Object(App\Controllers\HomepageController))
 4 SYSTEMPATH\CodeIgniter.php(361): CodeIgniter\CodeIgniter->handleRequest(null, Object(Config\Cache), false)
 5 FCPATH\index.php(79): CodeIgniter\CodeIgniter->run()
CRITICAL - 2026-01-27 10:32:24 --> [Caused by] CodeIgniter\Database\Exceptions\DatabaseException: Unknown column 'homepage_assets' in 'where clause'
in SYSTEMPATH\Database\MySQLi\Connection.php on line 311.
 1 SYSTEMPATH\Database\BaseConnection.php(693): CodeIgniter\Database\MySQLi\Connection->execute(' SELECT *  FROM course_batch
                                WHERE course_id = homepage_assets')
 2 SYSTEMPATH\Database\BaseConnection.php(607): CodeIgniter\Database\BaseConnection->simpleQuery(' SELECT *  FROM course_batch
                                WHERE course_id = homepage_assets')
 3 APPPATH\Controllers\HomepageController.php(107): CodeIgniter\Database\BaseConnection->query(' SELECT *  FROM course_batch
                                WHERE course_id = homepage_assets')
 4 SYSTEMPATH\CodeIgniter.php(943): App\Controllers\HomepageController->Course_details_view('homepage_assets', 'img', 'apple-touch-icon.png')
 5 SYSTEMPATH\CodeIgniter.php(503): CodeIgniter\CodeIgniter->runController(Object(App\Controllers\HomepageController))
 6 SYSTEMPATH\CodeIgniter.php(361): CodeIgniter\CodeIgniter->handleRequest(null, Object(Config\Cache), false)
 7 FCPATH\index.php(79): CodeIgniter\CodeIgniter->run()
CRITICAL - 2026-01-27 10:32:24 --> [Caused by] mysqli_sql_exception: Unknown column 'homepage_assets' in 'where clause'
in SYSTEMPATH\Database\MySQLi\Connection.php on line 306.
 1 SYSTEMPATH\Database\MySQLi\Connection.php(306): mysqli->query(' SELECT *  FROM course_batch
                                WHERE course_id = homepage_assets', 0)
 2 SYSTEMPATH\Database\BaseConnection.php(693): CodeIgniter\Database\MySQLi\Connection->execute(' SELECT *  FROM course_batch
                                WHERE course_id = homepage_assets')
 3 SYSTEMPATH\Database\BaseConnection.php(607): CodeIgniter\Database\BaseConnection->simpleQuery(' SELECT *  FROM course_batch
                                WHERE course_id = homepage_assets')
 4 APPPATH\Controllers\HomepageController.php(107): CodeIgniter\Database\BaseConnection->query(' SELECT *  FROM course_batch
                                WHERE course_id = homepage_assets')
 5 SYSTEMPATH\CodeIgniter.php(943): App\Controllers\HomepageController->Course_details_view('homepage_assets', 'img', 'apple-touch-icon.png')
 6 SYSTEMPATH\CodeIgniter.php(503): CodeIgniter\CodeIgniter->runController(Object(App\Controllers\HomepageController))
 7 SYSTEMPATH\CodeIgniter.php(361): CodeIgniter\CodeIgniter->handleRequest(null, Object(Config\Cache), false)
 8 FCPATH\index.php(79): CodeIgniter\CodeIgniter->run()
INFO - 2026-01-27 10:32:24 --> Session: Class initialized using 'CodeIgniter\Session\Handlers\FileHandler' driver.
ERROR - 2026-01-27 10:32:24 --> mysqli_sql_exception: Unknown column 'homepage_assets' in 'where clause' in C:\laragon\www\schoolingtime\vendor\codeigniter4\framework\system\Database\MySQLi\Connection.php:306
Stack trace:
#0 C:\laragon\www\schoolingtime\vendor\codeigniter4\framework\system\Database\MySQLi\Connection.php(306): mysqli->query(' SELECT *  FROM...', 0)
#1 C:\laragon\www\schoolingtime\vendor\codeigniter4\framework\system\Database\BaseConnection.php(693): CodeIgniter\Database\MySQLi\Connection->execute(' SELECT *  FROM...')
#2 C:\laragon\www\schoolingtime\vendor\codeigniter4\framework\system\Database\BaseConnection.php(607): CodeIgniter\Database\BaseConnection->simpleQuery(' SELECT *  FROM...')
#3 C:\laragon\www\schoolingtime\app\Controllers\HomepageController.php(107): CodeIgniter\Database\BaseConnection->query(' SELECT *  FROM...')
#4 C:\laragon\www\schoolingtime\vendor\codeigniter4\framework\system\CodeIgniter.php(943): App\Controllers\HomepageController->Course_details_view('homepage_assets', 'img', 'favicon.png')
#5 C:\laragon\www\schoolingtime\vendor\codeigniter4\framework\system\CodeIgniter.php(503): CodeIgniter\CodeIgniter->runController(Object(App\Controllers\HomepageController))
#6 C:\laragon\www\schoolingtime\vendor\codeigniter4\framework\system\CodeIgniter.php(361): CodeIgniter\CodeIgniter->handleRequest(NULL, Object(Config\Cache), false)
#7 C:\laragon\www\schoolingtime\index.php(79): CodeIgniter\CodeIgniter->run()
#8 {main}
CRITICAL - 2026-01-27 10:32:24 --> CodeIgniter\Database\Exceptions\DatabaseException: Unknown column 'homepage_assets' in 'where clause'
in SYSTEMPATH\Database\BaseConnection.php on line 647.
 1 APPPATH\Controllers\HomepageController.php(107): CodeIgniter\Database\BaseConnection->query(' SELECT *  FROM course_batch
                                WHERE course_id = homepage_assets')
 2 SYSTEMPATH\CodeIgniter.php(943): App\Controllers\HomepageController->Course_details_view('homepage_assets', 'img', 'favicon.png')
 3 SYSTEMPATH\CodeIgniter.php(503): CodeIgniter\CodeIgniter->runController(Object(App\Controllers\HomepageController))
 4 SYSTEMPATH\CodeIgniter.php(361): CodeIgniter\CodeIgniter->handleRequest(null, Object(Config\Cache), false)
 5 FCPATH\index.php(79): CodeIgniter\CodeIgniter->run()
CRITICAL - 2026-01-27 10:32:24 --> [Caused by] CodeIgniter\Database\Exceptions\DatabaseException: Unknown column 'homepage_assets' in 'where clause'
in SYSTEMPATH\Database\MySQLi\Connection.php on line 311.
 1 SYSTEMPATH\Database\BaseConnection.php(693): CodeIgniter\Database\MySQLi\Connection->execute(' SELECT *  FROM course_batch
                                WHERE course_id = homepage_assets')
 2 SYSTEMPATH\Database\BaseConnection.php(607): CodeIgniter\Database\BaseConnection->simpleQuery(' SELECT *  FROM course_batch
                                WHERE course_id = homepage_assets')
 3 APPPATH\Controllers\HomepageController.php(107): CodeIgniter\Database\BaseConnection->query(' SELECT *  FROM course_batch
                                WHERE course_id = homepage_assets')
 4 SYSTEMPATH\CodeIgniter.php(943): App\Controllers\HomepageController->Course_details_view('homepage_assets', 'img', 'favicon.png')
 5 SYSTEMPATH\CodeIgniter.php(503): CodeIgniter\CodeIgniter->runController(Object(App\Controllers\HomepageController))
 6 SYSTEMPATH\CodeIgniter.php(361): CodeIgniter\CodeIgniter->handleRequest(null, Object(Config\Cache), false)
 7 FCPATH\index.php(79): CodeIgniter\CodeIgniter->run()
CRITICAL - 2026-01-27 10:32:24 --> [Caused by] mysqli_sql_exception: Unknown column 'homepage_assets' in 'where clause'
in SYSTEMPATH\Database\MySQLi\Connection.php on line 306.
 1 SYSTEMPATH\Database\MySQLi\Connection.php(306): mysqli->query(' SELECT *  FROM course_batch
                                WHERE course_id = homepage_assets', 0)
 2 SYSTEMPATH\Database\BaseConnection.php(693): CodeIgniter\Database\MySQLi\Connection->execute(' SELECT *  FROM course_batch
                                WHERE course_id = homepage_assets')
 3 SYSTEMPATH\Database\BaseConnection.php(607): CodeIgniter\Database\BaseConnection->simpleQuery(' SELECT *  FROM course_batch
                                WHERE course_id = homepage_assets')
 4 APPPATH\Controllers\HomepageController.php(107): CodeIgniter\Database\BaseConnection->query(' SELECT *  FROM course_batch
                                WHERE course_id = homepage_assets')
 5 SYSTEMPATH\CodeIgniter.php(943): App\Controllers\HomepageController->Course_details_view('homepage_assets', 'img', 'favicon.png')
 6 SYSTEMPATH\CodeIgniter.php(503): CodeIgniter\CodeIgniter->runController(Object(App\Controllers\HomepageController))
 7 SYSTEMPATH\CodeIgniter.php(361): CodeIgniter\CodeIgniter->handleRequest(null, Object(Config\Cache), false)
 8 FCPATH\index.php(79): CodeIgniter\CodeIgniter->run()
INFO - 2026-01-27 10:33:01 --> Session: Class initialized using 'CodeIgniter\Session\Handlers\FileHandler' driver.
INFO - 2026-01-27 10:33:02 --> Session: Class initialized using 'CodeIgniter\Session\Handlers\FileHandler' driver.
INFO - 2026-01-27 10:33:03 --> Session: Class initialized using 'CodeIgniter\Session\Handlers\FileHandler' driver.
ERROR - 2026-01-27 10:33:03 --> mysqli_sql_exception: Unknown column 'homepage_assets' in 'where clause' in C:\laragon\www\schoolingtime\vendor\codeigniter4\framework\system\Database\MySQLi\Connection.php:306
Stack trace:
#0 C:\laragon\www\schoolingtime\vendor\codeigniter4\framework\system\Database\MySQLi\Connection.php(306): mysqli->query(' SELECT *  FROM...', 0)
#1 C:\laragon\www\schoolingtime\vendor\codeigniter4\framework\system\Database\BaseConnection.php(693): CodeIgniter\Database\MySQLi\Connection->execute(' SELECT *  FROM...')
#2 C:\laragon\www\schoolingtime\vendor\codeigniter4\framework\system\Database\BaseConnection.php(607): CodeIgniter\Database\BaseConnection->simpleQuery(' SELECT *  FROM...')
#3 C:\laragon\www\schoolingtime\app\Controllers\HomepageController.php(107): CodeIgniter\Database\BaseConnection->query(' SELECT *  FROM...')
#4 C:\laragon\www\schoolingtime\vendor\codeigniter4\framework\system\CodeIgniter.php(943): App\Controllers\HomepageController->Course_details_view('homepage_assets', 'img', 'apple-touch-ico...')
#5 C:\laragon\www\schoolingtime\vendor\codeigniter4\framework\system\CodeIgniter.php(503): CodeIgniter\CodeIgniter->runController(Object(App\Controllers\HomepageController))
#6 C:\laragon\www\schoolingtime\vendor\codeigniter4\framework\system\CodeIgniter.php(361): CodeIgniter\CodeIgniter->handleRequest(NULL, Object(Config\Cache), false)
#7 C:\laragon\www\schoolingtime\index.php(79): CodeIgniter\CodeIgniter->run()
#8 {main}
CRITICAL - 2026-01-27 10:33:03 --> CodeIgniter\Database\Exceptions\DatabaseException: Unknown column 'homepage_assets' in 'where clause'
in SYSTEMPATH\Database\BaseConnection.php on line 647.
 1 APPPATH\Controllers\HomepageController.php(107): CodeIgniter\Database\BaseConnection->query(' SELECT *  FROM course_batch
                                WHERE course_id = homepage_assets')
 2 SYSTEMPATH\CodeIgniter.php(943): App\Controllers\HomepageController->Course_details_view('homepage_assets', 'img', 'apple-touch-icon.png')
 3 SYSTEMPATH\CodeIgniter.php(503): CodeIgniter\CodeIgniter->runController(Object(App\Controllers\HomepageController))
 4 SYSTEMPATH\CodeIgniter.php(361): CodeIgniter\CodeIgniter->handleRequest(null, Object(Config\Cache), false)
 5 FCPATH\index.php(79): CodeIgniter\CodeIgniter->run()
CRITICAL - 2026-01-27 10:33:03 --> [Caused by] CodeIgniter\Database\Exceptions\DatabaseException: Unknown column 'homepage_assets' in 'where clause'
in SYSTEMPATH\Database\MySQLi\Connection.php on line 311.
 1 SYSTEMPATH\Database\BaseConnection.php(693): CodeIgniter\Database\MySQLi\Connection->execute(' SELECT *  FROM course_batch
                                WHERE course_id = homepage_assets')
 2 SYSTEMPATH\Database\BaseConnection.php(607): CodeIgniter\Database\BaseConnection->simpleQuery(' SELECT *  FROM course_batch
                                WHERE course_id = homepage_assets')
 3 APPPATH\Controllers\HomepageController.php(107): CodeIgniter\Database\BaseConnection->query(' SELECT *  FROM course_batch
                                WHERE course_id = homepage_assets')
 4 SYSTEMPATH\CodeIgniter.php(943): App\Controllers\HomepageController->Course_details_view('homepage_assets', 'img', 'apple-touch-icon.png')
 5 SYSTEMPATH\CodeIgniter.php(503): CodeIgniter\CodeIgniter->runController(Object(App\Controllers\HomepageController))
 6 SYSTEMPATH\CodeIgniter.php(361): CodeIgniter\CodeIgniter->handleRequest(null, Object(Config\Cache), false)
 7 FCPATH\index.php(79): CodeIgniter\CodeIgniter->run()
CRITICAL - 2026-01-27 10:33:03 --> [Caused by] mysqli_sql_exception: Unknown column 'homepage_assets' in 'where clause'
in SYSTEMPATH\Database\MySQLi\Connection.php on line 306.
 1 SYSTEMPATH\Database\MySQLi\Connection.php(306): mysqli->query(' SELECT *  FROM course_batch
                                WHERE course_id = homepage_assets', 0)
 2 SYSTEMPATH\Database\BaseConnection.php(693): CodeIgniter\Database\MySQLi\Connection->execute(' SELECT *  FROM course_batch
                                WHERE course_id = homepage_assets')
 3 SYSTEMPATH\Database\BaseConnection.php(607): CodeIgniter\Database\BaseConnection->simpleQuery(' SELECT *  FROM course_batch
                                WHERE course_id = homepage_assets')
 4 APPPATH\Controllers\HomepageController.php(107): CodeIgniter\Database\BaseConnection->query(' SELECT *  FROM course_batch
                                WHERE course_id = homepage_assets')
 5 SYSTEMPATH\CodeIgniter.php(943): App\Controllers\HomepageController->Course_details_view('homepage_assets', 'img', 'apple-touch-icon.png')
 6 SYSTEMPATH\CodeIgniter.php(503): CodeIgniter\CodeIgniter->runController(Object(App\Controllers\HomepageController))
 7 SYSTEMPATH\CodeIgniter.php(361): CodeIgniter\CodeIgniter->handleRequest(null, Object(Config\Cache), false)
 8 FCPATH\index.php(79): CodeIgniter\CodeIgniter->run()
INFO - 2026-01-27 10:33:03 --> Session: Class initialized using 'CodeIgniter\Session\Handlers\FileHandler' driver.
ERROR - 2026-01-27 10:33:03 --> mysqli_sql_exception: Unknown column 'homepage_assets' in 'where clause' in C:\laragon\www\schoolingtime\vendor\codeigniter4\framework\system\Database\MySQLi\Connection.php:306
Stack trace:
#0 C:\laragon\www\schoolingtime\vendor\codeigniter4\framework\system\Database\MySQLi\Connection.php(306): mysqli->query(' SELECT *  FROM...', 0)
#1 C:\laragon\www\schoolingtime\vendor\codeigniter4\framework\system\Database\BaseConnection.php(693): CodeIgniter\Database\MySQLi\Connection->execute(' SELECT *  FROM...')
#2 C:\laragon\www\schoolingtime\vendor\codeigniter4\framework\system\Database\BaseConnection.php(607): CodeIgniter\Database\BaseConnection->simpleQuery(' SELECT *  FROM...')
#3 C:\laragon\www\schoolingtime\app\Controllers\HomepageController.php(107): CodeIgniter\Database\BaseConnection->query(' SELECT *  FROM...')
#4 C:\laragon\www\schoolingtime\vendor\codeigniter4\framework\system\CodeIgniter.php(943): App\Controllers\HomepageController->Course_details_view('homepage_assets', 'img', 'favicon.png')
#5 C:\laragon\www\schoolingtime\vendor\codeigniter4\framework\system\CodeIgniter.php(503): CodeIgniter\CodeIgniter->runController(Object(App\Controllers\HomepageController))
#6 C:\laragon\www\schoolingtime\vendor\codeigniter4\framework\system\CodeIgniter.php(361): CodeIgniter\CodeIgniter->handleRequest(NULL, Object(Config\Cache), false)
#7 C:\laragon\www\schoolingtime\index.php(79): CodeIgniter\CodeIgniter->run()
#8 {main}
CRITICAL - 2026-01-27 10:33:03 --> CodeIgniter\Database\Exceptions\DatabaseException: Unknown column 'homepage_assets' in 'where clause'
in SYSTEMPATH\Database\BaseConnection.php on line 647.
 1 APPPATH\Controllers\HomepageController.php(107): CodeIgniter\Database\BaseConnection->query(' SELECT *  FROM course_batch
                                WHERE course_id = homepage_assets')
 2 SYSTEMPATH\CodeIgniter.php(943): App\Controllers\HomepageController->Course_details_view('homepage_assets', 'img', 'favicon.png')
 3 SYSTEMPATH\CodeIgniter.php(503): CodeIgniter\CodeIgniter->runController(Object(App\Controllers\HomepageController))
 4 SYSTEMPATH\CodeIgniter.php(361): CodeIgniter\CodeIgniter->handleRequest(null, Object(Config\Cache), false)
 5 FCPATH\index.php(79): CodeIgniter\CodeIgniter->run()
CRITICAL - 2026-01-27 10:33:03 --> [Caused by] CodeIgniter\Database\Exceptions\DatabaseException: Unknown column 'homepage_assets' in 'where clause'
in SYSTEMPATH\Database\MySQLi\Connection.php on line 311.
 1 SYSTEMPATH\Database\BaseConnection.php(693): CodeIgniter\Database\MySQLi\Connection->execute(' SELECT *  FROM course_batch
                                WHERE course_id = homepage_assets')
 2 SYSTEMPATH\Database\BaseConnection.php(607): CodeIgniter\Database\BaseConnection->simpleQuery(' SELECT *  FROM course_batch
                                WHERE course_id = homepage_assets')
 3 APPPATH\Controllers\HomepageController.php(107): CodeIgniter\Database\BaseConnection->query(' SELECT *  FROM course_batch
                                WHERE course_id = homepage_assets')
 4 SYSTEMPATH\CodeIgniter.php(943): App\Controllers\HomepageController->Course_details_view('homepage_assets', 'img', 'favicon.png')
 5 SYSTEMPATH\CodeIgniter.php(503): CodeIgniter\CodeIgniter->runController(Object(App\Controllers\HomepageController))
 6 SYSTEMPATH\CodeIgniter.php(361): CodeIgniter\CodeIgniter->handleRequest(null, Object(Config\Cache), false)
 7 FCPATH\index.php(79): CodeIgniter\CodeIgniter->run()
CRITICAL - 2026-01-27 10:33:03 --> [Caused by] mysqli_sql_exception: Unknown column 'homepage_assets' in 'where clause'
in SYSTEMPATH\Database\MySQLi\Connection.php on line 306.
 1 SYSTEMPATH\Database\MySQLi\Connection.php(306): mysqli->query(' SELECT *  FROM course_batch
                                WHERE course_id = homepage_assets', 0)
 2 SYSTEMPATH\Database\BaseConnection.php(693): CodeIgniter\Database\MySQLi\Connection->execute(' SELECT *  FROM course_batch
                                WHERE course_id = homepage_assets')
 3 SYSTEMPATH\Database\BaseConnection.php(607): CodeIgniter\Database\BaseConnection->simpleQuery(' SELECT *  FROM course_batch
                                WHERE course_id = homepage_assets')
 4 APPPATH\Controllers\HomepageController.php(107): CodeIgniter\Database\BaseConnection->query(' SELECT *  FROM course_batch
                                WHERE course_id = homepage_assets')
 5 SYSTEMPATH\CodeIgniter.php(943): App\Controllers\HomepageController->Course_details_view('homepage_assets', 'img', 'favicon.png')
 6 SYSTEMPATH\CodeIgniter.php(503): CodeIgniter\CodeIgniter->runController(Object(App\Controllers\HomepageController))
 7 SYSTEMPATH\CodeIgniter.php(361): CodeIgniter\CodeIgniter->handleRequest(null, Object(Config\Cache), false)
 8 FCPATH\index.php(79): CodeIgniter\CodeIgniter->run()
INFO - 2026-01-27 10:33:42 --> Session: Class initialized using 'CodeIgniter\Session\Handlers\FileHandler' driver.
INFO - 2026-01-27 10:33:47 --> Session: Class initialized using 'CodeIgniter\Session\Handlers\FileHandler' driver.
INFO - 2026-01-27 10:33:47 --> Session: Class initialized using 'CodeIgniter\Session\Handlers\FileHandler' driver.
ERROR - 2026-01-27 10:33:47 --> mysqli_sql_exception: Unknown column 'homepage_assets' in 'where clause' in C:\laragon\www\schoolingtime\vendor\codeigniter4\framework\system\Database\MySQLi\Connection.php:306
Stack trace:
#0 C:\laragon\www\schoolingtime\vendor\codeigniter4\framework\system\Database\MySQLi\Connection.php(306): mysqli->query(' SELECT *  FROM...', 0)
#1 C:\laragon\www\schoolingtime\vendor\codeigniter4\framework\system\Database\BaseConnection.php(693): CodeIgniter\Database\MySQLi\Connection->execute(' SELECT *  FROM...')
#2 C:\laragon\www\schoolingtime\vendor\codeigniter4\framework\system\Database\BaseConnection.php(607): CodeIgniter\Database\BaseConnection->simpleQuery(' SELECT *  FROM...')
#3 C:\laragon\www\schoolingtime\app\Controllers\HomepageController.php(107): CodeIgniter\Database\BaseConnection->query(' SELECT *  FROM...')
#4 C:\laragon\www\schoolingtime\vendor\codeigniter4\framework\system\CodeIgniter.php(943): App\Controllers\HomepageController->Course_details_view('homepage_assets', 'img', 'favicon.png')
#5 C:\laragon\www\schoolingtime\vendor\codeigniter4\framework\system\CodeIgniter.php(503): CodeIgniter\CodeIgniter->runController(Object(App\Controllers\HomepageController))
#6 C:\laragon\www\schoolingtime\vendor\codeigniter4\framework\system\CodeIgniter.php(361): CodeIgniter\CodeIgniter->handleRequest(NULL, Object(Config\Cache), false)
#7 C:\laragon\www\schoolingtime\index.php(79): CodeIgniter\CodeIgniter->run()
#8 {main}
CRITICAL - 2026-01-27 10:33:47 --> CodeIgniter\Database\Exceptions\DatabaseException: Unknown column 'homepage_assets' in 'where clause'
in SYSTEMPATH\Database\BaseConnection.php on line 647.
 1 APPPATH\Controllers\HomepageController.php(107): CodeIgniter\Database\BaseConnection->query(' SELECT *  FROM course_batch
                                WHERE course_id = homepage_assets')
 2 SYSTEMPATH\CodeIgniter.php(943): App\Controllers\HomepageController->Course_details_view('homepage_assets', 'img', 'favicon.png')
 3 SYSTEMPATH\CodeIgniter.php(503): CodeIgniter\CodeIgniter->runController(Object(App\Controllers\HomepageController))
 4 SYSTEMPATH\CodeIgniter.php(361): CodeIgniter\CodeIgniter->handleRequest(null, Object(Config\Cache), false)
 5 FCPATH\index.php(79): CodeIgniter\CodeIgniter->run()
CRITICAL - 2026-01-27 10:33:47 --> [Caused by] CodeIgniter\Database\Exceptions\DatabaseException: Unknown column 'homepage_assets' in 'where clause'
in SYSTEMPATH\Database\MySQLi\Connection.php on line 311.
 1 SYSTEMPATH\Database\BaseConnection.php(693): CodeIgniter\Database\MySQLi\Connection->execute(' SELECT *  FROM course_batch
                                WHERE course_id = homepage_assets')
 2 SYSTEMPATH\Database\BaseConnection.php(607): CodeIgniter\Database\BaseConnection->simpleQuery(' SELECT *  FROM course_batch
                                WHERE course_id = homepage_assets')
 3 APPPATH\Controllers\HomepageController.php(107): CodeIgniter\Database\BaseConnection->query(' SELECT *  FROM course_batch
                                WHERE course_id = homepage_assets')
 4 SYSTEMPATH\CodeIgniter.php(943): App\Controllers\HomepageController->Course_details_view('homepage_assets', 'img', 'favicon.png')
 5 SYSTEMPATH\CodeIgniter.php(503): CodeIgniter\CodeIgniter->runController(Object(App\Controllers\HomepageController))
 6 SYSTEMPATH\CodeIgniter.php(361): CodeIgniter\CodeIgniter->handleRequest(null, Object(Config\Cache), false)
 7 FCPATH\index.php(79): CodeIgniter\CodeIgniter->run()
CRITICAL - 2026-01-27 10:33:47 --> [Caused by] mysqli_sql_exception: Unknown column 'homepage_assets' in 'where clause'
in SYSTEMPATH\Database\MySQLi\Connection.php on line 306.
 1 SYSTEMPATH\Database\MySQLi\Connection.php(306): mysqli->query(' SELECT *  FROM course_batch
                                WHERE course_id = homepage_assets', 0)
 2 SYSTEMPATH\Database\BaseConnection.php(693): CodeIgniter\Database\MySQLi\Connection->execute(' SELECT *  FROM course_batch
                                WHERE course_id = homepage_assets')
 3 SYSTEMPATH\Database\BaseConnection.php(607): CodeIgniter\Database\BaseConnection->simpleQuery(' SELECT *  FROM course_batch
                                WHERE course_id = homepage_assets')
 4 APPPATH\Controllers\HomepageController.php(107): CodeIgniter\Database\BaseConnection->query(' SELECT *  FROM course_batch
                                WHERE course_id = homepage_assets')
 5 SYSTEMPATH\CodeIgniter.php(943): App\Controllers\HomepageController->Course_details_view('homepage_assets', 'img', 'favicon.png')
 6 SYSTEMPATH\CodeIgniter.php(503): CodeIgniter\CodeIgniter->runController(Object(App\Controllers\HomepageController))
 7 SYSTEMPATH\CodeIgniter.php(361): CodeIgniter\CodeIgniter->handleRequest(null, Object(Config\Cache), false)
 8 FCPATH\index.php(79): CodeIgniter\CodeIgniter->run()
INFO - 2026-01-27 10:33:47 --> Session: Class initialized using 'CodeIgniter\Session\Handlers\FileHandler' driver.
ERROR - 2026-01-27 10:33:47 --> mysqli_sql_exception: Unknown column 'homepage_assets' in 'where clause' in C:\laragon\www\schoolingtime\vendor\codeigniter4\framework\system\Database\MySQLi\Connection.php:306
Stack trace:
#0 C:\laragon\www\schoolingtime\vendor\codeigniter4\framework\system\Database\MySQLi\Connection.php(306): mysqli->query(' SELECT *  FROM...', 0)
#1 C:\laragon\www\schoolingtime\vendor\codeigniter4\framework\system\Database\BaseConnection.php(693): CodeIgniter\Database\MySQLi\Connection->execute(' SELECT *  FROM...')
#2 C:\laragon\www\schoolingtime\vendor\codeigniter4\framework\system\Database\BaseConnection.php(607): CodeIgniter\Database\BaseConnection->simpleQuery(' SELECT *  FROM...')
#3 C:\laragon\www\schoolingtime\app\Controllers\HomepageController.php(107): CodeIgniter\Database\BaseConnection->query(' SELECT *  FROM...')
#4 C:\laragon\www\schoolingtime\vendor\codeigniter4\framework\system\CodeIgniter.php(943): App\Controllers\HomepageController->Course_details_view('homepage_assets', 'img', 'apple-touch-ico...')
#5 C:\laragon\www\schoolingtime\vendor\codeigniter4\framework\system\CodeIgniter.php(503): CodeIgniter\CodeIgniter->runController(Object(App\Controllers\HomepageController))
#6 C:\laragon\www\schoolingtime\vendor\codeigniter4\framework\system\CodeIgniter.php(361): CodeIgniter\CodeIgniter->handleRequest(NULL, Object(Config\Cache), false)
#7 C:\laragon\www\schoolingtime\index.php(79): CodeIgniter\CodeIgniter->run()
#8 {main}
CRITICAL - 2026-01-27 10:33:47 --> CodeIgniter\Database\Exceptions\DatabaseException: Unknown column 'homepage_assets' in 'where clause'
in SYSTEMPATH\Database\BaseConnection.php on line 647.
 1 APPPATH\Controllers\HomepageController.php(107): CodeIgniter\Database\BaseConnection->query(' SELECT *  FROM course_batch
                                WHERE course_id = homepage_assets')
 2 SYSTEMPATH\CodeIgniter.php(943): App\Controllers\HomepageController->Course_details_view('homepage_assets', 'img', 'apple-touch-icon.png')
 3 SYSTEMPATH\CodeIgniter.php(503): CodeIgniter\CodeIgniter->runController(Object(App\Controllers\HomepageController))
 4 SYSTEMPATH\CodeIgniter.php(361): CodeIgniter\CodeIgniter->handleRequest(null, Object(Config\Cache), false)
 5 FCPATH\index.php(79): CodeIgniter\CodeIgniter->run()
CRITICAL - 2026-01-27 10:33:47 --> [Caused by] CodeIgniter\Database\Exceptions\DatabaseException: Unknown column 'homepage_assets' in 'where clause'
in SYSTEMPATH\Database\MySQLi\Connection.php on line 311.
 1 SYSTEMPATH\Database\BaseConnection.php(693): CodeIgniter\Database\MySQLi\Connection->execute(' SELECT *  FROM course_batch
                                WHERE course_id = homepage_assets')
 2 SYSTEMPATH\Database\BaseConnection.php(607): CodeIgniter\Database\BaseConnection->simpleQuery(' SELECT *  FROM course_batch
                                WHERE course_id = homepage_assets')
 3 APPPATH\Controllers\HomepageController.php(107): CodeIgniter\Database\BaseConnection->query(' SELECT *  FROM course_batch
                                WHERE course_id = homepage_assets')
 4 SYSTEMPATH\CodeIgniter.php(943): App\Controllers\HomepageController->Course_details_view('homepage_assets', 'img', 'apple-touch-icon.png')
 5 SYSTEMPATH\CodeIgniter.php(503): CodeIgniter\CodeIgniter->runController(Object(App\Controllers\HomepageController))
 6 SYSTEMPATH\CodeIgniter.php(361): CodeIgniter\CodeIgniter->handleRequest(null, Object(Config\Cache), false)
 7 FCPATH\index.php(79): CodeIgniter\CodeIgniter->run()
CRITICAL - 2026-01-27 10:33:47 --> [Caused by] mysqli_sql_exception: Unknown column 'homepage_assets' in 'where clause'
in SYSTEMPATH\Database\MySQLi\Connection.php on line 306.
 1 SYSTEMPATH\Database\MySQLi\Connection.php(306): mysqli->query(' SELECT *  FROM course_batch
                                WHERE course_id = homepage_assets', 0)
 2 SYSTEMPATH\Database\BaseConnection.php(693): CodeIgniter\Database\MySQLi\Connection->execute(' SELECT *  FROM course_batch
                                WHERE course_id = homepage_assets')
 3 SYSTEMPATH\Database\BaseConnection.php(607): CodeIgniter\Database\BaseConnection->simpleQuery(' SELECT *  FROM course_batch
                                WHERE course_id = homepage_assets')
 4 APPPATH\Controllers\HomepageController.php(107): CodeIgniter\Database\BaseConnection->query(' SELECT *  FROM course_batch
                                WHERE course_id = homepage_assets')
 5 SYSTEMPATH\CodeIgniter.php(943): App\Controllers\HomepageController->Course_details_view('homepage_assets', 'img', 'apple-touch-icon.png')
 6 SYSTEMPATH\CodeIgniter.php(503): CodeIgniter\CodeIgniter->runController(Object(App\Controllers\HomepageController))
 7 SYSTEMPATH\CodeIgniter.php(361): CodeIgniter\CodeIgniter->handleRequest(null, Object(Config\Cache), false)
 8 FCPATH\index.php(79): CodeIgniter\CodeIgniter->run()
INFO - 2026-01-27 10:34:13 --> Session: Class initialized using 'CodeIgniter\Session\Handlers\FileHandler' driver.
INFO - 2026-01-27 10:34:29 --> Session: Class initialized using 'CodeIgniter\Session\Handlers\FileHandler' driver.
INFO - 2026-01-27 10:34:29 --> Session: Class initialized using 'CodeIgniter\Session\Handlers\FileHandler' driver.
INFO - 2026-01-27 10:34:36 --> Session: Class initialized using 'CodeIgniter\Session\Handlers\FileHandler' driver.
INFO - 2026-01-27 10:34:39 --> Session: Class initialized using 'CodeIgniter\Session\Handlers\FileHandler' driver.
INFO - 2026-01-27 10:34:48 --> Session: Class initialized using 'CodeIgniter\Session\Handlers\FileHandler' driver.
INFO - 2026-01-27 10:34:51 --> Session: Class initialized using 'CodeIgniter\Session\Handlers\FileHandler' driver.
INFO - 2026-01-27 10:34:55 --> Session: Class initialized using 'CodeIgniter\Session\Handlers\FileHandler' driver.
INFO - 2026-01-27 10:34:55 --> Session: Class initialized using 'CodeIgniter\Session\Handlers\FileHandler' driver.
ERROR - 2026-01-27 10:34:56 --> mysqli_sql_exception: Unknown column 'homepage_assets' in 'where clause' in C:\laragon\www\schoolingtime\vendor\codeigniter4\framework\system\Database\MySQLi\Connection.php:306
Stack trace:
#0 C:\laragon\www\schoolingtime\vendor\codeigniter4\framework\system\Database\MySQLi\Connection.php(306): mysqli->query(' SELECT *  FROM...', 0)
#1 C:\laragon\www\schoolingtime\vendor\codeigniter4\framework\system\Database\BaseConnection.php(693): CodeIgniter\Database\MySQLi\Connection->execute(' SELECT *  FROM...')
#2 C:\laragon\www\schoolingtime\vendor\codeigniter4\framework\system\Database\BaseConnection.php(607): CodeIgniter\Database\BaseConnection->simpleQuery(' SELECT *  FROM...')
#3 C:\laragon\www\schoolingtime\app\Controllers\HomepageController.php(107): CodeIgniter\Database\BaseConnection->query(' SELECT *  FROM...')
#4 C:\laragon\www\schoolingtime\vendor\codeigniter4\framework\system\CodeIgniter.php(943): App\Controllers\HomepageController->Course_details_view('homepage_assets', 'img', 'apple-touch-ico...')
#5 C:\laragon\www\schoolingtime\vendor\codeigniter4\framework\system\CodeIgniter.php(503): CodeIgniter\CodeIgniter->runController(Object(App\Controllers\HomepageController))
#6 C:\laragon\www\schoolingtime\vendor\codeigniter4\framework\system\CodeIgniter.php(361): CodeIgniter\CodeIgniter->handleRequest(NULL, Object(Config\Cache), false)
#7 C:\laragon\www\schoolingtime\index.php(79): CodeIgniter\CodeIgniter->run()
#8 {main}
CRITICAL - 2026-01-27 10:34:56 --> CodeIgniter\Database\Exceptions\DatabaseException: Unknown column 'homepage_assets' in 'where clause'
in SYSTEMPATH\Database\BaseConnection.php on line 647.
 1 APPPATH\Controllers\HomepageController.php(107): CodeIgniter\Database\BaseConnection->query(' SELECT *  FROM course_batch
                                WHERE course_id = homepage_assets')
 2 SYSTEMPATH\CodeIgniter.php(943): App\Controllers\HomepageController->Course_details_view('homepage_assets', 'img', 'apple-touch-icon.png')
 3 SYSTEMPATH\CodeIgniter.php(503): CodeIgniter\CodeIgniter->runController(Object(App\Controllers\HomepageController))
 4 SYSTEMPATH\CodeIgniter.php(361): CodeIgniter\CodeIgniter->handleRequest(null, Object(Config\Cache), false)
 5 FCPATH\index.php(79): CodeIgniter\CodeIgniter->run()
CRITICAL - 2026-01-27 10:34:56 --> [Caused by] CodeIgniter\Database\Exceptions\DatabaseException: Unknown column 'homepage_assets' in 'where clause'
in SYSTEMPATH\Database\MySQLi\Connection.php on line 311.
 1 SYSTEMPATH\Database\BaseConnection.php(693): CodeIgniter\Database\MySQLi\Connection->execute(' SELECT *  FROM course_batch
                                WHERE course_id = homepage_assets')
 2 SYSTEMPATH\Database\BaseConnection.php(607): CodeIgniter\Database\BaseConnection->simpleQuery(' SELECT *  FROM course_batch
                                WHERE course_id = homepage_assets')
 3 APPPATH\Controllers\HomepageController.php(107): CodeIgniter\Database\BaseConnection->query(' SELECT *  FROM course_batch
                                WHERE course_id = homepage_assets')
 4 SYSTEMPATH\CodeIgniter.php(943): App\Controllers\HomepageController->Course_details_view('homepage_assets', 'img', 'apple-touch-icon.png')
 5 SYSTEMPATH\CodeIgniter.php(503): CodeIgniter\CodeIgniter->runController(Object(App\Controllers\HomepageController))
 6 SYSTEMPATH\CodeIgniter.php(361): CodeIgniter\CodeIgniter->handleRequest(null, Object(Config\Cache), false)
 7 FCPATH\index.php(79): CodeIgniter\CodeIgniter->run()
CRITICAL - 2026-01-27 10:34:56 --> [Caused by] mysqli_sql_exception: Unknown column 'homepage_assets' in 'where clause'
in SYSTEMPATH\Database\MySQLi\Connection.php on line 306.
 1 SYSTEMPATH\Database\MySQLi\Connection.php(306): mysqli->query(' SELECT *  FROM course_batch
                                WHERE course_id = homepage_assets', 0)
 2 SYSTEMPATH\Database\BaseConnection.php(693): CodeIgniter\Database\MySQLi\Connection->execute(' SELECT *  FROM course_batch
                                WHERE course_id = homepage_assets')
 3 SYSTEMPATH\Database\BaseConnection.php(607): CodeIgniter\Database\BaseConnection->simpleQuery(' SELECT *  FROM course_batch
                                WHERE course_id = homepage_assets')
 4 APPPATH\Controllers\HomepageController.php(107): CodeIgniter\Database\BaseConnection->query(' SELECT *  FROM course_batch
                                WHERE course_id = homepage_assets')
 5 SYSTEMPATH\CodeIgniter.php(943): App\Controllers\HomepageController->Course_details_view('homepage_assets', 'img', 'apple-touch-icon.png')
 6 SYSTEMPATH\CodeIgniter.php(503): CodeIgniter\CodeIgniter->runController(Object(App\Controllers\HomepageController))
 7 SYSTEMPATH\CodeIgniter.php(361): CodeIgniter\CodeIgniter->handleRequest(null, Object(Config\Cache), false)
 8 FCPATH\index.php(79): CodeIgniter\CodeIgniter->run()
INFO - 2026-01-27 10:34:56 --> Session: Class initialized using 'CodeIgniter\Session\Handlers\FileHandler' driver.
ERROR - 2026-01-27 10:34:56 --> mysqli_sql_exception: Unknown column 'homepage_assets' in 'where clause' in C:\laragon\www\schoolingtime\vendor\codeigniter4\framework\system\Database\MySQLi\Connection.php:306
Stack trace:
#0 C:\laragon\www\schoolingtime\vendor\codeigniter4\framework\system\Database\MySQLi\Connection.php(306): mysqli->query(' SELECT *  FROM...', 0)
#1 C:\laragon\www\schoolingtime\vendor\codeigniter4\framework\system\Database\BaseConnection.php(693): CodeIgniter\Database\MySQLi\Connection->execute(' SELECT *  FROM...')
#2 C:\laragon\www\schoolingtime\vendor\codeigniter4\framework\system\Database\BaseConnection.php(607): CodeIgniter\Database\BaseConnection->simpleQuery(' SELECT *  FROM...')
#3 C:\laragon\www\schoolingtime\app\Controllers\HomepageController.php(107): CodeIgniter\Database\BaseConnection->query(' SELECT *  FROM...')
#4 C:\laragon\www\schoolingtime\vendor\codeigniter4\framework\system\CodeIgniter.php(943): App\Controllers\HomepageController->Course_details_view('homepage_assets', 'img', 'favicon.png')
#5 C:\laragon\www\schoolingtime\vendor\codeigniter4\framework\system\CodeIgniter.php(503): CodeIgniter\CodeIgniter->runController(Object(App\Controllers\HomepageController))
#6 C:\laragon\www\schoolingtime\vendor\codeigniter4\framework\system\CodeIgniter.php(361): CodeIgniter\CodeIgniter->handleRequest(NULL, Object(Config\Cache), false)
#7 C:\laragon\www\schoolingtime\index.php(79): CodeIgniter\CodeIgniter->run()
#8 {main}
CRITICAL - 2026-01-27 10:34:56 --> CodeIgniter\Database\Exceptions\DatabaseException: Unknown column 'homepage_assets' in 'where clause'
in SYSTEMPATH\Database\BaseConnection.php on line 647.
 1 APPPATH\Controllers\HomepageController.php(107): CodeIgniter\Database\BaseConnection->query(' SELECT *  FROM course_batch
                                WHERE course_id = homepage_assets')
 2 SYSTEMPATH\CodeIgniter.php(943): App\Controllers\HomepageController->Course_details_view('homepage_assets', 'img', 'favicon.png')
 3 SYSTEMPATH\CodeIgniter.php(503): CodeIgniter\CodeIgniter->runController(Object(App\Controllers\HomepageController))
 4 SYSTEMPATH\CodeIgniter.php(361): CodeIgniter\CodeIgniter->handleRequest(null, Object(Config\Cache), false)
 5 FCPATH\index.php(79): CodeIgniter\CodeIgniter->run()
CRITICAL - 2026-01-27 10:34:56 --> [Caused by] CodeIgniter\Database\Exceptions\DatabaseException: Unknown column 'homepage_assets' in 'where clause'
in SYSTEMPATH\Database\MySQLi\Connection.php on line 311.
 1 SYSTEMPATH\Database\BaseConnection.php(693): CodeIgniter\Database\MySQLi\Connection->execute(' SELECT *  FROM course_batch
                                WHERE course_id = homepage_assets')
 2 SYSTEMPATH\Database\BaseConnection.php(607): CodeIgniter\Database\BaseConnection->simpleQuery(' SELECT *  FROM course_batch
                                WHERE course_id = homepage_assets')
 3 APPPATH\Controllers\HomepageController.php(107): CodeIgniter\Database\BaseConnection->query(' SELECT *  FROM course_batch
                                WHERE course_id = homepage_assets')
 4 SYSTEMPATH\CodeIgniter.php(943): App\Controllers\HomepageController->Course_details_view('homepage_assets', 'img', 'favicon.png')
 5 SYSTEMPATH\CodeIgniter.php(503): CodeIgniter\CodeIgniter->runController(Object(App\Controllers\HomepageController))
 6 SYSTEMPATH\CodeIgniter.php(361): CodeIgniter\CodeIgniter->handleRequest(null, Object(Config\Cache), false)
 7 FCPATH\index.php(79): CodeIgniter\CodeIgniter->run()
CRITICAL - 2026-01-27 10:34:56 --> [Caused by] mysqli_sql_exception: Unknown column 'homepage_assets' in 'where clause'
in SYSTEMPATH\Database\MySQLi\Connection.php on line 306.
 1 SYSTEMPATH\Database\MySQLi\Connection.php(306): mysqli->query(' SELECT *  FROM course_batch
                                WHERE course_id = homepage_assets', 0)
 2 SYSTEMPATH\Database\BaseConnection.php(693): CodeIgniter\Database\MySQLi\Connection->execute(' SELECT *  FROM course_batch
                                WHERE course_id = homepage_assets')
 3 SYSTEMPATH\Database\BaseConnection.php(607): CodeIgniter\Database\BaseConnection->simpleQuery(' SELECT *  FROM course_batch
                                WHERE course_id = homepage_assets')
 4 APPPATH\Controllers\HomepageController.php(107): CodeIgniter\Database\BaseConnection->query(' SELECT *  FROM course_batch
                                WHERE course_id = homepage_assets')
 5 SYSTEMPATH\CodeIgniter.php(943): App\Controllers\HomepageController->Course_details_view('homepage_assets', 'img', 'favicon.png')
 6 SYSTEMPATH\CodeIgniter.php(503): CodeIgniter\CodeIgniter->runController(Object(App\Controllers\HomepageController))
 7 SYSTEMPATH\CodeIgniter.php(361): CodeIgniter\CodeIgniter->handleRequest(null, Object(Config\Cache), false)
 8 FCPATH\index.php(79): CodeIgniter\CodeIgniter->run()
INFO - 2026-01-27 10:47:34 --> Session: Class initialized using 'CodeIgniter\Session\Handlers\FileHandler' driver.
INFO - 2026-01-27 10:47:41 --> Session: Class initialized using 'CodeIgniter\Session\Handlers\FileHandler' driver.
INFO - 2026-01-27 10:47:41 --> Session: Class initialized using 'CodeIgniter\Session\Handlers\FileHandler' driver.
INFO - 2026-01-27 10:47:49 --> Session: Class initialized using 'CodeIgniter\Session\Handlers\FileHandler' driver.
INFO - 2026-01-27 10:48:13 --> Session: Class initialized using 'CodeIgniter\Session\Handlers\FileHandler' driver.
INFO - 2026-01-27 10:48:14 --> Session: Class initialized using 'CodeIgniter\Session\Handlers\FileHandler' driver.
INFO - 2026-01-27 10:49:09 --> Session: Class initialized using 'CodeIgniter\Session\Handlers\FileHandler' driver.
INFO - 2026-01-27 10:49:09 --> Session: Class initialized using 'CodeIgniter\Session\Handlers\FileHandler' driver.
INFO - 2026-01-27 10:49:28 --> Session: Class initialized using 'CodeIgniter\Session\Handlers\FileHandler' driver.
INFO - 2026-01-27 10:49:32 --> Session: Class initialized using 'CodeIgniter\Session\Handlers\FileHandler' driver.
INFO - 2026-01-27 10:50:57 --> Session: Class initialized using 'CodeIgniter\Session\Handlers\FileHandler' driver.
INFO - 2026-01-27 10:50:57 --> Session: Class initialized using 'CodeIgniter\Session\Handlers\FileHandler' driver.
INFO - 2026-01-27 10:51:01 --> Session: Class initialized using 'CodeIgniter\Session\Handlers\FileHandler' driver.
INFO - 2026-01-27 10:51:18 --> Session: Class initialized using 'CodeIgniter\Session\Handlers\FileHandler' driver.
INFO - 2026-01-27 10:51:18 --> Session: Class initialized using 'CodeIgniter\Session\Handlers\FileHandler' driver.
INFO - 2026-01-27 10:51:36 --> Session: Class initialized using 'CodeIgniter\Session\Handlers\FileHandler' driver.
INFO - 2026-01-27 10:51:36 --> Session: Class initialized using 'CodeIgniter\Session\Handlers\FileHandler' driver.
INFO - 2026-01-27 10:51:44 --> Session: Class initialized using 'CodeIgniter\Session\Handlers\FileHandler' driver.
INFO - 2026-01-27 10:51:48 --> Session: Class initialized using 'CodeIgniter\Session\Handlers\FileHandler' driver.
INFO - 2026-01-27 10:52:06 --> Session: Class initialized using 'CodeIgniter\Session\Handlers\FileHandler' driver.
INFO - 2026-01-27 10:52:09 --> Session: Class initialized using 'CodeIgniter\Session\Handlers\FileHandler' driver.
INFO - 2026-01-27 10:52:09 --> Session: Class initialized using 'CodeIgniter\Session\Handlers\FileHandler' driver.
INFO - 2026-01-27 10:52:13 --> Session: Class initialized using 'CodeIgniter\Session\Handlers\FileHandler' driver.
INFO - 2026-01-27 10:52:13 --> Session: Class initialized using 'CodeIgniter\Session\Handlers\FileHandler' driver.
ERROR - 2026-01-27 10:52:13 --> mysqli_sql_exception: Unknown column 'homepage_assets' in 'where clause' in C:\laragon\www\schoolingtime\vendor\codeigniter4\framework\system\Database\MySQLi\Connection.php:306
Stack trace:
#0 C:\laragon\www\schoolingtime\vendor\codeigniter4\framework\system\Database\MySQLi\Connection.php(306): mysqli->query(' SELECT *  FROM...', 0)
#1 C:\laragon\www\schoolingtime\vendor\codeigniter4\framework\system\Database\BaseConnection.php(693): CodeIgniter\Database\MySQLi\Connection->execute(' SELECT *  FROM...')
#2 C:\laragon\www\schoolingtime\vendor\codeigniter4\framework\system\Database\BaseConnection.php(607): CodeIgniter\Database\BaseConnection->simpleQuery(' SELECT *  FROM...')
#3 C:\laragon\www\schoolingtime\app\Controllers\HomepageController.php(107): CodeIgniter\Database\BaseConnection->query(' SELECT *  FROM...')
#4 C:\laragon\www\schoolingtime\vendor\codeigniter4\framework\system\CodeIgniter.php(943): App\Controllers\HomepageController->Course_details_view('homepage_assets', 'img', 'apple-touch-ico...')
#5 C:\laragon\www\schoolingtime\vendor\codeigniter4\framework\system\CodeIgniter.php(503): CodeIgniter\CodeIgniter->runController(Object(App\Controllers\HomepageController))
#6 C:\laragon\www\schoolingtime\vendor\codeigniter4\framework\system\CodeIgniter.php(361): CodeIgniter\CodeIgniter->handleRequest(NULL, Object(Config\Cache), false)
#7 C:\laragon\www\schoolingtime\index.php(79): CodeIgniter\CodeIgniter->run()
#8 {main}
CRITICAL - 2026-01-27 10:52:13 --> CodeIgniter\Database\Exceptions\DatabaseException: Unknown column 'homepage_assets' in 'where clause'
in SYSTEMPATH\Database\BaseConnection.php on line 647.
 1 APPPATH\Controllers\HomepageController.php(107): CodeIgniter\Database\BaseConnection->query(' SELECT *  FROM course_batch
                                WHERE course_id = homepage_assets')
 2 SYSTEMPATH\CodeIgniter.php(943): App\Controllers\HomepageController->Course_details_view('homepage_assets', 'img', 'apple-touch-icon.png')
 3 SYSTEMPATH\CodeIgniter.php(503): CodeIgniter\CodeIgniter->runController(Object(App\Controllers\HomepageController))
 4 SYSTEMPATH\CodeIgniter.php(361): CodeIgniter\CodeIgniter->handleRequest(null, Object(Config\Cache), false)
 5 FCPATH\index.php(79): CodeIgniter\CodeIgniter->run()
CRITICAL - 2026-01-27 10:52:13 --> [Caused by] CodeIgniter\Database\Exceptions\DatabaseException: Unknown column 'homepage_assets' in 'where clause'
in SYSTEMPATH\Database\MySQLi\Connection.php on line 311.
 1 SYSTEMPATH\Database\BaseConnection.php(693): CodeIgniter\Database\MySQLi\Connection->execute(' SELECT *  FROM course_batch
                                WHERE course_id = homepage_assets')
 2 SYSTEMPATH\Database\BaseConnection.php(607): CodeIgniter\Database\BaseConnection->simpleQuery(' SELECT *  FROM course_batch
                                WHERE course_id = homepage_assets')
 3 APPPATH\Controllers\HomepageController.php(107): CodeIgniter\Database\BaseConnection->query(' SELECT *  FROM course_batch
                                WHERE course_id = homepage_assets')
 4 SYSTEMPATH\CodeIgniter.php(943): App\Controllers\HomepageController->Course_details_view('homepage_assets', 'img', 'apple-touch-icon.png')
 5 SYSTEMPATH\CodeIgniter.php(503): CodeIgniter\CodeIgniter->runController(Object(App\Controllers\HomepageController))
 6 SYSTEMPATH\CodeIgniter.php(361): CodeIgniter\CodeIgniter->handleRequest(null, Object(Config\Cache), false)
 7 FCPATH\index.php(79): CodeIgniter\CodeIgniter->run()
CRITICAL - 2026-01-27 10:52:13 --> [Caused by] mysqli_sql_exception: Unknown column 'homepage_assets' in 'where clause'
in SYSTEMPATH\Database\MySQLi\Connection.php on line 306.
 1 SYSTEMPATH\Database\MySQLi\Connection.php(306): mysqli->query(' SELECT *  FROM course_batch
                                WHERE course_id = homepage_assets', 0)
 2 SYSTEMPATH\Database\BaseConnection.php(693): CodeIgniter\Database\MySQLi\Connection->execute(' SELECT *  FROM course_batch
                                WHERE course_id = homepage_assets')
 3 SYSTEMPATH\Database\BaseConnection.php(607): CodeIgniter\Database\BaseConnection->simpleQuery(' SELECT *  FROM course_batch
                                WHERE course_id = homepage_assets')
 4 APPPATH\Controllers\HomepageController.php(107): CodeIgniter\Database\BaseConnection->query(' SELECT *  FROM course_batch
                                WHERE course_id = homepage_assets')
 5 SYSTEMPATH\CodeIgniter.php(943): App\Controllers\HomepageController->Course_details_view('homepage_assets', 'img', 'apple-touch-icon.png')
 6 SYSTEMPATH\CodeIgniter.php(503): CodeIgniter\CodeIgniter->runController(Object(App\Controllers\HomepageController))
 7 SYSTEMPATH\CodeIgniter.php(361): CodeIgniter\CodeIgniter->handleRequest(null, Object(Config\Cache), false)
 8 FCPATH\index.php(79): CodeIgniter\CodeIgniter->run()
INFO - 2026-01-27 10:52:13 --> Session: Class initialized using 'CodeIgniter\Session\Handlers\FileHandler' driver.
ERROR - 2026-01-27 10:52:13 --> mysqli_sql_exception: Unknown column 'homepage_assets' in 'where clause' in C:\laragon\www\schoolingtime\vendor\codeigniter4\framework\system\Database\MySQLi\Connection.php:306
Stack trace:
#0 C:\laragon\www\schoolingtime\vendor\codeigniter4\framework\system\Database\MySQLi\Connection.php(306): mysqli->query(' SELECT *  FROM...', 0)
#1 C:\laragon\www\schoolingtime\vendor\codeigniter4\framework\system\Database\BaseConnection.php(693): CodeIgniter\Database\MySQLi\Connection->execute(' SELECT *  FROM...')
#2 C:\laragon\www\schoolingtime\vendor\codeigniter4\framework\system\Database\BaseConnection.php(607): CodeIgniter\Database\BaseConnection->simpleQuery(' SELECT *  FROM...')
#3 C:\laragon\www\schoolingtime\app\Controllers\HomepageController.php(107): CodeIgniter\Database\BaseConnection->query(' SELECT *  FROM...')
#4 C:\laragon\www\schoolingtime\vendor\codeigniter4\framework\system\CodeIgniter.php(943): App\Controllers\HomepageController->Course_details_view('homepage_assets', 'img', 'favicon.png')
#5 C:\laragon\www\schoolingtime\vendor\codeigniter4\framework\system\CodeIgniter.php(503): CodeIgniter\CodeIgniter->runController(Object(App\Controllers\HomepageController))
#6 C:\laragon\www\schoolingtime\vendor\codeigniter4\framework\system\CodeIgniter.php(361): CodeIgniter\CodeIgniter->handleRequest(NULL, Object(Config\Cache), false)
#7 C:\laragon\www\schoolingtime\index.php(79): CodeIgniter\CodeIgniter->run()
#8 {main}
CRITICAL - 2026-01-27 10:52:13 --> CodeIgniter\Database\Exceptions\DatabaseException: Unknown column 'homepage_assets' in 'where clause'
in SYSTEMPATH\Database\BaseConnection.php on line 647.
 1 APPPATH\Controllers\HomepageController.php(107): CodeIgniter\Database\BaseConnection->query(' SELECT *  FROM course_batch
                                WHERE course_id = homepage_assets')
 2 SYSTEMPATH\CodeIgniter.php(943): App\Controllers\HomepageController->Course_details_view('homepage_assets', 'img', 'favicon.png')
 3 SYSTEMPATH\CodeIgniter.php(503): CodeIgniter\CodeIgniter->runController(Object(App\Controllers\HomepageController))
 4 SYSTEMPATH\CodeIgniter.php(361): CodeIgniter\CodeIgniter->handleRequest(null, Object(Config\Cache), false)
 5 FCPATH\index.php(79): CodeIgniter\CodeIgniter->run()
CRITICAL - 2026-01-27 10:52:13 --> [Caused by] CodeIgniter\Database\Exceptions\DatabaseException: Unknown column 'homepage_assets' in 'where clause'
in SYSTEMPATH\Database\MySQLi\Connection.php on line 311.
 1 SYSTEMPATH\Database\BaseConnection.php(693): CodeIgniter\Database\MySQLi\Connection->execute(' SELECT *  FROM course_batch
                                WHERE course_id = homepage_assets')
 2 SYSTEMPATH\Database\BaseConnection.php(607): CodeIgniter\Database\BaseConnection->simpleQuery(' SELECT *  FROM course_batch
                                WHERE course_id = homepage_assets')
 3 APPPATH\Controllers\HomepageController.php(107): CodeIgniter\Database\BaseConnection->query(' SELECT *  FROM course_batch
                                WHERE course_id = homepage_assets')
 4 SYSTEMPATH\CodeIgniter.php(943): App\Controllers\HomepageController->Course_details_view('homepage_assets', 'img', 'favicon.png')
 5 SYSTEMPATH\CodeIgniter.php(503): CodeIgniter\CodeIgniter->runController(Object(App\Controllers\HomepageController))
 6 SYSTEMPATH\CodeIgniter.php(361): CodeIgniter\CodeIgniter->handleRequest(null, Object(Config\Cache), false)
 7 FCPATH\index.php(79): CodeIgniter\CodeIgniter->run()
CRITICAL - 2026-01-27 10:52:13 --> [Caused by] mysqli_sql_exception: Unknown column 'homepage_assets' in 'where clause'
in SYSTEMPATH\Database\MySQLi\Connection.php on line 306.
 1 SYSTEMPATH\Database\MySQLi\Connection.php(306): mysqli->query(' SELECT *  FROM course_batch
                                WHERE course_id = homepage_assets', 0)
 2 SYSTEMPATH\Database\BaseConnection.php(693): CodeIgniter\Database\MySQLi\Connection->execute(' SELECT *  FROM course_batch
                                WHERE course_id = homepage_assets')
 3 SYSTEMPATH\Database\BaseConnection.php(607): CodeIgniter\Database\BaseConnection->simpleQuery(' SELECT *  FROM course_batch
                                WHERE course_id = homepage_assets')
 4 APPPATH\Controllers\HomepageController.php(107): CodeIgniter\Database\BaseConnection->query(' SELECT *  FROM course_batch
                                WHERE course_id = homepage_assets')
 5 SYSTEMPATH\CodeIgniter.php(943): App\Controllers\HomepageController->Course_details_view('homepage_assets', 'img', 'favicon.png')
 6 SYSTEMPATH\CodeIgniter.php(503): CodeIgniter\CodeIgniter->runController(Object(App\Controllers\HomepageController))
 7 SYSTEMPATH\CodeIgniter.php(361): CodeIgniter\CodeIgniter->handleRequest(null, Object(Config\Cache), false)
 8 FCPATH\index.php(79): CodeIgniter\CodeIgniter->run()
INFO - 2026-01-27 10:52:20 --> Session: Class initialized using 'CodeIgniter\Session\Handlers\FileHandler' driver.
INFO - 2026-01-27 10:52:20 --> Session: Class initialized using 'CodeIgniter\Session\Handlers\FileHandler' driver.
ERROR - 2026-01-27 10:52:20 --> mysqli_sql_exception: Unknown column 'homepage_assets' in 'where clause' in C:\laragon\www\schoolingtime\vendor\codeigniter4\framework\system\Database\MySQLi\Connection.php:306
Stack trace:
#0 C:\laragon\www\schoolingtime\vendor\codeigniter4\framework\system\Database\MySQLi\Connection.php(306): mysqli->query(' SELECT *  FROM...', 0)
#1 C:\laragon\www\schoolingtime\vendor\codeigniter4\framework\system\Database\BaseConnection.php(693): CodeIgniter\Database\MySQLi\Connection->execute(' SELECT *  FROM...')
#2 C:\laragon\www\schoolingtime\vendor\codeigniter4\framework\system\Database\BaseConnection.php(607): CodeIgniter\Database\BaseConnection->simpleQuery(' SELECT *  FROM...')
#3 C:\laragon\www\schoolingtime\app\Controllers\HomepageController.php(107): CodeIgniter\Database\BaseConnection->query(' SELECT *  FROM...')
#4 C:\laragon\www\schoolingtime\vendor\codeigniter4\framework\system\CodeIgniter.php(943): App\Controllers\HomepageController->Course_details_view('homepage_assets', 'img', 'apple-touch-ico...')
#5 C:\laragon\www\schoolingtime\vendor\codeigniter4\framework\system\CodeIgniter.php(503): CodeIgniter\CodeIgniter->runController(Object(App\Controllers\HomepageController))
#6 C:\laragon\www\schoolingtime\vendor\codeigniter4\framework\system\CodeIgniter.php(361): CodeIgniter\CodeIgniter->handleRequest(NULL, Object(Config\Cache), false)
#7 C:\laragon\www\schoolingtime\index.php(79): CodeIgniter\CodeIgniter->run()
#8 {main}
CRITICAL - 2026-01-27 10:52:20 --> CodeIgniter\Database\Exceptions\DatabaseException: Unknown column 'homepage_assets' in 'where clause'
in SYSTEMPATH\Database\BaseConnection.php on line 647.
 1 APPPATH\Controllers\HomepageController.php(107): CodeIgniter\Database\BaseConnection->query(' SELECT *  FROM course_batch
                                WHERE course_id = homepage_assets')
 2 SYSTEMPATH\CodeIgniter.php(943): App\Controllers\HomepageController->Course_details_view('homepage_assets', 'img', 'apple-touch-icon.png')
 3 SYSTEMPATH\CodeIgniter.php(503): CodeIgniter\CodeIgniter->runController(Object(App\Controllers\HomepageController))
 4 SYSTEMPATH\CodeIgniter.php(361): CodeIgniter\CodeIgniter->handleRequest(null, Object(Config\Cache), false)
 5 FCPATH\index.php(79): CodeIgniter\CodeIgniter->run()
CRITICAL - 2026-01-27 10:52:20 --> [Caused by] CodeIgniter\Database\Exceptions\DatabaseException: Unknown column 'homepage_assets' in 'where clause'
in SYSTEMPATH\Database\MySQLi\Connection.php on line 311.
 1 SYSTEMPATH\Database\BaseConnection.php(693): CodeIgniter\Database\MySQLi\Connection->execute(' SELECT *  FROM course_batch
                                WHERE course_id = homepage_assets')
 2 SYSTEMPATH\Database\BaseConnection.php(607): CodeIgniter\Database\BaseConnection->simpleQuery(' SELECT *  FROM course_batch
                                WHERE course_id = homepage_assets')
 3 APPPATH\Controllers\HomepageController.php(107): CodeIgniter\Database\BaseConnection->query(' SELECT *  FROM course_batch
                                WHERE course_id = homepage_assets')
 4 SYSTEMPATH\CodeIgniter.php(943): App\Controllers\HomepageController->Course_details_view('homepage_assets', 'img', 'apple-touch-icon.png')
 5 SYSTEMPATH\CodeIgniter.php(503): CodeIgniter\CodeIgniter->runController(Object(App\Controllers\HomepageController))
 6 SYSTEMPATH\CodeIgniter.php(361): CodeIgniter\CodeIgniter->handleRequest(null, Object(Config\Cache), false)
 7 FCPATH\index.php(79): CodeIgniter\CodeIgniter->run()
CRITICAL - 2026-01-27 10:52:20 --> [Caused by] mysqli_sql_exception: Unknown column 'homepage_assets' in 'where clause'
in SYSTEMPATH\Database\MySQLi\Connection.php on line 306.
 1 SYSTEMPATH\Database\MySQLi\Connection.php(306): mysqli->query(' SELECT *  FROM course_batch
                                WHERE course_id = homepage_assets', 0)
 2 SYSTEMPATH\Database\BaseConnection.php(693): CodeIgniter\Database\MySQLi\Connection->execute(' SELECT *  FROM course_batch
                                WHERE course_id = homepage_assets')
 3 SYSTEMPATH\Database\BaseConnection.php(607): CodeIgniter\Database\BaseConnection->simpleQuery(' SELECT *  FROM course_batch
                                WHERE course_id = homepage_assets')
 4 APPPATH\Controllers\HomepageController.php(107): CodeIgniter\Database\BaseConnection->query(' SELECT *  FROM course_batch
                                WHERE course_id = homepage_assets')
 5 SYSTEMPATH\CodeIgniter.php(943): App\Controllers\HomepageController->Course_details_view('homepage_assets', 'img', 'apple-touch-icon.png')
 6 SYSTEMPATH\CodeIgniter.php(503): CodeIgniter\CodeIgniter->runController(Object(App\Controllers\HomepageController))
 7 SYSTEMPATH\CodeIgniter.php(361): CodeIgniter\CodeIgniter->handleRequest(null, Object(Config\Cache), false)
 8 FCPATH\index.php(79): CodeIgniter\CodeIgniter->run()
INFO - 2026-01-27 10:52:20 --> Session: Class initialized using 'CodeIgniter\Session\Handlers\FileHandler' driver.
ERROR - 2026-01-27 10:52:20 --> mysqli_sql_exception: Unknown column 'homepage_assets' in 'where clause' in C:\laragon\www\schoolingtime\vendor\codeigniter4\framework\system\Database\MySQLi\Connection.php:306
Stack trace:
#0 C:\laragon\www\schoolingtime\vendor\codeigniter4\framework\system\Database\MySQLi\Connection.php(306): mysqli->query(' SELECT *  FROM...', 0)
#1 C:\laragon\www\schoolingtime\vendor\codeigniter4\framework\system\Database\BaseConnection.php(693): CodeIgniter\Database\MySQLi\Connection->execute(' SELECT *  FROM...')
#2 C:\laragon\www\schoolingtime\vendor\codeigniter4\framework\system\Database\BaseConnection.php(607): CodeIgniter\Database\BaseConnection->simpleQuery(' SELECT *  FROM...')
#3 C:\laragon\www\schoolingtime\app\Controllers\HomepageController.php(107): CodeIgniter\Database\BaseConnection->query(' SELECT *  FROM...')
#4 C:\laragon\www\schoolingtime\vendor\codeigniter4\framework\system\CodeIgniter.php(943): App\Controllers\HomepageController->Course_details_view('homepage_assets', 'img', 'favicon.png')
#5 C:\laragon\www\schoolingtime\vendor\codeigniter4\framework\system\CodeIgniter.php(503): CodeIgniter\CodeIgniter->runController(Object(App\Controllers\HomepageController))
#6 C:\laragon\www\schoolingtime\vendor\codeigniter4\framework\system\CodeIgniter.php(361): CodeIgniter\CodeIgniter->handleRequest(NULL, Object(Config\Cache), false)
#7 C:\laragon\www\schoolingtime\index.php(79): CodeIgniter\CodeIgniter->run()
#8 {main}
CRITICAL - 2026-01-27 10:52:20 --> CodeIgniter\Database\Exceptions\DatabaseException: Unknown column 'homepage_assets' in 'where clause'
in SYSTEMPATH\Database\BaseConnection.php on line 647.
 1 APPPATH\Controllers\HomepageController.php(107): CodeIgniter\Database\BaseConnection->query(' SELECT *  FROM course_batch
                                WHERE course_id = homepage_assets')
 2 SYSTEMPATH\CodeIgniter.php(943): App\Controllers\HomepageController->Course_details_view('homepage_assets', 'img', 'favicon.png')
 3 SYSTEMPATH\CodeIgniter.php(503): CodeIgniter\CodeIgniter->runController(Object(App\Controllers\HomepageController))
 4 SYSTEMPATH\CodeIgniter.php(361): CodeIgniter\CodeIgniter->handleRequest(null, Object(Config\Cache), false)
 5 FCPATH\index.php(79): CodeIgniter\CodeIgniter->run()
CRITICAL - 2026-01-27 10:52:20 --> [Caused by] CodeIgniter\Database\Exceptions\DatabaseException: Unknown column 'homepage_assets' in 'where clause'
in SYSTEMPATH\Database\MySQLi\Connection.php on line 311.
 1 SYSTEMPATH\Database\BaseConnection.php(693): CodeIgniter\Database\MySQLi\Connection->execute(' SELECT *  FROM course_batch
                                WHERE course_id = homepage_assets')
 2 SYSTEMPATH\Database\BaseConnection.php(607): CodeIgniter\Database\BaseConnection->simpleQuery(' SELECT *  FROM course_batch
                                WHERE course_id = homepage_assets')
 3 APPPATH\Controllers\HomepageController.php(107): CodeIgniter\Database\BaseConnection->query(' SELECT *  FROM course_batch
                                WHERE course_id = homepage_assets')
 4 SYSTEMPATH\CodeIgniter.php(943): App\Controllers\HomepageController->Course_details_view('homepage_assets', 'img', 'favicon.png')
 5 SYSTEMPATH\CodeIgniter.php(503): CodeIgniter\CodeIgniter->runController(Object(App\Controllers\HomepageController))
 6 SYSTEMPATH\CodeIgniter.php(361): CodeIgniter\CodeIgniter->handleRequest(null, Object(Config\Cache), false)
 7 FCPATH\index.php(79): CodeIgniter\CodeIgniter->run()
CRITICAL - 2026-01-27 10:52:20 --> [Caused by] mysqli_sql_exception: Unknown column 'homepage_assets' in 'where clause'
in SYSTEMPATH\Database\MySQLi\Connection.php on line 306.
 1 SYSTEMPATH\Database\MySQLi\Connection.php(306): mysqli->query(' SELECT *  FROM course_batch
                                WHERE course_id = homepage_assets', 0)
 2 SYSTEMPATH\Database\BaseConnection.php(693): CodeIgniter\Database\MySQLi\Connection->execute(' SELECT *  FROM course_batch
                                WHERE course_id = homepage_assets')
 3 SYSTEMPATH\Database\BaseConnection.php(607): CodeIgniter\Database\BaseConnection->simpleQuery(' SELECT *  FROM course_batch
                                WHERE course_id = homepage_assets')
 4 APPPATH\Controllers\HomepageController.php(107): CodeIgniter\Database\BaseConnection->query(' SELECT *  FROM course_batch
                                WHERE course_id = homepage_assets')
 5 SYSTEMPATH\CodeIgniter.php(943): App\Controllers\HomepageController->Course_details_view('homepage_assets', 'img', 'favicon.png')
 6 SYSTEMPATH\CodeIgniter.php(503): CodeIgniter\CodeIgniter->runController(Object(App\Controllers\HomepageController))
 7 SYSTEMPATH\CodeIgniter.php(361): CodeIgniter\CodeIgniter->handleRequest(null, Object(Config\Cache), false)
 8 FCPATH\index.php(79): CodeIgniter\CodeIgniter->run()
INFO - 2026-01-27 10:53:57 --> Session: Class initialized using 'CodeIgniter\Session\Handlers\FileHandler' driver.
INFO - 2026-01-27 10:53:57 --> Session: Class initialized using 'CodeIgniter\Session\Handlers\FileHandler' driver.
ERROR - 2026-01-27 10:53:57 --> mysqli_sql_exception: Unknown column 'homepage_assets' in 'where clause' in C:\laragon\www\schoolingtime\vendor\codeigniter4\framework\system\Database\MySQLi\Connection.php:306
Stack trace:
#0 C:\laragon\www\schoolingtime\vendor\codeigniter4\framework\system\Database\MySQLi\Connection.php(306): mysqli->query(' SELECT *  FROM...', 0)
#1 C:\laragon\www\schoolingtime\vendor\codeigniter4\framework\system\Database\BaseConnection.php(693): CodeIgniter\Database\MySQLi\Connection->execute(' SELECT *  FROM...')
#2 C:\laragon\www\schoolingtime\vendor\codeigniter4\framework\system\Database\BaseConnection.php(607): CodeIgniter\Database\BaseConnection->simpleQuery(' SELECT *  FROM...')
#3 C:\laragon\www\schoolingtime\app\Controllers\HomepageController.php(107): CodeIgniter\Database\BaseConnection->query(' SELECT *  FROM...')
#4 C:\laragon\www\schoolingtime\vendor\codeigniter4\framework\system\CodeIgniter.php(943): App\Controllers\HomepageController->Course_details_view('homepage_assets', 'img', 'apple-touch-ico...')
#5 C:\laragon\www\schoolingtime\vendor\codeigniter4\framework\system\CodeIgniter.php(503): CodeIgniter\CodeIgniter->runController(Object(App\Controllers\HomepageController))
#6 C:\laragon\www\schoolingtime\vendor\codeigniter4\framework\system\CodeIgniter.php(361): CodeIgniter\CodeIgniter->handleRequest(NULL, Object(Config\Cache), false)
#7 C:\laragon\www\schoolingtime\index.php(79): CodeIgniter\CodeIgniter->run()
#8 {main}
CRITICAL - 2026-01-27 10:53:57 --> CodeIgniter\Database\Exceptions\DatabaseException: Unknown column 'homepage_assets' in 'where clause'
in SYSTEMPATH\Database\BaseConnection.php on line 647.
 1 APPPATH\Controllers\HomepageController.php(107): CodeIgniter\Database\BaseConnection->query(' SELECT *  FROM course_batch
                                WHERE course_id = homepage_assets')
 2 SYSTEMPATH\CodeIgniter.php(943): App\Controllers\HomepageController->Course_details_view('homepage_assets', 'img', 'apple-touch-icon.png')
 3 SYSTEMPATH\CodeIgniter.php(503): CodeIgniter\CodeIgniter->runController(Object(App\Controllers\HomepageController))
 4 SYSTEMPATH\CodeIgniter.php(361): CodeIgniter\CodeIgniter->handleRequest(null, Object(Config\Cache), false)
 5 FCPATH\index.php(79): CodeIgniter\CodeIgniter->run()
CRITICAL - 2026-01-27 10:53:57 --> [Caused by] CodeIgniter\Database\Exceptions\DatabaseException: Unknown column 'homepage_assets' in 'where clause'
in SYSTEMPATH\Database\MySQLi\Connection.php on line 311.
 1 SYSTEMPATH\Database\BaseConnection.php(693): CodeIgniter\Database\MySQLi\Connection->execute(' SELECT *  FROM course_batch
                                WHERE course_id = homepage_assets')
 2 SYSTEMPATH\Database\BaseConnection.php(607): CodeIgniter\Database\BaseConnection->simpleQuery(' SELECT *  FROM course_batch
                                WHERE course_id = homepage_assets')
 3 APPPATH\Controllers\HomepageController.php(107): CodeIgniter\Database\BaseConnection->query(' SELECT *  FROM course_batch
                                WHERE course_id = homepage_assets')
 4 SYSTEMPATH\CodeIgniter.php(943): App\Controllers\HomepageController->Course_details_view('homepage_assets', 'img', 'apple-touch-icon.png')
 5 SYSTEMPATH\CodeIgniter.php(503): CodeIgniter\CodeIgniter->runController(Object(App\Controllers\HomepageController))
 6 SYSTEMPATH\CodeIgniter.php(361): CodeIgniter\CodeIgniter->handleRequest(null, Object(Config\Cache), false)
 7 FCPATH\index.php(79): CodeIgniter\CodeIgniter->run()
CRITICAL - 2026-01-27 10:53:57 --> [Caused by] mysqli_sql_exception: Unknown column 'homepage_assets' in 'where clause'
in SYSTEMPATH\Database\MySQLi\Connection.php on line 306.
 1 SYSTEMPATH\Database\MySQLi\Connection.php(306): mysqli->query(' SELECT *  FROM course_batch
                                WHERE course_id = homepage_assets', 0)
 2 SYSTEMPATH\Database\BaseConnection.php(693): CodeIgniter\Database\MySQLi\Connection->execute(' SELECT *  FROM course_batch
                                WHERE course_id = homepage_assets')
 3 SYSTEMPATH\Database\BaseConnection.php(607): CodeIgniter\Database\BaseConnection->simpleQuery(' SELECT *  FROM course_batch
                                WHERE course_id = homepage_assets')
 4 APPPATH\Controllers\HomepageController.php(107): CodeIgniter\Database\BaseConnection->query(' SELECT *  FROM course_batch
                                WHERE course_id = homepage_assets')
 5 SYSTEMPATH\CodeIgniter.php(943): App\Controllers\HomepageController->Course_details_view('homepage_assets', 'img', 'apple-touch-icon.png')
 6 SYSTEMPATH\CodeIgniter.php(503): CodeIgniter\CodeIgniter->runController(Object(App\Controllers\HomepageController))
 7 SYSTEMPATH\CodeIgniter.php(361): CodeIgniter\CodeIgniter->handleRequest(null, Object(Config\Cache), false)
 8 FCPATH\index.php(79): CodeIgniter\CodeIgniter->run()
INFO - 2026-01-27 10:53:57 --> Session: Class initialized using 'CodeIgniter\Session\Handlers\FileHandler' driver.
ERROR - 2026-01-27 10:53:57 --> mysqli_sql_exception: Unknown column 'homepage_assets' in 'where clause' in C:\laragon\www\schoolingtime\vendor\codeigniter4\framework\system\Database\MySQLi\Connection.php:306
Stack trace:
#0 C:\laragon\www\schoolingtime\vendor\codeigniter4\framework\system\Database\MySQLi\Connection.php(306): mysqli->query(' SELECT *  FROM...', 0)
#1 C:\laragon\www\schoolingtime\vendor\codeigniter4\framework\system\Database\BaseConnection.php(693): CodeIgniter\Database\MySQLi\Connection->execute(' SELECT *  FROM...')
#2 C:\laragon\www\schoolingtime\vendor\codeigniter4\framework\system\Database\BaseConnection.php(607): CodeIgniter\Database\BaseConnection->simpleQuery(' SELECT *  FROM...')
#3 C:\laragon\www\schoolingtime\app\Controllers\HomepageController.php(107): CodeIgniter\Database\BaseConnection->query(' SELECT *  FROM...')
#4 C:\laragon\www\schoolingtime\vendor\codeigniter4\framework\system\CodeIgniter.php(943): App\Controllers\HomepageController->Course_details_view('homepage_assets', 'img', 'favicon.png')
#5 C:\laragon\www\schoolingtime\vendor\codeigniter4\framework\system\CodeIgniter.php(503): CodeIgniter\CodeIgniter->runController(Object(App\Controllers\HomepageController))
#6 C:\laragon\www\schoolingtime\vendor\codeigniter4\framework\system\CodeIgniter.php(361): CodeIgniter\CodeIgniter->handleRequest(NULL, Object(Config\Cache), false)
#7 C:\laragon\www\schoolingtime\index.php(79): CodeIgniter\CodeIgniter->run()
#8 {main}
CRITICAL - 2026-01-27 10:53:57 --> CodeIgniter\Database\Exceptions\DatabaseException: Unknown column 'homepage_assets' in 'where clause'
in SYSTEMPATH\Database\BaseConnection.php on line 647.
 1 APPPATH\Controllers\HomepageController.php(107): CodeIgniter\Database\BaseConnection->query(' SELECT *  FROM course_batch
                                WHERE course_id = homepage_assets')
 2 SYSTEMPATH\CodeIgniter.php(943): App\Controllers\HomepageController->Course_details_view('homepage_assets', 'img', 'favicon.png')
 3 SYSTEMPATH\CodeIgniter.php(503): CodeIgniter\CodeIgniter->runController(Object(App\Controllers\HomepageController))
 4 SYSTEMPATH\CodeIgniter.php(361): CodeIgniter\CodeIgniter->handleRequest(null, Object(Config\Cache), false)
 5 FCPATH\index.php(79): CodeIgniter\CodeIgniter->run()
CRITICAL - 2026-01-27 10:53:57 --> [Caused by] CodeIgniter\Database\Exceptions\DatabaseException: Unknown column 'homepage_assets' in 'where clause'
in SYSTEMPATH\Database\MySQLi\Connection.php on line 311.
 1 SYSTEMPATH\Database\BaseConnection.php(693): CodeIgniter\Database\MySQLi\Connection->execute(' SELECT *  FROM course_batch
                                WHERE course_id = homepage_assets')
 2 SYSTEMPATH\Database\BaseConnection.php(607): CodeIgniter\Database\BaseConnection->simpleQuery(' SELECT *  FROM course_batch
                                WHERE course_id = homepage_assets')
 3 APPPATH\Controllers\HomepageController.php(107): CodeIgniter\Database\BaseConnection->query(' SELECT *  FROM course_batch
                                WHERE course_id = homepage_assets')
 4 SYSTEMPATH\CodeIgniter.php(943): App\Controllers\HomepageController->Course_details_view('homepage_assets', 'img', 'favicon.png')
 5 SYSTEMPATH\CodeIgniter.php(503): CodeIgniter\CodeIgniter->runController(Object(App\Controllers\HomepageController))
 6 SYSTEMPATH\CodeIgniter.php(361): CodeIgniter\CodeIgniter->handleRequest(null, Object(Config\Cache), false)
 7 FCPATH\index.php(79): CodeIgniter\CodeIgniter->run()
CRITICAL - 2026-01-27 10:53:57 --> [Caused by] mysqli_sql_exception: Unknown column 'homepage_assets' in 'where clause'
in SYSTEMPATH\Database\MySQLi\Connection.php on line 306.
 1 SYSTEMPATH\Database\MySQLi\Connection.php(306): mysqli->query(' SELECT *  FROM course_batch
                                WHERE course_id = homepage_assets', 0)
 2 SYSTEMPATH\Database\BaseConnection.php(693): CodeIgniter\Database\MySQLi\Connection->execute(' SELECT *  FROM course_batch
                                WHERE course_id = homepage_assets')
 3 SYSTEMPATH\Database\BaseConnection.php(607): CodeIgniter\Database\BaseConnection->simpleQuery(' SELECT *  FROM course_batch
                                WHERE course_id = homepage_assets')
 4 APPPATH\Controllers\HomepageController.php(107): CodeIgniter\Database\BaseConnection->query(' SELECT *  FROM course_batch
                                WHERE course_id = homepage_assets')
 5 SYSTEMPATH\CodeIgniter.php(943): App\Controllers\HomepageController->Course_details_view('homepage_assets', 'img', 'favicon.png')
 6 SYSTEMPATH\CodeIgniter.php(503): CodeIgniter\CodeIgniter->runController(Object(App\Controllers\HomepageController))
 7 SYSTEMPATH\CodeIgniter.php(361): CodeIgniter\CodeIgniter->handleRequest(null, Object(Config\Cache), false)
 8 FCPATH\index.php(79): CodeIgniter\CodeIgniter->run()
INFO - 2026-01-27 10:56:11 --> Session: Class initialized using 'CodeIgniter\Session\Handlers\FileHandler' driver.
INFO - 2026-01-27 10:56:23 --> Session: Class initialized using 'CodeIgniter\Session\Handlers\FileHandler' driver.
INFO - 2026-01-27 10:56:23 --> Session: Class initialized using 'CodeIgniter\Session\Handlers\FileHandler' driver.
INFO - 2026-01-27 10:56:27 --> Session: Class initialized using 'CodeIgniter\Session\Handlers\FileHandler' driver.
INFO - 2026-01-27 10:56:31 --> Session: Class initialized using 'CodeIgniter\Session\Handlers\FileHandler' driver.
INFO - 2026-01-27 10:57:39 --> Session: Class initialized using 'CodeIgniter\Session\Handlers\FileHandler' driver.
INFO - 2026-01-27 10:57:47 --> Session: Class initialized using 'CodeIgniter\Session\Handlers\FileHandler' driver.
INFO - 2026-01-27 10:57:50 --> Session: Class initialized using 'CodeIgniter\Session\Handlers\FileHandler' driver.
INFO - 2026-01-27 10:57:54 --> Session: Class initialized using 'CodeIgniter\Session\Handlers\FileHandler' driver.
INFO - 2026-01-27 10:57:54 --> Session: Class initialized using 'CodeIgniter\Session\Handlers\FileHandler' driver.
ERROR - 2026-01-27 10:57:54 --> mysqli_sql_exception: Unknown column 'homepage_assets' in 'where clause' in C:\laragon\www\schoolingtime\vendor\codeigniter4\framework\system\Database\MySQLi\Connection.php:306
Stack trace:
#0 C:\laragon\www\schoolingtime\vendor\codeigniter4\framework\system\Database\MySQLi\Connection.php(306): mysqli->query(' SELECT *  FROM...', 0)
#1 C:\laragon\www\schoolingtime\vendor\codeigniter4\framework\system\Database\BaseConnection.php(693): CodeIgniter\Database\MySQLi\Connection->execute(' SELECT *  FROM...')
#2 C:\laragon\www\schoolingtime\vendor\codeigniter4\framework\system\Database\BaseConnection.php(607): CodeIgniter\Database\BaseConnection->simpleQuery(' SELECT *  FROM...')
#3 C:\laragon\www\schoolingtime\app\Controllers\HomepageController.php(107): CodeIgniter\Database\BaseConnection->query(' SELECT *  FROM...')
#4 C:\laragon\www\schoolingtime\vendor\codeigniter4\framework\system\CodeIgniter.php(943): App\Controllers\HomepageController->Course_details_view('homepage_assets', 'img', 'favicon.png')
#5 C:\laragon\www\schoolingtime\vendor\codeigniter4\framework\system\CodeIgniter.php(503): CodeIgniter\CodeIgniter->runController(Object(App\Controllers\HomepageController))
#6 C:\laragon\www\schoolingtime\vendor\codeigniter4\framework\system\CodeIgniter.php(361): CodeIgniter\CodeIgniter->handleRequest(NULL, Object(Config\Cache), false)
#7 C:\laragon\www\schoolingtime\index.php(79): CodeIgniter\CodeIgniter->run()
#8 {main}
CRITICAL - 2026-01-27 10:57:54 --> CodeIgniter\Database\Exceptions\DatabaseException: Unknown column 'homepage_assets' in 'where clause'
in SYSTEMPATH\Database\BaseConnection.php on line 647.
 1 APPPATH\Controllers\HomepageController.php(107): CodeIgniter\Database\BaseConnection->query(' SELECT *  FROM course_batch
                                WHERE course_id = homepage_assets')
 2 SYSTEMPATH\CodeIgniter.php(943): App\Controllers\HomepageController->Course_details_view('homepage_assets', 'img', 'favicon.png')
 3 SYSTEMPATH\CodeIgniter.php(503): CodeIgniter\CodeIgniter->runController(Object(App\Controllers\HomepageController))
 4 SYSTEMPATH\CodeIgniter.php(361): CodeIgniter\CodeIgniter->handleRequest(null, Object(Config\Cache), false)
 5 FCPATH\index.php(79): CodeIgniter\CodeIgniter->run()
CRITICAL - 2026-01-27 10:57:54 --> [Caused by] CodeIgniter\Database\Exceptions\DatabaseException: Unknown column 'homepage_assets' in 'where clause'
in SYSTEMPATH\Database\MySQLi\Connection.php on line 311.
 1 SYSTEMPATH\Database\BaseConnection.php(693): CodeIgniter\Database\MySQLi\Connection->execute(' SELECT *  FROM course_batch
                                WHERE course_id = homepage_assets')
 2 SYSTEMPATH\Database\BaseConnection.php(607): CodeIgniter\Database\BaseConnection->simpleQuery(' SELECT *  FROM course_batch
                                WHERE course_id = homepage_assets')
 3 APPPATH\Controllers\HomepageController.php(107): CodeIgniter\Database\BaseConnection->query(' SELECT *  FROM course_batch
                                WHERE course_id = homepage_assets')
 4 SYSTEMPATH\CodeIgniter.php(943): App\Controllers\HomepageController->Course_details_view('homepage_assets', 'img', 'favicon.png')
 5 SYSTEMPATH\CodeIgniter.php(503): CodeIgniter\CodeIgniter->runController(Object(App\Controllers\HomepageController))
 6 SYSTEMPATH\CodeIgniter.php(361): CodeIgniter\CodeIgniter->handleRequest(null, Object(Config\Cache), false)
 7 FCPATH\index.php(79): CodeIgniter\CodeIgniter->run()
CRITICAL - 2026-01-27 10:57:54 --> [Caused by] mysqli_sql_exception: Unknown column 'homepage_assets' in 'where clause'
in SYSTEMPATH\Database\MySQLi\Connection.php on line 306.
 1 SYSTEMPATH\Database\MySQLi\Connection.php(306): mysqli->query(' SELECT *  FROM course_batch
                                WHERE course_id = homepage_assets', 0)
 2 SYSTEMPATH\Database\BaseConnection.php(693): CodeIgniter\Database\MySQLi\Connection->execute(' SELECT *  FROM course_batch
                                WHERE course_id = homepage_assets')
 3 SYSTEMPATH\Database\BaseConnection.php(607): CodeIgniter\Database\BaseConnection->simpleQuery(' SELECT *  FROM course_batch
                                WHERE course_id = homepage_assets')
 4 APPPATH\Controllers\HomepageController.php(107): CodeIgniter\Database\BaseConnection->query(' SELECT *  FROM course_batch
                                WHERE course_id = homepage_assets')
 5 SYSTEMPATH\CodeIgniter.php(943): App\Controllers\HomepageController->Course_details_view('homepage_assets', 'img', 'favicon.png')
 6 SYSTEMPATH\CodeIgniter.php(503): CodeIgniter\CodeIgniter->runController(Object(App\Controllers\HomepageController))
 7 SYSTEMPATH\CodeIgniter.php(361): CodeIgniter\CodeIgniter->handleRequest(null, Object(Config\Cache), false)
 8 FCPATH\index.php(79): CodeIgniter\CodeIgniter->run()
INFO - 2026-01-27 10:57:54 --> Session: Class initialized using 'CodeIgniter\Session\Handlers\FileHandler' driver.
ERROR - 2026-01-27 10:57:54 --> mysqli_sql_exception: Unknown column 'homepage_assets' in 'where clause' in C:\laragon\www\schoolingtime\vendor\codeigniter4\framework\system\Database\MySQLi\Connection.php:306
Stack trace:
#0 C:\laragon\www\schoolingtime\vendor\codeigniter4\framework\system\Database\MySQLi\Connection.php(306): mysqli->query(' SELECT *  FROM...', 0)
#1 C:\laragon\www\schoolingtime\vendor\codeigniter4\framework\system\Database\BaseConnection.php(693): CodeIgniter\Database\MySQLi\Connection->execute(' SELECT *  FROM...')
#2 C:\laragon\www\schoolingtime\vendor\codeigniter4\framework\system\Database\BaseConnection.php(607): CodeIgniter\Database\BaseConnection->simpleQuery(' SELECT *  FROM...')
#3 C:\laragon\www\schoolingtime\app\Controllers\HomepageController.php(107): CodeIgniter\Database\BaseConnection->query(' SELECT *  FROM...')
#4 C:\laragon\www\schoolingtime\vendor\codeigniter4\framework\system\CodeIgniter.php(943): App\Controllers\HomepageController->Course_details_view('homepage_assets', 'img', 'apple-touch-ico...')
#5 C:\laragon\www\schoolingtime\vendor\codeigniter4\framework\system\CodeIgniter.php(503): CodeIgniter\CodeIgniter->runController(Object(App\Controllers\HomepageController))
#6 C:\laragon\www\schoolingtime\vendor\codeigniter4\framework\system\CodeIgniter.php(361): CodeIgniter\CodeIgniter->handleRequest(NULL, Object(Config\Cache), false)
#7 C:\laragon\www\schoolingtime\index.php(79): CodeIgniter\CodeIgniter->run()
#8 {main}
CRITICAL - 2026-01-27 10:57:54 --> CodeIgniter\Database\Exceptions\DatabaseException: Unknown column 'homepage_assets' in 'where clause'
in SYSTEMPATH\Database\BaseConnection.php on line 647.
 1 APPPATH\Controllers\HomepageController.php(107): CodeIgniter\Database\BaseConnection->query(' SELECT *  FROM course_batch
                                WHERE course_id = homepage_assets')
 2 SYSTEMPATH\CodeIgniter.php(943): App\Controllers\HomepageController->Course_details_view('homepage_assets', 'img', 'apple-touch-icon.png')
 3 SYSTEMPATH\CodeIgniter.php(503): CodeIgniter\CodeIgniter->runController(Object(App\Controllers\HomepageController))
 4 SYSTEMPATH\CodeIgniter.php(361): CodeIgniter\CodeIgniter->handleRequest(null, Object(Config\Cache), false)
 5 FCPATH\index.php(79): CodeIgniter\CodeIgniter->run()
CRITICAL - 2026-01-27 10:57:54 --> [Caused by] CodeIgniter\Database\Exceptions\DatabaseException: Unknown column 'homepage_assets' in 'where clause'
in SYSTEMPATH\Database\MySQLi\Connection.php on line 311.
 1 SYSTEMPATH\Database\BaseConnection.php(693): CodeIgniter\Database\MySQLi\Connection->execute(' SELECT *  FROM course_batch
                                WHERE course_id = homepage_assets')
 2 SYSTEMPATH\Database\BaseConnection.php(607): CodeIgniter\Database\BaseConnection->simpleQuery(' SELECT *  FROM course_batch
                                WHERE course_id = homepage_assets')
 3 APPPATH\Controllers\HomepageController.php(107): CodeIgniter\Database\BaseConnection->query(' SELECT *  FROM course_batch
                                WHERE course_id = homepage_assets')
 4 SYSTEMPATH\CodeIgniter.php(943): App\Controllers\HomepageController->Course_details_view('homepage_assets', 'img', 'apple-touch-icon.png')
 5 SYSTEMPATH\CodeIgniter.php(503): CodeIgniter\CodeIgniter->runController(Object(App\Controllers\HomepageController))
 6 SYSTEMPATH\CodeIgniter.php(361): CodeIgniter\CodeIgniter->handleRequest(null, Object(Config\Cache), false)
 7 FCPATH\index.php(79): CodeIgniter\CodeIgniter->run()
CRITICAL - 2026-01-27 10:57:54 --> [Caused by] mysqli_sql_exception: Unknown column 'homepage_assets' in 'where clause'
in SYSTEMPATH\Database\MySQLi\Connection.php on line 306.
 1 SYSTEMPATH\Database\MySQLi\Connection.php(306): mysqli->query(' SELECT *  FROM course_batch
                                WHERE course_id = homepage_assets', 0)
 2 SYSTEMPATH\Database\BaseConnection.php(693): CodeIgniter\Database\MySQLi\Connection->execute(' SELECT *  FROM course_batch
                                WHERE course_id = homepage_assets')
 3 SYSTEMPATH\Database\BaseConnection.php(607): CodeIgniter\Database\BaseConnection->simpleQuery(' SELECT *  FROM course_batch
                                WHERE course_id = homepage_assets')
 4 APPPATH\Controllers\HomepageController.php(107): CodeIgniter\Database\BaseConnection->query(' SELECT *  FROM course_batch
                                WHERE course_id = homepage_assets')
 5 SYSTEMPATH\CodeIgniter.php(943): App\Controllers\HomepageController->Course_details_view('homepage_assets', 'img', 'apple-touch-icon.png')
 6 SYSTEMPATH\CodeIgniter.php(503): CodeIgniter\CodeIgniter->runController(Object(App\Controllers\HomepageController))
 7 SYSTEMPATH\CodeIgniter.php(361): CodeIgniter\CodeIgniter->handleRequest(null, Object(Config\Cache), false)
 8 FCPATH\index.php(79): CodeIgniter\CodeIgniter->run()
INFO - 2026-01-27 10:58:17 --> Session: Class initialized using 'CodeIgniter\Session\Handlers\FileHandler' driver.
INFO - 2026-01-27 10:58:20 --> Session: Class initialized using 'CodeIgniter\Session\Handlers\FileHandler' driver.
INFO - 2026-01-27 10:58:24 --> Session: Class initialized using 'CodeIgniter\Session\Handlers\FileHandler' driver.
INFO - 2026-01-27 11:00:22 --> Session: Class initialized using 'CodeIgniter\Session\Handlers\FileHandler' driver.
INFO - 2026-01-27 11:00:22 --> Session: Class initialized using 'CodeIgniter\Session\Handlers\FileHandler' driver.
INFO - 2026-01-27 11:00:27 --> Session: Class initialized using 'CodeIgniter\Session\Handlers\FileHandler' driver.
INFO - 2026-01-27 11:00:37 --> Session: Class initialized using 'CodeIgniter\Session\Handlers\FileHandler' driver.
INFO - 2026-01-27 11:00:41 --> Session: Class initialized using 'CodeIgniter\Session\Handlers\FileHandler' driver.
INFO - 2026-01-27 11:00:41 --> Session: Class initialized using 'CodeIgniter\Session\Handlers\FileHandler' driver.
ERROR - 2026-01-27 11:00:41 --> mysqli_sql_exception: Unknown column 'homepage_assets' in 'where clause' in C:\laragon\www\schoolingtime\vendor\codeigniter4\framework\system\Database\MySQLi\Connection.php:306
Stack trace:
#0 C:\laragon\www\schoolingtime\vendor\codeigniter4\framework\system\Database\MySQLi\Connection.php(306): mysqli->query(' SELECT *  FROM...', 0)
#1 C:\laragon\www\schoolingtime\vendor\codeigniter4\framework\system\Database\BaseConnection.php(693): CodeIgniter\Database\MySQLi\Connection->execute(' SELECT *  FROM...')
#2 C:\laragon\www\schoolingtime\vendor\codeigniter4\framework\system\Database\BaseConnection.php(607): CodeIgniter\Database\BaseConnection->simpleQuery(' SELECT *  FROM...')
#3 C:\laragon\www\schoolingtime\app\Controllers\HomepageController.php(107): CodeIgniter\Database\BaseConnection->query(' SELECT *  FROM...')
#4 C:\laragon\www\schoolingtime\vendor\codeigniter4\framework\system\CodeIgniter.php(943): App\Controllers\HomepageController->Course_details_view('homepage_assets', 'img', 'favicon.png')
#5 C:\laragon\www\schoolingtime\vendor\codeigniter4\framework\system\CodeIgniter.php(503): CodeIgniter\CodeIgniter->runController(Object(App\Controllers\HomepageController))
#6 C:\laragon\www\schoolingtime\vendor\codeigniter4\framework\system\CodeIgniter.php(361): CodeIgniter\CodeIgniter->handleRequest(NULL, Object(Config\Cache), false)
#7 C:\laragon\www\schoolingtime\index.php(79): CodeIgniter\CodeIgniter->run()
#8 {main}
CRITICAL - 2026-01-27 11:00:41 --> CodeIgniter\Database\Exceptions\DatabaseException: Unknown column 'homepage_assets' in 'where clause'
in SYSTEMPATH\Database\BaseConnection.php on line 647.
 1 APPPATH\Controllers\HomepageController.php(107): CodeIgniter\Database\BaseConnection->query(' SELECT *  FROM course_batch
                                WHERE course_id = homepage_assets')
 2 SYSTEMPATH\CodeIgniter.php(943): App\Controllers\HomepageController->Course_details_view('homepage_assets', 'img', 'favicon.png')
 3 SYSTEMPATH\CodeIgniter.php(503): CodeIgniter\CodeIgniter->runController(Object(App\Controllers\HomepageController))
 4 SYSTEMPATH\CodeIgniter.php(361): CodeIgniter\CodeIgniter->handleRequest(null, Object(Config\Cache), false)
 5 FCPATH\index.php(79): CodeIgniter\CodeIgniter->run()
CRITICAL - 2026-01-27 11:00:41 --> [Caused by] CodeIgniter\Database\Exceptions\DatabaseException: Unknown column 'homepage_assets' in 'where clause'
in SYSTEMPATH\Database\MySQLi\Connection.php on line 311.
 1 SYSTEMPATH\Database\BaseConnection.php(693): CodeIgniter\Database\MySQLi\Connection->execute(' SELECT *  FROM course_batch
                                WHERE course_id = homepage_assets')
 2 SYSTEMPATH\Database\BaseConnection.php(607): CodeIgniter\Database\BaseConnection->simpleQuery(' SELECT *  FROM course_batch
                                WHERE course_id = homepage_assets')
 3 APPPATH\Controllers\HomepageController.php(107): CodeIgniter\Database\BaseConnection->query(' SELECT *  FROM course_batch
                                WHERE course_id = homepage_assets')
 4 SYSTEMPATH\CodeIgniter.php(943): App\Controllers\HomepageController->Course_details_view('homepage_assets', 'img', 'favicon.png')
 5 SYSTEMPATH\CodeIgniter.php(503): CodeIgniter\CodeIgniter->runController(Object(App\Controllers\HomepageController))
 6 SYSTEMPATH\CodeIgniter.php(361): CodeIgniter\CodeIgniter->handleRequest(null, Object(Config\Cache), false)
 7 FCPATH\index.php(79): CodeIgniter\CodeIgniter->run()
CRITICAL - 2026-01-27 11:00:41 --> [Caused by] mysqli_sql_exception: Unknown column 'homepage_assets' in 'where clause'
in SYSTEMPATH\Database\MySQLi\Connection.php on line 306.
 1 SYSTEMPATH\Database\MySQLi\Connection.php(306): mysqli->query(' SELECT *  FROM course_batch
                                WHERE course_id = homepage_assets', 0)
 2 SYSTEMPATH\Database\BaseConnection.php(693): CodeIgniter\Database\MySQLi\Connection->execute(' SELECT *  FROM course_batch
                                WHERE course_id = homepage_assets')
 3 SYSTEMPATH\Database\BaseConnection.php(607): CodeIgniter\Database\BaseConnection->simpleQuery(' SELECT *  FROM course_batch
                                WHERE course_id = homepage_assets')
 4 APPPATH\Controllers\HomepageController.php(107): CodeIgniter\Database\BaseConnection->query(' SELECT *  FROM course_batch
                                WHERE course_id = homepage_assets')
 5 SYSTEMPATH\CodeIgniter.php(943): App\Controllers\HomepageController->Course_details_view('homepage_assets', 'img', 'favicon.png')
 6 SYSTEMPATH\CodeIgniter.php(503): CodeIgniter\CodeIgniter->runController(Object(App\Controllers\HomepageController))
 7 SYSTEMPATH\CodeIgniter.php(361): CodeIgniter\CodeIgniter->handleRequest(null, Object(Config\Cache), false)
 8 FCPATH\index.php(79): CodeIgniter\CodeIgniter->run()
INFO - 2026-01-27 11:00:41 --> Session: Class initialized using 'CodeIgniter\Session\Handlers\FileHandler' driver.
ERROR - 2026-01-27 11:00:41 --> mysqli_sql_exception: Unknown column 'homepage_assets' in 'where clause' in C:\laragon\www\schoolingtime\vendor\codeigniter4\framework\system\Database\MySQLi\Connection.php:306
Stack trace:
#0 C:\laragon\www\schoolingtime\vendor\codeigniter4\framework\system\Database\MySQLi\Connection.php(306): mysqli->query(' SELECT *  FROM...', 0)
#1 C:\laragon\www\schoolingtime\vendor\codeigniter4\framework\system\Database\BaseConnection.php(693): CodeIgniter\Database\MySQLi\Connection->execute(' SELECT *  FROM...')
#2 C:\laragon\www\schoolingtime\vendor\codeigniter4\framework\system\Database\BaseConnection.php(607): CodeIgniter\Database\BaseConnection->simpleQuery(' SELECT *  FROM...')
#3 C:\laragon\www\schoolingtime\app\Controllers\HomepageController.php(107): CodeIgniter\Database\BaseConnection->query(' SELECT *  FROM...')
#4 C:\laragon\www\schoolingtime\vendor\codeigniter4\framework\system\CodeIgniter.php(943): App\Controllers\HomepageController->Course_details_view('homepage_assets', 'img', 'apple-touch-ico...')
#5 C:\laragon\www\schoolingtime\vendor\codeigniter4\framework\system\CodeIgniter.php(503): CodeIgniter\CodeIgniter->runController(Object(App\Controllers\HomepageController))
#6 C:\laragon\www\schoolingtime\vendor\codeigniter4\framework\system\CodeIgniter.php(361): CodeIgniter\CodeIgniter->handleRequest(NULL, Object(Config\Cache), false)
#7 C:\laragon\www\schoolingtime\index.php(79): CodeIgniter\CodeIgniter->run()
#8 {main}
CRITICAL - 2026-01-27 11:00:41 --> CodeIgniter\Database\Exceptions\DatabaseException: Unknown column 'homepage_assets' in 'where clause'
in SYSTEMPATH\Database\BaseConnection.php on line 647.
 1 APPPATH\Controllers\HomepageController.php(107): CodeIgniter\Database\BaseConnection->query(' SELECT *  FROM course_batch
                                WHERE course_id = homepage_assets')
 2 SYSTEMPATH\CodeIgniter.php(943): App\Controllers\HomepageController->Course_details_view('homepage_assets', 'img', 'apple-touch-icon.png')
 3 SYSTEMPATH\CodeIgniter.php(503): CodeIgniter\CodeIgniter->runController(Object(App\Controllers\HomepageController))
 4 SYSTEMPATH\CodeIgniter.php(361): CodeIgniter\CodeIgniter->handleRequest(null, Object(Config\Cache), false)
 5 FCPATH\index.php(79): CodeIgniter\CodeIgniter->run()
CRITICAL - 2026-01-27 11:00:41 --> [Caused by] CodeIgniter\Database\Exceptions\DatabaseException: Unknown column 'homepage_assets' in 'where clause'
in SYSTEMPATH\Database\MySQLi\Connection.php on line 311.
 1 SYSTEMPATH\Database\BaseConnection.php(693): CodeIgniter\Database\MySQLi\Connection->execute(' SELECT *  FROM course_batch
                                WHERE course_id = homepage_assets')
 2 SYSTEMPATH\Database\BaseConnection.php(607): CodeIgniter\Database\BaseConnection->simpleQuery(' SELECT *  FROM course_batch
                                WHERE course_id = homepage_assets')
 3 APPPATH\Controllers\HomepageController.php(107): CodeIgniter\Database\BaseConnection->query(' SELECT *  FROM course_batch
                                WHERE course_id = homepage_assets')
 4 SYSTEMPATH\CodeIgniter.php(943): App\Controllers\HomepageController->Course_details_view('homepage_assets', 'img', 'apple-touch-icon.png')
 5 SYSTEMPATH\CodeIgniter.php(503): CodeIgniter\CodeIgniter->runController(Object(App\Controllers\HomepageController))
 6 SYSTEMPATH\CodeIgniter.php(361): CodeIgniter\CodeIgniter->handleRequest(null, Object(Config\Cache), false)
 7 FCPATH\index.php(79): CodeIgniter\CodeIgniter->run()
CRITICAL - 2026-01-27 11:00:41 --> [Caused by] mysqli_sql_exception: Unknown column 'homepage_assets' in 'where clause'
in SYSTEMPATH\Database\MySQLi\Connection.php on line 306.
 1 SYSTEMPATH\Database\MySQLi\Connection.php(306): mysqli->query(' SELECT *  FROM course_batch
                                WHERE course_id = homepage_assets', 0)
 2 SYSTEMPATH\Database\BaseConnection.php(693): CodeIgniter\Database\MySQLi\Connection->execute(' SELECT *  FROM course_batch
                                WHERE course_id = homepage_assets')
 3 SYSTEMPATH\Database\BaseConnection.php(607): CodeIgniter\Database\BaseConnection->simpleQuery(' SELECT *  FROM course_batch
                                WHERE course_id = homepage_assets')
 4 APPPATH\Controllers\HomepageController.php(107): CodeIgniter\Database\BaseConnection->query(' SELECT *  FROM course_batch
                                WHERE course_id = homepage_assets')
 5 SYSTEMPATH\CodeIgniter.php(943): App\Controllers\HomepageController->Course_details_view('homepage_assets', 'img', 'apple-touch-icon.png')
 6 SYSTEMPATH\CodeIgniter.php(503): CodeIgniter\CodeIgniter->runController(Object(App\Controllers\HomepageController))
 7 SYSTEMPATH\CodeIgniter.php(361): CodeIgniter\CodeIgniter->handleRequest(null, Object(Config\Cache), false)
 8 FCPATH\index.php(79): CodeIgniter\CodeIgniter->run()
INFO - 2026-01-27 11:02:18 --> Session: Class initialized using 'CodeIgniter\Session\Handlers\FileHandler' driver.
INFO - 2026-01-27 11:02:21 --> Session: Class initialized using 'CodeIgniter\Session\Handlers\FileHandler' driver.
INFO - 2026-01-27 11:02:24 --> Session: Class initialized using 'CodeIgniter\Session\Handlers\FileHandler' driver.
INFO - 2026-01-27 11:02:33 --> Session: Class initialized using 'CodeIgniter\Session\Handlers\FileHandler' driver.
INFO - 2026-01-27 11:02:37 --> Session: Class initialized using 'CodeIgniter\Session\Handlers\FileHandler' driver.
INFO - 2026-01-27 11:02:40 --> Session: Class initialized using 'CodeIgniter\Session\Handlers\FileHandler' driver.
INFO - 2026-01-27 11:02:41 --> Session: Class initialized using 'CodeIgniter\Session\Handlers\FileHandler' driver.
ERROR - 2026-01-27 11:02:41 --> mysqli_sql_exception: Unknown column 'homepage_assets' in 'where clause' in C:\laragon\www\schoolingtime\vendor\codeigniter4\framework\system\Database\MySQLi\Connection.php:306
Stack trace:
#0 C:\laragon\www\schoolingtime\vendor\codeigniter4\framework\system\Database\MySQLi\Connection.php(306): mysqli->query(' SELECT *  FROM...', 0)
#1 C:\laragon\www\schoolingtime\vendor\codeigniter4\framework\system\Database\BaseConnection.php(693): CodeIgniter\Database\MySQLi\Connection->execute(' SELECT *  FROM...')
#2 C:\laragon\www\schoolingtime\vendor\codeigniter4\framework\system\Database\BaseConnection.php(607): CodeIgniter\Database\BaseConnection->simpleQuery(' SELECT *  FROM...')
#3 C:\laragon\www\schoolingtime\app\Controllers\HomepageController.php(107): CodeIgniter\Database\BaseConnection->query(' SELECT *  FROM...')
#4 C:\laragon\www\schoolingtime\vendor\codeigniter4\framework\system\CodeIgniter.php(943): App\Controllers\HomepageController->Course_details_view('homepage_assets', 'img', 'apple-touch-ico...')
#5 C:\laragon\www\schoolingtime\vendor\codeigniter4\framework\system\CodeIgniter.php(503): CodeIgniter\CodeIgniter->runController(Object(App\Controllers\HomepageController))
#6 C:\laragon\www\schoolingtime\vendor\codeigniter4\framework\system\CodeIgniter.php(361): CodeIgniter\CodeIgniter->handleRequest(NULL, Object(Config\Cache), false)
#7 C:\laragon\www\schoolingtime\index.php(79): CodeIgniter\CodeIgniter->run()
#8 {main}
CRITICAL - 2026-01-27 11:02:41 --> CodeIgniter\Database\Exceptions\DatabaseException: Unknown column 'homepage_assets' in 'where clause'
in SYSTEMPATH\Database\BaseConnection.php on line 647.
 1 APPPATH\Controllers\HomepageController.php(107): CodeIgniter\Database\BaseConnection->query(' SELECT *  FROM course_batch
                                WHERE course_id = homepage_assets')
 2 SYSTEMPATH\CodeIgniter.php(943): App\Controllers\HomepageController->Course_details_view('homepage_assets', 'img', 'apple-touch-icon.png')
 3 SYSTEMPATH\CodeIgniter.php(503): CodeIgniter\CodeIgniter->runController(Object(App\Controllers\HomepageController))
 4 SYSTEMPATH\CodeIgniter.php(361): CodeIgniter\CodeIgniter->handleRequest(null, Object(Config\Cache), false)
 5 FCPATH\index.php(79): CodeIgniter\CodeIgniter->run()
CRITICAL - 2026-01-27 11:02:41 --> [Caused by] CodeIgniter\Database\Exceptions\DatabaseException: Unknown column 'homepage_assets' in 'where clause'
in SYSTEMPATH\Database\MySQLi\Connection.php on line 311.
 1 SYSTEMPATH\Database\BaseConnection.php(693): CodeIgniter\Database\MySQLi\Connection->execute(' SELECT *  FROM course_batch
                                WHERE course_id = homepage_assets')
 2 SYSTEMPATH\Database\BaseConnection.php(607): CodeIgniter\Database\BaseConnection->simpleQuery(' SELECT *  FROM course_batch
                                WHERE course_id = homepage_assets')
 3 APPPATH\Controllers\HomepageController.php(107): CodeIgniter\Database\BaseConnection->query(' SELECT *  FROM course_batch
                                WHERE course_id = homepage_assets')
 4 SYSTEMPATH\CodeIgniter.php(943): App\Controllers\HomepageController->Course_details_view('homepage_assets', 'img', 'apple-touch-icon.png')
 5 SYSTEMPATH\CodeIgniter.php(503): CodeIgniter\CodeIgniter->runController(Object(App\Controllers\HomepageController))
 6 SYSTEMPATH\CodeIgniter.php(361): CodeIgniter\CodeIgniter->handleRequest(null, Object(Config\Cache), false)
 7 FCPATH\index.php(79): CodeIgniter\CodeIgniter->run()
CRITICAL - 2026-01-27 11:02:41 --> [Caused by] mysqli_sql_exception: Unknown column 'homepage_assets' in 'where clause'
in SYSTEMPATH\Database\MySQLi\Connection.php on line 306.
 1 SYSTEMPATH\Database\MySQLi\Connection.php(306): mysqli->query(' SELECT *  FROM course_batch
                                WHERE course_id = homepage_assets', 0)
 2 SYSTEMPATH\Database\BaseConnection.php(693): CodeIgniter\Database\MySQLi\Connection->execute(' SELECT *  FROM course_batch
                                WHERE course_id = homepage_assets')
 3 SYSTEMPATH\Database\BaseConnection.php(607): CodeIgniter\Database\BaseConnection->simpleQuery(' SELECT *  FROM course_batch
                                WHERE course_id = homepage_assets')
 4 APPPATH\Controllers\HomepageController.php(107): CodeIgniter\Database\BaseConnection->query(' SELECT *  FROM course_batch
                                WHERE course_id = homepage_assets')
 5 SYSTEMPATH\CodeIgniter.php(943): App\Controllers\HomepageController->Course_details_view('homepage_assets', 'img', 'apple-touch-icon.png')
 6 SYSTEMPATH\CodeIgniter.php(503): CodeIgniter\CodeIgniter->runController(Object(App\Controllers\HomepageController))
 7 SYSTEMPATH\CodeIgniter.php(361): CodeIgniter\CodeIgniter->handleRequest(null, Object(Config\Cache), false)
 8 FCPATH\index.php(79): CodeIgniter\CodeIgniter->run()
INFO - 2026-01-27 11:02:41 --> Session: Class initialized using 'CodeIgniter\Session\Handlers\FileHandler' driver.
ERROR - 2026-01-27 11:02:41 --> mysqli_sql_exception: Unknown column 'homepage_assets' in 'where clause' in C:\laragon\www\schoolingtime\vendor\codeigniter4\framework\system\Database\MySQLi\Connection.php:306
Stack trace:
#0 C:\laragon\www\schoolingtime\vendor\codeigniter4\framework\system\Database\MySQLi\Connection.php(306): mysqli->query(' SELECT *  FROM...', 0)
#1 C:\laragon\www\schoolingtime\vendor\codeigniter4\framework\system\Database\BaseConnection.php(693): CodeIgniter\Database\MySQLi\Connection->execute(' SELECT *  FROM...')
#2 C:\laragon\www\schoolingtime\vendor\codeigniter4\framework\system\Database\BaseConnection.php(607): CodeIgniter\Database\BaseConnection->simpleQuery(' SELECT *  FROM...')
#3 C:\laragon\www\schoolingtime\app\Controllers\HomepageController.php(107): CodeIgniter\Database\BaseConnection->query(' SELECT *  FROM...')
#4 C:\laragon\www\schoolingtime\vendor\codeigniter4\framework\system\CodeIgniter.php(943): App\Controllers\HomepageController->Course_details_view('homepage_assets', 'img', 'favicon.png')
#5 C:\laragon\www\schoolingtime\vendor\codeigniter4\framework\system\CodeIgniter.php(503): CodeIgniter\CodeIgniter->runController(Object(App\Controllers\HomepageController))
#6 C:\laragon\www\schoolingtime\vendor\codeigniter4\framework\system\CodeIgniter.php(361): CodeIgniter\CodeIgniter->handleRequest(NULL, Object(Config\Cache), false)
#7 C:\laragon\www\schoolingtime\index.php(79): CodeIgniter\CodeIgniter->run()
#8 {main}
CRITICAL - 2026-01-27 11:02:41 --> CodeIgniter\Database\Exceptions\DatabaseException: Unknown column 'homepage_assets' in 'where clause'
in SYSTEMPATH\Database\BaseConnection.php on line 647.
 1 APPPATH\Controllers\HomepageController.php(107): CodeIgniter\Database\BaseConnection->query(' SELECT *  FROM course_batch
                                WHERE course_id = homepage_assets')
 2 SYSTEMPATH\CodeIgniter.php(943): App\Controllers\HomepageController->Course_details_view('homepage_assets', 'img', 'favicon.png')
 3 SYSTEMPATH\CodeIgniter.php(503): CodeIgniter\CodeIgniter->runController(Object(App\Controllers\HomepageController))
 4 SYSTEMPATH\CodeIgniter.php(361): CodeIgniter\CodeIgniter->handleRequest(null, Object(Config\Cache), false)
 5 FCPATH\index.php(79): CodeIgniter\CodeIgniter->run()
CRITICAL - 2026-01-27 11:02:41 --> [Caused by] CodeIgniter\Database\Exceptions\DatabaseException: Unknown column 'homepage_assets' in 'where clause'
in SYSTEMPATH\Database\MySQLi\Connection.php on line 311.
 1 SYSTEMPATH\Database\BaseConnection.php(693): CodeIgniter\Database\MySQLi\Connection->execute(' SELECT *  FROM course_batch
                                WHERE course_id = homepage_assets')
 2 SYSTEMPATH\Database\BaseConnection.php(607): CodeIgniter\Database\BaseConnection->simpleQuery(' SELECT *  FROM course_batch
                                WHERE course_id = homepage_assets')
 3 APPPATH\Controllers\HomepageController.php(107): CodeIgniter\Database\BaseConnection->query(' SELECT *  FROM course_batch
                                WHERE course_id = homepage_assets')
 4 SYSTEMPATH\CodeIgniter.php(943): App\Controllers\HomepageController->Course_details_view('homepage_assets', 'img', 'favicon.png')
 5 SYSTEMPATH\CodeIgniter.php(503): CodeIgniter\CodeIgniter->runController(Object(App\Controllers\HomepageController))
 6 SYSTEMPATH\CodeIgniter.php(361): CodeIgniter\CodeIgniter->handleRequest(null, Object(Config\Cache), false)
 7 FCPATH\index.php(79): CodeIgniter\CodeIgniter->run()
CRITICAL - 2026-01-27 11:02:41 --> [Caused by] mysqli_sql_exception: Unknown column 'homepage_assets' in 'where clause'
in SYSTEMPATH\Database\MySQLi\Connection.php on line 306.
 1 SYSTEMPATH\Database\MySQLi\Connection.php(306): mysqli->query(' SELECT *  FROM course_batch
                                WHERE course_id = homepage_assets', 0)
 2 SYSTEMPATH\Database\BaseConnection.php(693): CodeIgniter\Database\MySQLi\Connection->execute(' SELECT *  FROM course_batch
                                WHERE course_id = homepage_assets')
 3 SYSTEMPATH\Database\BaseConnection.php(607): CodeIgniter\Database\BaseConnection->simpleQuery(' SELECT *  FROM course_batch
                                WHERE course_id = homepage_assets')
 4 APPPATH\Controllers\HomepageController.php(107): CodeIgniter\Database\BaseConnection->query(' SELECT *  FROM course_batch
                                WHERE course_id = homepage_assets')
 5 SYSTEMPATH\CodeIgniter.php(943): App\Controllers\HomepageController->Course_details_view('homepage_assets', 'img', 'favicon.png')
 6 SYSTEMPATH\CodeIgniter.php(503): CodeIgniter\CodeIgniter->runController(Object(App\Controllers\HomepageController))
 7 SYSTEMPATH\CodeIgniter.php(361): CodeIgniter\CodeIgniter->handleRequest(null, Object(Config\Cache), false)
 8 FCPATH\index.php(79): CodeIgniter\CodeIgniter->run()
INFO - 2026-01-27 11:04:11 --> Session: Class initialized using 'CodeIgniter\Session\Handlers\FileHandler' driver.
INFO - 2026-01-27 11:04:13 --> Session: Class initialized using 'CodeIgniter\Session\Handlers\FileHandler' driver.
INFO - 2026-01-27 11:04:17 --> Session: Class initialized using 'CodeIgniter\Session\Handlers\FileHandler' driver.
INFO - 2026-01-27 11:04:27 --> Session: Class initialized using 'CodeIgniter\Session\Handlers\FileHandler' driver.
INFO - 2026-01-27 11:06:34 --> Session: Class initialized using 'CodeIgniter\Session\Handlers\FileHandler' driver.
INFO - 2026-01-27 11:07:44 --> Session: Class initialized using 'CodeIgniter\Session\Handlers\FileHandler' driver.
INFO - 2026-01-27 11:07:57 --> Session: Class initialized using 'CodeIgniter\Session\Handlers\FileHandler' driver.
INFO - 2026-01-27 11:07:58 --> Session: Class initialized using 'CodeIgniter\Session\Handlers\FileHandler' driver.
INFO - 2026-01-27 11:08:04 --> Session: Class initialized using 'CodeIgniter\Session\Handlers\FileHandler' driver.
INFO - 2026-01-27 11:08:05 --> Session: Class initialized using 'CodeIgniter\Session\Handlers\FileHandler' driver.
ERROR - 2026-01-27 11:08:05 --> mysqli_sql_exception: Unknown column 'homepage_assets' in 'where clause' in C:\laragon\www\schoolingtime\vendor\codeigniter4\framework\system\Database\MySQLi\Connection.php:306
Stack trace:
#0 C:\laragon\www\schoolingtime\vendor\codeigniter4\framework\system\Database\MySQLi\Connection.php(306): mysqli->query(' SELECT *  FROM...', 0)
#1 C:\laragon\www\schoolingtime\vendor\codeigniter4\framework\system\Database\BaseConnection.php(693): CodeIgniter\Database\MySQLi\Connection->execute(' SELECT *  FROM...')
#2 C:\laragon\www\schoolingtime\vendor\codeigniter4\framework\system\Database\BaseConnection.php(607): CodeIgniter\Database\BaseConnection->simpleQuery(' SELECT *  FROM...')
#3 C:\laragon\www\schoolingtime\app\Controllers\HomepageController.php(107): CodeIgniter\Database\BaseConnection->query(' SELECT *  FROM...')
#4 C:\laragon\www\schoolingtime\vendor\codeigniter4\framework\system\CodeIgniter.php(943): App\Controllers\HomepageController->Course_details_view('homepage_assets', 'img', 'favicon.png')
#5 C:\laragon\www\schoolingtime\vendor\codeigniter4\framework\system\CodeIgniter.php(503): CodeIgniter\CodeIgniter->runController(Object(App\Controllers\HomepageController))
#6 C:\laragon\www\schoolingtime\vendor\codeigniter4\framework\system\CodeIgniter.php(361): CodeIgniter\CodeIgniter->handleRequest(NULL, Object(Config\Cache), false)
#7 C:\laragon\www\schoolingtime\index.php(79): CodeIgniter\CodeIgniter->run()
#8 {main}
CRITICAL - 2026-01-27 11:08:05 --> CodeIgniter\Database\Exceptions\DatabaseException: Unknown column 'homepage_assets' in 'where clause'
in SYSTEMPATH\Database\BaseConnection.php on line 647.
 1 APPPATH\Controllers\HomepageController.php(107): CodeIgniter\Database\BaseConnection->query(' SELECT *  FROM course_batch
                                WHERE course_id = homepage_assets')
 2 SYSTEMPATH\CodeIgniter.php(943): App\Controllers\HomepageController->Course_details_view('homepage_assets', 'img', 'favicon.png')
 3 SYSTEMPATH\CodeIgniter.php(503): CodeIgniter\CodeIgniter->runController(Object(App\Controllers\HomepageController))
 4 SYSTEMPATH\CodeIgniter.php(361): CodeIgniter\CodeIgniter->handleRequest(null, Object(Config\Cache), false)
 5 FCPATH\index.php(79): CodeIgniter\CodeIgniter->run()
CRITICAL - 2026-01-27 11:08:05 --> [Caused by] CodeIgniter\Database\Exceptions\DatabaseException: Unknown column 'homepage_assets' in 'where clause'
in SYSTEMPATH\Database\MySQLi\Connection.php on line 311.
 1 SYSTEMPATH\Database\BaseConnection.php(693): CodeIgniter\Database\MySQLi\Connection->execute(' SELECT *  FROM course_batch
                                WHERE course_id = homepage_assets')
 2 SYSTEMPATH\Database\BaseConnection.php(607): CodeIgniter\Database\BaseConnection->simpleQuery(' SELECT *  FROM course_batch
                                WHERE course_id = homepage_assets')
 3 APPPATH\Controllers\HomepageController.php(107): CodeIgniter\Database\BaseConnection->query(' SELECT *  FROM course_batch
                                WHERE course_id = homepage_assets')
 4 SYSTEMPATH\CodeIgniter.php(943): App\Controllers\HomepageController->Course_details_view('homepage_assets', 'img', 'favicon.png')
 5 SYSTEMPATH\CodeIgniter.php(503): CodeIgniter\CodeIgniter->runController(Object(App\Controllers\HomepageController))
 6 SYSTEMPATH\CodeIgniter.php(361): CodeIgniter\CodeIgniter->handleRequest(null, Object(Config\Cache), false)
 7 FCPATH\index.php(79): CodeIgniter\CodeIgniter->run()
CRITICAL - 2026-01-27 11:08:05 --> [Caused by] mysqli_sql_exception: Unknown column 'homepage_assets' in 'where clause'
in SYSTEMPATH\Database\MySQLi\Connection.php on line 306.
 1 SYSTEMPATH\Database\MySQLi\Connection.php(306): mysqli->query(' SELECT *  FROM course_batch
                                WHERE course_id = homepage_assets', 0)
 2 SYSTEMPATH\Database\BaseConnection.php(693): CodeIgniter\Database\MySQLi\Connection->execute(' SELECT *  FROM course_batch
                                WHERE course_id = homepage_assets')
 3 SYSTEMPATH\Database\BaseConnection.php(607): CodeIgniter\Database\BaseConnection->simpleQuery(' SELECT *  FROM course_batch
                                WHERE course_id = homepage_assets')
 4 APPPATH\Controllers\HomepageController.php(107): CodeIgniter\Database\BaseConnection->query(' SELECT *  FROM course_batch
                                WHERE course_id = homepage_assets')
 5 SYSTEMPATH\CodeIgniter.php(943): App\Controllers\HomepageController->Course_details_view('homepage_assets', 'img', 'favicon.png')
 6 SYSTEMPATH\CodeIgniter.php(503): CodeIgniter\CodeIgniter->runController(Object(App\Controllers\HomepageController))
 7 SYSTEMPATH\CodeIgniter.php(361): CodeIgniter\CodeIgniter->handleRequest(null, Object(Config\Cache), false)
 8 FCPATH\index.php(79): CodeIgniter\CodeIgniter->run()
INFO - 2026-01-27 11:08:05 --> Session: Class initialized using 'CodeIgniter\Session\Handlers\FileHandler' driver.
ERROR - 2026-01-27 11:08:05 --> mysqli_sql_exception: Unknown column 'homepage_assets' in 'where clause' in C:\laragon\www\schoolingtime\vendor\codeigniter4\framework\system\Database\MySQLi\Connection.php:306
Stack trace:
#0 C:\laragon\www\schoolingtime\vendor\codeigniter4\framework\system\Database\MySQLi\Connection.php(306): mysqli->query(' SELECT *  FROM...', 0)
#1 C:\laragon\www\schoolingtime\vendor\codeigniter4\framework\system\Database\BaseConnection.php(693): CodeIgniter\Database\MySQLi\Connection->execute(' SELECT *  FROM...')
#2 C:\laragon\www\schoolingtime\vendor\codeigniter4\framework\system\Database\BaseConnection.php(607): CodeIgniter\Database\BaseConnection->simpleQuery(' SELECT *  FROM...')
#3 C:\laragon\www\schoolingtime\app\Controllers\HomepageController.php(107): CodeIgniter\Database\BaseConnection->query(' SELECT *  FROM...')
#4 C:\laragon\www\schoolingtime\vendor\codeigniter4\framework\system\CodeIgniter.php(943): App\Controllers\HomepageController->Course_details_view('homepage_assets', 'img', 'apple-touch-ico...')
#5 C:\laragon\www\schoolingtime\vendor\codeigniter4\framework\system\CodeIgniter.php(503): CodeIgniter\CodeIgniter->runController(Object(App\Controllers\HomepageController))
#6 C:\laragon\www\schoolingtime\vendor\codeigniter4\framework\system\CodeIgniter.php(361): CodeIgniter\CodeIgniter->handleRequest(NULL, Object(Config\Cache), false)
#7 C:\laragon\www\schoolingtime\index.php(79): CodeIgniter\CodeIgniter->run()
#8 {main}
CRITICAL - 2026-01-27 11:08:05 --> CodeIgniter\Database\Exceptions\DatabaseException: Unknown column 'homepage_assets' in 'where clause'
in SYSTEMPATH\Database\BaseConnection.php on line 647.
 1 APPPATH\Controllers\HomepageController.php(107): CodeIgniter\Database\BaseConnection->query(' SELECT *  FROM course_batch
                                WHERE course_id = homepage_assets')
 2 SYSTEMPATH\CodeIgniter.php(943): App\Controllers\HomepageController->Course_details_view('homepage_assets', 'img', 'apple-touch-icon.png')
 3 SYSTEMPATH\CodeIgniter.php(503): CodeIgniter\CodeIgniter->runController(Object(App\Controllers\HomepageController))
 4 SYSTEMPATH\CodeIgniter.php(361): CodeIgniter\CodeIgniter->handleRequest(null, Object(Config\Cache), false)
 5 FCPATH\index.php(79): CodeIgniter\CodeIgniter->run()
CRITICAL - 2026-01-27 11:08:05 --> [Caused by] CodeIgniter\Database\Exceptions\DatabaseException: Unknown column 'homepage_assets' in 'where clause'
in SYSTEMPATH\Database\MySQLi\Connection.php on line 311.
 1 SYSTEMPATH\Database\BaseConnection.php(693): CodeIgniter\Database\MySQLi\Connection->execute(' SELECT *  FROM course_batch
                                WHERE course_id = homepage_assets')
 2 SYSTEMPATH\Database\BaseConnection.php(607): CodeIgniter\Database\BaseConnection->simpleQuery(' SELECT *  FROM course_batch
                                WHERE course_id = homepage_assets')
 3 APPPATH\Controllers\HomepageController.php(107): CodeIgniter\Database\BaseConnection->query(' SELECT *  FROM course_batch
                                WHERE course_id = homepage_assets')
 4 SYSTEMPATH\CodeIgniter.php(943): App\Controllers\HomepageController->Course_details_view('homepage_assets', 'img', 'apple-touch-icon.png')
 5 SYSTEMPATH\CodeIgniter.php(503): CodeIgniter\CodeIgniter->runController(Object(App\Controllers\HomepageController))
 6 SYSTEMPATH\CodeIgniter.php(361): CodeIgniter\CodeIgniter->handleRequest(null, Object(Config\Cache), false)
 7 FCPATH\index.php(79): CodeIgniter\CodeIgniter->run()
CRITICAL - 2026-01-27 11:08:05 --> [Caused by] mysqli_sql_exception: Unknown column 'homepage_assets' in 'where clause'
in SYSTEMPATH\Database\MySQLi\Connection.php on line 306.
 1 SYSTEMPATH\Database\MySQLi\Connection.php(306): mysqli->query(' SELECT *  FROM course_batch
                                WHERE course_id = homepage_assets', 0)
 2 SYSTEMPATH\Database\BaseConnection.php(693): CodeIgniter\Database\MySQLi\Connection->execute(' SELECT *  FROM course_batch
                                WHERE course_id = homepage_assets')
 3 SYSTEMPATH\Database\BaseConnection.php(607): CodeIgniter\Database\BaseConnection->simpleQuery(' SELECT *  FROM course_batch
                                WHERE course_id = homepage_assets')
 4 APPPATH\Controllers\HomepageController.php(107): CodeIgniter\Database\BaseConnection->query(' SELECT *  FROM course_batch
                                WHERE course_id = homepage_assets')
 5 SYSTEMPATH\CodeIgniter.php(943): App\Controllers\HomepageController->Course_details_view('homepage_assets', 'img', 'apple-touch-icon.png')
 6 SYSTEMPATH\CodeIgniter.php(503): CodeIgniter\CodeIgniter->runController(Object(App\Controllers\HomepageController))
 7 SYSTEMPATH\CodeIgniter.php(361): CodeIgniter\CodeIgniter->handleRequest(null, Object(Config\Cache), false)
 8 FCPATH\index.php(79): CodeIgniter\CodeIgniter->run()
INFO - 2026-01-27 11:08:47 --> Session: Class initialized using 'CodeIgniter\Session\Handlers\FileHandler' driver.
INFO - 2026-01-27 11:09:08 --> Session: Class initialized using 'CodeIgniter\Session\Handlers\FileHandler' driver.
INFO - 2026-01-27 11:09:18 --> Session: Class initialized using 'CodeIgniter\Session\Handlers\FileHandler' driver.
INFO - 2026-01-27 11:09:18 --> Session: Class initialized using 'CodeIgniter\Session\Handlers\FileHandler' driver.
INFO - 2026-01-27 11:09:21 --> Session: Class initialized using 'CodeIgniter\Session\Handlers\FileHandler' driver.
INFO - 2026-01-27 11:13:37 --> Session: Class initialized using 'CodeIgniter\Session\Handlers\FileHandler' driver.
INFO - 2026-01-27 11:15:10 --> Session: Class initialized using 'CodeIgniter\Session\Handlers\FileHandler' driver.
INFO - 2026-01-27 11:15:51 --> Session: Class initialized using 'CodeIgniter\Session\Handlers\FileHandler' driver.
INFO - 2026-01-27 11:17:48 --> Session: Class initialized using 'CodeIgniter\Session\Handlers\FileHandler' driver.
INFO - 2026-01-27 11:19:54 --> Session: Class initialized using 'CodeIgniter\Session\Handlers\FileHandler' driver.
INFO - 2026-01-27 11:19:57 --> Session: Class initialized using 'CodeIgniter\Session\Handlers\FileHandler' driver.
INFO - 2026-01-27 11:20:34 --> Session: Class initialized using 'CodeIgniter\Session\Handlers\FileHandler' driver.
INFO - 2026-01-27 11:21:06 --> Session: Class initialized using 'CodeIgniter\Session\Handlers\FileHandler' driver.
INFO - 2026-01-27 11:21:11 --> Session: Class initialized using 'CodeIgniter\Session\Handlers\FileHandler' driver.
INFO - 2026-01-27 11:21:23 --> Session: Class initialized using 'CodeIgniter\Session\Handlers\FileHandler' driver.
INFO - 2026-01-27 11:21:30 --> Session: Class initialized using 'CodeIgniter\Session\Handlers\FileHandler' driver.
INFO - 2026-01-27 11:21:50 --> Session: Class initialized using 'CodeIgniter\Session\Handlers\FileHandler' driver.
INFO - 2026-01-27 11:21:54 --> Session: Class initialized using 'CodeIgniter\Session\Handlers\FileHandler' driver.
INFO - 2026-01-27 11:21:54 --> Session: Class initialized using 'CodeIgniter\Session\Handlers\FileHandler' driver.
ERROR - 2026-01-27 11:21:54 --> mysqli_sql_exception: Unknown column 'homepage_assets' in 'where clause' in C:\laragon\www\schoolingtime\vendor\codeigniter4\framework\system\Database\MySQLi\Connection.php:306
Stack trace:
#0 C:\laragon\www\schoolingtime\vendor\codeigniter4\framework\system\Database\MySQLi\Connection.php(306): mysqli->query(' SELECT *  FROM...', 0)
#1 C:\laragon\www\schoolingtime\vendor\codeigniter4\framework\system\Database\BaseConnection.php(693): CodeIgniter\Database\MySQLi\Connection->execute(' SELECT *  FROM...')
#2 C:\laragon\www\schoolingtime\vendor\codeigniter4\framework\system\Database\BaseConnection.php(607): CodeIgniter\Database\BaseConnection->simpleQuery(' SELECT *  FROM...')
#3 C:\laragon\www\schoolingtime\app\Controllers\HomepageController.php(107): CodeIgniter\Database\BaseConnection->query(' SELECT *  FROM...')
#4 C:\laragon\www\schoolingtime\vendor\codeigniter4\framework\system\CodeIgniter.php(943): App\Controllers\HomepageController->Course_details_view('homepage_assets', 'img', 'apple-touch-ico...')
#5 C:\laragon\www\schoolingtime\vendor\codeigniter4\framework\system\CodeIgniter.php(503): CodeIgniter\CodeIgniter->runController(Object(App\Controllers\HomepageController))
#6 C:\laragon\www\schoolingtime\vendor\codeigniter4\framework\system\CodeIgniter.php(361): CodeIgniter\CodeIgniter->handleRequest(NULL, Object(Config\Cache), false)
#7 C:\laragon\www\schoolingtime\index.php(79): CodeIgniter\CodeIgniter->run()
#8 {main}
CRITICAL - 2026-01-27 11:21:54 --> CodeIgniter\Database\Exceptions\DatabaseException: Unknown column 'homepage_assets' in 'where clause'
in SYSTEMPATH\Database\BaseConnection.php on line 647.
 1 APPPATH\Controllers\HomepageController.php(107): CodeIgniter\Database\BaseConnection->query(' SELECT *  FROM course_batch
                                WHERE course_id = homepage_assets')
 2 SYSTEMPATH\CodeIgniter.php(943): App\Controllers\HomepageController->Course_details_view('homepage_assets', 'img', 'apple-touch-icon.png')
 3 SYSTEMPATH\CodeIgniter.php(503): CodeIgniter\CodeIgniter->runController(Object(App\Controllers\HomepageController))
 4 SYSTEMPATH\CodeIgniter.php(361): CodeIgniter\CodeIgniter->handleRequest(null, Object(Config\Cache), false)
 5 FCPATH\index.php(79): CodeIgniter\CodeIgniter->run()
CRITICAL - 2026-01-27 11:21:54 --> [Caused by] CodeIgniter\Database\Exceptions\DatabaseException: Unknown column 'homepage_assets' in 'where clause'
in SYSTEMPATH\Database\MySQLi\Connection.php on line 311.
 1 SYSTEMPATH\Database\BaseConnection.php(693): CodeIgniter\Database\MySQLi\Connection->execute(' SELECT *  FROM course_batch
                                WHERE course_id = homepage_assets')
 2 SYSTEMPATH\Database\BaseConnection.php(607): CodeIgniter\Database\BaseConnection->simpleQuery(' SELECT *  FROM course_batch
                                WHERE course_id = homepage_assets')
 3 APPPATH\Controllers\HomepageController.php(107): CodeIgniter\Database\BaseConnection->query(' SELECT *  FROM course_batch
                                WHERE course_id = homepage_assets')
 4 SYSTEMPATH\CodeIgniter.php(943): App\Controllers\HomepageController->Course_details_view('homepage_assets', 'img', 'apple-touch-icon.png')
 5 SYSTEMPATH\CodeIgniter.php(503): CodeIgniter\CodeIgniter->runController(Object(App\Controllers\HomepageController))
 6 SYSTEMPATH\CodeIgniter.php(361): CodeIgniter\CodeIgniter->handleRequest(null, Object(Config\Cache), false)
 7 FCPATH\index.php(79): CodeIgniter\CodeIgniter->run()
CRITICAL - 2026-01-27 11:21:54 --> [Caused by] mysqli_sql_exception: Unknown column 'homepage_assets' in 'where clause'
in SYSTEMPATH\Database\MySQLi\Connection.php on line 306.
 1 SYSTEMPATH\Database\MySQLi\Connection.php(306): mysqli->query(' SELECT *  FROM course_batch
                                WHERE course_id = homepage_assets', 0)
 2 SYSTEMPATH\Database\BaseConnection.php(693): CodeIgniter\Database\MySQLi\Connection->execute(' SELECT *  FROM course_batch
                                WHERE course_id = homepage_assets')
 3 SYSTEMPATH\Database\BaseConnection.php(607): CodeIgniter\Database\BaseConnection->simpleQuery(' SELECT *  FROM course_batch
                                WHERE course_id = homepage_assets')
 4 APPPATH\Controllers\HomepageController.php(107): CodeIgniter\Database\BaseConnection->query(' SELECT *  FROM course_batch
                                WHERE course_id = homepage_assets')
 5 SYSTEMPATH\CodeIgniter.php(943): App\Controllers\HomepageController->Course_details_view('homepage_assets', 'img', 'apple-touch-icon.png')
 6 SYSTEMPATH\CodeIgniter.php(503): CodeIgniter\CodeIgniter->runController(Object(App\Controllers\HomepageController))
 7 SYSTEMPATH\CodeIgniter.php(361): CodeIgniter\CodeIgniter->handleRequest(null, Object(Config\Cache), false)
 8 FCPATH\index.php(79): CodeIgniter\CodeIgniter->run()
INFO - 2026-01-27 11:21:54 --> Session: Class initialized using 'CodeIgniter\Session\Handlers\FileHandler' driver.
ERROR - 2026-01-27 11:21:54 --> mysqli_sql_exception: Unknown column 'homepage_assets' in 'where clause' in C:\laragon\www\schoolingtime\vendor\codeigniter4\framework\system\Database\MySQLi\Connection.php:306
Stack trace:
#0 C:\laragon\www\schoolingtime\vendor\codeigniter4\framework\system\Database\MySQLi\Connection.php(306): mysqli->query(' SELECT *  FROM...', 0)
#1 C:\laragon\www\schoolingtime\vendor\codeigniter4\framework\system\Database\BaseConnection.php(693): CodeIgniter\Database\MySQLi\Connection->execute(' SELECT *  FROM...')
#2 C:\laragon\www\schoolingtime\vendor\codeigniter4\framework\system\Database\BaseConnection.php(607): CodeIgniter\Database\BaseConnection->simpleQuery(' SELECT *  FROM...')
#3 C:\laragon\www\schoolingtime\app\Controllers\HomepageController.php(107): CodeIgniter\Database\BaseConnection->query(' SELECT *  FROM...')
#4 C:\laragon\www\schoolingtime\vendor\codeigniter4\framework\system\CodeIgniter.php(943): App\Controllers\HomepageController->Course_details_view('homepage_assets', 'img', 'favicon.png')
#5 C:\laragon\www\schoolingtime\vendor\codeigniter4\framework\system\CodeIgniter.php(503): CodeIgniter\CodeIgniter->runController(Object(App\Controllers\HomepageController))
#6 C:\laragon\www\schoolingtime\vendor\codeigniter4\framework\system\CodeIgniter.php(361): CodeIgniter\CodeIgniter->handleRequest(NULL, Object(Config\Cache), false)
#7 C:\laragon\www\schoolingtime\index.php(79): CodeIgniter\CodeIgniter->run()
#8 {main}
CRITICAL - 2026-01-27 11:21:54 --> CodeIgniter\Database\Exceptions\DatabaseException: Unknown column 'homepage_assets' in 'where clause'
in SYSTEMPATH\Database\BaseConnection.php on line 647.
 1 APPPATH\Controllers\HomepageController.php(107): CodeIgniter\Database\BaseConnection->query(' SELECT *  FROM course_batch
                                WHERE course_id = homepage_assets')
 2 SYSTEMPATH\CodeIgniter.php(943): App\Controllers\HomepageController->Course_details_view('homepage_assets', 'img', 'favicon.png')
 3 SYSTEMPATH\CodeIgniter.php(503): CodeIgniter\CodeIgniter->runController(Object(App\Controllers\HomepageController))
 4 SYSTEMPATH\CodeIgniter.php(361): CodeIgniter\CodeIgniter->handleRequest(null, Object(Config\Cache), false)
 5 FCPATH\index.php(79): CodeIgniter\CodeIgniter->run()
CRITICAL - 2026-01-27 11:21:54 --> [Caused by] CodeIgniter\Database\Exceptions\DatabaseException: Unknown column 'homepage_assets' in 'where clause'
in SYSTEMPATH\Database\MySQLi\Connection.php on line 311.
 1 SYSTEMPATH\Database\BaseConnection.php(693): CodeIgniter\Database\MySQLi\Connection->execute(' SELECT *  FROM course_batch
                                WHERE course_id = homepage_assets')
 2 SYSTEMPATH\Database\BaseConnection.php(607): CodeIgniter\Database\BaseConnection->simpleQuery(' SELECT *  FROM course_batch
                                WHERE course_id = homepage_assets')
 3 APPPATH\Controllers\HomepageController.php(107): CodeIgniter\Database\BaseConnection->query(' SELECT *  FROM course_batch
                                WHERE course_id = homepage_assets')
 4 SYSTEMPATH\CodeIgniter.php(943): App\Controllers\HomepageController->Course_details_view('homepage_assets', 'img', 'favicon.png')
 5 SYSTEMPATH\CodeIgniter.php(503): CodeIgniter\CodeIgniter->runController(Object(App\Controllers\HomepageController))
 6 SYSTEMPATH\CodeIgniter.php(361): CodeIgniter\CodeIgniter->handleRequest(null, Object(Config\Cache), false)
 7 FCPATH\index.php(79): CodeIgniter\CodeIgniter->run()
CRITICAL - 2026-01-27 11:21:54 --> [Caused by] mysqli_sql_exception: Unknown column 'homepage_assets' in 'where clause'
in SYSTEMPATH\Database\MySQLi\Connection.php on line 306.
 1 SYSTEMPATH\Database\MySQLi\Connection.php(306): mysqli->query(' SELECT *  FROM course_batch
                                WHERE course_id = homepage_assets', 0)
 2 SYSTEMPATH\Database\BaseConnection.php(693): CodeIgniter\Database\MySQLi\Connection->execute(' SELECT *  FROM course_batch
                                WHERE course_id = homepage_assets')
 3 SYSTEMPATH\Database\BaseConnection.php(607): CodeIgniter\Database\BaseConnection->simpleQuery(' SELECT *  FROM course_batch
                                WHERE course_id = homepage_assets')
 4 APPPATH\Controllers\HomepageController.php(107): CodeIgniter\Database\BaseConnection->query(' SELECT *  FROM course_batch
                                WHERE course_id = homepage_assets')
 5 SYSTEMPATH\CodeIgniter.php(943): App\Controllers\HomepageController->Course_details_view('homepage_assets', 'img', 'favicon.png')
 6 SYSTEMPATH\CodeIgniter.php(503): CodeIgniter\CodeIgniter->runController(Object(App\Controllers\HomepageController))
 7 SYSTEMPATH\CodeIgniter.php(361): CodeIgniter\CodeIgniter->handleRequest(null, Object(Config\Cache), false)
 8 FCPATH\index.php(79): CodeIgniter\CodeIgniter->run()
INFO - 2026-01-27 11:22:53 --> Session: Class initialized using 'CodeIgniter\Session\Handlers\FileHandler' driver.
INFO - 2026-01-27 11:22:53 --> Session: Class initialized using 'CodeIgniter\Session\Handlers\FileHandler' driver.
INFO - 2026-01-27 11:22:56 --> Session: Class initialized using 'CodeIgniter\Session\Handlers\FileHandler' driver.
INFO - 2026-01-27 11:24:20 --> Session: Class initialized using 'CodeIgniter\Session\Handlers\FileHandler' driver.
INFO - 2026-01-27 11:24:21 --> Session: Class initialized using 'CodeIgniter\Session\Handlers\FileHandler' driver.
INFO - 2026-01-27 11:24:29 --> Session: Class initialized using 'CodeIgniter\Session\Handlers\FileHandler' driver.
INFO - 2026-01-27 11:24:34 --> Session: Class initialized using 'CodeIgniter\Session\Handlers\FileHandler' driver.
INFO - 2026-01-27 11:24:37 --> Session: Class initialized using 'CodeIgniter\Session\Handlers\FileHandler' driver.
INFO - 2026-01-27 11:24:40 --> Session: Class initialized using 'CodeIgniter\Session\Handlers\FileHandler' driver.
INFO - 2026-01-27 11:24:44 --> Session: Class initialized using 'CodeIgniter\Session\Handlers\FileHandler' driver.
INFO - 2026-01-27 11:24:44 --> Session: Class initialized using 'CodeIgniter\Session\Handlers\FileHandler' driver.
INFO - 2026-01-27 11:24:44 --> Session: Class initialized using 'CodeIgniter\Session\Handlers\FileHandler' driver.
INFO - 2026-01-27 11:24:49 --> Session: Class initialized using 'CodeIgniter\Session\Handlers\FileHandler' driver.
INFO - 2026-01-27 11:24:52 --> Session: Class initialized using 'CodeIgniter\Session\Handlers\FileHandler' driver.
INFO - 2026-01-27 11:24:54 --> Session: Class initialized using 'CodeIgniter\Session\Handlers\FileHandler' driver.
INFO - 2026-01-27 11:24:59 --> Session: Class initialized using 'CodeIgniter\Session\Handlers\FileHandler' driver.
INFO - 2026-01-27 11:24:59 --> Session: Class initialized using 'CodeIgniter\Session\Handlers\FileHandler' driver.
INFO - 2026-01-27 11:24:59 --> Session: Class initialized using 'CodeIgniter\Session\Handlers\FileHandler' driver.
CRITICAL - 2026-01-27 11:24:59 --> ErrorException: Undefined variable $student_id
in APPPATH\Views\examsystem\question_ready_exam_view.php on line 64.
 1 APPPATH\Views\examsystem\question_ready_exam_view.php(64): CodeIgniter\Debug\Exceptions->errorHandler(2, 'Undefined variable $student_id', 'C:\\laragon\\www\\schoolingtime\\app\\Views\\examsystem\\question_ready_exam_view.php', 64)
 2 SYSTEMPATH\View\View.php(228): include('C:\\laragon\\www\\schoolingtime\\app\\Views\\examsystem\\question_ready_exam_view.php')
 3 SYSTEMPATH\View\View.php(231): CodeIgniter\View\View->CodeIgniter\View\{closure}()
 4 SYSTEMPATH\Common.php(1178): CodeIgniter\View\View->render('examsystem/question_ready_exam_view', [], true)
 5 APPPATH\Controllers\QuestionAnswerController.php(152): view('examsystem/question_ready_exam_view', [...])
 6 SYSTEMPATH\CodeIgniter.php(943): App\Controllers\QuestionAnswerController->currentTest('homepage_assets', 'img', 'apple-touch-icon.png')
 7 SYSTEMPATH\CodeIgniter.php(503): CodeIgniter\CodeIgniter->runController(Object(App\Controllers\QuestionAnswerController))
 8 SYSTEMPATH\CodeIgniter.php(361): CodeIgniter\CodeIgniter->handleRequest(null, Object(Config\Cache), false)
 9 FCPATH\index.php(79): CodeIgniter\CodeIgniter->run()
INFO - 2026-01-27 11:24:59 --> Session: Class initialized using 'CodeIgniter\Session\Handlers\FileHandler' driver.
CRITICAL - 2026-01-27 11:24:59 --> ErrorException: Undefined variable $student_id
in APPPATH\Views\examsystem\question_ready_exam_view.php on line 64.
 1 APPPATH\Views\examsystem\question_ready_exam_view.php(64): CodeIgniter\Debug\Exceptions->errorHandler(2, 'Undefined variable $student_id', 'C:\\laragon\\www\\schoolingtime\\app\\Views\\examsystem\\question_ready_exam_view.php', 64)
 2 SYSTEMPATH\View\View.php(228): include('C:\\laragon\\www\\schoolingtime\\app\\Views\\examsystem\\question_ready_exam_view.php')
 3 SYSTEMPATH\View\View.php(231): CodeIgniter\View\View->CodeIgniter\View\{closure}()
 4 SYSTEMPATH\Common.php(1178): CodeIgniter\View\View->render('examsystem/question_ready_exam_view', [], true)
 5 APPPATH\Controllers\QuestionAnswerController.php(152): view('examsystem/question_ready_exam_view', [...])
 6 SYSTEMPATH\CodeIgniter.php(943): App\Controllers\QuestionAnswerController->currentTest('homepage_assets', 'img', 'favicon.png')
 7 SYSTEMPATH\CodeIgniter.php(503): CodeIgniter\CodeIgniter->runController(Object(App\Controllers\QuestionAnswerController))
 8 SYSTEMPATH\CodeIgniter.php(361): CodeIgniter\CodeIgniter->handleRequest(null, Object(Config\Cache), false)
 9 FCPATH\index.php(79): CodeIgniter\CodeIgniter->run()
INFO - 2026-01-27 11:25:37 --> Session: Class initialized using 'CodeIgniter\Session\Handlers\FileHandler' driver.
INFO - 2026-01-27 11:25:38 --> Session: Class initialized using 'CodeIgniter\Session\Handlers\FileHandler' driver.
