INFO - 2024-04-07 07:59:41 --> Session: Class initialized using 'CodeIgniter\Session\Handlers\FileHandler' driver.
INFO - 2024-04-07 08:06:24 --> Session: Class initialized using 'CodeIgniter\Session\Handlers\FileHandler' driver.
INFO - 2024-04-07 08:06:36 --> Session: Class initialized using 'CodeIgniter\Session\Handlers\FileHandler' driver.
INFO - 2024-04-07 08:06:37 --> Session: Class initialized using 'CodeIgniter\Session\Handlers\FileHandler' driver.
INFO - 2024-04-07 08:06:50 --> Session: Class initialized using 'CodeIgniter\Session\Handlers\FileHandler' driver.
INFO - 2024-04-07 08:06:54 --> Session: Class initialized using 'CodeIgniter\Session\Handlers\FileHandler' driver.
INFO - 2024-04-07 08:06:56 --> Session: Class initialized using 'CodeIgniter\Session\Handlers\FileHandler' driver.
INFO - 2024-04-07 08:07:00 --> Session: Class initialized using 'CodeIgniter\Session\Handlers\FileHandler' driver.
INFO - 2024-04-07 08:07:04 --> Session: Class initialized using 'CodeIgniter\Session\Handlers\FileHandler' driver.
INFO - 2024-04-07 08:07:05 --> Session: Class initialized using 'CodeIgniter\Session\Handlers\FileHandler' driver.
CRITICAL - 2024-04-07 08:07:05 --> Undefined variable $course_teacher_id
in APPPATH\Controllers\HomepageController.php on line 40.
 1 APPPATH\Controllers\HomepageController.php(40): CodeIgniter\Debug\Exceptions->errorHandler(2, 'Undefined variable $course_teacher_id', 'D:\\laragon\\www\\SchoolingTime\\app\\Controllers\\HomepageController.php', 40)
 2 SYSTEMPATH\CodeIgniter.php(942): App\Controllers\HomepageController->Course_details_view('homepage_assets', 'img', 'logo.png')
 3 SYSTEMPATH\CodeIgniter.php(502): CodeIgniter\CodeIgniter->runController(Object(App\Controllers\HomepageController))
 4 SYSTEMPATH\CodeIgniter.php(361): CodeIgniter\CodeIgniter->handleRequest(null, Object(Config\Cache), false)
 5 FCPATH\index.php(79): CodeIgniter\CodeIgniter->run()
INFO - 2024-04-07 08:07:05 --> Session: Class initialized using 'CodeIgniter\Session\Handlers\FileHandler' driver.
CRITICAL - 2024-04-07 08:07:05 --> Undefined variable $course_teacher_id
in APPPATH\Controllers\HomepageController.php on line 40.
 1 APPPATH\Controllers\HomepageController.php(40): CodeIgniter\Debug\Exceptions->errorHandler(2, 'Undefined variable $course_teacher_id', 'D:\\laragon\\www\\SchoolingTime\\app\\Controllers\\HomepageController.php', 40)
 2 SYSTEMPATH\CodeIgniter.php(942): App\Controllers\HomepageController->Course_details_view('homepage_assets', 'img', 'favicon.png')
 3 SYSTEMPATH\CodeIgniter.php(502): CodeIgniter\CodeIgniter->runController(Object(App\Controllers\HomepageController))
 4 SYSTEMPATH\CodeIgniter.php(361): CodeIgniter\CodeIgniter->handleRequest(null, Object(Config\Cache), false)
 5 FCPATH\index.php(79): CodeIgniter\CodeIgniter->run()
INFO - 2024-04-07 08:07:05 --> Session: Class initialized using 'CodeIgniter\Session\Handlers\FileHandler' driver.
CRITICAL - 2024-04-07 08:07:05 --> Undefined variable $course_teacher_id
in APPPATH\Controllers\HomepageController.php on line 40.
 1 APPPATH\Controllers\HomepageController.php(40): CodeIgniter\Debug\Exceptions->errorHandler(2, 'Undefined variable $course_teacher_id', 'D:\\laragon\\www\\SchoolingTime\\app\\Controllers\\HomepageController.php', 40)
 2 SYSTEMPATH\CodeIgniter.php(942): App\Controllers\HomepageController->Course_details_view('homepage_assets', 'img', 'apple-touch-icon.png')
 3 SYSTEMPATH\CodeIgniter.php(502): CodeIgniter\CodeIgniter->runController(Object(App\Controllers\HomepageController))
 4 SYSTEMPATH\CodeIgniter.php(361): CodeIgniter\CodeIgniter->handleRequest(null, Object(Config\Cache), false)
 5 FCPATH\index.php(79): CodeIgniter\CodeIgniter->run()
INFO - 2024-04-07 08:09:57 --> Session: Class initialized using 'CodeIgniter\Session\Handlers\FileHandler' driver.
INFO - 2024-04-07 08:10:44 --> Session: Class initialized using 'CodeIgniter\Session\Handlers\FileHandler' driver.
INFO - 2024-04-07 08:11:05 --> Session: Class initialized using 'CodeIgniter\Session\Handlers\FileHandler' driver.
INFO - 2024-04-07 08:11:05 --> Session: Class initialized using 'CodeIgniter\Session\Handlers\FileHandler' driver.
INFO - 2024-04-07 08:11:08 --> Session: Class initialized using 'CodeIgniter\Session\Handlers\FileHandler' driver.
INFO - 2024-04-07 08:11:08 --> Session: Class initialized using 'CodeIgniter\Session\Handlers\FileHandler' driver.
INFO - 2024-04-07 08:11:24 --> Session: Class initialized using 'CodeIgniter\Session\Handlers\FileHandler' driver.
INFO - 2024-04-07 08:13:35 --> Session: Class initialized using 'CodeIgniter\Session\Handlers\FileHandler' driver.
INFO - 2024-04-07 08:13:36 --> Session: Class initialized using 'CodeIgniter\Session\Handlers\FileHandler' driver.
CRITICAL - 2024-04-07 08:13:36 --> Undefined variable $course_teacher_id
in APPPATH\Controllers\HomepageController.php on line 40.
 1 APPPATH\Controllers\HomepageController.php(40): CodeIgniter\Debug\Exceptions->errorHandler(2, 'Undefined variable $course_teacher_id', 'D:\\laragon\\www\\SchoolingTime\\app\\Controllers\\HomepageController.php', 40)
 2 SYSTEMPATH\CodeIgniter.php(942): App\Controllers\HomepageController->Course_details_view('homepage_assets', 'img', 'logo.png')
 3 SYSTEMPATH\CodeIgniter.php(502): CodeIgniter\CodeIgniter->runController(Object(App\Controllers\HomepageController))
 4 SYSTEMPATH\CodeIgniter.php(361): CodeIgniter\CodeIgniter->handleRequest(null, Object(Config\Cache), false)
 5 FCPATH\index.php(79): CodeIgniter\CodeIgniter->run()
INFO - 2024-04-07 08:13:36 --> Session: Class initialized using 'CodeIgniter\Session\Handlers\FileHandler' driver.
CRITICAL - 2024-04-07 08:13:36 --> Undefined variable $course_teacher_id
in APPPATH\Controllers\HomepageController.php on line 40.
 1 APPPATH\Controllers\HomepageController.php(40): CodeIgniter\Debug\Exceptions->errorHandler(2, 'Undefined variable $course_teacher_id', 'D:\\laragon\\www\\SchoolingTime\\app\\Controllers\\HomepageController.php', 40)
 2 SYSTEMPATH\CodeIgniter.php(942): App\Controllers\HomepageController->Course_details_view('homepage_assets', 'img', 'favicon.png')
 3 SYSTEMPATH\CodeIgniter.php(502): CodeIgniter\CodeIgniter->runController(Object(App\Controllers\HomepageController))
 4 SYSTEMPATH\CodeIgniter.php(361): CodeIgniter\CodeIgniter->handleRequest(null, Object(Config\Cache), false)
 5 FCPATH\index.php(79): CodeIgniter\CodeIgniter->run()
INFO - 2024-04-07 08:13:36 --> Session: Class initialized using 'CodeIgniter\Session\Handlers\FileHandler' driver.
CRITICAL - 2024-04-07 08:13:36 --> Undefined variable $course_teacher_id
in APPPATH\Controllers\HomepageController.php on line 40.
 1 APPPATH\Controllers\HomepageController.php(40): CodeIgniter\Debug\Exceptions->errorHandler(2, 'Undefined variable $course_teacher_id', 'D:\\laragon\\www\\SchoolingTime\\app\\Controllers\\HomepageController.php', 40)
 2 SYSTEMPATH\CodeIgniter.php(942): App\Controllers\HomepageController->Course_details_view('homepage_assets', 'img', 'apple-touch-icon.png')
 3 SYSTEMPATH\CodeIgniter.php(502): CodeIgniter\CodeIgniter->runController(Object(App\Controllers\HomepageController))
 4 SYSTEMPATH\CodeIgniter.php(361): CodeIgniter\CodeIgniter->handleRequest(null, Object(Config\Cache), false)
 5 FCPATH\index.php(79): CodeIgniter\CodeIgniter->run()
INFO - 2024-04-07 08:14:08 --> Session: Class initialized using 'CodeIgniter\Session\Handlers\FileHandler' driver.
INFO - 2024-04-07 08:14:08 --> Session: Class initialized using 'CodeIgniter\Session\Handlers\FileHandler' driver.
CRITICAL - 2024-04-07 08:14:08 --> Undefined variable $course_teacher_id
in APPPATH\Controllers\HomepageController.php on line 40.
 1 APPPATH\Controllers\HomepageController.php(40): CodeIgniter\Debug\Exceptions->errorHandler(2, 'Undefined variable $course_teacher_id', 'D:\\laragon\\www\\SchoolingTime\\app\\Controllers\\HomepageController.php', 40)
 2 SYSTEMPATH\CodeIgniter.php(942): App\Controllers\HomepageController->Course_details_view('homepage_assets', 'img', 'logo.png')
 3 SYSTEMPATH\CodeIgniter.php(502): CodeIgniter\CodeIgniter->runController(Object(App\Controllers\HomepageController))
 4 SYSTEMPATH\CodeIgniter.php(361): CodeIgniter\CodeIgniter->handleRequest(null, Object(Config\Cache), false)
 5 FCPATH\index.php(79): CodeIgniter\CodeIgniter->run()
INFO - 2024-04-07 08:14:08 --> Session: Class initialized using 'CodeIgniter\Session\Handlers\FileHandler' driver.
CRITICAL - 2024-04-07 08:14:08 --> Undefined variable $course_teacher_id
in APPPATH\Controllers\HomepageController.php on line 40.
 1 APPPATH\Controllers\HomepageController.php(40): CodeIgniter\Debug\Exceptions->errorHandler(2, 'Undefined variable $course_teacher_id', 'D:\\laragon\\www\\SchoolingTime\\app\\Controllers\\HomepageController.php', 40)
 2 SYSTEMPATH\CodeIgniter.php(942): App\Controllers\HomepageController->Course_details_view('homepage_assets', 'img', 'favicon.png')
 3 SYSTEMPATH\CodeIgniter.php(502): CodeIgniter\CodeIgniter->runController(Object(App\Controllers\HomepageController))
 4 SYSTEMPATH\CodeIgniter.php(361): CodeIgniter\CodeIgniter->handleRequest(null, Object(Config\Cache), false)
 5 FCPATH\index.php(79): CodeIgniter\CodeIgniter->run()
INFO - 2024-04-07 08:14:08 --> Session: Class initialized using 'CodeIgniter\Session\Handlers\FileHandler' driver.
CRITICAL - 2024-04-07 08:14:08 --> Undefined variable $course_teacher_id
in APPPATH\Controllers\HomepageController.php on line 40.
 1 APPPATH\Controllers\HomepageController.php(40): CodeIgniter\Debug\Exceptions->errorHandler(2, 'Undefined variable $course_teacher_id', 'D:\\laragon\\www\\SchoolingTime\\app\\Controllers\\HomepageController.php', 40)
 2 SYSTEMPATH\CodeIgniter.php(942): App\Controllers\HomepageController->Course_details_view('homepage_assets', 'img', 'apple-touch-icon.png')
 3 SYSTEMPATH\CodeIgniter.php(502): CodeIgniter\CodeIgniter->runController(Object(App\Controllers\HomepageController))
 4 SYSTEMPATH\CodeIgniter.php(361): CodeIgniter\CodeIgniter->handleRequest(null, Object(Config\Cache), false)
 5 FCPATH\index.php(79): CodeIgniter\CodeIgniter->run()
INFO - 2024-04-07 08:15:37 --> Session: Class initialized using 'CodeIgniter\Session\Handlers\FileHandler' driver.
INFO - 2024-04-07 08:15:37 --> Session: Class initialized using 'CodeIgniter\Session\Handlers\FileHandler' driver.
CRITICAL - 2024-04-07 08:15:37 --> Undefined variable $course_teacher_id
in APPPATH\Controllers\HomepageController.php on line 40.
 1 APPPATH\Controllers\HomepageController.php(40): CodeIgniter\Debug\Exceptions->errorHandler(2, 'Undefined variable $course_teacher_id', 'D:\\laragon\\www\\SchoolingTime\\app\\Controllers\\HomepageController.php', 40)
 2 SYSTEMPATH\CodeIgniter.php(942): App\Controllers\HomepageController->Course_details_view('homepage_assets', 'img', 'logo.png')
 3 SYSTEMPATH\CodeIgniter.php(502): CodeIgniter\CodeIgniter->runController(Object(App\Controllers\HomepageController))
 4 SYSTEMPATH\CodeIgniter.php(361): CodeIgniter\CodeIgniter->handleRequest(null, Object(Config\Cache), false)
 5 FCPATH\index.php(79): CodeIgniter\CodeIgniter->run()
INFO - 2024-04-07 08:15:38 --> Session: Class initialized using 'CodeIgniter\Session\Handlers\FileHandler' driver.
CRITICAL - 2024-04-07 08:15:38 --> Undefined variable $course_teacher_id
in APPPATH\Controllers\HomepageController.php on line 40.
 1 APPPATH\Controllers\HomepageController.php(40): CodeIgniter\Debug\Exceptions->errorHandler(2, 'Undefined variable $course_teacher_id', 'D:\\laragon\\www\\SchoolingTime\\app\\Controllers\\HomepageController.php', 40)
 2 SYSTEMPATH\CodeIgniter.php(942): App\Controllers\HomepageController->Course_details_view('homepage_assets', 'img', 'apple-touch-icon.png')
 3 SYSTEMPATH\CodeIgniter.php(502): CodeIgniter\CodeIgniter->runController(Object(App\Controllers\HomepageController))
 4 SYSTEMPATH\CodeIgniter.php(361): CodeIgniter\CodeIgniter->handleRequest(null, Object(Config\Cache), false)
 5 FCPATH\index.php(79): CodeIgniter\CodeIgniter->run()
INFO - 2024-04-07 08:15:38 --> Session: Class initialized using 'CodeIgniter\Session\Handlers\FileHandler' driver.
CRITICAL - 2024-04-07 08:15:38 --> Undefined variable $course_teacher_id
in APPPATH\Controllers\HomepageController.php on line 40.
 1 APPPATH\Controllers\HomepageController.php(40): CodeIgniter\Debug\Exceptions->errorHandler(2, 'Undefined variable $course_teacher_id', 'D:\\laragon\\www\\SchoolingTime\\app\\Controllers\\HomepageController.php', 40)
 2 SYSTEMPATH\CodeIgniter.php(942): App\Controllers\HomepageController->Course_details_view('homepage_assets', 'img', 'favicon.png')
 3 SYSTEMPATH\CodeIgniter.php(502): CodeIgniter\CodeIgniter->runController(Object(App\Controllers\HomepageController))
 4 SYSTEMPATH\CodeIgniter.php(361): CodeIgniter\CodeIgniter->handleRequest(null, Object(Config\Cache), false)
 5 FCPATH\index.php(79): CodeIgniter\CodeIgniter->run()
INFO - 2024-04-07 08:15:48 --> Session: Class initialized using 'CodeIgniter\Session\Handlers\FileHandler' driver.
INFO - 2024-04-07 08:15:51 --> Session: Class initialized using 'CodeIgniter\Session\Handlers\FileHandler' driver.
INFO - 2024-04-07 08:15:53 --> Session: Class initialized using 'CodeIgniter\Session\Handlers\FileHandler' driver.
INFO - 2024-04-07 08:15:54 --> Session: Class initialized using 'CodeIgniter\Session\Handlers\FileHandler' driver.
CRITICAL - 2024-04-07 08:15:54 --> Undefined variable $course_teacher_id
in APPPATH\Controllers\HomepageController.php on line 40.
 1 APPPATH\Controllers\HomepageController.php(40): CodeIgniter\Debug\Exceptions->errorHandler(2, 'Undefined variable $course_teacher_id', 'D:\\laragon\\www\\SchoolingTime\\app\\Controllers\\HomepageController.php', 40)
 2 SYSTEMPATH\CodeIgniter.php(942): App\Controllers\HomepageController->Course_details_view('homepage_assets', 'img', 'logo.png')
 3 SYSTEMPATH\CodeIgniter.php(502): CodeIgniter\CodeIgniter->runController(Object(App\Controllers\HomepageController))
 4 SYSTEMPATH\CodeIgniter.php(361): CodeIgniter\CodeIgniter->handleRequest(null, Object(Config\Cache), false)
 5 FCPATH\index.php(79): CodeIgniter\CodeIgniter->run()
INFO - 2024-04-07 08:15:54 --> Session: Class initialized using 'CodeIgniter\Session\Handlers\FileHandler' driver.
CRITICAL - 2024-04-07 08:15:54 --> Undefined variable $course_teacher_id
in APPPATH\Controllers\HomepageController.php on line 40.
 1 APPPATH\Controllers\HomepageController.php(40): CodeIgniter\Debug\Exceptions->errorHandler(2, 'Undefined variable $course_teacher_id', 'D:\\laragon\\www\\SchoolingTime\\app\\Controllers\\HomepageController.php', 40)
 2 SYSTEMPATH\CodeIgniter.php(942): App\Controllers\HomepageController->Course_details_view('homepage_assets', 'img', 'favicon.png')
 3 SYSTEMPATH\CodeIgniter.php(502): CodeIgniter\CodeIgniter->runController(Object(App\Controllers\HomepageController))
 4 SYSTEMPATH\CodeIgniter.php(361): CodeIgniter\CodeIgniter->handleRequest(null, Object(Config\Cache), false)
 5 FCPATH\index.php(79): CodeIgniter\CodeIgniter->run()
INFO - 2024-04-07 08:15:54 --> Session: Class initialized using 'CodeIgniter\Session\Handlers\FileHandler' driver.
CRITICAL - 2024-04-07 08:15:54 --> Undefined variable $course_teacher_id
in APPPATH\Controllers\HomepageController.php on line 40.
 1 APPPATH\Controllers\HomepageController.php(40): CodeIgniter\Debug\Exceptions->errorHandler(2, 'Undefined variable $course_teacher_id', 'D:\\laragon\\www\\SchoolingTime\\app\\Controllers\\HomepageController.php', 40)
 2 SYSTEMPATH\CodeIgniter.php(942): App\Controllers\HomepageController->Course_details_view('homepage_assets', 'img', 'apple-touch-icon.png')
 3 SYSTEMPATH\CodeIgniter.php(502): CodeIgniter\CodeIgniter->runController(Object(App\Controllers\HomepageController))
 4 SYSTEMPATH\CodeIgniter.php(361): CodeIgniter\CodeIgniter->handleRequest(null, Object(Config\Cache), false)
 5 FCPATH\index.php(79): CodeIgniter\CodeIgniter->run()
INFO - 2024-04-07 08:15:56 --> Session: Class initialized using 'CodeIgniter\Session\Handlers\FileHandler' driver.
INFO - 2024-04-07 08:15:56 --> Session: Class initialized using 'CodeIgniter\Session\Handlers\FileHandler' driver.
INFO - 2024-04-07 08:16:11 --> Session: Class initialized using 'CodeIgniter\Session\Handlers\FileHandler' driver.
INFO - 2024-04-07 08:16:13 --> Session: Class initialized using 'CodeIgniter\Session\Handlers\FileHandler' driver.
INFO - 2024-04-07 08:16:13 --> Session: Class initialized using 'CodeIgniter\Session\Handlers\FileHandler' driver.
CRITICAL - 2024-04-07 08:16:13 --> Undefined variable $course_teacher_id
in APPPATH\Controllers\HomepageController.php on line 40.
 1 APPPATH\Controllers\HomepageController.php(40): CodeIgniter\Debug\Exceptions->errorHandler(2, 'Undefined variable $course_teacher_id', 'D:\\laragon\\www\\SchoolingTime\\app\\Controllers\\HomepageController.php', 40)
 2 SYSTEMPATH\CodeIgniter.php(942): App\Controllers\HomepageController->Course_details_view('homepage_assets', 'img', 'logo.png')
 3 SYSTEMPATH\CodeIgniter.php(502): CodeIgniter\CodeIgniter->runController(Object(App\Controllers\HomepageController))
 4 SYSTEMPATH\CodeIgniter.php(361): CodeIgniter\CodeIgniter->handleRequest(null, Object(Config\Cache), false)
 5 FCPATH\index.php(79): CodeIgniter\CodeIgniter->run()
INFO - 2024-04-07 08:16:13 --> Session: Class initialized using 'CodeIgniter\Session\Handlers\FileHandler' driver.
CRITICAL - 2024-04-07 08:16:13 --> Undefined variable $course_teacher_id
in APPPATH\Controllers\HomepageController.php on line 40.
 1 APPPATH\Controllers\HomepageController.php(40): CodeIgniter\Debug\Exceptions->errorHandler(2, 'Undefined variable $course_teacher_id', 'D:\\laragon\\www\\SchoolingTime\\app\\Controllers\\HomepageController.php', 40)
 2 SYSTEMPATH\CodeIgniter.php(942): App\Controllers\HomepageController->Course_details_view('homepage_assets', 'img', 'apple-touch-icon.png')
 3 SYSTEMPATH\CodeIgniter.php(502): CodeIgniter\CodeIgniter->runController(Object(App\Controllers\HomepageController))
 4 SYSTEMPATH\CodeIgniter.php(361): CodeIgniter\CodeIgniter->handleRequest(null, Object(Config\Cache), false)
 5 FCPATH\index.php(79): CodeIgniter\CodeIgniter->run()
INFO - 2024-04-07 08:16:13 --> Session: Class initialized using 'CodeIgniter\Session\Handlers\FileHandler' driver.
CRITICAL - 2024-04-07 08:16:13 --> Undefined variable $course_teacher_id
in APPPATH\Controllers\HomepageController.php on line 40.
 1 APPPATH\Controllers\HomepageController.php(40): CodeIgniter\Debug\Exceptions->errorHandler(2, 'Undefined variable $course_teacher_id', 'D:\\laragon\\www\\SchoolingTime\\app\\Controllers\\HomepageController.php', 40)
 2 SYSTEMPATH\CodeIgniter.php(942): App\Controllers\HomepageController->Course_details_view('homepage_assets', 'img', 'favicon.png')
 3 SYSTEMPATH\CodeIgniter.php(502): CodeIgniter\CodeIgniter->runController(Object(App\Controllers\HomepageController))
 4 SYSTEMPATH\CodeIgniter.php(361): CodeIgniter\CodeIgniter->handleRequest(null, Object(Config\Cache), false)
 5 FCPATH\index.php(79): CodeIgniter\CodeIgniter->run()
INFO - 2024-04-07 08:21:22 --> Session: Class initialized using 'CodeIgniter\Session\Handlers\FileHandler' driver.
INFO - 2024-04-07 08:21:29 --> Session: Class initialized using 'CodeIgniter\Session\Handlers\FileHandler' driver.
INFO - 2024-04-07 08:21:29 --> Session: Class initialized using 'CodeIgniter\Session\Handlers\FileHandler' driver.
INFO - 2024-04-07 08:21:33 --> Session: Class initialized using 'CodeIgniter\Session\Handlers\FileHandler' driver.
INFO - 2024-04-07 08:21:49 --> Session: Class initialized using 'CodeIgniter\Session\Handlers\FileHandler' driver.
INFO - 2024-04-07 08:21:49 --> Session: Class initialized using 'CodeIgniter\Session\Handlers\FileHandler' driver.
INFO - 2024-04-07 08:21:56 --> Session: Class initialized using 'CodeIgniter\Session\Handlers\FileHandler' driver.
INFO - 2024-04-07 08:22:01 --> Session: Class initialized using 'CodeIgniter\Session\Handlers\FileHandler' driver.
INFO - 2024-04-07 08:22:06 --> Session: Class initialized using 'CodeIgniter\Session\Handlers\FileHandler' driver.
INFO - 2024-04-07 08:22:10 --> Session: Class initialized using 'CodeIgniter\Session\Handlers\FileHandler' driver.
INFO - 2024-04-07 08:22:12 --> Session: Class initialized using 'CodeIgniter\Session\Handlers\FileHandler' driver.
INFO - 2024-04-07 08:22:19 --> Session: Class initialized using 'CodeIgniter\Session\Handlers\FileHandler' driver.
INFO - 2024-04-07 08:22:40 --> Session: Class initialized using 'CodeIgniter\Session\Handlers\FileHandler' driver.
INFO - 2024-04-07 08:23:02 --> Session: Class initialized using 'CodeIgniter\Session\Handlers\FileHandler' driver.
INFO - 2024-04-07 08:23:06 --> Session: Class initialized using 'CodeIgniter\Session\Handlers\FileHandler' driver.
INFO - 2024-04-07 08:23:39 --> Session: Class initialized using 'CodeIgniter\Session\Handlers\FileHandler' driver.
INFO - 2024-04-07 08:23:42 --> Session: Class initialized using 'CodeIgniter\Session\Handlers\FileHandler' driver.
INFO - 2024-04-07 08:23:45 --> Session: Class initialized using 'CodeIgniter\Session\Handlers\FileHandler' driver.
INFO - 2024-04-07 08:23:47 --> Session: Class initialized using 'CodeIgniter\Session\Handlers\FileHandler' driver.
INFO - 2024-04-07 08:23:58 --> Session: Class initialized using 'CodeIgniter\Session\Handlers\FileHandler' driver.
INFO - 2024-04-07 08:23:58 --> Session: Class initialized using 'CodeIgniter\Session\Handlers\FileHandler' driver.
INFO - 2024-04-07 08:24:02 --> Session: Class initialized using 'CodeIgniter\Session\Handlers\FileHandler' driver.
INFO - 2024-04-07 08:28:53 --> Session: Class initialized using 'CodeIgniter\Session\Handlers\FileHandler' driver.
INFO - 2024-04-07 08:28:54 --> Session: Class initialized using 'CodeIgniter\Session\Handlers\FileHandler' driver.
INFO - 2024-04-07 08:29:09 --> Session: Class initialized using 'CodeIgniter\Session\Handlers\FileHandler' driver.
INFO - 2024-04-07 08:29:14 --> Session: Class initialized using 'CodeIgniter\Session\Handlers\FileHandler' driver.
INFO - 2024-04-07 08:29:18 --> Session: Class initialized using 'CodeIgniter\Session\Handlers\FileHandler' driver.
INFO - 2024-04-07 08:29:30 --> Session: Class initialized using 'CodeIgniter\Session\Handlers\FileHandler' driver.
INFO - 2024-04-07 08:29:32 --> Session: Class initialized using 'CodeIgniter\Session\Handlers\FileHandler' driver.
INFO - 2024-04-07 08:29:37 --> Session: Class initialized using 'CodeIgniter\Session\Handlers\FileHandler' driver.
INFO - 2024-04-07 08:29:37 --> Session: Class initialized using 'CodeIgniter\Session\Handlers\FileHandler' driver.
INFO - 2024-04-07 08:29:41 --> Session: Class initialized using 'CodeIgniter\Session\Handlers\FileHandler' driver.
INFO - 2024-04-07 08:29:45 --> Session: Class initialized using 'CodeIgniter\Session\Handlers\FileHandler' driver.
INFO - 2024-04-07 08:29:46 --> Session: Class initialized using 'CodeIgniter\Session\Handlers\FileHandler' driver.
INFO - 2024-04-07 08:29:46 --> Session: Class initialized using 'CodeIgniter\Session\Handlers\FileHandler' driver.
INFO - 2024-04-07 08:29:46 --> Session: Class initialized using 'CodeIgniter\Session\Handlers\FileHandler' driver.
INFO - 2024-04-07 08:29:48 --> Session: Class initialized using 'CodeIgniter\Session\Handlers\FileHandler' driver.
INFO - 2024-04-07 08:29:48 --> Session: Class initialized using 'CodeIgniter\Session\Handlers\FileHandler' driver.
CRITICAL - 2024-04-07 08:29:48 --> Undefined variable $course_teacher_id
in APPPATH\Controllers\HomepageController.php on line 40.
 1 APPPATH\Controllers\HomepageController.php(40): CodeIgniter\Debug\Exceptions->errorHandler(2, 'Undefined variable $course_teacher_id', 'D:\\laragon\\www\\SchoolingTime\\app\\Controllers\\HomepageController.php', 40)
 2 SYSTEMPATH\CodeIgniter.php(942): App\Controllers\HomepageController->Course_details_view('homepage_assets', 'img', 'logo.png')
 3 SYSTEMPATH\CodeIgniter.php(502): CodeIgniter\CodeIgniter->runController(Object(App\Controllers\HomepageController))
 4 SYSTEMPATH\CodeIgniter.php(361): CodeIgniter\CodeIgniter->handleRequest(null, Object(Config\Cache), false)
 5 FCPATH\index.php(79): CodeIgniter\CodeIgniter->run()
INFO - 2024-04-07 08:29:48 --> Session: Class initialized using 'CodeIgniter\Session\Handlers\FileHandler' driver.
CRITICAL - 2024-04-07 08:29:48 --> Undefined variable $course_teacher_id
in APPPATH\Controllers\HomepageController.php on line 40.
 1 APPPATH\Controllers\HomepageController.php(40): CodeIgniter\Debug\Exceptions->errorHandler(2, 'Undefined variable $course_teacher_id', 'D:\\laragon\\www\\SchoolingTime\\app\\Controllers\\HomepageController.php', 40)
 2 SYSTEMPATH\CodeIgniter.php(942): App\Controllers\HomepageController->Course_details_view('homepage_assets', 'img', 'apple-touch-icon.png')
 3 SYSTEMPATH\CodeIgniter.php(502): CodeIgniter\CodeIgniter->runController(Object(App\Controllers\HomepageController))
 4 SYSTEMPATH\CodeIgniter.php(361): CodeIgniter\CodeIgniter->handleRequest(null, Object(Config\Cache), false)
 5 FCPATH\index.php(79): CodeIgniter\CodeIgniter->run()
INFO - 2024-04-07 08:29:48 --> Session: Class initialized using 'CodeIgniter\Session\Handlers\FileHandler' driver.
CRITICAL - 2024-04-07 08:29:48 --> Undefined variable $course_teacher_id
in APPPATH\Controllers\HomepageController.php on line 40.
 1 APPPATH\Controllers\HomepageController.php(40): CodeIgniter\Debug\Exceptions->errorHandler(2, 'Undefined variable $course_teacher_id', 'D:\\laragon\\www\\SchoolingTime\\app\\Controllers\\HomepageController.php', 40)
 2 SYSTEMPATH\CodeIgniter.php(942): App\Controllers\HomepageController->Course_details_view('homepage_assets', 'img', 'favicon.png')
 3 SYSTEMPATH\CodeIgniter.php(502): CodeIgniter\CodeIgniter->runController(Object(App\Controllers\HomepageController))
 4 SYSTEMPATH\CodeIgniter.php(361): CodeIgniter\CodeIgniter->handleRequest(null, Object(Config\Cache), false)
 5 FCPATH\index.php(79): CodeIgniter\CodeIgniter->run()
INFO - 2024-04-07 08:30:37 --> Session: Class initialized using 'CodeIgniter\Session\Handlers\FileHandler' driver.
INFO - 2024-04-07 08:30:46 --> Session: Class initialized using 'CodeIgniter\Session\Handlers\FileHandler' driver.
INFO - 2024-04-07 08:30:46 --> Session: Class initialized using 'CodeIgniter\Session\Handlers\FileHandler' driver.
INFO - 2024-04-07 08:30:49 --> Session: Class initialized using 'CodeIgniter\Session\Handlers\FileHandler' driver.
INFO - 2024-04-07 08:30:52 --> Session: Class initialized using 'CodeIgniter\Session\Handlers\FileHandler' driver.
INFO - 2024-04-07 08:30:52 --> Session: Class initialized using 'CodeIgniter\Session\Handlers\FileHandler' driver.
INFO - 2024-04-07 08:30:52 --> Session: Class initialized using 'CodeIgniter\Session\Handlers\FileHandler' driver.
INFO - 2024-04-07 08:30:52 --> Session: Class initialized using 'CodeIgniter\Session\Handlers\FileHandler' driver.
INFO - 2024-04-07 08:30:54 --> Session: Class initialized using 'CodeIgniter\Session\Handlers\FileHandler' driver.
INFO - 2024-04-07 08:30:54 --> Session: Class initialized using 'CodeIgniter\Session\Handlers\FileHandler' driver.
INFO - 2024-04-07 08:30:54 --> Session: Class initialized using 'CodeIgniter\Session\Handlers\FileHandler' driver.
INFO - 2024-04-07 08:30:54 --> Session: Class initialized using 'CodeIgniter\Session\Handlers\FileHandler' driver.
INFO - 2024-04-07 08:30:55 --> Session: Class initialized using 'CodeIgniter\Session\Handlers\FileHandler' driver.
INFO - 2024-04-07 08:30:56 --> Session: Class initialized using 'CodeIgniter\Session\Handlers\FileHandler' driver.
INFO - 2024-04-07 08:30:56 --> Session: Class initialized using 'CodeIgniter\Session\Handlers\FileHandler' driver.
INFO - 2024-04-07 08:30:56 --> Session: Class initialized using 'CodeIgniter\Session\Handlers\FileHandler' driver.
INFO - 2024-04-07 08:31:07 --> Session: Class initialized using 'CodeIgniter\Session\Handlers\FileHandler' driver.
INFO - 2024-04-07 08:31:08 --> Session: Class initialized using 'CodeIgniter\Session\Handlers\FileHandler' driver.
INFO - 2024-04-07 08:31:15 --> Session: Class initialized using 'CodeIgniter\Session\Handlers\FileHandler' driver.
INFO - 2024-04-07 08:31:15 --> Session: Class initialized using 'CodeIgniter\Session\Handlers\FileHandler' driver.
INFO - 2024-04-07 08:31:54 --> Session: Class initialized using 'CodeIgniter\Session\Handlers\FileHandler' driver.
INFO - 2024-04-07 08:31:54 --> Session: Class initialized using 'CodeIgniter\Session\Handlers\FileHandler' driver.
INFO - 2024-04-07 08:34:38 --> Session: Class initialized using 'CodeIgniter\Session\Handlers\FileHandler' driver.
INFO - 2024-04-07 08:34:38 --> Session: Class initialized using 'CodeIgniter\Session\Handlers\FileHandler' driver.
INFO - 2024-04-07 08:34:48 --> Session: Class initialized using 'CodeIgniter\Session\Handlers\FileHandler' driver.
INFO - 2024-04-07 08:34:48 --> Session: Class initialized using 'CodeIgniter\Session\Handlers\FileHandler' driver.
INFO - 2024-04-07 08:35:06 --> Session: Class initialized using 'CodeIgniter\Session\Handlers\FileHandler' driver.
INFO - 2024-04-07 08:35:06 --> Session: Class initialized using 'CodeIgniter\Session\Handlers\FileHandler' driver.
INFO - 2024-04-07 08:35:11 --> Session: Class initialized using 'CodeIgniter\Session\Handlers\FileHandler' driver.
INFO - 2024-04-07 08:35:11 --> Session: Class initialized using 'CodeIgniter\Session\Handlers\FileHandler' driver.
INFO - 2024-04-07 08:35:53 --> Session: Class initialized using 'CodeIgniter\Session\Handlers\FileHandler' driver.
INFO - 2024-04-07 08:35:54 --> Session: Class initialized using 'CodeIgniter\Session\Handlers\FileHandler' driver.
INFO - 2024-04-07 08:35:59 --> Session: Class initialized using 'CodeIgniter\Session\Handlers\FileHandler' driver.
INFO - 2024-04-07 08:35:59 --> Session: Class initialized using 'CodeIgniter\Session\Handlers\FileHandler' driver.
INFO - 2024-04-07 08:36:00 --> Session: Class initialized using 'CodeIgniter\Session\Handlers\FileHandler' driver.
INFO - 2024-04-07 08:36:00 --> Session: Class initialized using 'CodeIgniter\Session\Handlers\FileHandler' driver.
INFO - 2024-04-07 08:36:00 --> Session: Class initialized using 'CodeIgniter\Session\Handlers\FileHandler' driver.
INFO - 2024-04-07 08:36:12 --> Session: Class initialized using 'CodeIgniter\Session\Handlers\FileHandler' driver.
INFO - 2024-04-07 08:36:12 --> Session: Class initialized using 'CodeIgniter\Session\Handlers\FileHandler' driver.
INFO - 2024-04-07 08:36:17 --> Session: Class initialized using 'CodeIgniter\Session\Handlers\FileHandler' driver.
INFO - 2024-04-07 08:36:18 --> Session: Class initialized using 'CodeIgniter\Session\Handlers\FileHandler' driver.
INFO - 2024-04-07 08:38:54 --> Session: Class initialized using 'CodeIgniter\Session\Handlers\FileHandler' driver.
INFO - 2024-04-07 08:38:54 --> Session: Class initialized using 'CodeIgniter\Session\Handlers\FileHandler' driver.
INFO - 2024-04-07 08:38:55 --> Session: Class initialized using 'CodeIgniter\Session\Handlers\FileHandler' driver.
INFO - 2024-04-07 08:38:57 --> Session: Class initialized using 'CodeIgniter\Session\Handlers\FileHandler' driver.
INFO - 2024-04-07 08:39:00 --> Session: Class initialized using 'CodeIgniter\Session\Handlers\FileHandler' driver.
INFO - 2024-04-07 08:39:03 --> Session: Class initialized using 'CodeIgniter\Session\Handlers\FileHandler' driver.
INFO - 2024-04-07 08:39:08 --> Session: Class initialized using 'CodeIgniter\Session\Handlers\FileHandler' driver.
INFO - 2024-04-07 08:39:09 --> Session: Class initialized using 'CodeIgniter\Session\Handlers\FileHandler' driver.
CRITICAL - 2024-04-07 08:39:09 --> Undefined variable $course_teacher_id
in APPPATH\Controllers\HomepageController.php on line 40.
 1 APPPATH\Controllers\HomepageController.php(40): CodeIgniter\Debug\Exceptions->errorHandler(2, 'Undefined variable $course_teacher_id', 'D:\\laragon\\www\\SchoolingTime\\app\\Controllers\\HomepageController.php', 40)
 2 SYSTEMPATH\CodeIgniter.php(942): App\Controllers\HomepageController->Course_details_view('homepage_assets', 'img', 'logo.png')
 3 SYSTEMPATH\CodeIgniter.php(502): CodeIgniter\CodeIgniter->runController(Object(App\Controllers\HomepageController))
 4 SYSTEMPATH\CodeIgniter.php(361): CodeIgniter\CodeIgniter->handleRequest(null, Object(Config\Cache), false)
 5 FCPATH\index.php(79): CodeIgniter\CodeIgniter->run()
INFO - 2024-04-07 08:39:09 --> Session: Class initialized using 'CodeIgniter\Session\Handlers\FileHandler' driver.
CRITICAL - 2024-04-07 08:39:09 --> Undefined variable $course_teacher_id
in APPPATH\Controllers\HomepageController.php on line 40.
 1 APPPATH\Controllers\HomepageController.php(40): CodeIgniter\Debug\Exceptions->errorHandler(2, 'Undefined variable $course_teacher_id', 'D:\\laragon\\www\\SchoolingTime\\app\\Controllers\\HomepageController.php', 40)
 2 SYSTEMPATH\CodeIgniter.php(942): App\Controllers\HomepageController->Course_details_view('homepage_assets', 'img', 'favicon.png')
 3 SYSTEMPATH\CodeIgniter.php(502): CodeIgniter\CodeIgniter->runController(Object(App\Controllers\HomepageController))
 4 SYSTEMPATH\CodeIgniter.php(361): CodeIgniter\CodeIgniter->handleRequest(null, Object(Config\Cache), false)
 5 FCPATH\index.php(79): CodeIgniter\CodeIgniter->run()
INFO - 2024-04-07 08:39:09 --> Session: Class initialized using 'CodeIgniter\Session\Handlers\FileHandler' driver.
CRITICAL - 2024-04-07 08:39:09 --> Undefined variable $course_teacher_id
in APPPATH\Controllers\HomepageController.php on line 40.
 1 APPPATH\Controllers\HomepageController.php(40): CodeIgniter\Debug\Exceptions->errorHandler(2, 'Undefined variable $course_teacher_id', 'D:\\laragon\\www\\SchoolingTime\\app\\Controllers\\HomepageController.php', 40)
 2 SYSTEMPATH\CodeIgniter.php(942): App\Controllers\HomepageController->Course_details_view('homepage_assets', 'img', 'apple-touch-icon.png')
 3 SYSTEMPATH\CodeIgniter.php(502): CodeIgniter\CodeIgniter->runController(Object(App\Controllers\HomepageController))
 4 SYSTEMPATH\CodeIgniter.php(361): CodeIgniter\CodeIgniter->handleRequest(null, Object(Config\Cache), false)
 5 FCPATH\index.php(79): CodeIgniter\CodeIgniter->run()
INFO - 2024-04-07 08:41:40 --> Session: Class initialized using 'CodeIgniter\Session\Handlers\FileHandler' driver.
INFO - 2024-04-07 08:41:40 --> Session: Class initialized using 'CodeIgniter\Session\Handlers\FileHandler' driver.
CRITICAL - 2024-04-07 08:41:40 --> Undefined variable $course_teacher_id
in APPPATH\Controllers\HomepageController.php on line 40.
 1 APPPATH\Controllers\HomepageController.php(40): CodeIgniter\Debug\Exceptions->errorHandler(2, 'Undefined variable $course_teacher_id', 'D:\\laragon\\www\\SchoolingTime\\app\\Controllers\\HomepageController.php', 40)
 2 SYSTEMPATH\CodeIgniter.php(942): App\Controllers\HomepageController->Course_details_view('homepage_assets', 'img', 'logo.png')
 3 SYSTEMPATH\CodeIgniter.php(502): CodeIgniter\CodeIgniter->runController(Object(App\Controllers\HomepageController))
 4 SYSTEMPATH\CodeIgniter.php(361): CodeIgniter\CodeIgniter->handleRequest(null, Object(Config\Cache), false)
 5 FCPATH\index.php(79): CodeIgniter\CodeIgniter->run()
INFO - 2024-04-07 08:41:45 --> Session: Class initialized using 'CodeIgniter\Session\Handlers\FileHandler' driver.
INFO - 2024-04-07 08:41:45 --> Session: Class initialized using 'CodeIgniter\Session\Handlers\FileHandler' driver.
INFO - 2024-04-07 08:41:45 --> Session: Class initialized using 'CodeIgniter\Session\Handlers\FileHandler' driver.
INFO - 2024-04-07 08:41:45 --> Session: Class initialized using 'CodeIgniter\Session\Handlers\FileHandler' driver.
INFO - 2024-04-07 08:41:48 --> Session: Class initialized using 'CodeIgniter\Session\Handlers\FileHandler' driver.
INFO - 2024-04-07 08:41:48 --> Session: Class initialized using 'CodeIgniter\Session\Handlers\FileHandler' driver.
INFO - 2024-04-07 08:41:49 --> Session: Class initialized using 'CodeIgniter\Session\Handlers\FileHandler' driver.
INFO - 2024-04-07 08:41:49 --> Session: Class initialized using 'CodeIgniter\Session\Handlers\FileHandler' driver.
INFO - 2024-04-07 08:41:49 --> Session: Class initialized using 'CodeIgniter\Session\Handlers\FileHandler' driver.
INFO - 2024-04-07 08:42:21 --> Session: Class initialized using 'CodeIgniter\Session\Handlers\FileHandler' driver.
INFO - 2024-04-07 08:42:21 --> Session: Class initialized using 'CodeIgniter\Session\Handlers\FileHandler' driver.
INFO - 2024-04-07 08:42:21 --> Session: Class initialized using 'CodeIgniter\Session\Handlers\FileHandler' driver.
ERROR - 2024-04-07 08:42:21 --> mysqli_sql_exception: Unknown column 'homepage_assets' in 'where clause' in D:\laragon\www\SchoolingTime\vendor\codeigniter4\framework\system\Database\MySQLi\Connection.php:306
Stack trace:
#0 D:\laragon\www\SchoolingTime\vendor\codeigniter4\framework\system\Database\MySQLi\Connection.php(306): mysqli->query('SELECT * FROM q...', 0)
#1 D:\laragon\www\SchoolingTime\vendor\codeigniter4\framework\system\Database\BaseConnection.php(693): CodeIgniter\Database\MySQLi\Connection->execute('SELECT * FROM q...')
#2 D:\laragon\www\SchoolingTime\vendor\codeigniter4\framework\system\Database\BaseConnection.php(607): CodeIgniter\Database\BaseConnection->simpleQuery('SELECT * FROM q...')
#3 D:\laragon\www\SchoolingTime\app\Controllers\QuestionAnswerController.php(30): CodeIgniter\Database\BaseConnection->query('SELECT * FROM q...')
#4 D:\laragon\www\SchoolingTime\vendor\codeigniter4\framework\system\CodeIgniter.php(942): App\Controllers\QuestionAnswerController->exam_result_show('STD240715EC7E', 'homepage_assets', 'img', 'logo.png')
#5 D:\laragon\www\SchoolingTime\vendor\codeigniter4\framework\system\CodeIgniter.php(502): CodeIgniter\CodeIgniter->runController(Object(App\Controllers\QuestionAnswerController))
#6 D:\laragon\www\SchoolingTime\vendor\codeigniter4\framework\system\CodeIgniter.php(361): CodeIgniter\CodeIgniter->handleRequest(NULL, Object(Config\Cache), false)
#7 D:\laragon\www\SchoolingTime\index.php(79): CodeIgniter\CodeIgniter->run()
#8 {main}
CRITICAL - 2024-04-07 08:42:21 --> Unknown column 'homepage_assets' in 'where clause'
in SYSTEMPATH\Database\BaseConnection.php on line 647.
 1 APPPATH\Controllers\QuestionAnswerController.php(30): CodeIgniter\Database\BaseConnection->query('SELECT * FROM question_answer 
                          WHERE id IN (homepage_assets) AND user_id = \'STD240715EC7E\' ')
 2 SYSTEMPATH\CodeIgniter.php(942): App\Controllers\QuestionAnswerController->exam_result_show('STD240715EC7E', 'homepage_assets', 'img', 'logo.png')
 3 SYSTEMPATH\CodeIgniter.php(502): CodeIgniter\CodeIgniter->runController(Object(App\Controllers\QuestionAnswerController))
 4 SYSTEMPATH\CodeIgniter.php(361): CodeIgniter\CodeIgniter->handleRequest(null, Object(Config\Cache), false)
 5 FCPATH\index.php(79): CodeIgniter\CodeIgniter->run()
INFO - 2024-04-07 08:42:22 --> Session: Class initialized using 'CodeIgniter\Session\Handlers\FileHandler' driver.
ERROR - 2024-04-07 08:42:22 --> mysqli_sql_exception: Unknown column 'homepage_assets' in 'where clause' in D:\laragon\www\SchoolingTime\vendor\codeigniter4\framework\system\Database\MySQLi\Connection.php:306
Stack trace:
#0 D:\laragon\www\SchoolingTime\vendor\codeigniter4\framework\system\Database\MySQLi\Connection.php(306): mysqli->query('SELECT * FROM q...', 0)
#1 D:\laragon\www\SchoolingTime\vendor\codeigniter4\framework\system\Database\BaseConnection.php(693): CodeIgniter\Database\MySQLi\Connection->execute('SELECT * FROM q...')
#2 D:\laragon\www\SchoolingTime\vendor\codeigniter4\framework\system\Database\BaseConnection.php(607): CodeIgniter\Database\BaseConnection->simpleQuery('SELECT * FROM q...')
#3 D:\laragon\www\SchoolingTime\app\Controllers\QuestionAnswerController.php(30): CodeIgniter\Database\BaseConnection->query('SELECT * FROM q...')
#4 D:\laragon\www\SchoolingTime\vendor\codeigniter4\framework\system\CodeIgniter.php(942): App\Controllers\QuestionAnswerController->exam_result_show('STD240715EC7E', 'homepage_assets', 'img', 'apple-touch-ico...')
#5 D:\laragon\www\SchoolingTime\vendor\codeigniter4\framework\system\CodeIgniter.php(502): CodeIgniter\CodeIgniter->runController(Object(App\Controllers\QuestionAnswerController))
#6 D:\laragon\www\SchoolingTime\vendor\codeigniter4\framework\system\CodeIgniter.php(361): CodeIgniter\CodeIgniter->handleRequest(NULL, Object(Config\Cache), false)
#7 D:\laragon\www\SchoolingTime\index.php(79): CodeIgniter\CodeIgniter->run()
#8 {main}
CRITICAL - 2024-04-07 08:42:22 --> Unknown column 'homepage_assets' in 'where clause'
in SYSTEMPATH\Database\BaseConnection.php on line 647.
 1 APPPATH\Controllers\QuestionAnswerController.php(30): CodeIgniter\Database\BaseConnection->query('SELECT * FROM question_answer 
                          WHERE id IN (homepage_assets) AND user_id = \'STD240715EC7E\' ')
 2 SYSTEMPATH\CodeIgniter.php(942): App\Controllers\QuestionAnswerController->exam_result_show('STD240715EC7E', 'homepage_assets', 'img', 'apple-touch-icon.png')
 3 SYSTEMPATH\CodeIgniter.php(502): CodeIgniter\CodeIgniter->runController(Object(App\Controllers\QuestionAnswerController))
 4 SYSTEMPATH\CodeIgniter.php(361): CodeIgniter\CodeIgniter->handleRequest(null, Object(Config\Cache), false)
 5 FCPATH\index.php(79): CodeIgniter\CodeIgniter->run()
INFO - 2024-04-07 08:42:22 --> Session: Class initialized using 'CodeIgniter\Session\Handlers\FileHandler' driver.
ERROR - 2024-04-07 08:42:22 --> mysqli_sql_exception: Unknown column 'homepage_assets' in 'where clause' in D:\laragon\www\SchoolingTime\vendor\codeigniter4\framework\system\Database\MySQLi\Connection.php:306
Stack trace:
#0 D:\laragon\www\SchoolingTime\vendor\codeigniter4\framework\system\Database\MySQLi\Connection.php(306): mysqli->query('SELECT * FROM q...', 0)
#1 D:\laragon\www\SchoolingTime\vendor\codeigniter4\framework\system\Database\BaseConnection.php(693): CodeIgniter\Database\MySQLi\Connection->execute('SELECT * FROM q...')
#2 D:\laragon\www\SchoolingTime\vendor\codeigniter4\framework\system\Database\BaseConnection.php(607): CodeIgniter\Database\BaseConnection->simpleQuery('SELECT * FROM q...')
#3 D:\laragon\www\SchoolingTime\app\Controllers\QuestionAnswerController.php(30): CodeIgniter\Database\BaseConnection->query('SELECT * FROM q...')
#4 D:\laragon\www\SchoolingTime\vendor\codeigniter4\framework\system\CodeIgniter.php(942): App\Controllers\QuestionAnswerController->exam_result_show('STD240715EC7E', 'homepage_assets', 'img', 'favicon.png')
#5 D:\laragon\www\SchoolingTime\vendor\codeigniter4\framework\system\CodeIgniter.php(502): CodeIgniter\CodeIgniter->runController(Object(App\Controllers\QuestionAnswerController))
#6 D:\laragon\www\SchoolingTime\vendor\codeigniter4\framework\system\CodeIgniter.php(361): CodeIgniter\CodeIgniter->handleRequest(NULL, Object(Config\Cache), false)
#7 D:\laragon\www\SchoolingTime\index.php(79): CodeIgniter\CodeIgniter->run()
#8 {main}
CRITICAL - 2024-04-07 08:42:22 --> Unknown column 'homepage_assets' in 'where clause'
in SYSTEMPATH\Database\BaseConnection.php on line 647.
 1 APPPATH\Controllers\QuestionAnswerController.php(30): CodeIgniter\Database\BaseConnection->query('SELECT * FROM question_answer 
                          WHERE id IN (homepage_assets) AND user_id = \'STD240715EC7E\' ')
 2 SYSTEMPATH\CodeIgniter.php(942): App\Controllers\QuestionAnswerController->exam_result_show('STD240715EC7E', 'homepage_assets', 'img', 'favicon.png')
 3 SYSTEMPATH\CodeIgniter.php(502): CodeIgniter\CodeIgniter->runController(Object(App\Controllers\QuestionAnswerController))
 4 SYSTEMPATH\CodeIgniter.php(361): CodeIgniter\CodeIgniter->handleRequest(null, Object(Config\Cache), false)
 5 FCPATH\index.php(79): CodeIgniter\CodeIgniter->run()
INFO - 2024-04-07 08:43:01 --> Session: Class initialized using 'CodeIgniter\Session\Handlers\FileHandler' driver.
INFO - 2024-04-07 08:43:01 --> Session: Class initialized using 'CodeIgniter\Session\Handlers\FileHandler' driver.
INFO - 2024-04-07 08:45:26 --> Session: Class initialized using 'CodeIgniter\Session\Handlers\FileHandler' driver.
INFO - 2024-04-07 08:45:26 --> Session: Class initialized using 'CodeIgniter\Session\Handlers\FileHandler' driver.
INFO - 2024-04-07 08:45:29 --> Session: Class initialized using 'CodeIgniter\Session\Handlers\FileHandler' driver.
INFO - 2024-04-07 08:45:29 --> Session: Class initialized using 'CodeIgniter\Session\Handlers\FileHandler' driver.
CRITICAL - 2024-04-07 08:45:29 --> Undefined variable $course_teacher_id
in APPPATH\Controllers\HomepageController.php on line 40.
 1 APPPATH\Controllers\HomepageController.php(40): CodeIgniter\Debug\Exceptions->errorHandler(2, 'Undefined variable $course_teacher_id', 'D:\\laragon\\www\\SchoolingTime\\app\\Controllers\\HomepageController.php', 40)
 2 SYSTEMPATH\CodeIgniter.php(942): App\Controllers\HomepageController->Course_details_view('homepage_assets', 'img', 'logo.png')
 3 SYSTEMPATH\CodeIgniter.php(502): CodeIgniter\CodeIgniter->runController(Object(App\Controllers\HomepageController))
 4 SYSTEMPATH\CodeIgniter.php(361): CodeIgniter\CodeIgniter->handleRequest(null, Object(Config\Cache), false)
 5 FCPATH\index.php(79): CodeIgniter\CodeIgniter->run()
INFO - 2024-04-07 08:45:29 --> Session: Class initialized using 'CodeIgniter\Session\Handlers\FileHandler' driver.
CRITICAL - 2024-04-07 08:45:29 --> Undefined variable $course_teacher_id
in APPPATH\Controllers\HomepageController.php on line 40.
 1 APPPATH\Controllers\HomepageController.php(40): CodeIgniter\Debug\Exceptions->errorHandler(2, 'Undefined variable $course_teacher_id', 'D:\\laragon\\www\\SchoolingTime\\app\\Controllers\\HomepageController.php', 40)
 2 SYSTEMPATH\CodeIgniter.php(942): App\Controllers\HomepageController->Course_details_view('homepage_assets', 'img', 'favicon.png')
 3 SYSTEMPATH\CodeIgniter.php(502): CodeIgniter\CodeIgniter->runController(Object(App\Controllers\HomepageController))
 4 SYSTEMPATH\CodeIgniter.php(361): CodeIgniter\CodeIgniter->handleRequest(null, Object(Config\Cache), false)
 5 FCPATH\index.php(79): CodeIgniter\CodeIgniter->run()
INFO - 2024-04-07 08:45:29 --> Session: Class initialized using 'CodeIgniter\Session\Handlers\FileHandler' driver.
CRITICAL - 2024-04-07 08:45:29 --> Undefined variable $course_teacher_id
in APPPATH\Controllers\HomepageController.php on line 40.
 1 APPPATH\Controllers\HomepageController.php(40): CodeIgniter\Debug\Exceptions->errorHandler(2, 'Undefined variable $course_teacher_id', 'D:\\laragon\\www\\SchoolingTime\\app\\Controllers\\HomepageController.php', 40)
 2 SYSTEMPATH\CodeIgniter.php(942): App\Controllers\HomepageController->Course_details_view('homepage_assets', 'img', 'apple-touch-icon.png')
 3 SYSTEMPATH\CodeIgniter.php(502): CodeIgniter\CodeIgniter->runController(Object(App\Controllers\HomepageController))
 4 SYSTEMPATH\CodeIgniter.php(361): CodeIgniter\CodeIgniter->handleRequest(null, Object(Config\Cache), false)
 5 FCPATH\index.php(79): CodeIgniter\CodeIgniter->run()
INFO - 2024-04-07 08:45:46 --> Session: Class initialized using 'CodeIgniter\Session\Handlers\FileHandler' driver.
INFO - 2024-04-07 08:45:46 --> Session: Class initialized using 'CodeIgniter\Session\Handlers\FileHandler' driver.
CRITICAL - 2024-04-07 08:45:46 --> Undefined variable $course_teacher_id
in APPPATH\Controllers\HomepageController.php on line 40.
 1 APPPATH\Controllers\HomepageController.php(40): CodeIgniter\Debug\Exceptions->errorHandler(2, 'Undefined variable $course_teacher_id', 'D:\\laragon\\www\\SchoolingTime\\app\\Controllers\\HomepageController.php', 40)
 2 SYSTEMPATH\CodeIgniter.php(942): App\Controllers\HomepageController->Course_details_view('homepage_assets', 'img', 'logo.png')
 3 SYSTEMPATH\CodeIgniter.php(502): CodeIgniter\CodeIgniter->runController(Object(App\Controllers\HomepageController))
 4 SYSTEMPATH\CodeIgniter.php(361): CodeIgniter\CodeIgniter->handleRequest(null, Object(Config\Cache), false)
 5 FCPATH\index.php(79): CodeIgniter\CodeIgniter->run()
INFO - 2024-04-07 08:46:47 --> Session: Class initialized using 'CodeIgniter\Session\Handlers\FileHandler' driver.
INFO - 2024-04-07 08:46:47 --> Session: Class initialized using 'CodeIgniter\Session\Handlers\FileHandler' driver.
CRITICAL - 2024-04-07 08:46:47 --> Undefined variable $course_teacher_id
in APPPATH\Controllers\HomepageController.php on line 40.
 1 APPPATH\Controllers\HomepageController.php(40): CodeIgniter\Debug\Exceptions->errorHandler(2, 'Undefined variable $course_teacher_id', 'D:\\laragon\\www\\SchoolingTime\\app\\Controllers\\HomepageController.php', 40)
 2 SYSTEMPATH\CodeIgniter.php(942): App\Controllers\HomepageController->Course_details_view('homepage_assets', 'img', 'logo.png')
 3 SYSTEMPATH\CodeIgniter.php(502): CodeIgniter\CodeIgniter->runController(Object(App\Controllers\HomepageController))
 4 SYSTEMPATH\CodeIgniter.php(361): CodeIgniter\CodeIgniter->handleRequest(null, Object(Config\Cache), false)
 5 FCPATH\index.php(79): CodeIgniter\CodeIgniter->run()
INFO - 2024-04-07 08:48:34 --> Session: Class initialized using 'CodeIgniter\Session\Handlers\FileHandler' driver.
INFO - 2024-04-07 08:48:34 --> Session: Class initialized using 'CodeIgniter\Session\Handlers\FileHandler' driver.
CRITICAL - 2024-04-07 08:48:34 --> Undefined variable $course_teacher_id
in APPPATH\Controllers\HomepageController.php on line 40.
 1 APPPATH\Controllers\HomepageController.php(40): CodeIgniter\Debug\Exceptions->errorHandler(2, 'Undefined variable $course_teacher_id', 'D:\\laragon\\www\\SchoolingTime\\app\\Controllers\\HomepageController.php', 40)
 2 SYSTEMPATH\CodeIgniter.php(942): App\Controllers\HomepageController->Course_details_view('homepage_assets', 'img', 'logo.png')
 3 SYSTEMPATH\CodeIgniter.php(502): CodeIgniter\CodeIgniter->runController(Object(App\Controllers\HomepageController))
 4 SYSTEMPATH\CodeIgniter.php(361): CodeIgniter\CodeIgniter->handleRequest(null, Object(Config\Cache), false)
 5 FCPATH\index.php(79): CodeIgniter\CodeIgniter->run()
INFO - 2024-04-07 08:48:37 --> Session: Class initialized using 'CodeIgniter\Session\Handlers\FileHandler' driver.
INFO - 2024-04-07 08:48:37 --> Session: Class initialized using 'CodeIgniter\Session\Handlers\FileHandler' driver.
INFO - 2024-04-07 08:48:38 --> Session: Class initialized using 'CodeIgniter\Session\Handlers\FileHandler' driver.
INFO - 2024-04-07 08:48:38 --> Session: Class initialized using 'CodeIgniter\Session\Handlers\FileHandler' driver.
INFO - 2024-04-07 08:48:44 --> Session: Class initialized using 'CodeIgniter\Session\Handlers\FileHandler' driver.
INFO - 2024-04-07 08:48:44 --> Session: Class initialized using 'CodeIgniter\Session\Handlers\FileHandler' driver.
INFO - 2024-04-07 08:48:44 --> Session: Class initialized using 'CodeIgniter\Session\Handlers\FileHandler' driver.
INFO - 2024-04-07 08:48:45 --> Session: Class initialized using 'CodeIgniter\Session\Handlers\FileHandler' driver.
INFO - 2024-04-07 08:48:45 --> Session: Class initialized using 'CodeIgniter\Session\Handlers\FileHandler' driver.
INFO - 2024-04-07 08:48:52 --> Session: Class initialized using 'CodeIgniter\Session\Handlers\FileHandler' driver.
INFO - 2024-04-07 08:48:52 --> Session: Class initialized using 'CodeIgniter\Session\Handlers\FileHandler' driver.
INFO - 2024-04-07 08:48:56 --> Session: Class initialized using 'CodeIgniter\Session\Handlers\FileHandler' driver.
INFO - 2024-04-07 08:48:59 --> Session: Class initialized using 'CodeIgniter\Session\Handlers\FileHandler' driver.
INFO - 2024-04-07 08:50:53 --> Session: Class initialized using 'CodeIgniter\Session\Handlers\FileHandler' driver.
INFO - 2024-04-07 08:50:58 --> Session: Class initialized using 'CodeIgniter\Session\Handlers\FileHandler' driver.
INFO - 2024-04-07 08:50:58 --> Session: Class initialized using 'CodeIgniter\Session\Handlers\FileHandler' driver.
INFO - 2024-04-07 08:50:58 --> Session: Class initialized using 'CodeIgniter\Session\Handlers\FileHandler' driver.
INFO - 2024-04-07 08:50:58 --> Session: Class initialized using 'CodeIgniter\Session\Handlers\FileHandler' driver.
INFO - 2024-04-07 08:51:03 --> Session: Class initialized using 'CodeIgniter\Session\Handlers\FileHandler' driver.
INFO - 2024-04-07 08:51:03 --> Session: Class initialized using 'CodeIgniter\Session\Handlers\FileHandler' driver.
INFO - 2024-04-07 08:51:04 --> Session: Class initialized using 'CodeIgniter\Session\Handlers\FileHandler' driver.
INFO - 2024-04-07 08:51:04 --> Session: Class initialized using 'CodeIgniter\Session\Handlers\FileHandler' driver.
INFO - 2024-04-07 08:51:06 --> Session: Class initialized using 'CodeIgniter\Session\Handlers\FileHandler' driver.
INFO - 2024-04-07 08:51:06 --> Session: Class initialized using 'CodeIgniter\Session\Handlers\FileHandler' driver.
INFO - 2024-04-07 08:51:11 --> Session: Class initialized using 'CodeIgniter\Session\Handlers\FileHandler' driver.
INFO - 2024-04-07 08:51:11 --> Session: Class initialized using 'CodeIgniter\Session\Handlers\FileHandler' driver.
INFO - 2024-04-07 08:51:13 --> Session: Class initialized using 'CodeIgniter\Session\Handlers\FileHandler' driver.
INFO - 2024-04-07 08:51:13 --> Session: Class initialized using 'CodeIgniter\Session\Handlers\FileHandler' driver.
INFO - 2024-04-07 08:51:14 --> Session: Class initialized using 'CodeIgniter\Session\Handlers\FileHandler' driver.
INFO - 2024-04-07 08:51:14 --> Session: Class initialized using 'CodeIgniter\Session\Handlers\FileHandler' driver.
INFO - 2024-04-07 08:51:15 --> Session: Class initialized using 'CodeIgniter\Session\Handlers\FileHandler' driver.
INFO - 2024-04-07 08:51:15 --> Session: Class initialized using 'CodeIgniter\Session\Handlers\FileHandler' driver.
INFO - 2024-04-07 08:51:15 --> Session: Class initialized using 'CodeIgniter\Session\Handlers\FileHandler' driver.
INFO - 2024-04-07 08:51:16 --> Session: Class initialized using 'CodeIgniter\Session\Handlers\FileHandler' driver.
INFO - 2024-04-07 08:51:16 --> Session: Class initialized using 'CodeIgniter\Session\Handlers\FileHandler' driver.
INFO - 2024-04-07 08:52:07 --> Session: Class initialized using 'CodeIgniter\Session\Handlers\FileHandler' driver.
INFO - 2024-04-07 08:52:07 --> Session: Class initialized using 'CodeIgniter\Session\Handlers\FileHandler' driver.
INFO - 2024-04-07 08:52:07 --> Session: Class initialized using 'CodeIgniter\Session\Handlers\FileHandler' driver.
INFO - 2024-04-07 08:52:07 --> Session: Class initialized using 'CodeIgniter\Session\Handlers\FileHandler' driver.
INFO - 2024-04-07 08:52:10 --> Session: Class initialized using 'CodeIgniter\Session\Handlers\FileHandler' driver.
INFO - 2024-04-07 08:52:10 --> Session: Class initialized using 'CodeIgniter\Session\Handlers\FileHandler' driver.
INFO - 2024-04-07 08:52:12 --> Session: Class initialized using 'CodeIgniter\Session\Handlers\FileHandler' driver.
INFO - 2024-04-07 08:52:13 --> Session: Class initialized using 'CodeIgniter\Session\Handlers\FileHandler' driver.
INFO - 2024-04-07 08:52:13 --> Session: Class initialized using 'CodeIgniter\Session\Handlers\FileHandler' driver.
INFO - 2024-04-07 08:52:13 --> Session: Class initialized using 'CodeIgniter\Session\Handlers\FileHandler' driver.
INFO - 2024-04-07 08:52:17 --> Session: Class initialized using 'CodeIgniter\Session\Handlers\FileHandler' driver.
INFO - 2024-04-07 08:52:17 --> Session: Class initialized using 'CodeIgniter\Session\Handlers\FileHandler' driver.
INFO - 2024-04-07 08:52:18 --> Session: Class initialized using 'CodeIgniter\Session\Handlers\FileHandler' driver.
INFO - 2024-04-07 08:52:18 --> Session: Class initialized using 'CodeIgniter\Session\Handlers\FileHandler' driver.
INFO - 2024-04-07 08:52:21 --> Session: Class initialized using 'CodeIgniter\Session\Handlers\FileHandler' driver.
INFO - 2024-04-07 08:52:21 --> Session: Class initialized using 'CodeIgniter\Session\Handlers\FileHandler' driver.
INFO - 2024-04-07 08:52:23 --> Session: Class initialized using 'CodeIgniter\Session\Handlers\FileHandler' driver.
INFO - 2024-04-07 08:52:24 --> Session: Class initialized using 'CodeIgniter\Session\Handlers\FileHandler' driver.
INFO - 2024-04-07 08:52:26 --> Session: Class initialized using 'CodeIgniter\Session\Handlers\FileHandler' driver.
INFO - 2024-04-07 08:52:26 --> Session: Class initialized using 'CodeIgniter\Session\Handlers\FileHandler' driver.
INFO - 2024-04-07 08:52:29 --> Session: Class initialized using 'CodeIgniter\Session\Handlers\FileHandler' driver.
INFO - 2024-04-07 08:52:29 --> Session: Class initialized using 'CodeIgniter\Session\Handlers\FileHandler' driver.
INFO - 2024-04-07 08:52:32 --> Session: Class initialized using 'CodeIgniter\Session\Handlers\FileHandler' driver.
INFO - 2024-04-07 08:52:32 --> Session: Class initialized using 'CodeIgniter\Session\Handlers\FileHandler' driver.
INFO - 2024-04-07 08:52:33 --> Session: Class initialized using 'CodeIgniter\Session\Handlers\FileHandler' driver.
INFO - 2024-04-07 08:52:33 --> Session: Class initialized using 'CodeIgniter\Session\Handlers\FileHandler' driver.
INFO - 2024-04-07 08:52:34 --> Session: Class initialized using 'CodeIgniter\Session\Handlers\FileHandler' driver.
INFO - 2024-04-07 08:52:35 --> Session: Class initialized using 'CodeIgniter\Session\Handlers\FileHandler' driver.
INFO - 2024-04-07 08:52:36 --> Session: Class initialized using 'CodeIgniter\Session\Handlers\FileHandler' driver.
INFO - 2024-04-07 08:52:37 --> Session: Class initialized using 'CodeIgniter\Session\Handlers\FileHandler' driver.
INFO - 2024-04-07 08:52:39 --> Session: Class initialized using 'CodeIgniter\Session\Handlers\FileHandler' driver.
INFO - 2024-04-07 08:52:39 --> Session: Class initialized using 'CodeIgniter\Session\Handlers\FileHandler' driver.
INFO - 2024-04-07 08:52:41 --> Session: Class initialized using 'CodeIgniter\Session\Handlers\FileHandler' driver.
INFO - 2024-04-07 08:52:41 --> Session: Class initialized using 'CodeIgniter\Session\Handlers\FileHandler' driver.
INFO - 2024-04-07 08:52:41 --> Session: Class initialized using 'CodeIgniter\Session\Handlers\FileHandler' driver.
INFO - 2024-04-07 08:52:42 --> Session: Class initialized using 'CodeIgniter\Session\Handlers\FileHandler' driver.
INFO - 2024-04-07 08:52:42 --> Session: Class initialized using 'CodeIgniter\Session\Handlers\FileHandler' driver.
INFO - 2024-04-07 08:52:46 --> Session: Class initialized using 'CodeIgniter\Session\Handlers\FileHandler' driver.
INFO - 2024-04-07 08:52:46 --> Session: Class initialized using 'CodeIgniter\Session\Handlers\FileHandler' driver.
INFO - 2024-04-07 08:52:50 --> Session: Class initialized using 'CodeIgniter\Session\Handlers\FileHandler' driver.
INFO - 2024-04-07 08:52:50 --> Session: Class initialized using 'CodeIgniter\Session\Handlers\FileHandler' driver.
INFO - 2024-04-07 08:52:53 --> Session: Class initialized using 'CodeIgniter\Session\Handlers\FileHandler' driver.
INFO - 2024-04-07 08:52:55 --> Session: Class initialized using 'CodeIgniter\Session\Handlers\FileHandler' driver.
INFO - 2024-04-07 08:52:55 --> Session: Class initialized using 'CodeIgniter\Session\Handlers\FileHandler' driver.
INFO - 2024-04-07 08:55:15 --> Session: Class initialized using 'CodeIgniter\Session\Handlers\FileHandler' driver.
INFO - 2024-04-07 08:55:15 --> Session: Class initialized using 'CodeIgniter\Session\Handlers\FileHandler' driver.
INFO - 2024-04-07 08:55:16 --> Session: Class initialized using 'CodeIgniter\Session\Handlers\FileHandler' driver.
INFO - 2024-04-07 08:55:16 --> Session: Class initialized using 'CodeIgniter\Session\Handlers\FileHandler' driver.
INFO - 2024-04-07 08:55:17 --> Session: Class initialized using 'CodeIgniter\Session\Handlers\FileHandler' driver.
INFO - 2024-04-07 08:55:18 --> Session: Class initialized using 'CodeIgniter\Session\Handlers\FileHandler' driver.
INFO - 2024-04-07 08:55:18 --> Session: Class initialized using 'CodeIgniter\Session\Handlers\FileHandler' driver.
INFO - 2024-04-07 08:55:18 --> Session: Class initialized using 'CodeIgniter\Session\Handlers\FileHandler' driver.
INFO - 2024-04-07 08:55:19 --> Session: Class initialized using 'CodeIgniter\Session\Handlers\FileHandler' driver.
INFO - 2024-04-07 08:55:19 --> Session: Class initialized using 'CodeIgniter\Session\Handlers\FileHandler' driver.
INFO - 2024-04-07 08:55:20 --> Session: Class initialized using 'CodeIgniter\Session\Handlers\FileHandler' driver.
INFO - 2024-04-07 08:55:20 --> Session: Class initialized using 'CodeIgniter\Session\Handlers\FileHandler' driver.
INFO - 2024-04-07 08:55:21 --> Session: Class initialized using 'CodeIgniter\Session\Handlers\FileHandler' driver.
INFO - 2024-04-07 08:55:22 --> Session: Class initialized using 'CodeIgniter\Session\Handlers\FileHandler' driver.
INFO - 2024-04-07 08:55:22 --> Session: Class initialized using 'CodeIgniter\Session\Handlers\FileHandler' driver.
INFO - 2024-04-07 08:55:22 --> Session: Class initialized using 'CodeIgniter\Session\Handlers\FileHandler' driver.
INFO - 2024-04-07 08:55:22 --> Session: Class initialized using 'CodeIgniter\Session\Handlers\FileHandler' driver.
INFO - 2024-04-07 08:58:10 --> Session: Class initialized using 'CodeIgniter\Session\Handlers\FileHandler' driver.
INFO - 2024-04-07 08:58:10 --> Session: Class initialized using 'CodeIgniter\Session\Handlers\FileHandler' driver.
INFO - 2024-04-07 08:58:10 --> Session: Class initialized using 'CodeIgniter\Session\Handlers\FileHandler' driver.
INFO - 2024-04-07 08:58:10 --> Session: Class initialized using 'CodeIgniter\Session\Handlers\FileHandler' driver.
INFO - 2024-04-07 09:00:59 --> Session: Class initialized using 'CodeIgniter\Session\Handlers\FileHandler' driver.
INFO - 2024-04-07 09:00:59 --> Session: Class initialized using 'CodeIgniter\Session\Handlers\FileHandler' driver.
INFO - 2024-04-07 09:00:59 --> Session: Class initialized using 'CodeIgniter\Session\Handlers\FileHandler' driver.
INFO - 2024-04-07 09:00:59 --> Session: Class initialized using 'CodeIgniter\Session\Handlers\FileHandler' driver.
INFO - 2024-04-07 09:01:01 --> Session: Class initialized using 'CodeIgniter\Session\Handlers\FileHandler' driver.
INFO - 2024-04-07 09:01:02 --> Session: Class initialized using 'CodeIgniter\Session\Handlers\FileHandler' driver.
INFO - 2024-04-07 09:01:02 --> Session: Class initialized using 'CodeIgniter\Session\Handlers\FileHandler' driver.
INFO - 2024-04-07 09:01:02 --> Session: Class initialized using 'CodeIgniter\Session\Handlers\FileHandler' driver.
INFO - 2024-04-07 09:01:04 --> Session: Class initialized using 'CodeIgniter\Session\Handlers\FileHandler' driver.
INFO - 2024-04-07 09:01:04 --> Session: Class initialized using 'CodeIgniter\Session\Handlers\FileHandler' driver.
INFO - 2024-04-07 09:02:21 --> Session: Class initialized using 'CodeIgniter\Session\Handlers\FileHandler' driver.
INFO - 2024-04-07 09:02:21 --> Session: Class initialized using 'CodeIgniter\Session\Handlers\FileHandler' driver.
INFO - 2024-04-07 09:02:22 --> Session: Class initialized using 'CodeIgniter\Session\Handlers\FileHandler' driver.
INFO - 2024-04-07 09:02:22 --> Session: Class initialized using 'CodeIgniter\Session\Handlers\FileHandler' driver.
INFO - 2024-04-07 09:03:23 --> Session: Class initialized using 'CodeIgniter\Session\Handlers\FileHandler' driver.
INFO - 2024-04-07 09:03:24 --> Session: Class initialized using 'CodeIgniter\Session\Handlers\FileHandler' driver.
INFO - 2024-04-07 09:03:24 --> Session: Class initialized using 'CodeIgniter\Session\Handlers\FileHandler' driver.
INFO - 2024-04-07 09:03:24 --> Session: Class initialized using 'CodeIgniter\Session\Handlers\FileHandler' driver.
INFO - 2024-04-07 09:03:58 --> Session: Class initialized using 'CodeIgniter\Session\Handlers\FileHandler' driver.
INFO - 2024-04-07 09:03:58 --> Session: Class initialized using 'CodeIgniter\Session\Handlers\FileHandler' driver.
INFO - 2024-04-07 09:03:58 --> Session: Class initialized using 'CodeIgniter\Session\Handlers\FileHandler' driver.
INFO - 2024-04-07 09:03:58 --> Session: Class initialized using 'CodeIgniter\Session\Handlers\FileHandler' driver.
INFO - 2024-04-07 09:05:43 --> Session: Class initialized using 'CodeIgniter\Session\Handlers\FileHandler' driver.
INFO - 2024-04-07 09:05:43 --> Session: Class initialized using 'CodeIgniter\Session\Handlers\FileHandler' driver.
INFO - 2024-04-07 09:05:44 --> Session: Class initialized using 'CodeIgniter\Session\Handlers\FileHandler' driver.
INFO - 2024-04-07 09:05:44 --> Session: Class initialized using 'CodeIgniter\Session\Handlers\FileHandler' driver.
INFO - 2024-04-07 09:06:32 --> Session: Class initialized using 'CodeIgniter\Session\Handlers\FileHandler' driver.
INFO - 2024-04-07 09:06:33 --> Session: Class initialized using 'CodeIgniter\Session\Handlers\FileHandler' driver.
INFO - 2024-04-07 09:06:33 --> Session: Class initialized using 'CodeIgniter\Session\Handlers\FileHandler' driver.
INFO - 2024-04-07 09:06:33 --> Session: Class initialized using 'CodeIgniter\Session\Handlers\FileHandler' driver.
INFO - 2024-04-07 09:06:34 --> Session: Class initialized using 'CodeIgniter\Session\Handlers\FileHandler' driver.
INFO - 2024-04-07 09:06:34 --> Session: Class initialized using 'CodeIgniter\Session\Handlers\FileHandler' driver.
INFO - 2024-04-07 09:06:35 --> Session: Class initialized using 'CodeIgniter\Session\Handlers\FileHandler' driver.
INFO - 2024-04-07 09:06:35 --> Session: Class initialized using 'CodeIgniter\Session\Handlers\FileHandler' driver.
INFO - 2024-04-07 09:06:36 --> Session: Class initialized using 'CodeIgniter\Session\Handlers\FileHandler' driver.
INFO - 2024-04-07 09:06:36 --> Session: Class initialized using 'CodeIgniter\Session\Handlers\FileHandler' driver.
INFO - 2024-04-07 09:06:38 --> Session: Class initialized using 'CodeIgniter\Session\Handlers\FileHandler' driver.
INFO - 2024-04-07 09:06:38 --> Session: Class initialized using 'CodeIgniter\Session\Handlers\FileHandler' driver.
INFO - 2024-04-07 09:06:40 --> Session: Class initialized using 'CodeIgniter\Session\Handlers\FileHandler' driver.
INFO - 2024-04-07 09:06:40 --> Session: Class initialized using 'CodeIgniter\Session\Handlers\FileHandler' driver.
INFO - 2024-04-07 09:06:40 --> Session: Class initialized using 'CodeIgniter\Session\Handlers\FileHandler' driver.
INFO - 2024-04-07 09:06:40 --> Session: Class initialized using 'CodeIgniter\Session\Handlers\FileHandler' driver.
INFO - 2024-04-07 09:06:55 --> Session: Class initialized using 'CodeIgniter\Session\Handlers\FileHandler' driver.
INFO - 2024-04-07 09:06:56 --> Session: Class initialized using 'CodeIgniter\Session\Handlers\FileHandler' driver.
INFO - 2024-04-07 09:07:03 --> Session: Class initialized using 'CodeIgniter\Session\Handlers\FileHandler' driver.
INFO - 2024-04-07 09:07:03 --> Session: Class initialized using 'CodeIgniter\Session\Handlers\FileHandler' driver.
INFO - 2024-04-07 09:07:04 --> Session: Class initialized using 'CodeIgniter\Session\Handlers\FileHandler' driver.
INFO - 2024-04-07 09:07:04 --> Session: Class initialized using 'CodeIgniter\Session\Handlers\FileHandler' driver.
INFO - 2024-04-07 09:07:51 --> Session: Class initialized using 'CodeIgniter\Session\Handlers\FileHandler' driver.
INFO - 2024-04-07 09:07:51 --> Session: Class initialized using 'CodeIgniter\Session\Handlers\FileHandler' driver.
INFO - 2024-04-07 09:07:51 --> Session: Class initialized using 'CodeIgniter\Session\Handlers\FileHandler' driver.
INFO - 2024-04-07 09:07:51 --> Session: Class initialized using 'CodeIgniter\Session\Handlers\FileHandler' driver.
INFO - 2024-04-07 09:07:53 --> Session: Class initialized using 'CodeIgniter\Session\Handlers\FileHandler' driver.
INFO - 2024-04-07 09:07:53 --> Session: Class initialized using 'CodeIgniter\Session\Handlers\FileHandler' driver.
INFO - 2024-04-07 09:07:53 --> Session: Class initialized using 'CodeIgniter\Session\Handlers\FileHandler' driver.
INFO - 2024-04-07 09:07:53 --> Session: Class initialized using 'CodeIgniter\Session\Handlers\FileHandler' driver.
INFO - 2024-04-07 09:07:55 --> Session: Class initialized using 'CodeIgniter\Session\Handlers\FileHandler' driver.
INFO - 2024-04-07 09:07:55 --> Session: Class initialized using 'CodeIgniter\Session\Handlers\FileHandler' driver.
INFO - 2024-04-07 09:07:55 --> Session: Class initialized using 'CodeIgniter\Session\Handlers\FileHandler' driver.
INFO - 2024-04-07 09:07:55 --> Session: Class initialized using 'CodeIgniter\Session\Handlers\FileHandler' driver.
INFO - 2024-04-07 09:07:57 --> Session: Class initialized using 'CodeIgniter\Session\Handlers\FileHandler' driver.
INFO - 2024-04-07 09:07:57 --> Session: Class initialized using 'CodeIgniter\Session\Handlers\FileHandler' driver.
INFO - 2024-04-07 09:07:57 --> Session: Class initialized using 'CodeIgniter\Session\Handlers\FileHandler' driver.
INFO - 2024-04-07 09:07:57 --> Session: Class initialized using 'CodeIgniter\Session\Handlers\FileHandler' driver.
INFO - 2024-04-07 09:07:57 --> Session: Class initialized using 'CodeIgniter\Session\Handlers\FileHandler' driver.
INFO - 2024-04-07 09:08:45 --> Session: Class initialized using 'CodeIgniter\Session\Handlers\FileHandler' driver.
INFO - 2024-04-07 09:08:45 --> Session: Class initialized using 'CodeIgniter\Session\Handlers\FileHandler' driver.
INFO - 2024-04-07 09:08:46 --> Session: Class initialized using 'CodeIgniter\Session\Handlers\FileHandler' driver.
ERROR - 2024-04-07 09:08:46 --> mysqli_sql_exception: Unknown column 'homepage_assets' in 'where clause' in D:\laragon\www\SchoolingTime\vendor\codeigniter4\framework\system\Database\MySQLi\Connection.php:306
Stack trace:
#0 D:\laragon\www\SchoolingTime\vendor\codeigniter4\framework\system\Database\MySQLi\Connection.php(306): mysqli->query('SELECT * FROM q...', 0)
#1 D:\laragon\www\SchoolingTime\vendor\codeigniter4\framework\system\Database\BaseConnection.php(693): CodeIgniter\Database\MySQLi\Connection->execute('SELECT * FROM q...')
#2 D:\laragon\www\SchoolingTime\vendor\codeigniter4\framework\system\Database\BaseConnection.php(607): CodeIgniter\Database\BaseConnection->simpleQuery('SELECT * FROM q...')
#3 D:\laragon\www\SchoolingTime\app\Controllers\QuestionAnswerController.php(30): CodeIgniter\Database\BaseConnection->query('SELECT * FROM q...')
#4 D:\laragon\www\SchoolingTime\vendor\codeigniter4\framework\system\CodeIgniter.php(942): App\Controllers\QuestionAnswerController->exam_result_show('STD240715EC7E', 'homepage_assets', 'img', 'logo.png')
#5 D:\laragon\www\SchoolingTime\vendor\codeigniter4\framework\system\CodeIgniter.php(502): CodeIgniter\CodeIgniter->runController(Object(App\Controllers\QuestionAnswerController))
#6 D:\laragon\www\SchoolingTime\vendor\codeigniter4\framework\system\CodeIgniter.php(361): CodeIgniter\CodeIgniter->handleRequest(NULL, Object(Config\Cache), false)
#7 D:\laragon\www\SchoolingTime\index.php(79): CodeIgniter\CodeIgniter->run()
#8 {main}
CRITICAL - 2024-04-07 09:08:46 --> Unknown column 'homepage_assets' in 'where clause'
in SYSTEMPATH\Database\BaseConnection.php on line 647.
 1 APPPATH\Controllers\QuestionAnswerController.php(30): CodeIgniter\Database\BaseConnection->query('SELECT * FROM question_answer 
                          WHERE id IN (homepage_assets) AND user_id = \'STD240715EC7E\' ')
 2 SYSTEMPATH\CodeIgniter.php(942): App\Controllers\QuestionAnswerController->exam_result_show('STD240715EC7E', 'homepage_assets', 'img', 'logo.png')
 3 SYSTEMPATH\CodeIgniter.php(502): CodeIgniter\CodeIgniter->runController(Object(App\Controllers\QuestionAnswerController))
 4 SYSTEMPATH\CodeIgniter.php(361): CodeIgniter\CodeIgniter->handleRequest(null, Object(Config\Cache), false)
 5 FCPATH\index.php(79): CodeIgniter\CodeIgniter->run()
INFO - 2024-04-07 09:08:46 --> Session: Class initialized using 'CodeIgniter\Session\Handlers\FileHandler' driver.
ERROR - 2024-04-07 09:08:46 --> mysqli_sql_exception: Unknown column 'homepage_assets' in 'where clause' in D:\laragon\www\SchoolingTime\vendor\codeigniter4\framework\system\Database\MySQLi\Connection.php:306
Stack trace:
#0 D:\laragon\www\SchoolingTime\vendor\codeigniter4\framework\system\Database\MySQLi\Connection.php(306): mysqli->query('SELECT * FROM q...', 0)
#1 D:\laragon\www\SchoolingTime\vendor\codeigniter4\framework\system\Database\BaseConnection.php(693): CodeIgniter\Database\MySQLi\Connection->execute('SELECT * FROM q...')
#2 D:\laragon\www\SchoolingTime\vendor\codeigniter4\framework\system\Database\BaseConnection.php(607): CodeIgniter\Database\BaseConnection->simpleQuery('SELECT * FROM q...')
#3 D:\laragon\www\SchoolingTime\app\Controllers\QuestionAnswerController.php(30): CodeIgniter\Database\BaseConnection->query('SELECT * FROM q...')
#4 D:\laragon\www\SchoolingTime\vendor\codeigniter4\framework\system\CodeIgniter.php(942): App\Controllers\QuestionAnswerController->exam_result_show('STD240715EC7E', 'homepage_assets', 'img', 'apple-touch-ico...')
#5 D:\laragon\www\SchoolingTime\vendor\codeigniter4\framework\system\CodeIgniter.php(502): CodeIgniter\CodeIgniter->runController(Object(App\Controllers\QuestionAnswerController))
#6 D:\laragon\www\SchoolingTime\vendor\codeigniter4\framework\system\CodeIgniter.php(361): CodeIgniter\CodeIgniter->handleRequest(NULL, Object(Config\Cache), false)
#7 D:\laragon\www\SchoolingTime\index.php(79): CodeIgniter\CodeIgniter->run()
#8 {main}
CRITICAL - 2024-04-07 09:08:46 --> Unknown column 'homepage_assets' in 'where clause'
in SYSTEMPATH\Database\BaseConnection.php on line 647.
 1 APPPATH\Controllers\QuestionAnswerController.php(30): CodeIgniter\Database\BaseConnection->query('SELECT * FROM question_answer 
                          WHERE id IN (homepage_assets) AND user_id = \'STD240715EC7E\' ')
 2 SYSTEMPATH\CodeIgniter.php(942): App\Controllers\QuestionAnswerController->exam_result_show('STD240715EC7E', 'homepage_assets', 'img', 'apple-touch-icon.png')
 3 SYSTEMPATH\CodeIgniter.php(502): CodeIgniter\CodeIgniter->runController(Object(App\Controllers\QuestionAnswerController))
 4 SYSTEMPATH\CodeIgniter.php(361): CodeIgniter\CodeIgniter->handleRequest(null, Object(Config\Cache), false)
 5 FCPATH\index.php(79): CodeIgniter\CodeIgniter->run()
INFO - 2024-04-07 09:08:46 --> Session: Class initialized using 'CodeIgniter\Session\Handlers\FileHandler' driver.
ERROR - 2024-04-07 09:08:46 --> mysqli_sql_exception: Unknown column 'homepage_assets' in 'where clause' in D:\laragon\www\SchoolingTime\vendor\codeigniter4\framework\system\Database\MySQLi\Connection.php:306
Stack trace:
#0 D:\laragon\www\SchoolingTime\vendor\codeigniter4\framework\system\Database\MySQLi\Connection.php(306): mysqli->query('SELECT * FROM q...', 0)
#1 D:\laragon\www\SchoolingTime\vendor\codeigniter4\framework\system\Database\BaseConnection.php(693): CodeIgniter\Database\MySQLi\Connection->execute('SELECT * FROM q...')
#2 D:\laragon\www\SchoolingTime\vendor\codeigniter4\framework\system\Database\BaseConnection.php(607): CodeIgniter\Database\BaseConnection->simpleQuery('SELECT * FROM q...')
#3 D:\laragon\www\SchoolingTime\app\Controllers\QuestionAnswerController.php(30): CodeIgniter\Database\BaseConnection->query('SELECT * FROM q...')
#4 D:\laragon\www\SchoolingTime\vendor\codeigniter4\framework\system\CodeIgniter.php(942): App\Controllers\QuestionAnswerController->exam_result_show('STD240715EC7E', 'homepage_assets', 'img', 'favicon.png')
#5 D:\laragon\www\SchoolingTime\vendor\codeigniter4\framework\system\CodeIgniter.php(502): CodeIgniter\CodeIgniter->runController(Object(App\Controllers\QuestionAnswerController))
#6 D:\laragon\www\SchoolingTime\vendor\codeigniter4\framework\system\CodeIgniter.php(361): CodeIgniter\CodeIgniter->handleRequest(NULL, Object(Config\Cache), false)
#7 D:\laragon\www\SchoolingTime\index.php(79): CodeIgniter\CodeIgniter->run()
#8 {main}
CRITICAL - 2024-04-07 09:08:46 --> Unknown column 'homepage_assets' in 'where clause'
in SYSTEMPATH\Database\BaseConnection.php on line 647.
 1 APPPATH\Controllers\QuestionAnswerController.php(30): CodeIgniter\Database\BaseConnection->query('SELECT * FROM question_answer 
                          WHERE id IN (homepage_assets) AND user_id = \'STD240715EC7E\' ')
 2 SYSTEMPATH\CodeIgniter.php(942): App\Controllers\QuestionAnswerController->exam_result_show('STD240715EC7E', 'homepage_assets', 'img', 'favicon.png')
 3 SYSTEMPATH\CodeIgniter.php(502): CodeIgniter\CodeIgniter->runController(Object(App\Controllers\QuestionAnswerController))
 4 SYSTEMPATH\CodeIgniter.php(361): CodeIgniter\CodeIgniter->handleRequest(null, Object(Config\Cache), false)
 5 FCPATH\index.php(79): CodeIgniter\CodeIgniter->run()
INFO - 2024-04-07 09:09:13 --> Session: Class initialized using 'CodeIgniter\Session\Handlers\FileHandler' driver.
INFO - 2024-04-07 09:09:14 --> Session: Class initialized using 'CodeIgniter\Session\Handlers\FileHandler' driver.
INFO - 2024-04-07 09:09:14 --> Session: Class initialized using 'CodeIgniter\Session\Handlers\FileHandler' driver.
INFO - 2024-04-07 09:09:14 --> Session: Class initialized using 'CodeIgniter\Session\Handlers\FileHandler' driver.
INFO - 2024-04-07 09:09:17 --> Session: Class initialized using 'CodeIgniter\Session\Handlers\FileHandler' driver.
INFO - 2024-04-07 09:09:18 --> Session: Class initialized using 'CodeIgniter\Session\Handlers\FileHandler' driver.
INFO - 2024-04-07 09:09:23 --> Session: Class initialized using 'CodeIgniter\Session\Handlers\FileHandler' driver.
INFO - 2024-04-07 09:09:23 --> Session: Class initialized using 'CodeIgniter\Session\Handlers\FileHandler' driver.
INFO - 2024-04-07 09:09:24 --> Session: Class initialized using 'CodeIgniter\Session\Handlers\FileHandler' driver.
INFO - 2024-04-07 09:09:24 --> Session: Class initialized using 'CodeIgniter\Session\Handlers\FileHandler' driver.
INFO - 2024-04-07 09:09:26 --> Session: Class initialized using 'CodeIgniter\Session\Handlers\FileHandler' driver.
INFO - 2024-04-07 09:09:27 --> Session: Class initialized using 'CodeIgniter\Session\Handlers\FileHandler' driver.
INFO - 2024-04-07 09:09:27 --> Session: Class initialized using 'CodeIgniter\Session\Handlers\FileHandler' driver.
INFO - 2024-04-07 09:09:27 --> Session: Class initialized using 'CodeIgniter\Session\Handlers\FileHandler' driver.
INFO - 2024-04-07 09:09:29 --> Session: Class initialized using 'CodeIgniter\Session\Handlers\FileHandler' driver.
INFO - 2024-04-07 09:09:29 --> Session: Class initialized using 'CodeIgniter\Session\Handlers\FileHandler' driver.
INFO - 2024-04-07 09:09:30 --> Session: Class initialized using 'CodeIgniter\Session\Handlers\FileHandler' driver.
INFO - 2024-04-07 09:09:30 --> Session: Class initialized using 'CodeIgniter\Session\Handlers\FileHandler' driver.
INFO - 2024-04-07 09:09:30 --> Session: Class initialized using 'CodeIgniter\Session\Handlers\FileHandler' driver.
INFO - 2024-04-07 09:09:38 --> Session: Class initialized using 'CodeIgniter\Session\Handlers\FileHandler' driver.
INFO - 2024-04-07 09:09:38 --> Session: Class initialized using 'CodeIgniter\Session\Handlers\FileHandler' driver.
INFO - 2024-04-07 09:09:39 --> Session: Class initialized using 'CodeIgniter\Session\Handlers\FileHandler' driver.
ERROR - 2024-04-07 09:09:39 --> mysqli_sql_exception: Unknown column 'homepage_assets' in 'where clause' in D:\laragon\www\SchoolingTime\vendor\codeigniter4\framework\system\Database\MySQLi\Connection.php:306
Stack trace:
#0 D:\laragon\www\SchoolingTime\vendor\codeigniter4\framework\system\Database\MySQLi\Connection.php(306): mysqli->query('SELECT * FROM q...', 0)
#1 D:\laragon\www\SchoolingTime\vendor\codeigniter4\framework\system\Database\BaseConnection.php(693): CodeIgniter\Database\MySQLi\Connection->execute('SELECT * FROM q...')
#2 D:\laragon\www\SchoolingTime\vendor\codeigniter4\framework\system\Database\BaseConnection.php(607): CodeIgniter\Database\BaseConnection->simpleQuery('SELECT * FROM q...')
#3 D:\laragon\www\SchoolingTime\app\Controllers\QuestionAnswerController.php(30): CodeIgniter\Database\BaseConnection->query('SELECT * FROM q...')
#4 D:\laragon\www\SchoolingTime\vendor\codeigniter4\framework\system\CodeIgniter.php(942): App\Controllers\QuestionAnswerController->exam_result_show('STD240715EC7E', 'homepage_assets', 'img', 'logo.png')
#5 D:\laragon\www\SchoolingTime\vendor\codeigniter4\framework\system\CodeIgniter.php(502): CodeIgniter\CodeIgniter->runController(Object(App\Controllers\QuestionAnswerController))
#6 D:\laragon\www\SchoolingTime\vendor\codeigniter4\framework\system\CodeIgniter.php(361): CodeIgniter\CodeIgniter->handleRequest(NULL, Object(Config\Cache), false)
#7 D:\laragon\www\SchoolingTime\index.php(79): CodeIgniter\CodeIgniter->run()
#8 {main}
CRITICAL - 2024-04-07 09:09:39 --> Unknown column 'homepage_assets' in 'where clause'
in SYSTEMPATH\Database\BaseConnection.php on line 647.
 1 APPPATH\Controllers\QuestionAnswerController.php(30): CodeIgniter\Database\BaseConnection->query('SELECT * FROM question_answer 
                          WHERE id IN (homepage_assets) AND user_id = \'STD240715EC7E\' ')
 2 SYSTEMPATH\CodeIgniter.php(942): App\Controllers\QuestionAnswerController->exam_result_show('STD240715EC7E', 'homepage_assets', 'img', 'logo.png')
 3 SYSTEMPATH\CodeIgniter.php(502): CodeIgniter\CodeIgniter->runController(Object(App\Controllers\QuestionAnswerController))
 4 SYSTEMPATH\CodeIgniter.php(361): CodeIgniter\CodeIgniter->handleRequest(null, Object(Config\Cache), false)
 5 FCPATH\index.php(79): CodeIgniter\CodeIgniter->run()
INFO - 2024-04-07 09:09:54 --> Session: Class initialized using 'CodeIgniter\Session\Handlers\FileHandler' driver.
INFO - 2024-04-07 09:09:55 --> Session: Class initialized using 'CodeIgniter\Session\Handlers\FileHandler' driver.
ERROR - 2024-04-07 09:09:55 --> mysqli_sql_exception: Unknown column 'homepage_assets' in 'where clause' in D:\laragon\www\SchoolingTime\vendor\codeigniter4\framework\system\Database\MySQLi\Connection.php:306
Stack trace:
#0 D:\laragon\www\SchoolingTime\vendor\codeigniter4\framework\system\Database\MySQLi\Connection.php(306): mysqli->query('SELECT * FROM q...', 0)
#1 D:\laragon\www\SchoolingTime\vendor\codeigniter4\framework\system\Database\BaseConnection.php(693): CodeIgniter\Database\MySQLi\Connection->execute('SELECT * FROM q...')
#2 D:\laragon\www\SchoolingTime\vendor\codeigniter4\framework\system\Database\BaseConnection.php(607): CodeIgniter\Database\BaseConnection->simpleQuery('SELECT * FROM q...')
#3 D:\laragon\www\SchoolingTime\app\Controllers\QuestionAnswerController.php(30): CodeIgniter\Database\BaseConnection->query('SELECT * FROM q...')
#4 D:\laragon\www\SchoolingTime\vendor\codeigniter4\framework\system\CodeIgniter.php(942): App\Controllers\QuestionAnswerController->exam_result_show('STD240715EC7E', 'homepage_assets', 'img', 'logo.png')
#5 D:\laragon\www\SchoolingTime\vendor\codeigniter4\framework\system\CodeIgniter.php(502): CodeIgniter\CodeIgniter->runController(Object(App\Controllers\QuestionAnswerController))
#6 D:\laragon\www\SchoolingTime\vendor\codeigniter4\framework\system\CodeIgniter.php(361): CodeIgniter\CodeIgniter->handleRequest(NULL, Object(Config\Cache), false)
#7 D:\laragon\www\SchoolingTime\index.php(79): CodeIgniter\CodeIgniter->run()
#8 {main}
CRITICAL - 2024-04-07 09:09:55 --> Unknown column 'homepage_assets' in 'where clause'
in SYSTEMPATH\Database\BaseConnection.php on line 647.
 1 APPPATH\Controllers\QuestionAnswerController.php(30): CodeIgniter\Database\BaseConnection->query('SELECT * FROM question_answer 
                          WHERE id IN (homepage_assets) AND user_id = \'STD240715EC7E\' ')
 2 SYSTEMPATH\CodeIgniter.php(942): App\Controllers\QuestionAnswerController->exam_result_show('STD240715EC7E', 'homepage_assets', 'img', 'logo.png')
 3 SYSTEMPATH\CodeIgniter.php(502): CodeIgniter\CodeIgniter->runController(Object(App\Controllers\QuestionAnswerController))
 4 SYSTEMPATH\CodeIgniter.php(361): CodeIgniter\CodeIgniter->handleRequest(null, Object(Config\Cache), false)
 5 FCPATH\index.php(79): CodeIgniter\CodeIgniter->run()
INFO - 2024-04-07 09:19:17 --> Session: Class initialized using 'CodeIgniter\Session\Handlers\FileHandler' driver.
INFO - 2024-04-07 09:19:17 --> Session: Class initialized using 'CodeIgniter\Session\Handlers\FileHandler' driver.
ERROR - 2024-04-07 09:19:17 --> mysqli_sql_exception: Unknown column 'homepage_assets' in 'where clause' in D:\laragon\www\SchoolingTime\vendor\codeigniter4\framework\system\Database\MySQLi\Connection.php:306
Stack trace:
#0 D:\laragon\www\SchoolingTime\vendor\codeigniter4\framework\system\Database\MySQLi\Connection.php(306): mysqli->query('SELECT * FROM q...', 0)
#1 D:\laragon\www\SchoolingTime\vendor\codeigniter4\framework\system\Database\BaseConnection.php(693): CodeIgniter\Database\MySQLi\Connection->execute('SELECT * FROM q...')
#2 D:\laragon\www\SchoolingTime\vendor\codeigniter4\framework\system\Database\BaseConnection.php(607): CodeIgniter\Database\BaseConnection->simpleQuery('SELECT * FROM q...')
#3 D:\laragon\www\SchoolingTime\app\Controllers\QuestionAnswerController.php(30): CodeIgniter\Database\BaseConnection->query('SELECT * FROM q...')
#4 D:\laragon\www\SchoolingTime\vendor\codeigniter4\framework\system\CodeIgniter.php(942): App\Controllers\QuestionAnswerController->exam_result_show('STD240715EC7E', 'homepage_assets', 'img', 'logo.png')
#5 D:\laragon\www\SchoolingTime\vendor\codeigniter4\framework\system\CodeIgniter.php(502): CodeIgniter\CodeIgniter->runController(Object(App\Controllers\QuestionAnswerController))
#6 D:\laragon\www\SchoolingTime\vendor\codeigniter4\framework\system\CodeIgniter.php(361): CodeIgniter\CodeIgniter->handleRequest(NULL, Object(Config\Cache), false)
#7 D:\laragon\www\SchoolingTime\index.php(79): CodeIgniter\CodeIgniter->run()
#8 {main}
CRITICAL - 2024-04-07 09:19:17 --> Unknown column 'homepage_assets' in 'where clause'
in SYSTEMPATH\Database\BaseConnection.php on line 647.
 1 APPPATH\Controllers\QuestionAnswerController.php(30): CodeIgniter\Database\BaseConnection->query('SELECT * FROM question_answer 
                          WHERE id IN (homepage_assets) AND user_id = \'STD240715EC7E\' ')
 2 SYSTEMPATH\CodeIgniter.php(942): App\Controllers\QuestionAnswerController->exam_result_show('STD240715EC7E', 'homepage_assets', 'img', 'logo.png')
 3 SYSTEMPATH\CodeIgniter.php(502): CodeIgniter\CodeIgniter->runController(Object(App\Controllers\QuestionAnswerController))
 4 SYSTEMPATH\CodeIgniter.php(361): CodeIgniter\CodeIgniter->handleRequest(null, Object(Config\Cache), false)
 5 FCPATH\index.php(79): CodeIgniter\CodeIgniter->run()
INFO - 2024-04-07 09:19:18 --> Session: Class initialized using 'CodeIgniter\Session\Handlers\FileHandler' driver.
ERROR - 2024-04-07 09:19:18 --> mysqli_sql_exception: Unknown column 'homepage_assets' in 'where clause' in D:\laragon\www\SchoolingTime\vendor\codeigniter4\framework\system\Database\MySQLi\Connection.php:306
Stack trace:
#0 D:\laragon\www\SchoolingTime\vendor\codeigniter4\framework\system\Database\MySQLi\Connection.php(306): mysqli->query('SELECT * FROM q...', 0)
#1 D:\laragon\www\SchoolingTime\vendor\codeigniter4\framework\system\Database\BaseConnection.php(693): CodeIgniter\Database\MySQLi\Connection->execute('SELECT * FROM q...')
#2 D:\laragon\www\SchoolingTime\vendor\codeigniter4\framework\system\Database\BaseConnection.php(607): CodeIgniter\Database\BaseConnection->simpleQuery('SELECT * FROM q...')
#3 D:\laragon\www\SchoolingTime\app\Controllers\QuestionAnswerController.php(30): CodeIgniter\Database\BaseConnection->query('SELECT * FROM q...')
#4 D:\laragon\www\SchoolingTime\vendor\codeigniter4\framework\system\CodeIgniter.php(942): App\Controllers\QuestionAnswerController->exam_result_show('STD240715EC7E', 'homepage_assets', 'img', 'favicon.png')
#5 D:\laragon\www\SchoolingTime\vendor\codeigniter4\framework\system\CodeIgniter.php(502): CodeIgniter\CodeIgniter->runController(Object(App\Controllers\QuestionAnswerController))
#6 D:\laragon\www\SchoolingTime\vendor\codeigniter4\framework\system\CodeIgniter.php(361): CodeIgniter\CodeIgniter->handleRequest(NULL, Object(Config\Cache), false)
#7 D:\laragon\www\SchoolingTime\index.php(79): CodeIgniter\CodeIgniter->run()
#8 {main}
CRITICAL - 2024-04-07 09:19:18 --> Unknown column 'homepage_assets' in 'where clause'
in SYSTEMPATH\Database\BaseConnection.php on line 647.
 1 APPPATH\Controllers\QuestionAnswerController.php(30): CodeIgniter\Database\BaseConnection->query('SELECT * FROM question_answer 
                          WHERE id IN (homepage_assets) AND user_id = \'STD240715EC7E\' ')
 2 SYSTEMPATH\CodeIgniter.php(942): App\Controllers\QuestionAnswerController->exam_result_show('STD240715EC7E', 'homepage_assets', 'img', 'favicon.png')
 3 SYSTEMPATH\CodeIgniter.php(502): CodeIgniter\CodeIgniter->runController(Object(App\Controllers\QuestionAnswerController))
 4 SYSTEMPATH\CodeIgniter.php(361): CodeIgniter\CodeIgniter->handleRequest(null, Object(Config\Cache), false)
 5 FCPATH\index.php(79): CodeIgniter\CodeIgniter->run()
INFO - 2024-04-07 09:19:18 --> Session: Class initialized using 'CodeIgniter\Session\Handlers\FileHandler' driver.
ERROR - 2024-04-07 09:19:18 --> mysqli_sql_exception: Unknown column 'homepage_assets' in 'where clause' in D:\laragon\www\SchoolingTime\vendor\codeigniter4\framework\system\Database\MySQLi\Connection.php:306
Stack trace:
#0 D:\laragon\www\SchoolingTime\vendor\codeigniter4\framework\system\Database\MySQLi\Connection.php(306): mysqli->query('SELECT * FROM q...', 0)
#1 D:\laragon\www\SchoolingTime\vendor\codeigniter4\framework\system\Database\BaseConnection.php(693): CodeIgniter\Database\MySQLi\Connection->execute('SELECT * FROM q...')
#2 D:\laragon\www\SchoolingTime\vendor\codeigniter4\framework\system\Database\BaseConnection.php(607): CodeIgniter\Database\BaseConnection->simpleQuery('SELECT * FROM q...')
#3 D:\laragon\www\SchoolingTime\app\Controllers\QuestionAnswerController.php(30): CodeIgniter\Database\BaseConnection->query('SELECT * FROM q...')
#4 D:\laragon\www\SchoolingTime\vendor\codeigniter4\framework\system\CodeIgniter.php(942): App\Controllers\QuestionAnswerController->exam_result_show('STD240715EC7E', 'homepage_assets', 'img', 'apple-touch-ico...')
#5 D:\laragon\www\SchoolingTime\vendor\codeigniter4\framework\system\CodeIgniter.php(502): CodeIgniter\CodeIgniter->runController(Object(App\Controllers\QuestionAnswerController))
#6 D:\laragon\www\SchoolingTime\vendor\codeigniter4\framework\system\CodeIgniter.php(361): CodeIgniter\CodeIgniter->handleRequest(NULL, Object(Config\Cache), false)
#7 D:\laragon\www\SchoolingTime\index.php(79): CodeIgniter\CodeIgniter->run()
#8 {main}
CRITICAL - 2024-04-07 09:19:18 --> Unknown column 'homepage_assets' in 'where clause'
in SYSTEMPATH\Database\BaseConnection.php on line 647.
 1 APPPATH\Controllers\QuestionAnswerController.php(30): CodeIgniter\Database\BaseConnection->query('SELECT * FROM question_answer 
                          WHERE id IN (homepage_assets) AND user_id = \'STD240715EC7E\' ')
 2 SYSTEMPATH\CodeIgniter.php(942): App\Controllers\QuestionAnswerController->exam_result_show('STD240715EC7E', 'homepage_assets', 'img', 'apple-touch-icon.png')
 3 SYSTEMPATH\CodeIgniter.php(502): CodeIgniter\CodeIgniter->runController(Object(App\Controllers\QuestionAnswerController))
 4 SYSTEMPATH\CodeIgniter.php(361): CodeIgniter\CodeIgniter->handleRequest(null, Object(Config\Cache), false)
 5 FCPATH\index.php(79): CodeIgniter\CodeIgniter->run()
INFO - 2024-04-07 09:19:19 --> Session: Class initialized using 'CodeIgniter\Session\Handlers\FileHandler' driver.
INFO - 2024-04-07 09:19:19 --> Session: Class initialized using 'CodeIgniter\Session\Handlers\FileHandler' driver.
ERROR - 2024-04-07 09:19:19 --> mysqli_sql_exception: Unknown column 'homepage_assets' in 'where clause' in D:\laragon\www\SchoolingTime\vendor\codeigniter4\framework\system\Database\MySQLi\Connection.php:306
Stack trace:
#0 D:\laragon\www\SchoolingTime\vendor\codeigniter4\framework\system\Database\MySQLi\Connection.php(306): mysqli->query('SELECT * FROM q...', 0)
#1 D:\laragon\www\SchoolingTime\vendor\codeigniter4\framework\system\Database\BaseConnection.php(693): CodeIgniter\Database\MySQLi\Connection->execute('SELECT * FROM q...')
#2 D:\laragon\www\SchoolingTime\vendor\codeigniter4\framework\system\Database\BaseConnection.php(607): CodeIgniter\Database\BaseConnection->simpleQuery('SELECT * FROM q...')
#3 D:\laragon\www\SchoolingTime\app\Controllers\QuestionAnswerController.php(30): CodeIgniter\Database\BaseConnection->query('SELECT * FROM q...')
#4 D:\laragon\www\SchoolingTime\vendor\codeigniter4\framework\system\CodeIgniter.php(942): App\Controllers\QuestionAnswerController->exam_result_show('STD240715EC7E', 'homepage_assets', 'img', 'logo.png')
#5 D:\laragon\www\SchoolingTime\vendor\codeigniter4\framework\system\CodeIgniter.php(502): CodeIgniter\CodeIgniter->runController(Object(App\Controllers\QuestionAnswerController))
#6 D:\laragon\www\SchoolingTime\vendor\codeigniter4\framework\system\CodeIgniter.php(361): CodeIgniter\CodeIgniter->handleRequest(NULL, Object(Config\Cache), false)
#7 D:\laragon\www\SchoolingTime\index.php(79): CodeIgniter\CodeIgniter->run()
#8 {main}
CRITICAL - 2024-04-07 09:19:19 --> Unknown column 'homepage_assets' in 'where clause'
in SYSTEMPATH\Database\BaseConnection.php on line 647.
 1 APPPATH\Controllers\QuestionAnswerController.php(30): CodeIgniter\Database\BaseConnection->query('SELECT * FROM question_answer 
                          WHERE id IN (homepage_assets) AND user_id = \'STD240715EC7E\' ')
 2 SYSTEMPATH\CodeIgniter.php(942): App\Controllers\QuestionAnswerController->exam_result_show('STD240715EC7E', 'homepage_assets', 'img', 'logo.png')
 3 SYSTEMPATH\CodeIgniter.php(502): CodeIgniter\CodeIgniter->runController(Object(App\Controllers\QuestionAnswerController))
 4 SYSTEMPATH\CodeIgniter.php(361): CodeIgniter\CodeIgniter->handleRequest(null, Object(Config\Cache), false)
 5 FCPATH\index.php(79): CodeIgniter\CodeIgniter->run()
INFO - 2024-04-07 09:19:19 --> Session: Class initialized using 'CodeIgniter\Session\Handlers\FileHandler' driver.
ERROR - 2024-04-07 09:19:19 --> mysqli_sql_exception: Unknown column 'homepage_assets' in 'where clause' in D:\laragon\www\SchoolingTime\vendor\codeigniter4\framework\system\Database\MySQLi\Connection.php:306
Stack trace:
#0 D:\laragon\www\SchoolingTime\vendor\codeigniter4\framework\system\Database\MySQLi\Connection.php(306): mysqli->query('SELECT * FROM q...', 0)
#1 D:\laragon\www\SchoolingTime\vendor\codeigniter4\framework\system\Database\BaseConnection.php(693): CodeIgniter\Database\MySQLi\Connection->execute('SELECT * FROM q...')
#2 D:\laragon\www\SchoolingTime\vendor\codeigniter4\framework\system\Database\BaseConnection.php(607): CodeIgniter\Database\BaseConnection->simpleQuery('SELECT * FROM q...')
#3 D:\laragon\www\SchoolingTime\app\Controllers\QuestionAnswerController.php(30): CodeIgniter\Database\BaseConnection->query('SELECT * FROM q...')
#4 D:\laragon\www\SchoolingTime\vendor\codeigniter4\framework\system\CodeIgniter.php(942): App\Controllers\QuestionAnswerController->exam_result_show('STD240715EC7E', 'homepage_assets', 'img', 'favicon.png')
#5 D:\laragon\www\SchoolingTime\vendor\codeigniter4\framework\system\CodeIgniter.php(502): CodeIgniter\CodeIgniter->runController(Object(App\Controllers\QuestionAnswerController))
#6 D:\laragon\www\SchoolingTime\vendor\codeigniter4\framework\system\CodeIgniter.php(361): CodeIgniter\CodeIgniter->handleRequest(NULL, Object(Config\Cache), false)
#7 D:\laragon\www\SchoolingTime\index.php(79): CodeIgniter\CodeIgniter->run()
#8 {main}
CRITICAL - 2024-04-07 09:19:19 --> Unknown column 'homepage_assets' in 'where clause'
in SYSTEMPATH\Database\BaseConnection.php on line 647.
 1 APPPATH\Controllers\QuestionAnswerController.php(30): CodeIgniter\Database\BaseConnection->query('SELECT * FROM question_answer 
                          WHERE id IN (homepage_assets) AND user_id = \'STD240715EC7E\' ')
 2 SYSTEMPATH\CodeIgniter.php(942): App\Controllers\QuestionAnswerController->exam_result_show('STD240715EC7E', 'homepage_assets', 'img', 'favicon.png')
 3 SYSTEMPATH\CodeIgniter.php(502): CodeIgniter\CodeIgniter->runController(Object(App\Controllers\QuestionAnswerController))
 4 SYSTEMPATH\CodeIgniter.php(361): CodeIgniter\CodeIgniter->handleRequest(null, Object(Config\Cache), false)
 5 FCPATH\index.php(79): CodeIgniter\CodeIgniter->run()
INFO - 2024-04-07 09:19:19 --> Session: Class initialized using 'CodeIgniter\Session\Handlers\FileHandler' driver.
ERROR - 2024-04-07 09:19:19 --> mysqli_sql_exception: Unknown column 'homepage_assets' in 'where clause' in D:\laragon\www\SchoolingTime\vendor\codeigniter4\framework\system\Database\MySQLi\Connection.php:306
Stack trace:
#0 D:\laragon\www\SchoolingTime\vendor\codeigniter4\framework\system\Database\MySQLi\Connection.php(306): mysqli->query('SELECT * FROM q...', 0)
#1 D:\laragon\www\SchoolingTime\vendor\codeigniter4\framework\system\Database\BaseConnection.php(693): CodeIgniter\Database\MySQLi\Connection->execute('SELECT * FROM q...')
#2 D:\laragon\www\SchoolingTime\vendor\codeigniter4\framework\system\Database\BaseConnection.php(607): CodeIgniter\Database\BaseConnection->simpleQuery('SELECT * FROM q...')
#3 D:\laragon\www\SchoolingTime\app\Controllers\QuestionAnswerController.php(30): CodeIgniter\Database\BaseConnection->query('SELECT * FROM q...')
#4 D:\laragon\www\SchoolingTime\vendor\codeigniter4\framework\system\CodeIgniter.php(942): App\Controllers\QuestionAnswerController->exam_result_show('STD240715EC7E', 'homepage_assets', 'img', 'apple-touch-ico...')
#5 D:\laragon\www\SchoolingTime\vendor\codeigniter4\framework\system\CodeIgniter.php(502): CodeIgniter\CodeIgniter->runController(Object(App\Controllers\QuestionAnswerController))
#6 D:\laragon\www\SchoolingTime\vendor\codeigniter4\framework\system\CodeIgniter.php(361): CodeIgniter\CodeIgniter->handleRequest(NULL, Object(Config\Cache), false)
#7 D:\laragon\www\SchoolingTime\index.php(79): CodeIgniter\CodeIgniter->run()
#8 {main}
CRITICAL - 2024-04-07 09:19:19 --> Unknown column 'homepage_assets' in 'where clause'
in SYSTEMPATH\Database\BaseConnection.php on line 647.
 1 APPPATH\Controllers\QuestionAnswerController.php(30): CodeIgniter\Database\BaseConnection->query('SELECT * FROM question_answer 
                          WHERE id IN (homepage_assets) AND user_id = \'STD240715EC7E\' ')
 2 SYSTEMPATH\CodeIgniter.php(942): App\Controllers\QuestionAnswerController->exam_result_show('STD240715EC7E', 'homepage_assets', 'img', 'apple-touch-icon.png')
 3 SYSTEMPATH\CodeIgniter.php(502): CodeIgniter\CodeIgniter->runController(Object(App\Controllers\QuestionAnswerController))
 4 SYSTEMPATH\CodeIgniter.php(361): CodeIgniter\CodeIgniter->handleRequest(null, Object(Config\Cache), false)
 5 FCPATH\index.php(79): CodeIgniter\CodeIgniter->run()
INFO - 2024-04-07 09:20:03 --> Session: Class initialized using 'CodeIgniter\Session\Handlers\FileHandler' driver.
INFO - 2024-04-07 09:20:04 --> Session: Class initialized using 'CodeIgniter\Session\Handlers\FileHandler' driver.
ERROR - 2024-04-07 09:20:04 --> mysqli_sql_exception: Unknown column 'homepage_assets' in 'where clause' in D:\laragon\www\SchoolingTime\vendor\codeigniter4\framework\system\Database\MySQLi\Connection.php:306
Stack trace:
#0 D:\laragon\www\SchoolingTime\vendor\codeigniter4\framework\system\Database\MySQLi\Connection.php(306): mysqli->query('SELECT * FROM q...', 0)
#1 D:\laragon\www\SchoolingTime\vendor\codeigniter4\framework\system\Database\BaseConnection.php(693): CodeIgniter\Database\MySQLi\Connection->execute('SELECT * FROM q...')
#2 D:\laragon\www\SchoolingTime\vendor\codeigniter4\framework\system\Database\BaseConnection.php(607): CodeIgniter\Database\BaseConnection->simpleQuery('SELECT * FROM q...')
#3 D:\laragon\www\SchoolingTime\app\Controllers\QuestionAnswerController.php(30): CodeIgniter\Database\BaseConnection->query('SELECT * FROM q...')
#4 D:\laragon\www\SchoolingTime\vendor\codeigniter4\framework\system\CodeIgniter.php(942): App\Controllers\QuestionAnswerController->exam_result_show('STD240715EC7E', 'homepage_assets', 'img', 'logo.png')
#5 D:\laragon\www\SchoolingTime\vendor\codeigniter4\framework\system\CodeIgniter.php(502): CodeIgniter\CodeIgniter->runController(Object(App\Controllers\QuestionAnswerController))
#6 D:\laragon\www\SchoolingTime\vendor\codeigniter4\framework\system\CodeIgniter.php(361): CodeIgniter\CodeIgniter->handleRequest(NULL, Object(Config\Cache), false)
#7 D:\laragon\www\SchoolingTime\index.php(79): CodeIgniter\CodeIgniter->run()
#8 {main}
CRITICAL - 2024-04-07 09:20:04 --> Unknown column 'homepage_assets' in 'where clause'
in SYSTEMPATH\Database\BaseConnection.php on line 647.
 1 APPPATH\Controllers\QuestionAnswerController.php(30): CodeIgniter\Database\BaseConnection->query('SELECT * FROM question_answer 
                          WHERE id IN (homepage_assets) AND user_id = \'STD240715EC7E\' ')
 2 SYSTEMPATH\CodeIgniter.php(942): App\Controllers\QuestionAnswerController->exam_result_show('STD240715EC7E', 'homepage_assets', 'img', 'logo.png')
 3 SYSTEMPATH\CodeIgniter.php(502): CodeIgniter\CodeIgniter->runController(Object(App\Controllers\QuestionAnswerController))
 4 SYSTEMPATH\CodeIgniter.php(361): CodeIgniter\CodeIgniter->handleRequest(null, Object(Config\Cache), false)
 5 FCPATH\index.php(79): CodeIgniter\CodeIgniter->run()
INFO - 2024-04-07 09:20:04 --> Session: Class initialized using 'CodeIgniter\Session\Handlers\FileHandler' driver.
ERROR - 2024-04-07 09:20:04 --> mysqli_sql_exception: Unknown column 'homepage_assets' in 'where clause' in D:\laragon\www\SchoolingTime\vendor\codeigniter4\framework\system\Database\MySQLi\Connection.php:306
Stack trace:
#0 D:\laragon\www\SchoolingTime\vendor\codeigniter4\framework\system\Database\MySQLi\Connection.php(306): mysqli->query('SELECT * FROM q...', 0)
#1 D:\laragon\www\SchoolingTime\vendor\codeigniter4\framework\system\Database\BaseConnection.php(693): CodeIgniter\Database\MySQLi\Connection->execute('SELECT * FROM q...')
#2 D:\laragon\www\SchoolingTime\vendor\codeigniter4\framework\system\Database\BaseConnection.php(607): CodeIgniter\Database\BaseConnection->simpleQuery('SELECT * FROM q...')
#3 D:\laragon\www\SchoolingTime\app\Controllers\QuestionAnswerController.php(30): CodeIgniter\Database\BaseConnection->query('SELECT * FROM q...')
#4 D:\laragon\www\SchoolingTime\vendor\codeigniter4\framework\system\CodeIgniter.php(942): App\Controllers\QuestionAnswerController->exam_result_show('STD240715EC7E', 'homepage_assets', 'img', 'apple-touch-ico...')
#5 D:\laragon\www\SchoolingTime\vendor\codeigniter4\framework\system\CodeIgniter.php(502): CodeIgniter\CodeIgniter->runController(Object(App\Controllers\QuestionAnswerController))
#6 D:\laragon\www\SchoolingTime\vendor\codeigniter4\framework\system\CodeIgniter.php(361): CodeIgniter\CodeIgniter->handleRequest(NULL, Object(Config\Cache), false)
#7 D:\laragon\www\SchoolingTime\index.php(79): CodeIgniter\CodeIgniter->run()
#8 {main}
CRITICAL - 2024-04-07 09:20:04 --> Unknown column 'homepage_assets' in 'where clause'
in SYSTEMPATH\Database\BaseConnection.php on line 647.
 1 APPPATH\Controllers\QuestionAnswerController.php(30): CodeIgniter\Database\BaseConnection->query('SELECT * FROM question_answer 
                          WHERE id IN (homepage_assets) AND user_id = \'STD240715EC7E\' ')
 2 SYSTEMPATH\CodeIgniter.php(942): App\Controllers\QuestionAnswerController->exam_result_show('STD240715EC7E', 'homepage_assets', 'img', 'apple-touch-icon.png')
 3 SYSTEMPATH\CodeIgniter.php(502): CodeIgniter\CodeIgniter->runController(Object(App\Controllers\QuestionAnswerController))
 4 SYSTEMPATH\CodeIgniter.php(361): CodeIgniter\CodeIgniter->handleRequest(null, Object(Config\Cache), false)
 5 FCPATH\index.php(79): CodeIgniter\CodeIgniter->run()
INFO - 2024-04-07 09:20:04 --> Session: Class initialized using 'CodeIgniter\Session\Handlers\FileHandler' driver.
ERROR - 2024-04-07 09:20:04 --> mysqli_sql_exception: Unknown column 'homepage_assets' in 'where clause' in D:\laragon\www\SchoolingTime\vendor\codeigniter4\framework\system\Database\MySQLi\Connection.php:306
Stack trace:
#0 D:\laragon\www\SchoolingTime\vendor\codeigniter4\framework\system\Database\MySQLi\Connection.php(306): mysqli->query('SELECT * FROM q...', 0)
#1 D:\laragon\www\SchoolingTime\vendor\codeigniter4\framework\system\Database\BaseConnection.php(693): CodeIgniter\Database\MySQLi\Connection->execute('SELECT * FROM q...')
#2 D:\laragon\www\SchoolingTime\vendor\codeigniter4\framework\system\Database\BaseConnection.php(607): CodeIgniter\Database\BaseConnection->simpleQuery('SELECT * FROM q...')
#3 D:\laragon\www\SchoolingTime\app\Controllers\QuestionAnswerController.php(30): CodeIgniter\Database\BaseConnection->query('SELECT * FROM q...')
#4 D:\laragon\www\SchoolingTime\vendor\codeigniter4\framework\system\CodeIgniter.php(942): App\Controllers\QuestionAnswerController->exam_result_show('STD240715EC7E', 'homepage_assets', 'img', 'favicon.png')
#5 D:\laragon\www\SchoolingTime\vendor\codeigniter4\framework\system\CodeIgniter.php(502): CodeIgniter\CodeIgniter->runController(Object(App\Controllers\QuestionAnswerController))
#6 D:\laragon\www\SchoolingTime\vendor\codeigniter4\framework\system\CodeIgniter.php(361): CodeIgniter\CodeIgniter->handleRequest(NULL, Object(Config\Cache), false)
#7 D:\laragon\www\SchoolingTime\index.php(79): CodeIgniter\CodeIgniter->run()
#8 {main}
CRITICAL - 2024-04-07 09:20:04 --> Unknown column 'homepage_assets' in 'where clause'
in SYSTEMPATH\Database\BaseConnection.php on line 647.
 1 APPPATH\Controllers\QuestionAnswerController.php(30): CodeIgniter\Database\BaseConnection->query('SELECT * FROM question_answer 
                          WHERE id IN (homepage_assets) AND user_id = \'STD240715EC7E\' ')
 2 SYSTEMPATH\CodeIgniter.php(942): App\Controllers\QuestionAnswerController->exam_result_show('STD240715EC7E', 'homepage_assets', 'img', 'favicon.png')
 3 SYSTEMPATH\CodeIgniter.php(502): CodeIgniter\CodeIgniter->runController(Object(App\Controllers\QuestionAnswerController))
 4 SYSTEMPATH\CodeIgniter.php(361): CodeIgniter\CodeIgniter->handleRequest(null, Object(Config\Cache), false)
 5 FCPATH\index.php(79): CodeIgniter\CodeIgniter->run()
INFO - 2024-04-07 09:21:16 --> Session: Class initialized using 'CodeIgniter\Session\Handlers\FileHandler' driver.
INFO - 2024-04-07 09:21:17 --> Session: Class initialized using 'CodeIgniter\Session\Handlers\FileHandler' driver.
ERROR - 2024-04-07 09:21:17 --> mysqli_sql_exception: Unknown column 'homepage_assets' in 'where clause' in D:\laragon\www\SchoolingTime\vendor\codeigniter4\framework\system\Database\MySQLi\Connection.php:306
Stack trace:
#0 D:\laragon\www\SchoolingTime\vendor\codeigniter4\framework\system\Database\MySQLi\Connection.php(306): mysqli->query('SELECT * FROM q...', 0)
#1 D:\laragon\www\SchoolingTime\vendor\codeigniter4\framework\system\Database\BaseConnection.php(693): CodeIgniter\Database\MySQLi\Connection->execute('SELECT * FROM q...')
#2 D:\laragon\www\SchoolingTime\vendor\codeigniter4\framework\system\Database\BaseConnection.php(607): CodeIgniter\Database\BaseConnection->simpleQuery('SELECT * FROM q...')
#3 D:\laragon\www\SchoolingTime\app\Controllers\QuestionAnswerController.php(30): CodeIgniter\Database\BaseConnection->query('SELECT * FROM q...')
#4 D:\laragon\www\SchoolingTime\vendor\codeigniter4\framework\system\CodeIgniter.php(942): App\Controllers\QuestionAnswerController->exam_result_show('STD240715EC7E', 'homepage_assets', 'img', 'logo.png')
#5 D:\laragon\www\SchoolingTime\vendor\codeigniter4\framework\system\CodeIgniter.php(502): CodeIgniter\CodeIgniter->runController(Object(App\Controllers\QuestionAnswerController))
#6 D:\laragon\www\SchoolingTime\vendor\codeigniter4\framework\system\CodeIgniter.php(361): CodeIgniter\CodeIgniter->handleRequest(NULL, Object(Config\Cache), false)
#7 D:\laragon\www\SchoolingTime\index.php(79): CodeIgniter\CodeIgniter->run()
#8 {main}
CRITICAL - 2024-04-07 09:21:17 --> Unknown column 'homepage_assets' in 'where clause'
in SYSTEMPATH\Database\BaseConnection.php on line 647.
 1 APPPATH\Controllers\QuestionAnswerController.php(30): CodeIgniter\Database\BaseConnection->query('SELECT * FROM question_answer 
                          WHERE id IN (homepage_assets) AND user_id = \'STD240715EC7E\' ')
 2 SYSTEMPATH\CodeIgniter.php(942): App\Controllers\QuestionAnswerController->exam_result_show('STD240715EC7E', 'homepage_assets', 'img', 'logo.png')
 3 SYSTEMPATH\CodeIgniter.php(502): CodeIgniter\CodeIgniter->runController(Object(App\Controllers\QuestionAnswerController))
 4 SYSTEMPATH\CodeIgniter.php(361): CodeIgniter\CodeIgniter->handleRequest(null, Object(Config\Cache), false)
 5 FCPATH\index.php(79): CodeIgniter\CodeIgniter->run()
INFO - 2024-04-07 09:21:17 --> Session: Class initialized using 'CodeIgniter\Session\Handlers\FileHandler' driver.
ERROR - 2024-04-07 09:21:17 --> mysqli_sql_exception: Unknown column 'homepage_assets' in 'where clause' in D:\laragon\www\SchoolingTime\vendor\codeigniter4\framework\system\Database\MySQLi\Connection.php:306
Stack trace:
#0 D:\laragon\www\SchoolingTime\vendor\codeigniter4\framework\system\Database\MySQLi\Connection.php(306): mysqli->query('SELECT * FROM q...', 0)
#1 D:\laragon\www\SchoolingTime\vendor\codeigniter4\framework\system\Database\BaseConnection.php(693): CodeIgniter\Database\MySQLi\Connection->execute('SELECT * FROM q...')
#2 D:\laragon\www\SchoolingTime\vendor\codeigniter4\framework\system\Database\BaseConnection.php(607): CodeIgniter\Database\BaseConnection->simpleQuery('SELECT * FROM q...')
#3 D:\laragon\www\SchoolingTime\app\Controllers\QuestionAnswerController.php(30): CodeIgniter\Database\BaseConnection->query('SELECT * FROM q...')
#4 D:\laragon\www\SchoolingTime\vendor\codeigniter4\framework\system\CodeIgniter.php(942): App\Controllers\QuestionAnswerController->exam_result_show('STD240715EC7E', 'homepage_assets', 'img', 'favicon.png')
#5 D:\laragon\www\SchoolingTime\vendor\codeigniter4\framework\system\CodeIgniter.php(502): CodeIgniter\CodeIgniter->runController(Object(App\Controllers\QuestionAnswerController))
#6 D:\laragon\www\SchoolingTime\vendor\codeigniter4\framework\system\CodeIgniter.php(361): CodeIgniter\CodeIgniter->handleRequest(NULL, Object(Config\Cache), false)
#7 D:\laragon\www\SchoolingTime\index.php(79): CodeIgniter\CodeIgniter->run()
#8 {main}
CRITICAL - 2024-04-07 09:21:17 --> Unknown column 'homepage_assets' in 'where clause'
in SYSTEMPATH\Database\BaseConnection.php on line 647.
 1 APPPATH\Controllers\QuestionAnswerController.php(30): CodeIgniter\Database\BaseConnection->query('SELECT * FROM question_answer 
                          WHERE id IN (homepage_assets) AND user_id = \'STD240715EC7E\' ')
 2 SYSTEMPATH\CodeIgniter.php(942): App\Controllers\QuestionAnswerController->exam_result_show('STD240715EC7E', 'homepage_assets', 'img', 'favicon.png')
 3 SYSTEMPATH\CodeIgniter.php(502): CodeIgniter\CodeIgniter->runController(Object(App\Controllers\QuestionAnswerController))
 4 SYSTEMPATH\CodeIgniter.php(361): CodeIgniter\CodeIgniter->handleRequest(null, Object(Config\Cache), false)
 5 FCPATH\index.php(79): CodeIgniter\CodeIgniter->run()
INFO - 2024-04-07 09:21:17 --> Session: Class initialized using 'CodeIgniter\Session\Handlers\FileHandler' driver.
ERROR - 2024-04-07 09:21:17 --> mysqli_sql_exception: Unknown column 'homepage_assets' in 'where clause' in D:\laragon\www\SchoolingTime\vendor\codeigniter4\framework\system\Database\MySQLi\Connection.php:306
Stack trace:
#0 D:\laragon\www\SchoolingTime\vendor\codeigniter4\framework\system\Database\MySQLi\Connection.php(306): mysqli->query('SELECT * FROM q...', 0)
#1 D:\laragon\www\SchoolingTime\vendor\codeigniter4\framework\system\Database\BaseConnection.php(693): CodeIgniter\Database\MySQLi\Connection->execute('SELECT * FROM q...')
#2 D:\laragon\www\SchoolingTime\vendor\codeigniter4\framework\system\Database\BaseConnection.php(607): CodeIgniter\Database\BaseConnection->simpleQuery('SELECT * FROM q...')
#3 D:\laragon\www\SchoolingTime\app\Controllers\QuestionAnswerController.php(30): CodeIgniter\Database\BaseConnection->query('SELECT * FROM q...')
#4 D:\laragon\www\SchoolingTime\vendor\codeigniter4\framework\system\CodeIgniter.php(942): App\Controllers\QuestionAnswerController->exam_result_show('STD240715EC7E', 'homepage_assets', 'img', 'apple-touch-ico...')
#5 D:\laragon\www\SchoolingTime\vendor\codeigniter4\framework\system\CodeIgniter.php(502): CodeIgniter\CodeIgniter->runController(Object(App\Controllers\QuestionAnswerController))
#6 D:\laragon\www\SchoolingTime\vendor\codeigniter4\framework\system\CodeIgniter.php(361): CodeIgniter\CodeIgniter->handleRequest(NULL, Object(Config\Cache), false)
#7 D:\laragon\www\SchoolingTime\index.php(79): CodeIgniter\CodeIgniter->run()
#8 {main}
CRITICAL - 2024-04-07 09:21:17 --> Unknown column 'homepage_assets' in 'where clause'
in SYSTEMPATH\Database\BaseConnection.php on line 647.
 1 APPPATH\Controllers\QuestionAnswerController.php(30): CodeIgniter\Database\BaseConnection->query('SELECT * FROM question_answer 
                          WHERE id IN (homepage_assets) AND user_id = \'STD240715EC7E\' ')
 2 SYSTEMPATH\CodeIgniter.php(942): App\Controllers\QuestionAnswerController->exam_result_show('STD240715EC7E', 'homepage_assets', 'img', 'apple-touch-icon.png')
 3 SYSTEMPATH\CodeIgniter.php(502): CodeIgniter\CodeIgniter->runController(Object(App\Controllers\QuestionAnswerController))
 4 SYSTEMPATH\CodeIgniter.php(361): CodeIgniter\CodeIgniter->handleRequest(null, Object(Config\Cache), false)
 5 FCPATH\index.php(79): CodeIgniter\CodeIgniter->run()
INFO - 2024-04-07 09:21:18 --> Session: Class initialized using 'CodeIgniter\Session\Handlers\FileHandler' driver.
INFO - 2024-04-07 09:21:18 --> Session: Class initialized using 'CodeIgniter\Session\Handlers\FileHandler' driver.
ERROR - 2024-04-07 09:21:18 --> mysqli_sql_exception: Unknown column 'homepage_assets' in 'where clause' in D:\laragon\www\SchoolingTime\vendor\codeigniter4\framework\system\Database\MySQLi\Connection.php:306
Stack trace:
#0 D:\laragon\www\SchoolingTime\vendor\codeigniter4\framework\system\Database\MySQLi\Connection.php(306): mysqli->query('SELECT * FROM q...', 0)
#1 D:\laragon\www\SchoolingTime\vendor\codeigniter4\framework\system\Database\BaseConnection.php(693): CodeIgniter\Database\MySQLi\Connection->execute('SELECT * FROM q...')
#2 D:\laragon\www\SchoolingTime\vendor\codeigniter4\framework\system\Database\BaseConnection.php(607): CodeIgniter\Database\BaseConnection->simpleQuery('SELECT * FROM q...')
#3 D:\laragon\www\SchoolingTime\app\Controllers\QuestionAnswerController.php(30): CodeIgniter\Database\BaseConnection->query('SELECT * FROM q...')
#4 D:\laragon\www\SchoolingTime\vendor\codeigniter4\framework\system\CodeIgniter.php(942): App\Controllers\QuestionAnswerController->exam_result_show('STD240715EC7E', 'homepage_assets', 'img', 'logo.png')
#5 D:\laragon\www\SchoolingTime\vendor\codeigniter4\framework\system\CodeIgniter.php(502): CodeIgniter\CodeIgniter->runController(Object(App\Controllers\QuestionAnswerController))
#6 D:\laragon\www\SchoolingTime\vendor\codeigniter4\framework\system\CodeIgniter.php(361): CodeIgniter\CodeIgniter->handleRequest(NULL, Object(Config\Cache), false)
#7 D:\laragon\www\SchoolingTime\index.php(79): CodeIgniter\CodeIgniter->run()
#8 {main}
CRITICAL - 2024-04-07 09:21:18 --> Unknown column 'homepage_assets' in 'where clause'
in SYSTEMPATH\Database\BaseConnection.php on line 647.
 1 APPPATH\Controllers\QuestionAnswerController.php(30): CodeIgniter\Database\BaseConnection->query('SELECT * FROM question_answer 
                          WHERE id IN (homepage_assets) AND user_id = \'STD240715EC7E\' ')
 2 SYSTEMPATH\CodeIgniter.php(942): App\Controllers\QuestionAnswerController->exam_result_show('STD240715EC7E', 'homepage_assets', 'img', 'logo.png')
 3 SYSTEMPATH\CodeIgniter.php(502): CodeIgniter\CodeIgniter->runController(Object(App\Controllers\QuestionAnswerController))
 4 SYSTEMPATH\CodeIgniter.php(361): CodeIgniter\CodeIgniter->handleRequest(null, Object(Config\Cache), false)
 5 FCPATH\index.php(79): CodeIgniter\CodeIgniter->run()
INFO - 2024-04-07 09:21:18 --> Session: Class initialized using 'CodeIgniter\Session\Handlers\FileHandler' driver.
ERROR - 2024-04-07 09:21:18 --> mysqli_sql_exception: Unknown column 'homepage_assets' in 'where clause' in D:\laragon\www\SchoolingTime\vendor\codeigniter4\framework\system\Database\MySQLi\Connection.php:306
Stack trace:
#0 D:\laragon\www\SchoolingTime\vendor\codeigniter4\framework\system\Database\MySQLi\Connection.php(306): mysqli->query('SELECT * FROM q...', 0)
#1 D:\laragon\www\SchoolingTime\vendor\codeigniter4\framework\system\Database\BaseConnection.php(693): CodeIgniter\Database\MySQLi\Connection->execute('SELECT * FROM q...')
#2 D:\laragon\www\SchoolingTime\vendor\codeigniter4\framework\system\Database\BaseConnection.php(607): CodeIgniter\Database\BaseConnection->simpleQuery('SELECT * FROM q...')
#3 D:\laragon\www\SchoolingTime\app\Controllers\QuestionAnswerController.php(30): CodeIgniter\Database\BaseConnection->query('SELECT * FROM q...')
#4 D:\laragon\www\SchoolingTime\vendor\codeigniter4\framework\system\CodeIgniter.php(942): App\Controllers\QuestionAnswerController->exam_result_show('STD240715EC7E', 'homepage_assets', 'img', 'favicon.png')
#5 D:\laragon\www\SchoolingTime\vendor\codeigniter4\framework\system\CodeIgniter.php(502): CodeIgniter\CodeIgniter->runController(Object(App\Controllers\QuestionAnswerController))
#6 D:\laragon\www\SchoolingTime\vendor\codeigniter4\framework\system\CodeIgniter.php(361): CodeIgniter\CodeIgniter->handleRequest(NULL, Object(Config\Cache), false)
#7 D:\laragon\www\SchoolingTime\index.php(79): CodeIgniter\CodeIgniter->run()
#8 {main}
CRITICAL - 2024-04-07 09:21:18 --> Unknown column 'homepage_assets' in 'where clause'
in SYSTEMPATH\Database\BaseConnection.php on line 647.
 1 APPPATH\Controllers\QuestionAnswerController.php(30): CodeIgniter\Database\BaseConnection->query('SELECT * FROM question_answer 
                          WHERE id IN (homepage_assets) AND user_id = \'STD240715EC7E\' ')
 2 SYSTEMPATH\CodeIgniter.php(942): App\Controllers\QuestionAnswerController->exam_result_show('STD240715EC7E', 'homepage_assets', 'img', 'favicon.png')
 3 SYSTEMPATH\CodeIgniter.php(502): CodeIgniter\CodeIgniter->runController(Object(App\Controllers\QuestionAnswerController))
 4 SYSTEMPATH\CodeIgniter.php(361): CodeIgniter\CodeIgniter->handleRequest(null, Object(Config\Cache), false)
 5 FCPATH\index.php(79): CodeIgniter\CodeIgniter->run()
INFO - 2024-04-07 09:21:18 --> Session: Class initialized using 'CodeIgniter\Session\Handlers\FileHandler' driver.
ERROR - 2024-04-07 09:21:18 --> mysqli_sql_exception: Unknown column 'homepage_assets' in 'where clause' in D:\laragon\www\SchoolingTime\vendor\codeigniter4\framework\system\Database\MySQLi\Connection.php:306
Stack trace:
#0 D:\laragon\www\SchoolingTime\vendor\codeigniter4\framework\system\Database\MySQLi\Connection.php(306): mysqli->query('SELECT * FROM q...', 0)
#1 D:\laragon\www\SchoolingTime\vendor\codeigniter4\framework\system\Database\BaseConnection.php(693): CodeIgniter\Database\MySQLi\Connection->execute('SELECT * FROM q...')
#2 D:\laragon\www\SchoolingTime\vendor\codeigniter4\framework\system\Database\BaseConnection.php(607): CodeIgniter\Database\BaseConnection->simpleQuery('SELECT * FROM q...')
#3 D:\laragon\www\SchoolingTime\app\Controllers\QuestionAnswerController.php(30): CodeIgniter\Database\BaseConnection->query('SELECT * FROM q...')
#4 D:\laragon\www\SchoolingTime\vendor\codeigniter4\framework\system\CodeIgniter.php(942): App\Controllers\QuestionAnswerController->exam_result_show('STD240715EC7E', 'homepage_assets', 'img', 'apple-touch-ico...')
#5 D:\laragon\www\SchoolingTime\vendor\codeigniter4\framework\system\CodeIgniter.php(502): CodeIgniter\CodeIgniter->runController(Object(App\Controllers\QuestionAnswerController))
#6 D:\laragon\www\SchoolingTime\vendor\codeigniter4\framework\system\CodeIgniter.php(361): CodeIgniter\CodeIgniter->handleRequest(NULL, Object(Config\Cache), false)
#7 D:\laragon\www\SchoolingTime\index.php(79): CodeIgniter\CodeIgniter->run()
#8 {main}
CRITICAL - 2024-04-07 09:21:18 --> Unknown column 'homepage_assets' in 'where clause'
in SYSTEMPATH\Database\BaseConnection.php on line 647.
 1 APPPATH\Controllers\QuestionAnswerController.php(30): CodeIgniter\Database\BaseConnection->query('SELECT * FROM question_answer 
                          WHERE id IN (homepage_assets) AND user_id = \'STD240715EC7E\' ')
 2 SYSTEMPATH\CodeIgniter.php(942): App\Controllers\QuestionAnswerController->exam_result_show('STD240715EC7E', 'homepage_assets', 'img', 'apple-touch-icon.png')
 3 SYSTEMPATH\CodeIgniter.php(502): CodeIgniter\CodeIgniter->runController(Object(App\Controllers\QuestionAnswerController))
 4 SYSTEMPATH\CodeIgniter.php(361): CodeIgniter\CodeIgniter->handleRequest(null, Object(Config\Cache), false)
 5 FCPATH\index.php(79): CodeIgniter\CodeIgniter->run()
INFO - 2024-04-07 09:21:48 --> Session: Class initialized using 'CodeIgniter\Session\Handlers\FileHandler' driver.
INFO - 2024-04-07 09:21:49 --> Session: Class initialized using 'CodeIgniter\Session\Handlers\FileHandler' driver.
ERROR - 2024-04-07 09:21:49 --> mysqli_sql_exception: Unknown column 'homepage_assets' in 'where clause' in D:\laragon\www\SchoolingTime\vendor\codeigniter4\framework\system\Database\MySQLi\Connection.php:306
Stack trace:
#0 D:\laragon\www\SchoolingTime\vendor\codeigniter4\framework\system\Database\MySQLi\Connection.php(306): mysqli->query('SELECT * FROM q...', 0)
#1 D:\laragon\www\SchoolingTime\vendor\codeigniter4\framework\system\Database\BaseConnection.php(693): CodeIgniter\Database\MySQLi\Connection->execute('SELECT * FROM q...')
#2 D:\laragon\www\SchoolingTime\vendor\codeigniter4\framework\system\Database\BaseConnection.php(607): CodeIgniter\Database\BaseConnection->simpleQuery('SELECT * FROM q...')
#3 D:\laragon\www\SchoolingTime\app\Controllers\QuestionAnswerController.php(30): CodeIgniter\Database\BaseConnection->query('SELECT * FROM q...')
#4 D:\laragon\www\SchoolingTime\vendor\codeigniter4\framework\system\CodeIgniter.php(942): App\Controllers\QuestionAnswerController->exam_result_show('STD240715EC7E', 'homepage_assets', 'img', 'logo.png')
#5 D:\laragon\www\SchoolingTime\vendor\codeigniter4\framework\system\CodeIgniter.php(502): CodeIgniter\CodeIgniter->runController(Object(App\Controllers\QuestionAnswerController))
#6 D:\laragon\www\SchoolingTime\vendor\codeigniter4\framework\system\CodeIgniter.php(361): CodeIgniter\CodeIgniter->handleRequest(NULL, Object(Config\Cache), false)
#7 D:\laragon\www\SchoolingTime\index.php(79): CodeIgniter\CodeIgniter->run()
#8 {main}
CRITICAL - 2024-04-07 09:21:49 --> Unknown column 'homepage_assets' in 'where clause'
in SYSTEMPATH\Database\BaseConnection.php on line 647.
 1 APPPATH\Controllers\QuestionAnswerController.php(30): CodeIgniter\Database\BaseConnection->query('SELECT * FROM question_answer 
                          WHERE id IN (homepage_assets) AND user_id = \'STD240715EC7E\' ')
 2 SYSTEMPATH\CodeIgniter.php(942): App\Controllers\QuestionAnswerController->exam_result_show('STD240715EC7E', 'homepage_assets', 'img', 'logo.png')
 3 SYSTEMPATH\CodeIgniter.php(502): CodeIgniter\CodeIgniter->runController(Object(App\Controllers\QuestionAnswerController))
 4 SYSTEMPATH\CodeIgniter.php(361): CodeIgniter\CodeIgniter->handleRequest(null, Object(Config\Cache), false)
 5 FCPATH\index.php(79): CodeIgniter\CodeIgniter->run()
INFO - 2024-04-07 09:23:18 --> Session: Class initialized using 'CodeIgniter\Session\Handlers\FileHandler' driver.
INFO - 2024-04-07 09:23:18 --> Session: Class initialized using 'CodeIgniter\Session\Handlers\FileHandler' driver.
ERROR - 2024-04-07 09:23:19 --> mysqli_sql_exception: Unknown column 'homepage_assets' in 'where clause' in D:\laragon\www\SchoolingTime\vendor\codeigniter4\framework\system\Database\MySQLi\Connection.php:306
Stack trace:
#0 D:\laragon\www\SchoolingTime\vendor\codeigniter4\framework\system\Database\MySQLi\Connection.php(306): mysqli->query('SELECT * FROM q...', 0)
#1 D:\laragon\www\SchoolingTime\vendor\codeigniter4\framework\system\Database\BaseConnection.php(693): CodeIgniter\Database\MySQLi\Connection->execute('SELECT * FROM q...')
#2 D:\laragon\www\SchoolingTime\vendor\codeigniter4\framework\system\Database\BaseConnection.php(607): CodeIgniter\Database\BaseConnection->simpleQuery('SELECT * FROM q...')
#3 D:\laragon\www\SchoolingTime\app\Controllers\QuestionAnswerController.php(30): CodeIgniter\Database\BaseConnection->query('SELECT * FROM q...')
#4 D:\laragon\www\SchoolingTime\vendor\codeigniter4\framework\system\CodeIgniter.php(942): App\Controllers\QuestionAnswerController->exam_result_show('STD240715EC7E', 'homepage_assets', 'img', 'logo.png')
#5 D:\laragon\www\SchoolingTime\vendor\codeigniter4\framework\system\CodeIgniter.php(502): CodeIgniter\CodeIgniter->runController(Object(App\Controllers\QuestionAnswerController))
#6 D:\laragon\www\SchoolingTime\vendor\codeigniter4\framework\system\CodeIgniter.php(361): CodeIgniter\CodeIgniter->handleRequest(NULL, Object(Config\Cache), false)
#7 D:\laragon\www\SchoolingTime\index.php(79): CodeIgniter\CodeIgniter->run()
#8 {main}
CRITICAL - 2024-04-07 09:23:19 --> Unknown column 'homepage_assets' in 'where clause'
in SYSTEMPATH\Database\BaseConnection.php on line 647.
 1 APPPATH\Controllers\QuestionAnswerController.php(30): CodeIgniter\Database\BaseConnection->query('SELECT * FROM question_answer 
                          WHERE id IN (homepage_assets) AND user_id = \'STD240715EC7E\' ')
 2 SYSTEMPATH\CodeIgniter.php(942): App\Controllers\QuestionAnswerController->exam_result_show('STD240715EC7E', 'homepage_assets', 'img', 'logo.png')
 3 SYSTEMPATH\CodeIgniter.php(502): CodeIgniter\CodeIgniter->runController(Object(App\Controllers\QuestionAnswerController))
 4 SYSTEMPATH\CodeIgniter.php(361): CodeIgniter\CodeIgniter->handleRequest(null, Object(Config\Cache), false)
 5 FCPATH\index.php(79): CodeIgniter\CodeIgniter->run()
INFO - 2024-04-07 09:23:19 --> Session: Class initialized using 'CodeIgniter\Session\Handlers\FileHandler' driver.
ERROR - 2024-04-07 09:23:19 --> mysqli_sql_exception: Unknown column 'homepage_assets' in 'where clause' in D:\laragon\www\SchoolingTime\vendor\codeigniter4\framework\system\Database\MySQLi\Connection.php:306
Stack trace:
#0 D:\laragon\www\SchoolingTime\vendor\codeigniter4\framework\system\Database\MySQLi\Connection.php(306): mysqli->query('SELECT * FROM q...', 0)
#1 D:\laragon\www\SchoolingTime\vendor\codeigniter4\framework\system\Database\BaseConnection.php(693): CodeIgniter\Database\MySQLi\Connection->execute('SELECT * FROM q...')
#2 D:\laragon\www\SchoolingTime\vendor\codeigniter4\framework\system\Database\BaseConnection.php(607): CodeIgniter\Database\BaseConnection->simpleQuery('SELECT * FROM q...')
#3 D:\laragon\www\SchoolingTime\app\Controllers\QuestionAnswerController.php(30): CodeIgniter\Database\BaseConnection->query('SELECT * FROM q...')
#4 D:\laragon\www\SchoolingTime\vendor\codeigniter4\framework\system\CodeIgniter.php(942): App\Controllers\QuestionAnswerController->exam_result_show('STD240715EC7E', 'homepage_assets', 'img', 'apple-touch-ico...')
#5 D:\laragon\www\SchoolingTime\vendor\codeigniter4\framework\system\CodeIgniter.php(502): CodeIgniter\CodeIgniter->runController(Object(App\Controllers\QuestionAnswerController))
#6 D:\laragon\www\SchoolingTime\vendor\codeigniter4\framework\system\CodeIgniter.php(361): CodeIgniter\CodeIgniter->handleRequest(NULL, Object(Config\Cache), false)
#7 D:\laragon\www\SchoolingTime\index.php(79): CodeIgniter\CodeIgniter->run()
#8 {main}
CRITICAL - 2024-04-07 09:23:19 --> Unknown column 'homepage_assets' in 'where clause'
in SYSTEMPATH\Database\BaseConnection.php on line 647.
 1 APPPATH\Controllers\QuestionAnswerController.php(30): CodeIgniter\Database\BaseConnection->query('SELECT * FROM question_answer 
                          WHERE id IN (homepage_assets) AND user_id = \'STD240715EC7E\' ')
 2 SYSTEMPATH\CodeIgniter.php(942): App\Controllers\QuestionAnswerController->exam_result_show('STD240715EC7E', 'homepage_assets', 'img', 'apple-touch-icon.png')
 3 SYSTEMPATH\CodeIgniter.php(502): CodeIgniter\CodeIgniter->runController(Object(App\Controllers\QuestionAnswerController))
 4 SYSTEMPATH\CodeIgniter.php(361): CodeIgniter\CodeIgniter->handleRequest(null, Object(Config\Cache), false)
 5 FCPATH\index.php(79): CodeIgniter\CodeIgniter->run()
INFO - 2024-04-07 09:23:19 --> Session: Class initialized using 'CodeIgniter\Session\Handlers\FileHandler' driver.
ERROR - 2024-04-07 09:23:19 --> mysqli_sql_exception: Unknown column 'homepage_assets' in 'where clause' in D:\laragon\www\SchoolingTime\vendor\codeigniter4\framework\system\Database\MySQLi\Connection.php:306
Stack trace:
#0 D:\laragon\www\SchoolingTime\vendor\codeigniter4\framework\system\Database\MySQLi\Connection.php(306): mysqli->query('SELECT * FROM q...', 0)
#1 D:\laragon\www\SchoolingTime\vendor\codeigniter4\framework\system\Database\BaseConnection.php(693): CodeIgniter\Database\MySQLi\Connection->execute('SELECT * FROM q...')
#2 D:\laragon\www\SchoolingTime\vendor\codeigniter4\framework\system\Database\BaseConnection.php(607): CodeIgniter\Database\BaseConnection->simpleQuery('SELECT * FROM q...')
#3 D:\laragon\www\SchoolingTime\app\Controllers\QuestionAnswerController.php(30): CodeIgniter\Database\BaseConnection->query('SELECT * FROM q...')
#4 D:\laragon\www\SchoolingTime\vendor\codeigniter4\framework\system\CodeIgniter.php(942): App\Controllers\QuestionAnswerController->exam_result_show('STD240715EC7E', 'homepage_assets', 'img', 'favicon.png')
#5 D:\laragon\www\SchoolingTime\vendor\codeigniter4\framework\system\CodeIgniter.php(502): CodeIgniter\CodeIgniter->runController(Object(App\Controllers\QuestionAnswerController))
#6 D:\laragon\www\SchoolingTime\vendor\codeigniter4\framework\system\CodeIgniter.php(361): CodeIgniter\CodeIgniter->handleRequest(NULL, Object(Config\Cache), false)
#7 D:\laragon\www\SchoolingTime\index.php(79): CodeIgniter\CodeIgniter->run()
#8 {main}
CRITICAL - 2024-04-07 09:23:19 --> Unknown column 'homepage_assets' in 'where clause'
in SYSTEMPATH\Database\BaseConnection.php on line 647.
 1 APPPATH\Controllers\QuestionAnswerController.php(30): CodeIgniter\Database\BaseConnection->query('SELECT * FROM question_answer 
                          WHERE id IN (homepage_assets) AND user_id = \'STD240715EC7E\' ')
 2 SYSTEMPATH\CodeIgniter.php(942): App\Controllers\QuestionAnswerController->exam_result_show('STD240715EC7E', 'homepage_assets', 'img', 'favicon.png')
 3 SYSTEMPATH\CodeIgniter.php(502): CodeIgniter\CodeIgniter->runController(Object(App\Controllers\QuestionAnswerController))
 4 SYSTEMPATH\CodeIgniter.php(361): CodeIgniter\CodeIgniter->handleRequest(null, Object(Config\Cache), false)
 5 FCPATH\index.php(79): CodeIgniter\CodeIgniter->run()
INFO - 2024-04-07 09:23:37 --> Session: Class initialized using 'CodeIgniter\Session\Handlers\FileHandler' driver.
INFO - 2024-04-07 09:23:38 --> Session: Class initialized using 'CodeIgniter\Session\Handlers\FileHandler' driver.
ERROR - 2024-04-07 09:23:38 --> mysqli_sql_exception: Unknown column 'homepage_assets' in 'where clause' in D:\laragon\www\SchoolingTime\vendor\codeigniter4\framework\system\Database\MySQLi\Connection.php:306
Stack trace:
#0 D:\laragon\www\SchoolingTime\vendor\codeigniter4\framework\system\Database\MySQLi\Connection.php(306): mysqli->query('SELECT * FROM q...', 0)
#1 D:\laragon\www\SchoolingTime\vendor\codeigniter4\framework\system\Database\BaseConnection.php(693): CodeIgniter\Database\MySQLi\Connection->execute('SELECT * FROM q...')
#2 D:\laragon\www\SchoolingTime\vendor\codeigniter4\framework\system\Database\BaseConnection.php(607): CodeIgniter\Database\BaseConnection->simpleQuery('SELECT * FROM q...')
#3 D:\laragon\www\SchoolingTime\app\Controllers\QuestionAnswerController.php(30): CodeIgniter\Database\BaseConnection->query('SELECT * FROM q...')
#4 D:\laragon\www\SchoolingTime\vendor\codeigniter4\framework\system\CodeIgniter.php(942): App\Controllers\QuestionAnswerController->exam_result_show('STD240715EC7E', 'homepage_assets', 'img', 'logo.png')
#5 D:\laragon\www\SchoolingTime\vendor\codeigniter4\framework\system\CodeIgniter.php(502): CodeIgniter\CodeIgniter->runController(Object(App\Controllers\QuestionAnswerController))
#6 D:\laragon\www\SchoolingTime\vendor\codeigniter4\framework\system\CodeIgniter.php(361): CodeIgniter\CodeIgniter->handleRequest(NULL, Object(Config\Cache), false)
#7 D:\laragon\www\SchoolingTime\index.php(79): CodeIgniter\CodeIgniter->run()
#8 {main}
CRITICAL - 2024-04-07 09:23:38 --> Unknown column 'homepage_assets' in 'where clause'
in SYSTEMPATH\Database\BaseConnection.php on line 647.
 1 APPPATH\Controllers\QuestionAnswerController.php(30): CodeIgniter\Database\BaseConnection->query('SELECT * FROM question_answer 
                          WHERE id IN (homepage_assets) AND user_id = \'STD240715EC7E\' ')
 2 SYSTEMPATH\CodeIgniter.php(942): App\Controllers\QuestionAnswerController->exam_result_show('STD240715EC7E', 'homepage_assets', 'img', 'logo.png')
 3 SYSTEMPATH\CodeIgniter.php(502): CodeIgniter\CodeIgniter->runController(Object(App\Controllers\QuestionAnswerController))
 4 SYSTEMPATH\CodeIgniter.php(361): CodeIgniter\CodeIgniter->handleRequest(null, Object(Config\Cache), false)
 5 FCPATH\index.php(79): CodeIgniter\CodeIgniter->run()
INFO - 2024-04-07 09:23:38 --> Session: Class initialized using 'CodeIgniter\Session\Handlers\FileHandler' driver.
ERROR - 2024-04-07 09:23:38 --> mysqli_sql_exception: Unknown column 'homepage_assets' in 'where clause' in D:\laragon\www\SchoolingTime\vendor\codeigniter4\framework\system\Database\MySQLi\Connection.php:306
Stack trace:
#0 D:\laragon\www\SchoolingTime\vendor\codeigniter4\framework\system\Database\MySQLi\Connection.php(306): mysqli->query('SELECT * FROM q...', 0)
#1 D:\laragon\www\SchoolingTime\vendor\codeigniter4\framework\system\Database\BaseConnection.php(693): CodeIgniter\Database\MySQLi\Connection->execute('SELECT * FROM q...')
#2 D:\laragon\www\SchoolingTime\vendor\codeigniter4\framework\system\Database\BaseConnection.php(607): CodeIgniter\Database\BaseConnection->simpleQuery('SELECT * FROM q...')
#3 D:\laragon\www\SchoolingTime\app\Controllers\QuestionAnswerController.php(30): CodeIgniter\Database\BaseConnection->query('SELECT * FROM q...')
#4 D:\laragon\www\SchoolingTime\vendor\codeigniter4\framework\system\CodeIgniter.php(942): App\Controllers\QuestionAnswerController->exam_result_show('STD240715EC7E', 'homepage_assets', 'img', 'apple-touch-ico...')
#5 D:\laragon\www\SchoolingTime\vendor\codeigniter4\framework\system\CodeIgniter.php(502): CodeIgniter\CodeIgniter->runController(Object(App\Controllers\QuestionAnswerController))
#6 D:\laragon\www\SchoolingTime\vendor\codeigniter4\framework\system\CodeIgniter.php(361): CodeIgniter\CodeIgniter->handleRequest(NULL, Object(Config\Cache), false)
#7 D:\laragon\www\SchoolingTime\index.php(79): CodeIgniter\CodeIgniter->run()
#8 {main}
CRITICAL - 2024-04-07 09:23:38 --> Unknown column 'homepage_assets' in 'where clause'
in SYSTEMPATH\Database\BaseConnection.php on line 647.
 1 APPPATH\Controllers\QuestionAnswerController.php(30): CodeIgniter\Database\BaseConnection->query('SELECT * FROM question_answer 
                          WHERE id IN (homepage_assets) AND user_id = \'STD240715EC7E\' ')
 2 SYSTEMPATH\CodeIgniter.php(942): App\Controllers\QuestionAnswerController->exam_result_show('STD240715EC7E', 'homepage_assets', 'img', 'apple-touch-icon.png')
 3 SYSTEMPATH\CodeIgniter.php(502): CodeIgniter\CodeIgniter->runController(Object(App\Controllers\QuestionAnswerController))
 4 SYSTEMPATH\CodeIgniter.php(361): CodeIgniter\CodeIgniter->handleRequest(null, Object(Config\Cache), false)
 5 FCPATH\index.php(79): CodeIgniter\CodeIgniter->run()
INFO - 2024-04-07 09:23:38 --> Session: Class initialized using 'CodeIgniter\Session\Handlers\FileHandler' driver.
ERROR - 2024-04-07 09:23:38 --> mysqli_sql_exception: Unknown column 'homepage_assets' in 'where clause' in D:\laragon\www\SchoolingTime\vendor\codeigniter4\framework\system\Database\MySQLi\Connection.php:306
Stack trace:
#0 D:\laragon\www\SchoolingTime\vendor\codeigniter4\framework\system\Database\MySQLi\Connection.php(306): mysqli->query('SELECT * FROM q...', 0)
#1 D:\laragon\www\SchoolingTime\vendor\codeigniter4\framework\system\Database\BaseConnection.php(693): CodeIgniter\Database\MySQLi\Connection->execute('SELECT * FROM q...')
#2 D:\laragon\www\SchoolingTime\vendor\codeigniter4\framework\system\Database\BaseConnection.php(607): CodeIgniter\Database\BaseConnection->simpleQuery('SELECT * FROM q...')
#3 D:\laragon\www\SchoolingTime\app\Controllers\QuestionAnswerController.php(30): CodeIgniter\Database\BaseConnection->query('SELECT * FROM q...')
#4 D:\laragon\www\SchoolingTime\vendor\codeigniter4\framework\system\CodeIgniter.php(942): App\Controllers\QuestionAnswerController->exam_result_show('STD240715EC7E', 'homepage_assets', 'img', 'favicon.png')
#5 D:\laragon\www\SchoolingTime\vendor\codeigniter4\framework\system\CodeIgniter.php(502): CodeIgniter\CodeIgniter->runController(Object(App\Controllers\QuestionAnswerController))
#6 D:\laragon\www\SchoolingTime\vendor\codeigniter4\framework\system\CodeIgniter.php(361): CodeIgniter\CodeIgniter->handleRequest(NULL, Object(Config\Cache), false)
#7 D:\laragon\www\SchoolingTime\index.php(79): CodeIgniter\CodeIgniter->run()
#8 {main}
CRITICAL - 2024-04-07 09:23:38 --> Unknown column 'homepage_assets' in 'where clause'
in SYSTEMPATH\Database\BaseConnection.php on line 647.
 1 APPPATH\Controllers\QuestionAnswerController.php(30): CodeIgniter\Database\BaseConnection->query('SELECT * FROM question_answer 
                          WHERE id IN (homepage_assets) AND user_id = \'STD240715EC7E\' ')
 2 SYSTEMPATH\CodeIgniter.php(942): App\Controllers\QuestionAnswerController->exam_result_show('STD240715EC7E', 'homepage_assets', 'img', 'favicon.png')
 3 SYSTEMPATH\CodeIgniter.php(502): CodeIgniter\CodeIgniter->runController(Object(App\Controllers\QuestionAnswerController))
 4 SYSTEMPATH\CodeIgniter.php(361): CodeIgniter\CodeIgniter->handleRequest(null, Object(Config\Cache), false)
 5 FCPATH\index.php(79): CodeIgniter\CodeIgniter->run()
INFO - 2024-04-07 09:23:55 --> Session: Class initialized using 'CodeIgniter\Session\Handlers\FileHandler' driver.
INFO - 2024-04-07 09:23:55 --> Session: Class initialized using 'CodeIgniter\Session\Handlers\FileHandler' driver.
INFO - 2024-04-07 09:23:55 --> Session: Class initialized using 'CodeIgniter\Session\Handlers\FileHandler' driver.
INFO - 2024-04-07 09:23:55 --> Session: Class initialized using 'CodeIgniter\Session\Handlers\FileHandler' driver.
INFO - 2024-04-07 09:23:59 --> Session: Class initialized using 'CodeIgniter\Session\Handlers\FileHandler' driver.
INFO - 2024-04-07 09:23:59 --> Session: Class initialized using 'CodeIgniter\Session\Handlers\FileHandler' driver.
INFO - 2024-04-07 09:23:59 --> Session: Class initialized using 'CodeIgniter\Session\Handlers\FileHandler' driver.
ERROR - 2024-04-07 09:23:59 --> mysqli_sql_exception: Unknown column 'homepage_assets' in 'where clause' in D:\laragon\www\SchoolingTime\vendor\codeigniter4\framework\system\Database\MySQLi\Connection.php:306
Stack trace:
#0 D:\laragon\www\SchoolingTime\vendor\codeigniter4\framework\system\Database\MySQLi\Connection.php(306): mysqli->query('SELECT * FROM q...', 0)
#1 D:\laragon\www\SchoolingTime\vendor\codeigniter4\framework\system\Database\BaseConnection.php(693): CodeIgniter\Database\MySQLi\Connection->execute('SELECT * FROM q...')
#2 D:\laragon\www\SchoolingTime\vendor\codeigniter4\framework\system\Database\BaseConnection.php(607): CodeIgniter\Database\BaseConnection->simpleQuery('SELECT * FROM q...')
#3 D:\laragon\www\SchoolingTime\app\Controllers\QuestionAnswerController.php(30): CodeIgniter\Database\BaseConnection->query('SELECT * FROM q...')
#4 D:\laragon\www\SchoolingTime\vendor\codeigniter4\framework\system\CodeIgniter.php(942): App\Controllers\QuestionAnswerController->exam_result_show('STD240715EC7E', 'homepage_assets', 'img', 'logo.png')
#5 D:\laragon\www\SchoolingTime\vendor\codeigniter4\framework\system\CodeIgniter.php(502): CodeIgniter\CodeIgniter->runController(Object(App\Controllers\QuestionAnswerController))
#6 D:\laragon\www\SchoolingTime\vendor\codeigniter4\framework\system\CodeIgniter.php(361): CodeIgniter\CodeIgniter->handleRequest(NULL, Object(Config\Cache), false)
#7 D:\laragon\www\SchoolingTime\index.php(79): CodeIgniter\CodeIgniter->run()
#8 {main}
CRITICAL - 2024-04-07 09:23:59 --> Unknown column 'homepage_assets' in 'where clause'
in SYSTEMPATH\Database\BaseConnection.php on line 647.
 1 APPPATH\Controllers\QuestionAnswerController.php(30): CodeIgniter\Database\BaseConnection->query('SELECT * FROM question_answer 
                          WHERE id IN (homepage_assets) AND user_id = \'STD240715EC7E\' ')
 2 SYSTEMPATH\CodeIgniter.php(942): App\Controllers\QuestionAnswerController->exam_result_show('STD240715EC7E', 'homepage_assets', 'img', 'logo.png')
 3 SYSTEMPATH\CodeIgniter.php(502): CodeIgniter\CodeIgniter->runController(Object(App\Controllers\QuestionAnswerController))
 4 SYSTEMPATH\CodeIgniter.php(361): CodeIgniter\CodeIgniter->handleRequest(null, Object(Config\Cache), false)
 5 FCPATH\index.php(79): CodeIgniter\CodeIgniter->run()
INFO - 2024-04-07 09:23:59 --> Session: Class initialized using 'CodeIgniter\Session\Handlers\FileHandler' driver.
ERROR - 2024-04-07 09:23:59 --> mysqli_sql_exception: Unknown column 'homepage_assets' in 'where clause' in D:\laragon\www\SchoolingTime\vendor\codeigniter4\framework\system\Database\MySQLi\Connection.php:306
Stack trace:
#0 D:\laragon\www\SchoolingTime\vendor\codeigniter4\framework\system\Database\MySQLi\Connection.php(306): mysqli->query('SELECT * FROM q...', 0)
#1 D:\laragon\www\SchoolingTime\vendor\codeigniter4\framework\system\Database\BaseConnection.php(693): CodeIgniter\Database\MySQLi\Connection->execute('SELECT * FROM q...')
#2 D:\laragon\www\SchoolingTime\vendor\codeigniter4\framework\system\Database\BaseConnection.php(607): CodeIgniter\Database\BaseConnection->simpleQuery('SELECT * FROM q...')
#3 D:\laragon\www\SchoolingTime\app\Controllers\QuestionAnswerController.php(30): CodeIgniter\Database\BaseConnection->query('SELECT * FROM q...')
#4 D:\laragon\www\SchoolingTime\vendor\codeigniter4\framework\system\CodeIgniter.php(942): App\Controllers\QuestionAnswerController->exam_result_show('STD240715EC7E', 'homepage_assets', 'img', 'apple-touch-ico...')
#5 D:\laragon\www\SchoolingTime\vendor\codeigniter4\framework\system\CodeIgniter.php(502): CodeIgniter\CodeIgniter->runController(Object(App\Controllers\QuestionAnswerController))
#6 D:\laragon\www\SchoolingTime\vendor\codeigniter4\framework\system\CodeIgniter.php(361): CodeIgniter\CodeIgniter->handleRequest(NULL, Object(Config\Cache), false)
#7 D:\laragon\www\SchoolingTime\index.php(79): CodeIgniter\CodeIgniter->run()
#8 {main}
CRITICAL - 2024-04-07 09:23:59 --> Unknown column 'homepage_assets' in 'where clause'
in SYSTEMPATH\Database\BaseConnection.php on line 647.
 1 APPPATH\Controllers\QuestionAnswerController.php(30): CodeIgniter\Database\BaseConnection->query('SELECT * FROM question_answer 
                          WHERE id IN (homepage_assets) AND user_id = \'STD240715EC7E\' ')
 2 SYSTEMPATH\CodeIgniter.php(942): App\Controllers\QuestionAnswerController->exam_result_show('STD240715EC7E', 'homepage_assets', 'img', 'apple-touch-icon.png')
 3 SYSTEMPATH\CodeIgniter.php(502): CodeIgniter\CodeIgniter->runController(Object(App\Controllers\QuestionAnswerController))
 4 SYSTEMPATH\CodeIgniter.php(361): CodeIgniter\CodeIgniter->handleRequest(null, Object(Config\Cache), false)
 5 FCPATH\index.php(79): CodeIgniter\CodeIgniter->run()
INFO - 2024-04-07 09:23:59 --> Session: Class initialized using 'CodeIgniter\Session\Handlers\FileHandler' driver.
ERROR - 2024-04-07 09:23:59 --> mysqli_sql_exception: Unknown column 'homepage_assets' in 'where clause' in D:\laragon\www\SchoolingTime\vendor\codeigniter4\framework\system\Database\MySQLi\Connection.php:306
Stack trace:
#0 D:\laragon\www\SchoolingTime\vendor\codeigniter4\framework\system\Database\MySQLi\Connection.php(306): mysqli->query('SELECT * FROM q...', 0)
#1 D:\laragon\www\SchoolingTime\vendor\codeigniter4\framework\system\Database\BaseConnection.php(693): CodeIgniter\Database\MySQLi\Connection->execute('SELECT * FROM q...')
#2 D:\laragon\www\SchoolingTime\vendor\codeigniter4\framework\system\Database\BaseConnection.php(607): CodeIgniter\Database\BaseConnection->simpleQuery('SELECT * FROM q...')
#3 D:\laragon\www\SchoolingTime\app\Controllers\QuestionAnswerController.php(30): CodeIgniter\Database\BaseConnection->query('SELECT * FROM q...')
#4 D:\laragon\www\SchoolingTime\vendor\codeigniter4\framework\system\CodeIgniter.php(942): App\Controllers\QuestionAnswerController->exam_result_show('STD240715EC7E', 'homepage_assets', 'img', 'favicon.png')
#5 D:\laragon\www\SchoolingTime\vendor\codeigniter4\framework\system\CodeIgniter.php(502): CodeIgniter\CodeIgniter->runController(Object(App\Controllers\QuestionAnswerController))
#6 D:\laragon\www\SchoolingTime\vendor\codeigniter4\framework\system\CodeIgniter.php(361): CodeIgniter\CodeIgniter->handleRequest(NULL, Object(Config\Cache), false)
#7 D:\laragon\www\SchoolingTime\index.php(79): CodeIgniter\CodeIgniter->run()
#8 {main}
CRITICAL - 2024-04-07 09:23:59 --> Unknown column 'homepage_assets' in 'where clause'
in SYSTEMPATH\Database\BaseConnection.php on line 647.
 1 APPPATH\Controllers\QuestionAnswerController.php(30): CodeIgniter\Database\BaseConnection->query('SELECT * FROM question_answer 
                          WHERE id IN (homepage_assets) AND user_id = \'STD240715EC7E\' ')
 2 SYSTEMPATH\CodeIgniter.php(942): App\Controllers\QuestionAnswerController->exam_result_show('STD240715EC7E', 'homepage_assets', 'img', 'favicon.png')
 3 SYSTEMPATH\CodeIgniter.php(502): CodeIgniter\CodeIgniter->runController(Object(App\Controllers\QuestionAnswerController))
 4 SYSTEMPATH\CodeIgniter.php(361): CodeIgniter\CodeIgniter->handleRequest(null, Object(Config\Cache), false)
 5 FCPATH\index.php(79): CodeIgniter\CodeIgniter->run()
INFO - 2024-04-07 09:28:33 --> Session: Class initialized using 'CodeIgniter\Session\Handlers\FileHandler' driver.
INFO - 2024-04-07 09:28:33 --> Session: Class initialized using 'CodeIgniter\Session\Handlers\FileHandler' driver.
ERROR - 2024-04-07 09:28:33 --> mysqli_sql_exception: Unknown column 'homepage_assets' in 'where clause' in D:\laragon\www\SchoolingTime\vendor\codeigniter4\framework\system\Database\MySQLi\Connection.php:306
Stack trace:
#0 D:\laragon\www\SchoolingTime\vendor\codeigniter4\framework\system\Database\MySQLi\Connection.php(306): mysqli->query('SELECT * FROM q...', 0)
#1 D:\laragon\www\SchoolingTime\vendor\codeigniter4\framework\system\Database\BaseConnection.php(693): CodeIgniter\Database\MySQLi\Connection->execute('SELECT * FROM q...')
#2 D:\laragon\www\SchoolingTime\vendor\codeigniter4\framework\system\Database\BaseConnection.php(607): CodeIgniter\Database\BaseConnection->simpleQuery('SELECT * FROM q...')
#3 D:\laragon\www\SchoolingTime\app\Controllers\QuestionAnswerController.php(30): CodeIgniter\Database\BaseConnection->query('SELECT * FROM q...')
#4 D:\laragon\www\SchoolingTime\vendor\codeigniter4\framework\system\CodeIgniter.php(942): App\Controllers\QuestionAnswerController->exam_result_show('STD240715EC7E', 'homepage_assets', 'img', 'logo.png')
#5 D:\laragon\www\SchoolingTime\vendor\codeigniter4\framework\system\CodeIgniter.php(502): CodeIgniter\CodeIgniter->runController(Object(App\Controllers\QuestionAnswerController))
#6 D:\laragon\www\SchoolingTime\vendor\codeigniter4\framework\system\CodeIgniter.php(361): CodeIgniter\CodeIgniter->handleRequest(NULL, Object(Config\Cache), false)
#7 D:\laragon\www\SchoolingTime\index.php(79): CodeIgniter\CodeIgniter->run()
#8 {main}
CRITICAL - 2024-04-07 09:28:33 --> Unknown column 'homepage_assets' in 'where clause'
in SYSTEMPATH\Database\BaseConnection.php on line 647.
 1 APPPATH\Controllers\QuestionAnswerController.php(30): CodeIgniter\Database\BaseConnection->query('SELECT * FROM question_answer 
                          WHERE id IN (homepage_assets) AND user_id = \'STD240715EC7E\' ')
 2 SYSTEMPATH\CodeIgniter.php(942): App\Controllers\QuestionAnswerController->exam_result_show('STD240715EC7E', 'homepage_assets', 'img', 'logo.png')
 3 SYSTEMPATH\CodeIgniter.php(502): CodeIgniter\CodeIgniter->runController(Object(App\Controllers\QuestionAnswerController))
 4 SYSTEMPATH\CodeIgniter.php(361): CodeIgniter\CodeIgniter->handleRequest(null, Object(Config\Cache), false)
 5 FCPATH\index.php(79): CodeIgniter\CodeIgniter->run()
INFO - 2024-04-07 09:28:33 --> Session: Class initialized using 'CodeIgniter\Session\Handlers\FileHandler' driver.
ERROR - 2024-04-07 09:28:33 --> mysqli_sql_exception: Unknown column 'homepage_assets' in 'where clause' in D:\laragon\www\SchoolingTime\vendor\codeigniter4\framework\system\Database\MySQLi\Connection.php:306
Stack trace:
#0 D:\laragon\www\SchoolingTime\vendor\codeigniter4\framework\system\Database\MySQLi\Connection.php(306): mysqli->query('SELECT * FROM q...', 0)
#1 D:\laragon\www\SchoolingTime\vendor\codeigniter4\framework\system\Database\BaseConnection.php(693): CodeIgniter\Database\MySQLi\Connection->execute('SELECT * FROM q...')
#2 D:\laragon\www\SchoolingTime\vendor\codeigniter4\framework\system\Database\BaseConnection.php(607): CodeIgniter\Database\BaseConnection->simpleQuery('SELECT * FROM q...')
#3 D:\laragon\www\SchoolingTime\app\Controllers\QuestionAnswerController.php(30): CodeIgniter\Database\BaseConnection->query('SELECT * FROM q...')
#4 D:\laragon\www\SchoolingTime\vendor\codeigniter4\framework\system\CodeIgniter.php(942): App\Controllers\QuestionAnswerController->exam_result_show('STD240715EC7E', 'homepage_assets', 'img', 'apple-touch-ico...')
#5 D:\laragon\www\SchoolingTime\vendor\codeigniter4\framework\system\CodeIgniter.php(502): CodeIgniter\CodeIgniter->runController(Object(App\Controllers\QuestionAnswerController))
#6 D:\laragon\www\SchoolingTime\vendor\codeigniter4\framework\system\CodeIgniter.php(361): CodeIgniter\CodeIgniter->handleRequest(NULL, Object(Config\Cache), false)
#7 D:\laragon\www\SchoolingTime\index.php(79): CodeIgniter\CodeIgniter->run()
#8 {main}
CRITICAL - 2024-04-07 09:28:33 --> Unknown column 'homepage_assets' in 'where clause'
in SYSTEMPATH\Database\BaseConnection.php on line 647.
 1 APPPATH\Controllers\QuestionAnswerController.php(30): CodeIgniter\Database\BaseConnection->query('SELECT * FROM question_answer 
                          WHERE id IN (homepage_assets) AND user_id = \'STD240715EC7E\' ')
 2 SYSTEMPATH\CodeIgniter.php(942): App\Controllers\QuestionAnswerController->exam_result_show('STD240715EC7E', 'homepage_assets', 'img', 'apple-touch-icon.png')
 3 SYSTEMPATH\CodeIgniter.php(502): CodeIgniter\CodeIgniter->runController(Object(App\Controllers\QuestionAnswerController))
 4 SYSTEMPATH\CodeIgniter.php(361): CodeIgniter\CodeIgniter->handleRequest(null, Object(Config\Cache), false)
 5 FCPATH\index.php(79): CodeIgniter\CodeIgniter->run()
INFO - 2024-04-07 09:28:33 --> Session: Class initialized using 'CodeIgniter\Session\Handlers\FileHandler' driver.
ERROR - 2024-04-07 09:28:33 --> mysqli_sql_exception: Unknown column 'homepage_assets' in 'where clause' in D:\laragon\www\SchoolingTime\vendor\codeigniter4\framework\system\Database\MySQLi\Connection.php:306
Stack trace:
#0 D:\laragon\www\SchoolingTime\vendor\codeigniter4\framework\system\Database\MySQLi\Connection.php(306): mysqli->query('SELECT * FROM q...', 0)
#1 D:\laragon\www\SchoolingTime\vendor\codeigniter4\framework\system\Database\BaseConnection.php(693): CodeIgniter\Database\MySQLi\Connection->execute('SELECT * FROM q...')
#2 D:\laragon\www\SchoolingTime\vendor\codeigniter4\framework\system\Database\BaseConnection.php(607): CodeIgniter\Database\BaseConnection->simpleQuery('SELECT * FROM q...')
#3 D:\laragon\www\SchoolingTime\app\Controllers\QuestionAnswerController.php(30): CodeIgniter\Database\BaseConnection->query('SELECT * FROM q...')
#4 D:\laragon\www\SchoolingTime\vendor\codeigniter4\framework\system\CodeIgniter.php(942): App\Controllers\QuestionAnswerController->exam_result_show('STD240715EC7E', 'homepage_assets', 'img', 'favicon.png')
#5 D:\laragon\www\SchoolingTime\vendor\codeigniter4\framework\system\CodeIgniter.php(502): CodeIgniter\CodeIgniter->runController(Object(App\Controllers\QuestionAnswerController))
#6 D:\laragon\www\SchoolingTime\vendor\codeigniter4\framework\system\CodeIgniter.php(361): CodeIgniter\CodeIgniter->handleRequest(NULL, Object(Config\Cache), false)
#7 D:\laragon\www\SchoolingTime\index.php(79): CodeIgniter\CodeIgniter->run()
#8 {main}
CRITICAL - 2024-04-07 09:28:33 --> Unknown column 'homepage_assets' in 'where clause'
in SYSTEMPATH\Database\BaseConnection.php on line 647.
 1 APPPATH\Controllers\QuestionAnswerController.php(30): CodeIgniter\Database\BaseConnection->query('SELECT * FROM question_answer 
                          WHERE id IN (homepage_assets) AND user_id = \'STD240715EC7E\' ')
 2 SYSTEMPATH\CodeIgniter.php(942): App\Controllers\QuestionAnswerController->exam_result_show('STD240715EC7E', 'homepage_assets', 'img', 'favicon.png')
 3 SYSTEMPATH\CodeIgniter.php(502): CodeIgniter\CodeIgniter->runController(Object(App\Controllers\QuestionAnswerController))
 4 SYSTEMPATH\CodeIgniter.php(361): CodeIgniter\CodeIgniter->handleRequest(null, Object(Config\Cache), false)
 5 FCPATH\index.php(79): CodeIgniter\CodeIgniter->run()
INFO - 2024-04-07 09:28:39 --> Session: Class initialized using 'CodeIgniter\Session\Handlers\FileHandler' driver.
INFO - 2024-04-07 09:28:39 --> Session: Class initialized using 'CodeIgniter\Session\Handlers\FileHandler' driver.
INFO - 2024-04-07 09:28:40 --> Session: Class initialized using 'CodeIgniter\Session\Handlers\FileHandler' driver.
INFO - 2024-04-07 09:28:40 --> Session: Class initialized using 'CodeIgniter\Session\Handlers\FileHandler' driver.
INFO - 2024-04-07 09:28:42 --> Session: Class initialized using 'CodeIgniter\Session\Handlers\FileHandler' driver.
INFO - 2024-04-07 09:28:42 --> Session: Class initialized using 'CodeIgniter\Session\Handlers\FileHandler' driver.
INFO - 2024-04-07 09:28:42 --> Session: Class initialized using 'CodeIgniter\Session\Handlers\FileHandler' driver.
INFO - 2024-04-07 09:28:42 --> Session: Class initialized using 'CodeIgniter\Session\Handlers\FileHandler' driver.
INFO - 2024-04-07 09:28:43 --> Session: Class initialized using 'CodeIgniter\Session\Handlers\FileHandler' driver.
INFO - 2024-04-07 09:28:44 --> Session: Class initialized using 'CodeIgniter\Session\Handlers\FileHandler' driver.
INFO - 2024-04-07 09:28:44 --> Session: Class initialized using 'CodeIgniter\Session\Handlers\FileHandler' driver.
INFO - 2024-04-07 09:28:44 --> Session: Class initialized using 'CodeIgniter\Session\Handlers\FileHandler' driver.
INFO - 2024-04-07 09:28:45 --> Session: Class initialized using 'CodeIgniter\Session\Handlers\FileHandler' driver.
INFO - 2024-04-07 09:28:46 --> Session: Class initialized using 'CodeIgniter\Session\Handlers\FileHandler' driver.
INFO - 2024-04-07 09:28:46 --> Session: Class initialized using 'CodeIgniter\Session\Handlers\FileHandler' driver.
INFO - 2024-04-07 09:28:46 --> Session: Class initialized using 'CodeIgniter\Session\Handlers\FileHandler' driver.
INFO - 2024-04-07 09:28:48 --> Session: Class initialized using 'CodeIgniter\Session\Handlers\FileHandler' driver.
INFO - 2024-04-07 09:28:48 --> Session: Class initialized using 'CodeIgniter\Session\Handlers\FileHandler' driver.
INFO - 2024-04-07 09:28:48 --> Session: Class initialized using 'CodeIgniter\Session\Handlers\FileHandler' driver.
INFO - 2024-04-07 09:28:48 --> Session: Class initialized using 'CodeIgniter\Session\Handlers\FileHandler' driver.
INFO - 2024-04-07 09:28:48 --> Session: Class initialized using 'CodeIgniter\Session\Handlers\FileHandler' driver.
INFO - 2024-04-07 09:28:53 --> Session: Class initialized using 'CodeIgniter\Session\Handlers\FileHandler' driver.
INFO - 2024-04-07 09:28:53 --> Session: Class initialized using 'CodeIgniter\Session\Handlers\FileHandler' driver.
INFO - 2024-04-07 09:28:54 --> Session: Class initialized using 'CodeIgniter\Session\Handlers\FileHandler' driver.
ERROR - 2024-04-07 09:28:54 --> mysqli_sql_exception: Unknown column 'homepage_assets' in 'where clause' in D:\laragon\www\SchoolingTime\vendor\codeigniter4\framework\system\Database\MySQLi\Connection.php:306
Stack trace:
#0 D:\laragon\www\SchoolingTime\vendor\codeigniter4\framework\system\Database\MySQLi\Connection.php(306): mysqli->query('SELECT * FROM q...', 0)
#1 D:\laragon\www\SchoolingTime\vendor\codeigniter4\framework\system\Database\BaseConnection.php(693): CodeIgniter\Database\MySQLi\Connection->execute('SELECT * FROM q...')
#2 D:\laragon\www\SchoolingTime\vendor\codeigniter4\framework\system\Database\BaseConnection.php(607): CodeIgniter\Database\BaseConnection->simpleQuery('SELECT * FROM q...')
#3 D:\laragon\www\SchoolingTime\app\Controllers\QuestionAnswerController.php(30): CodeIgniter\Database\BaseConnection->query('SELECT * FROM q...')
#4 D:\laragon\www\SchoolingTime\vendor\codeigniter4\framework\system\CodeIgniter.php(942): App\Controllers\QuestionAnswerController->exam_result_show('STD240715EC7E', 'homepage_assets', 'img', 'logo.png')
#5 D:\laragon\www\SchoolingTime\vendor\codeigniter4\framework\system\CodeIgniter.php(502): CodeIgniter\CodeIgniter->runController(Object(App\Controllers\QuestionAnswerController))
#6 D:\laragon\www\SchoolingTime\vendor\codeigniter4\framework\system\CodeIgniter.php(361): CodeIgniter\CodeIgniter->handleRequest(NULL, Object(Config\Cache), false)
#7 D:\laragon\www\SchoolingTime\index.php(79): CodeIgniter\CodeIgniter->run()
#8 {main}
CRITICAL - 2024-04-07 09:28:54 --> Unknown column 'homepage_assets' in 'where clause'
in SYSTEMPATH\Database\BaseConnection.php on line 647.
 1 APPPATH\Controllers\QuestionAnswerController.php(30): CodeIgniter\Database\BaseConnection->query('SELECT * FROM question_answer 
                          WHERE id IN (homepage_assets) AND user_id = \'STD240715EC7E\' ')
 2 SYSTEMPATH\CodeIgniter.php(942): App\Controllers\QuestionAnswerController->exam_result_show('STD240715EC7E', 'homepage_assets', 'img', 'logo.png')
 3 SYSTEMPATH\CodeIgniter.php(502): CodeIgniter\CodeIgniter->runController(Object(App\Controllers\QuestionAnswerController))
 4 SYSTEMPATH\CodeIgniter.php(361): CodeIgniter\CodeIgniter->handleRequest(null, Object(Config\Cache), false)
 5 FCPATH\index.php(79): CodeIgniter\CodeIgniter->run()
INFO - 2024-04-07 09:28:54 --> Session: Class initialized using 'CodeIgniter\Session\Handlers\FileHandler' driver.
ERROR - 2024-04-07 09:28:54 --> mysqli_sql_exception: Unknown column 'homepage_assets' in 'where clause' in D:\laragon\www\SchoolingTime\vendor\codeigniter4\framework\system\Database\MySQLi\Connection.php:306
Stack trace:
#0 D:\laragon\www\SchoolingTime\vendor\codeigniter4\framework\system\Database\MySQLi\Connection.php(306): mysqli->query('SELECT * FROM q...', 0)
#1 D:\laragon\www\SchoolingTime\vendor\codeigniter4\framework\system\Database\BaseConnection.php(693): CodeIgniter\Database\MySQLi\Connection->execute('SELECT * FROM q...')
#2 D:\laragon\www\SchoolingTime\vendor\codeigniter4\framework\system\Database\BaseConnection.php(607): CodeIgniter\Database\BaseConnection->simpleQuery('SELECT * FROM q...')
#3 D:\laragon\www\SchoolingTime\app\Controllers\QuestionAnswerController.php(30): CodeIgniter\Database\BaseConnection->query('SELECT * FROM q...')
#4 D:\laragon\www\SchoolingTime\vendor\codeigniter4\framework\system\CodeIgniter.php(942): App\Controllers\QuestionAnswerController->exam_result_show('STD240715EC7E', 'homepage_assets', 'img', 'apple-touch-ico...')
#5 D:\laragon\www\SchoolingTime\vendor\codeigniter4\framework\system\CodeIgniter.php(502): CodeIgniter\CodeIgniter->runController(Object(App\Controllers\QuestionAnswerController))
#6 D:\laragon\www\SchoolingTime\vendor\codeigniter4\framework\system\CodeIgniter.php(361): CodeIgniter\CodeIgniter->handleRequest(NULL, Object(Config\Cache), false)
#7 D:\laragon\www\SchoolingTime\index.php(79): CodeIgniter\CodeIgniter->run()
#8 {main}
CRITICAL - 2024-04-07 09:28:54 --> Unknown column 'homepage_assets' in 'where clause'
in SYSTEMPATH\Database\BaseConnection.php on line 647.
 1 APPPATH\Controllers\QuestionAnswerController.php(30): CodeIgniter\Database\BaseConnection->query('SELECT * FROM question_answer 
                          WHERE id IN (homepage_assets) AND user_id = \'STD240715EC7E\' ')
 2 SYSTEMPATH\CodeIgniter.php(942): App\Controllers\QuestionAnswerController->exam_result_show('STD240715EC7E', 'homepage_assets', 'img', 'apple-touch-icon.png')
 3 SYSTEMPATH\CodeIgniter.php(502): CodeIgniter\CodeIgniter->runController(Object(App\Controllers\QuestionAnswerController))
 4 SYSTEMPATH\CodeIgniter.php(361): CodeIgniter\CodeIgniter->handleRequest(null, Object(Config\Cache), false)
 5 FCPATH\index.php(79): CodeIgniter\CodeIgniter->run()
INFO - 2024-04-07 09:28:54 --> Session: Class initialized using 'CodeIgniter\Session\Handlers\FileHandler' driver.
ERROR - 2024-04-07 09:28:54 --> mysqli_sql_exception: Unknown column 'homepage_assets' in 'where clause' in D:\laragon\www\SchoolingTime\vendor\codeigniter4\framework\system\Database\MySQLi\Connection.php:306
Stack trace:
#0 D:\laragon\www\SchoolingTime\vendor\codeigniter4\framework\system\Database\MySQLi\Connection.php(306): mysqli->query('SELECT * FROM q...', 0)
#1 D:\laragon\www\SchoolingTime\vendor\codeigniter4\framework\system\Database\BaseConnection.php(693): CodeIgniter\Database\MySQLi\Connection->execute('SELECT * FROM q...')
#2 D:\laragon\www\SchoolingTime\vendor\codeigniter4\framework\system\Database\BaseConnection.php(607): CodeIgniter\Database\BaseConnection->simpleQuery('SELECT * FROM q...')
#3 D:\laragon\www\SchoolingTime\app\Controllers\QuestionAnswerController.php(30): CodeIgniter\Database\BaseConnection->query('SELECT * FROM q...')
#4 D:\laragon\www\SchoolingTime\vendor\codeigniter4\framework\system\CodeIgniter.php(942): App\Controllers\QuestionAnswerController->exam_result_show('STD240715EC7E', 'homepage_assets', 'img', 'favicon.png')
#5 D:\laragon\www\SchoolingTime\vendor\codeigniter4\framework\system\CodeIgniter.php(502): CodeIgniter\CodeIgniter->runController(Object(App\Controllers\QuestionAnswerController))
#6 D:\laragon\www\SchoolingTime\vendor\codeigniter4\framework\system\CodeIgniter.php(361): CodeIgniter\CodeIgniter->handleRequest(NULL, Object(Config\Cache), false)
#7 D:\laragon\www\SchoolingTime\index.php(79): CodeIgniter\CodeIgniter->run()
#8 {main}
CRITICAL - 2024-04-07 09:28:54 --> Unknown column 'homepage_assets' in 'where clause'
in SYSTEMPATH\Database\BaseConnection.php on line 647.
 1 APPPATH\Controllers\QuestionAnswerController.php(30): CodeIgniter\Database\BaseConnection->query('SELECT * FROM question_answer 
                          WHERE id IN (homepage_assets) AND user_id = \'STD240715EC7E\' ')
 2 SYSTEMPATH\CodeIgniter.php(942): App\Controllers\QuestionAnswerController->exam_result_show('STD240715EC7E', 'homepage_assets', 'img', 'favicon.png')
 3 SYSTEMPATH\CodeIgniter.php(502): CodeIgniter\CodeIgniter->runController(Object(App\Controllers\QuestionAnswerController))
 4 SYSTEMPATH\CodeIgniter.php(361): CodeIgniter\CodeIgniter->handleRequest(null, Object(Config\Cache), false)
 5 FCPATH\index.php(79): CodeIgniter\CodeIgniter->run()
INFO - 2024-04-07 09:29:42 --> Session: Class initialized using 'CodeIgniter\Session\Handlers\FileHandler' driver.
INFO - 2024-04-07 09:29:43 --> Session: Class initialized using 'CodeIgniter\Session\Handlers\FileHandler' driver.
ERROR - 2024-04-07 09:29:43 --> mysqli_sql_exception: Unknown column 'homepage_assets' in 'where clause' in D:\laragon\www\SchoolingTime\vendor\codeigniter4\framework\system\Database\MySQLi\Connection.php:306
Stack trace:
#0 D:\laragon\www\SchoolingTime\vendor\codeigniter4\framework\system\Database\MySQLi\Connection.php(306): mysqli->query('SELECT * FROM q...', 0)
#1 D:\laragon\www\SchoolingTime\vendor\codeigniter4\framework\system\Database\BaseConnection.php(693): CodeIgniter\Database\MySQLi\Connection->execute('SELECT * FROM q...')
#2 D:\laragon\www\SchoolingTime\vendor\codeigniter4\framework\system\Database\BaseConnection.php(607): CodeIgniter\Database\BaseConnection->simpleQuery('SELECT * FROM q...')
#3 D:\laragon\www\SchoolingTime\app\Controllers\QuestionAnswerController.php(30): CodeIgniter\Database\BaseConnection->query('SELECT * FROM q...')
#4 D:\laragon\www\SchoolingTime\vendor\codeigniter4\framework\system\CodeIgniter.php(942): App\Controllers\QuestionAnswerController->exam_result_show('STD240715EC7E', 'homepage_assets', 'img', 'logo.png')
#5 D:\laragon\www\SchoolingTime\vendor\codeigniter4\framework\system\CodeIgniter.php(502): CodeIgniter\CodeIgniter->runController(Object(App\Controllers\QuestionAnswerController))
#6 D:\laragon\www\SchoolingTime\vendor\codeigniter4\framework\system\CodeIgniter.php(361): CodeIgniter\CodeIgniter->handleRequest(NULL, Object(Config\Cache), false)
#7 D:\laragon\www\SchoolingTime\index.php(79): CodeIgniter\CodeIgniter->run()
#8 {main}
CRITICAL - 2024-04-07 09:29:43 --> Unknown column 'homepage_assets' in 'where clause'
in SYSTEMPATH\Database\BaseConnection.php on line 647.
 1 APPPATH\Controllers\QuestionAnswerController.php(30): CodeIgniter\Database\BaseConnection->query('SELECT * FROM question_answer 
                          WHERE id IN (homepage_assets) AND user_id = \'STD240715EC7E\' ')
 2 SYSTEMPATH\CodeIgniter.php(942): App\Controllers\QuestionAnswerController->exam_result_show('STD240715EC7E', 'homepage_assets', 'img', 'logo.png')
 3 SYSTEMPATH\CodeIgniter.php(502): CodeIgniter\CodeIgniter->runController(Object(App\Controllers\QuestionAnswerController))
 4 SYSTEMPATH\CodeIgniter.php(361): CodeIgniter\CodeIgniter->handleRequest(null, Object(Config\Cache), false)
 5 FCPATH\index.php(79): CodeIgniter\CodeIgniter->run()
INFO - 2024-04-07 09:29:43 --> Session: Class initialized using 'CodeIgniter\Session\Handlers\FileHandler' driver.
ERROR - 2024-04-07 09:29:43 --> mysqli_sql_exception: Unknown column 'homepage_assets' in 'where clause' in D:\laragon\www\SchoolingTime\vendor\codeigniter4\framework\system\Database\MySQLi\Connection.php:306
Stack trace:
#0 D:\laragon\www\SchoolingTime\vendor\codeigniter4\framework\system\Database\MySQLi\Connection.php(306): mysqli->query('SELECT * FROM q...', 0)
#1 D:\laragon\www\SchoolingTime\vendor\codeigniter4\framework\system\Database\BaseConnection.php(693): CodeIgniter\Database\MySQLi\Connection->execute('SELECT * FROM q...')
#2 D:\laragon\www\SchoolingTime\vendor\codeigniter4\framework\system\Database\BaseConnection.php(607): CodeIgniter\Database\BaseConnection->simpleQuery('SELECT * FROM q...')
#3 D:\laragon\www\SchoolingTime\app\Controllers\QuestionAnswerController.php(30): CodeIgniter\Database\BaseConnection->query('SELECT * FROM q...')
#4 D:\laragon\www\SchoolingTime\vendor\codeigniter4\framework\system\CodeIgniter.php(942): App\Controllers\QuestionAnswerController->exam_result_show('STD240715EC7E', 'homepage_assets', 'img', 'favicon.png')
#5 D:\laragon\www\SchoolingTime\vendor\codeigniter4\framework\system\CodeIgniter.php(502): CodeIgniter\CodeIgniter->runController(Object(App\Controllers\QuestionAnswerController))
#6 D:\laragon\www\SchoolingTime\vendor\codeigniter4\framework\system\CodeIgniter.php(361): CodeIgniter\CodeIgniter->handleRequest(NULL, Object(Config\Cache), false)
#7 D:\laragon\www\SchoolingTime\index.php(79): CodeIgniter\CodeIgniter->run()
#8 {main}
CRITICAL - 2024-04-07 09:29:43 --> Unknown column 'homepage_assets' in 'where clause'
in SYSTEMPATH\Database\BaseConnection.php on line 647.
 1 APPPATH\Controllers\QuestionAnswerController.php(30): CodeIgniter\Database\BaseConnection->query('SELECT * FROM question_answer 
                          WHERE id IN (homepage_assets) AND user_id = \'STD240715EC7E\' ')
 2 SYSTEMPATH\CodeIgniter.php(942): App\Controllers\QuestionAnswerController->exam_result_show('STD240715EC7E', 'homepage_assets', 'img', 'favicon.png')
 3 SYSTEMPATH\CodeIgniter.php(502): CodeIgniter\CodeIgniter->runController(Object(App\Controllers\QuestionAnswerController))
 4 SYSTEMPATH\CodeIgniter.php(361): CodeIgniter\CodeIgniter->handleRequest(null, Object(Config\Cache), false)
 5 FCPATH\index.php(79): CodeIgniter\CodeIgniter->run()
INFO - 2024-04-07 09:29:43 --> Session: Class initialized using 'CodeIgniter\Session\Handlers\FileHandler' driver.
ERROR - 2024-04-07 09:29:43 --> mysqli_sql_exception: Unknown column 'homepage_assets' in 'where clause' in D:\laragon\www\SchoolingTime\vendor\codeigniter4\framework\system\Database\MySQLi\Connection.php:306
Stack trace:
#0 D:\laragon\www\SchoolingTime\vendor\codeigniter4\framework\system\Database\MySQLi\Connection.php(306): mysqli->query('SELECT * FROM q...', 0)
#1 D:\laragon\www\SchoolingTime\vendor\codeigniter4\framework\system\Database\BaseConnection.php(693): CodeIgniter\Database\MySQLi\Connection->execute('SELECT * FROM q...')
#2 D:\laragon\www\SchoolingTime\vendor\codeigniter4\framework\system\Database\BaseConnection.php(607): CodeIgniter\Database\BaseConnection->simpleQuery('SELECT * FROM q...')
#3 D:\laragon\www\SchoolingTime\app\Controllers\QuestionAnswerController.php(30): CodeIgniter\Database\BaseConnection->query('SELECT * FROM q...')
#4 D:\laragon\www\SchoolingTime\vendor\codeigniter4\framework\system\CodeIgniter.php(942): App\Controllers\QuestionAnswerController->exam_result_show('STD240715EC7E', 'homepage_assets', 'img', 'apple-touch-ico...')
#5 D:\laragon\www\SchoolingTime\vendor\codeigniter4\framework\system\CodeIgniter.php(502): CodeIgniter\CodeIgniter->runController(Object(App\Controllers\QuestionAnswerController))
#6 D:\laragon\www\SchoolingTime\vendor\codeigniter4\framework\system\CodeIgniter.php(361): CodeIgniter\CodeIgniter->handleRequest(NULL, Object(Config\Cache), false)
#7 D:\laragon\www\SchoolingTime\index.php(79): CodeIgniter\CodeIgniter->run()
#8 {main}
CRITICAL - 2024-04-07 09:29:43 --> Unknown column 'homepage_assets' in 'where clause'
in SYSTEMPATH\Database\BaseConnection.php on line 647.
 1 APPPATH\Controllers\QuestionAnswerController.php(30): CodeIgniter\Database\BaseConnection->query('SELECT * FROM question_answer 
                          WHERE id IN (homepage_assets) AND user_id = \'STD240715EC7E\' ')
 2 SYSTEMPATH\CodeIgniter.php(942): App\Controllers\QuestionAnswerController->exam_result_show('STD240715EC7E', 'homepage_assets', 'img', 'apple-touch-icon.png')
 3 SYSTEMPATH\CodeIgniter.php(502): CodeIgniter\CodeIgniter->runController(Object(App\Controllers\QuestionAnswerController))
 4 SYSTEMPATH\CodeIgniter.php(361): CodeIgniter\CodeIgniter->handleRequest(null, Object(Config\Cache), false)
 5 FCPATH\index.php(79): CodeIgniter\CodeIgniter->run()
INFO - 2024-04-07 09:30:01 --> Session: Class initialized using 'CodeIgniter\Session\Handlers\FileHandler' driver.
INFO - 2024-04-07 09:30:02 --> Session: Class initialized using 'CodeIgniter\Session\Handlers\FileHandler' driver.
ERROR - 2024-04-07 09:30:02 --> mysqli_sql_exception: Unknown column 'homepage_assets' in 'where clause' in D:\laragon\www\SchoolingTime\vendor\codeigniter4\framework\system\Database\MySQLi\Connection.php:306
Stack trace:
#0 D:\laragon\www\SchoolingTime\vendor\codeigniter4\framework\system\Database\MySQLi\Connection.php(306): mysqli->query('SELECT * FROM q...', 0)
#1 D:\laragon\www\SchoolingTime\vendor\codeigniter4\framework\system\Database\BaseConnection.php(693): CodeIgniter\Database\MySQLi\Connection->execute('SELECT * FROM q...')
#2 D:\laragon\www\SchoolingTime\vendor\codeigniter4\framework\system\Database\BaseConnection.php(607): CodeIgniter\Database\BaseConnection->simpleQuery('SELECT * FROM q...')
#3 D:\laragon\www\SchoolingTime\app\Controllers\QuestionAnswerController.php(30): CodeIgniter\Database\BaseConnection->query('SELECT * FROM q...')
#4 D:\laragon\www\SchoolingTime\vendor\codeigniter4\framework\system\CodeIgniter.php(942): App\Controllers\QuestionAnswerController->exam_result_show('STD240715EC7E', 'homepage_assets', 'img', 'logo.png')
#5 D:\laragon\www\SchoolingTime\vendor\codeigniter4\framework\system\CodeIgniter.php(502): CodeIgniter\CodeIgniter->runController(Object(App\Controllers\QuestionAnswerController))
#6 D:\laragon\www\SchoolingTime\vendor\codeigniter4\framework\system\CodeIgniter.php(361): CodeIgniter\CodeIgniter->handleRequest(NULL, Object(Config\Cache), false)
#7 D:\laragon\www\SchoolingTime\index.php(79): CodeIgniter\CodeIgniter->run()
#8 {main}
CRITICAL - 2024-04-07 09:30:02 --> Unknown column 'homepage_assets' in 'where clause'
in SYSTEMPATH\Database\BaseConnection.php on line 647.
 1 APPPATH\Controllers\QuestionAnswerController.php(30): CodeIgniter\Database\BaseConnection->query('SELECT * FROM question_answer 
                          WHERE id IN (homepage_assets) AND user_id = \'STD240715EC7E\' ')
 2 SYSTEMPATH\CodeIgniter.php(942): App\Controllers\QuestionAnswerController->exam_result_show('STD240715EC7E', 'homepage_assets', 'img', 'logo.png')
 3 SYSTEMPATH\CodeIgniter.php(502): CodeIgniter\CodeIgniter->runController(Object(App\Controllers\QuestionAnswerController))
 4 SYSTEMPATH\CodeIgniter.php(361): CodeIgniter\CodeIgniter->handleRequest(null, Object(Config\Cache), false)
 5 FCPATH\index.php(79): CodeIgniter\CodeIgniter->run()
INFO - 2024-04-07 09:30:02 --> Session: Class initialized using 'CodeIgniter\Session\Handlers\FileHandler' driver.
ERROR - 2024-04-07 09:30:02 --> mysqli_sql_exception: Unknown column 'homepage_assets' in 'where clause' in D:\laragon\www\SchoolingTime\vendor\codeigniter4\framework\system\Database\MySQLi\Connection.php:306
Stack trace:
#0 D:\laragon\www\SchoolingTime\vendor\codeigniter4\framework\system\Database\MySQLi\Connection.php(306): mysqli->query('SELECT * FROM q...', 0)
#1 D:\laragon\www\SchoolingTime\vendor\codeigniter4\framework\system\Database\BaseConnection.php(693): CodeIgniter\Database\MySQLi\Connection->execute('SELECT * FROM q...')
#2 D:\laragon\www\SchoolingTime\vendor\codeigniter4\framework\system\Database\BaseConnection.php(607): CodeIgniter\Database\BaseConnection->simpleQuery('SELECT * FROM q...')
#3 D:\laragon\www\SchoolingTime\app\Controllers\QuestionAnswerController.php(30): CodeIgniter\Database\BaseConnection->query('SELECT * FROM q...')
#4 D:\laragon\www\SchoolingTime\vendor\codeigniter4\framework\system\CodeIgniter.php(942): App\Controllers\QuestionAnswerController->exam_result_show('STD240715EC7E', 'homepage_assets', 'img', 'apple-touch-ico...')
#5 D:\laragon\www\SchoolingTime\vendor\codeigniter4\framework\system\CodeIgniter.php(502): CodeIgniter\CodeIgniter->runController(Object(App\Controllers\QuestionAnswerController))
#6 D:\laragon\www\SchoolingTime\vendor\codeigniter4\framework\system\CodeIgniter.php(361): CodeIgniter\CodeIgniter->handleRequest(NULL, Object(Config\Cache), false)
#7 D:\laragon\www\SchoolingTime\index.php(79): CodeIgniter\CodeIgniter->run()
#8 {main}
CRITICAL - 2024-04-07 09:30:02 --> Unknown column 'homepage_assets' in 'where clause'
in SYSTEMPATH\Database\BaseConnection.php on line 647.
 1 APPPATH\Controllers\QuestionAnswerController.php(30): CodeIgniter\Database\BaseConnection->query('SELECT * FROM question_answer 
                          WHERE id IN (homepage_assets) AND user_id = \'STD240715EC7E\' ')
 2 SYSTEMPATH\CodeIgniter.php(942): App\Controllers\QuestionAnswerController->exam_result_show('STD240715EC7E', 'homepage_assets', 'img', 'apple-touch-icon.png')
 3 SYSTEMPATH\CodeIgniter.php(502): CodeIgniter\CodeIgniter->runController(Object(App\Controllers\QuestionAnswerController))
 4 SYSTEMPATH\CodeIgniter.php(361): CodeIgniter\CodeIgniter->handleRequest(null, Object(Config\Cache), false)
 5 FCPATH\index.php(79): CodeIgniter\CodeIgniter->run()
INFO - 2024-04-07 09:30:02 --> Session: Class initialized using 'CodeIgniter\Session\Handlers\FileHandler' driver.
ERROR - 2024-04-07 09:30:02 --> mysqli_sql_exception: Unknown column 'homepage_assets' in 'where clause' in D:\laragon\www\SchoolingTime\vendor\codeigniter4\framework\system\Database\MySQLi\Connection.php:306
Stack trace:
#0 D:\laragon\www\SchoolingTime\vendor\codeigniter4\framework\system\Database\MySQLi\Connection.php(306): mysqli->query('SELECT * FROM q...', 0)
#1 D:\laragon\www\SchoolingTime\vendor\codeigniter4\framework\system\Database\BaseConnection.php(693): CodeIgniter\Database\MySQLi\Connection->execute('SELECT * FROM q...')
#2 D:\laragon\www\SchoolingTime\vendor\codeigniter4\framework\system\Database\BaseConnection.php(607): CodeIgniter\Database\BaseConnection->simpleQuery('SELECT * FROM q...')
#3 D:\laragon\www\SchoolingTime\app\Controllers\QuestionAnswerController.php(30): CodeIgniter\Database\BaseConnection->query('SELECT * FROM q...')
#4 D:\laragon\www\SchoolingTime\vendor\codeigniter4\framework\system\CodeIgniter.php(942): App\Controllers\QuestionAnswerController->exam_result_show('STD240715EC7E', 'homepage_assets', 'img', 'favicon.png')
#5 D:\laragon\www\SchoolingTime\vendor\codeigniter4\framework\system\CodeIgniter.php(502): CodeIgniter\CodeIgniter->runController(Object(App\Controllers\QuestionAnswerController))
#6 D:\laragon\www\SchoolingTime\vendor\codeigniter4\framework\system\CodeIgniter.php(361): CodeIgniter\CodeIgniter->handleRequest(NULL, Object(Config\Cache), false)
#7 D:\laragon\www\SchoolingTime\index.php(79): CodeIgniter\CodeIgniter->run()
#8 {main}
CRITICAL - 2024-04-07 09:30:02 --> Unknown column 'homepage_assets' in 'where clause'
in SYSTEMPATH\Database\BaseConnection.php on line 647.
 1 APPPATH\Controllers\QuestionAnswerController.php(30): CodeIgniter\Database\BaseConnection->query('SELECT * FROM question_answer 
                          WHERE id IN (homepage_assets) AND user_id = \'STD240715EC7E\' ')
 2 SYSTEMPATH\CodeIgniter.php(942): App\Controllers\QuestionAnswerController->exam_result_show('STD240715EC7E', 'homepage_assets', 'img', 'favicon.png')
 3 SYSTEMPATH\CodeIgniter.php(502): CodeIgniter\CodeIgniter->runController(Object(App\Controllers\QuestionAnswerController))
 4 SYSTEMPATH\CodeIgniter.php(361): CodeIgniter\CodeIgniter->handleRequest(null, Object(Config\Cache), false)
 5 FCPATH\index.php(79): CodeIgniter\CodeIgniter->run()
INFO - 2024-04-07 09:30:10 --> Session: Class initialized using 'CodeIgniter\Session\Handlers\FileHandler' driver.
INFO - 2024-04-07 09:30:11 --> Session: Class initialized using 'CodeIgniter\Session\Handlers\FileHandler' driver.
ERROR - 2024-04-07 09:30:11 --> mysqli_sql_exception: Unknown column 'homepage_assets' in 'where clause' in D:\laragon\www\SchoolingTime\vendor\codeigniter4\framework\system\Database\MySQLi\Connection.php:306
Stack trace:
#0 D:\laragon\www\SchoolingTime\vendor\codeigniter4\framework\system\Database\MySQLi\Connection.php(306): mysqli->query('SELECT * FROM q...', 0)
#1 D:\laragon\www\SchoolingTime\vendor\codeigniter4\framework\system\Database\BaseConnection.php(693): CodeIgniter\Database\MySQLi\Connection->execute('SELECT * FROM q...')
#2 D:\laragon\www\SchoolingTime\vendor\codeigniter4\framework\system\Database\BaseConnection.php(607): CodeIgniter\Database\BaseConnection->simpleQuery('SELECT * FROM q...')
#3 D:\laragon\www\SchoolingTime\app\Controllers\QuestionAnswerController.php(30): CodeIgniter\Database\BaseConnection->query('SELECT * FROM q...')
#4 D:\laragon\www\SchoolingTime\vendor\codeigniter4\framework\system\CodeIgniter.php(942): App\Controllers\QuestionAnswerController->exam_result_show('STD240715EC7E', 'homepage_assets', 'img', 'logo.png')
#5 D:\laragon\www\SchoolingTime\vendor\codeigniter4\framework\system\CodeIgniter.php(502): CodeIgniter\CodeIgniter->runController(Object(App\Controllers\QuestionAnswerController))
#6 D:\laragon\www\SchoolingTime\vendor\codeigniter4\framework\system\CodeIgniter.php(361): CodeIgniter\CodeIgniter->handleRequest(NULL, Object(Config\Cache), false)
#7 D:\laragon\www\SchoolingTime\index.php(79): CodeIgniter\CodeIgniter->run()
#8 {main}
CRITICAL - 2024-04-07 09:30:11 --> Unknown column 'homepage_assets' in 'where clause'
in SYSTEMPATH\Database\BaseConnection.php on line 647.
 1 APPPATH\Controllers\QuestionAnswerController.php(30): CodeIgniter\Database\BaseConnection->query('SELECT * FROM question_answer 
                          WHERE id IN (homepage_assets) AND user_id = \'STD240715EC7E\' ')
 2 SYSTEMPATH\CodeIgniter.php(942): App\Controllers\QuestionAnswerController->exam_result_show('STD240715EC7E', 'homepage_assets', 'img', 'logo.png')
 3 SYSTEMPATH\CodeIgniter.php(502): CodeIgniter\CodeIgniter->runController(Object(App\Controllers\QuestionAnswerController))
 4 SYSTEMPATH\CodeIgniter.php(361): CodeIgniter\CodeIgniter->handleRequest(null, Object(Config\Cache), false)
 5 FCPATH\index.php(79): CodeIgniter\CodeIgniter->run()
INFO - 2024-04-07 09:30:11 --> Session: Class initialized using 'CodeIgniter\Session\Handlers\FileHandler' driver.
ERROR - 2024-04-07 09:30:11 --> mysqli_sql_exception: Unknown column 'homepage_assets' in 'where clause' in D:\laragon\www\SchoolingTime\vendor\codeigniter4\framework\system\Database\MySQLi\Connection.php:306
Stack trace:
#0 D:\laragon\www\SchoolingTime\vendor\codeigniter4\framework\system\Database\MySQLi\Connection.php(306): mysqli->query('SELECT * FROM q...', 0)
#1 D:\laragon\www\SchoolingTime\vendor\codeigniter4\framework\system\Database\BaseConnection.php(693): CodeIgniter\Database\MySQLi\Connection->execute('SELECT * FROM q...')
#2 D:\laragon\www\SchoolingTime\vendor\codeigniter4\framework\system\Database\BaseConnection.php(607): CodeIgniter\Database\BaseConnection->simpleQuery('SELECT * FROM q...')
#3 D:\laragon\www\SchoolingTime\app\Controllers\QuestionAnswerController.php(30): CodeIgniter\Database\BaseConnection->query('SELECT * FROM q...')
#4 D:\laragon\www\SchoolingTime\vendor\codeigniter4\framework\system\CodeIgniter.php(942): App\Controllers\QuestionAnswerController->exam_result_show('STD240715EC7E', 'homepage_assets', 'img', 'favicon.png')
#5 D:\laragon\www\SchoolingTime\vendor\codeigniter4\framework\system\CodeIgniter.php(502): CodeIgniter\CodeIgniter->runController(Object(App\Controllers\QuestionAnswerController))
#6 D:\laragon\www\SchoolingTime\vendor\codeigniter4\framework\system\CodeIgniter.php(361): CodeIgniter\CodeIgniter->handleRequest(NULL, Object(Config\Cache), false)
#7 D:\laragon\www\SchoolingTime\index.php(79): CodeIgniter\CodeIgniter->run()
#8 {main}
CRITICAL - 2024-04-07 09:30:11 --> Unknown column 'homepage_assets' in 'where clause'
in SYSTEMPATH\Database\BaseConnection.php on line 647.
 1 APPPATH\Controllers\QuestionAnswerController.php(30): CodeIgniter\Database\BaseConnection->query('SELECT * FROM question_answer 
                          WHERE id IN (homepage_assets) AND user_id = \'STD240715EC7E\' ')
 2 SYSTEMPATH\CodeIgniter.php(942): App\Controllers\QuestionAnswerController->exam_result_show('STD240715EC7E', 'homepage_assets', 'img', 'favicon.png')
 3 SYSTEMPATH\CodeIgniter.php(502): CodeIgniter\CodeIgniter->runController(Object(App\Controllers\QuestionAnswerController))
 4 SYSTEMPATH\CodeIgniter.php(361): CodeIgniter\CodeIgniter->handleRequest(null, Object(Config\Cache), false)
 5 FCPATH\index.php(79): CodeIgniter\CodeIgniter->run()
INFO - 2024-04-07 09:30:11 --> Session: Class initialized using 'CodeIgniter\Session\Handlers\FileHandler' driver.
ERROR - 2024-04-07 09:30:11 --> mysqli_sql_exception: Unknown column 'homepage_assets' in 'where clause' in D:\laragon\www\SchoolingTime\vendor\codeigniter4\framework\system\Database\MySQLi\Connection.php:306
Stack trace:
#0 D:\laragon\www\SchoolingTime\vendor\codeigniter4\framework\system\Database\MySQLi\Connection.php(306): mysqli->query('SELECT * FROM q...', 0)
#1 D:\laragon\www\SchoolingTime\vendor\codeigniter4\framework\system\Database\BaseConnection.php(693): CodeIgniter\Database\MySQLi\Connection->execute('SELECT * FROM q...')
#2 D:\laragon\www\SchoolingTime\vendor\codeigniter4\framework\system\Database\BaseConnection.php(607): CodeIgniter\Database\BaseConnection->simpleQuery('SELECT * FROM q...')
#3 D:\laragon\www\SchoolingTime\app\Controllers\QuestionAnswerController.php(30): CodeIgniter\Database\BaseConnection->query('SELECT * FROM q...')
#4 D:\laragon\www\SchoolingTime\vendor\codeigniter4\framework\system\CodeIgniter.php(942): App\Controllers\QuestionAnswerController->exam_result_show('STD240715EC7E', 'homepage_assets', 'img', 'apple-touch-ico...')
#5 D:\laragon\www\SchoolingTime\vendor\codeigniter4\framework\system\CodeIgniter.php(502): CodeIgniter\CodeIgniter->runController(Object(App\Controllers\QuestionAnswerController))
#6 D:\laragon\www\SchoolingTime\vendor\codeigniter4\framework\system\CodeIgniter.php(361): CodeIgniter\CodeIgniter->handleRequest(NULL, Object(Config\Cache), false)
#7 D:\laragon\www\SchoolingTime\index.php(79): CodeIgniter\CodeIgniter->run()
#8 {main}
CRITICAL - 2024-04-07 09:30:11 --> Unknown column 'homepage_assets' in 'where clause'
in SYSTEMPATH\Database\BaseConnection.php on line 647.
 1 APPPATH\Controllers\QuestionAnswerController.php(30): CodeIgniter\Database\BaseConnection->query('SELECT * FROM question_answer 
                          WHERE id IN (homepage_assets) AND user_id = \'STD240715EC7E\' ')
 2 SYSTEMPATH\CodeIgniter.php(942): App\Controllers\QuestionAnswerController->exam_result_show('STD240715EC7E', 'homepage_assets', 'img', 'apple-touch-icon.png')
 3 SYSTEMPATH\CodeIgniter.php(502): CodeIgniter\CodeIgniter->runController(Object(App\Controllers\QuestionAnswerController))
 4 SYSTEMPATH\CodeIgniter.php(361): CodeIgniter\CodeIgniter->handleRequest(null, Object(Config\Cache), false)
 5 FCPATH\index.php(79): CodeIgniter\CodeIgniter->run()
INFO - 2024-04-07 09:30:49 --> Session: Class initialized using 'CodeIgniter\Session\Handlers\FileHandler' driver.
INFO - 2024-04-07 09:30:49 --> Session: Class initialized using 'CodeIgniter\Session\Handlers\FileHandler' driver.
INFO - 2024-04-07 09:30:49 --> Session: Class initialized using 'CodeIgniter\Session\Handlers\FileHandler' driver.
INFO - 2024-04-07 09:30:49 --> Session: Class initialized using 'CodeIgniter\Session\Handlers\FileHandler' driver.
INFO - 2024-04-07 09:30:50 --> Session: Class initialized using 'CodeIgniter\Session\Handlers\FileHandler' driver.
INFO - 2024-04-07 09:30:51 --> Session: Class initialized using 'CodeIgniter\Session\Handlers\FileHandler' driver.
INFO - 2024-04-07 09:30:51 --> Session: Class initialized using 'CodeIgniter\Session\Handlers\FileHandler' driver.
INFO - 2024-04-07 09:30:51 --> Session: Class initialized using 'CodeIgniter\Session\Handlers\FileHandler' driver.
INFO - 2024-04-07 09:30:52 --> Session: Class initialized using 'CodeIgniter\Session\Handlers\FileHandler' driver.
INFO - 2024-04-07 09:30:52 --> Session: Class initialized using 'CodeIgniter\Session\Handlers\FileHandler' driver.
INFO - 2024-04-07 09:30:52 --> Session: Class initialized using 'CodeIgniter\Session\Handlers\FileHandler' driver.
INFO - 2024-04-07 09:30:52 --> Session: Class initialized using 'CodeIgniter\Session\Handlers\FileHandler' driver.
INFO - 2024-04-07 09:30:54 --> Session: Class initialized using 'CodeIgniter\Session\Handlers\FileHandler' driver.
INFO - 2024-04-07 09:30:54 --> Session: Class initialized using 'CodeIgniter\Session\Handlers\FileHandler' driver.
INFO - 2024-04-07 09:30:54 --> Session: Class initialized using 'CodeIgniter\Session\Handlers\FileHandler' driver.
INFO - 2024-04-07 09:30:55 --> Session: Class initialized using 'CodeIgniter\Session\Handlers\FileHandler' driver.
INFO - 2024-04-07 09:30:55 --> Session: Class initialized using 'CodeIgniter\Session\Handlers\FileHandler' driver.
INFO - 2024-04-07 09:31:03 --> Session: Class initialized using 'CodeIgniter\Session\Handlers\FileHandler' driver.
INFO - 2024-04-07 09:31:04 --> Session: Class initialized using 'CodeIgniter\Session\Handlers\FileHandler' driver.
INFO - 2024-04-07 09:31:04 --> Session: Class initialized using 'CodeIgniter\Session\Handlers\FileHandler' driver.
ERROR - 2024-04-07 09:31:04 --> mysqli_sql_exception: Unknown column 'homepage_assets' in 'where clause' in D:\laragon\www\SchoolingTime\vendor\codeigniter4\framework\system\Database\MySQLi\Connection.php:306
Stack trace:
#0 D:\laragon\www\SchoolingTime\vendor\codeigniter4\framework\system\Database\MySQLi\Connection.php(306): mysqli->query('SELECT * FROM q...', 0)
#1 D:\laragon\www\SchoolingTime\vendor\codeigniter4\framework\system\Database\BaseConnection.php(693): CodeIgniter\Database\MySQLi\Connection->execute('SELECT * FROM q...')
#2 D:\laragon\www\SchoolingTime\vendor\codeigniter4\framework\system\Database\BaseConnection.php(607): CodeIgniter\Database\BaseConnection->simpleQuery('SELECT * FROM q...')
#3 D:\laragon\www\SchoolingTime\app\Controllers\QuestionAnswerController.php(30): CodeIgniter\Database\BaseConnection->query('SELECT * FROM q...')
#4 D:\laragon\www\SchoolingTime\vendor\codeigniter4\framework\system\CodeIgniter.php(942): App\Controllers\QuestionAnswerController->exam_result_show('STD240715EC7E', 'homepage_assets', 'img', 'logo.png')
#5 D:\laragon\www\SchoolingTime\vendor\codeigniter4\framework\system\CodeIgniter.php(502): CodeIgniter\CodeIgniter->runController(Object(App\Controllers\QuestionAnswerController))
#6 D:\laragon\www\SchoolingTime\vendor\codeigniter4\framework\system\CodeIgniter.php(361): CodeIgniter\CodeIgniter->handleRequest(NULL, Object(Config\Cache), false)
#7 D:\laragon\www\SchoolingTime\index.php(79): CodeIgniter\CodeIgniter->run()
#8 {main}
CRITICAL - 2024-04-07 09:31:04 --> Unknown column 'homepage_assets' in 'where clause'
in SYSTEMPATH\Database\BaseConnection.php on line 647.
 1 APPPATH\Controllers\QuestionAnswerController.php(30): CodeIgniter\Database\BaseConnection->query('SELECT * FROM question_answer 
                          WHERE id IN (homepage_assets) AND user_id = \'STD240715EC7E\' ')
 2 SYSTEMPATH\CodeIgniter.php(942): App\Controllers\QuestionAnswerController->exam_result_show('STD240715EC7E', 'homepage_assets', 'img', 'logo.png')
 3 SYSTEMPATH\CodeIgniter.php(502): CodeIgniter\CodeIgniter->runController(Object(App\Controllers\QuestionAnswerController))
 4 SYSTEMPATH\CodeIgniter.php(361): CodeIgniter\CodeIgniter->handleRequest(null, Object(Config\Cache), false)
 5 FCPATH\index.php(79): CodeIgniter\CodeIgniter->run()
INFO - 2024-04-07 09:31:04 --> Session: Class initialized using 'CodeIgniter\Session\Handlers\FileHandler' driver.
ERROR - 2024-04-07 09:31:04 --> mysqli_sql_exception: Unknown column 'homepage_assets' in 'where clause' in D:\laragon\www\SchoolingTime\vendor\codeigniter4\framework\system\Database\MySQLi\Connection.php:306
Stack trace:
#0 D:\laragon\www\SchoolingTime\vendor\codeigniter4\framework\system\Database\MySQLi\Connection.php(306): mysqli->query('SELECT * FROM q...', 0)
#1 D:\laragon\www\SchoolingTime\vendor\codeigniter4\framework\system\Database\BaseConnection.php(693): CodeIgniter\Database\MySQLi\Connection->execute('SELECT * FROM q...')
#2 D:\laragon\www\SchoolingTime\vendor\codeigniter4\framework\system\Database\BaseConnection.php(607): CodeIgniter\Database\BaseConnection->simpleQuery('SELECT * FROM q...')
#3 D:\laragon\www\SchoolingTime\app\Controllers\QuestionAnswerController.php(30): CodeIgniter\Database\BaseConnection->query('SELECT * FROM q...')
#4 D:\laragon\www\SchoolingTime\vendor\codeigniter4\framework\system\CodeIgniter.php(942): App\Controllers\QuestionAnswerController->exam_result_show('STD240715EC7E', 'homepage_assets', 'img', 'apple-touch-ico...')
#5 D:\laragon\www\SchoolingTime\vendor\codeigniter4\framework\system\CodeIgniter.php(502): CodeIgniter\CodeIgniter->runController(Object(App\Controllers\QuestionAnswerController))
#6 D:\laragon\www\SchoolingTime\vendor\codeigniter4\framework\system\CodeIgniter.php(361): CodeIgniter\CodeIgniter->handleRequest(NULL, Object(Config\Cache), false)
#7 D:\laragon\www\SchoolingTime\index.php(79): CodeIgniter\CodeIgniter->run()
#8 {main}
CRITICAL - 2024-04-07 09:31:04 --> Unknown column 'homepage_assets' in 'where clause'
in SYSTEMPATH\Database\BaseConnection.php on line 647.
 1 APPPATH\Controllers\QuestionAnswerController.php(30): CodeIgniter\Database\BaseConnection->query('SELECT * FROM question_answer 
                          WHERE id IN (homepage_assets) AND user_id = \'STD240715EC7E\' ')
 2 SYSTEMPATH\CodeIgniter.php(942): App\Controllers\QuestionAnswerController->exam_result_show('STD240715EC7E', 'homepage_assets', 'img', 'apple-touch-icon.png')
 3 SYSTEMPATH\CodeIgniter.php(502): CodeIgniter\CodeIgniter->runController(Object(App\Controllers\QuestionAnswerController))
 4 SYSTEMPATH\CodeIgniter.php(361): CodeIgniter\CodeIgniter->handleRequest(null, Object(Config\Cache), false)
 5 FCPATH\index.php(79): CodeIgniter\CodeIgniter->run()
INFO - 2024-04-07 09:31:04 --> Session: Class initialized using 'CodeIgniter\Session\Handlers\FileHandler' driver.
ERROR - 2024-04-07 09:31:04 --> mysqli_sql_exception: Unknown column 'homepage_assets' in 'where clause' in D:\laragon\www\SchoolingTime\vendor\codeigniter4\framework\system\Database\MySQLi\Connection.php:306
Stack trace:
#0 D:\laragon\www\SchoolingTime\vendor\codeigniter4\framework\system\Database\MySQLi\Connection.php(306): mysqli->query('SELECT * FROM q...', 0)
#1 D:\laragon\www\SchoolingTime\vendor\codeigniter4\framework\system\Database\BaseConnection.php(693): CodeIgniter\Database\MySQLi\Connection->execute('SELECT * FROM q...')
#2 D:\laragon\www\SchoolingTime\vendor\codeigniter4\framework\system\Database\BaseConnection.php(607): CodeIgniter\Database\BaseConnection->simpleQuery('SELECT * FROM q...')
#3 D:\laragon\www\SchoolingTime\app\Controllers\QuestionAnswerController.php(30): CodeIgniter\Database\BaseConnection->query('SELECT * FROM q...')
#4 D:\laragon\www\SchoolingTime\vendor\codeigniter4\framework\system\CodeIgniter.php(942): App\Controllers\QuestionAnswerController->exam_result_show('STD240715EC7E', 'homepage_assets', 'img', 'favicon.png')
#5 D:\laragon\www\SchoolingTime\vendor\codeigniter4\framework\system\CodeIgniter.php(502): CodeIgniter\CodeIgniter->runController(Object(App\Controllers\QuestionAnswerController))
#6 D:\laragon\www\SchoolingTime\vendor\codeigniter4\framework\system\CodeIgniter.php(361): CodeIgniter\CodeIgniter->handleRequest(NULL, Object(Config\Cache), false)
#7 D:\laragon\www\SchoolingTime\index.php(79): CodeIgniter\CodeIgniter->run()
#8 {main}
CRITICAL - 2024-04-07 09:31:04 --> Unknown column 'homepage_assets' in 'where clause'
in SYSTEMPATH\Database\BaseConnection.php on line 647.
 1 APPPATH\Controllers\QuestionAnswerController.php(30): CodeIgniter\Database\BaseConnection->query('SELECT * FROM question_answer 
                          WHERE id IN (homepage_assets) AND user_id = \'STD240715EC7E\' ')
 2 SYSTEMPATH\CodeIgniter.php(942): App\Controllers\QuestionAnswerController->exam_result_show('STD240715EC7E', 'homepage_assets', 'img', 'favicon.png')
 3 SYSTEMPATH\CodeIgniter.php(502): CodeIgniter\CodeIgniter->runController(Object(App\Controllers\QuestionAnswerController))
 4 SYSTEMPATH\CodeIgniter.php(361): CodeIgniter\CodeIgniter->handleRequest(null, Object(Config\Cache), false)
 5 FCPATH\index.php(79): CodeIgniter\CodeIgniter->run()
INFO - 2024-04-07 09:31:14 --> Session: Class initialized using 'CodeIgniter\Session\Handlers\FileHandler' driver.
INFO - 2024-04-07 09:31:14 --> Session: Class initialized using 'CodeIgniter\Session\Handlers\FileHandler' driver.
INFO - 2024-04-07 09:31:14 --> Session: Class initialized using 'CodeIgniter\Session\Handlers\FileHandler' driver.
INFO - 2024-04-07 09:31:14 --> Session: Class initialized using 'CodeIgniter\Session\Handlers\FileHandler' driver.
INFO - 2024-04-07 09:31:22 --> Session: Class initialized using 'CodeIgniter\Session\Handlers\FileHandler' driver.
INFO - 2024-04-07 09:31:22 --> Session: Class initialized using 'CodeIgniter\Session\Handlers\FileHandler' driver.
INFO - 2024-04-07 09:31:22 --> Session: Class initialized using 'CodeIgniter\Session\Handlers\FileHandler' driver.
ERROR - 2024-04-07 09:31:22 --> mysqli_sql_exception: Unknown column 'homepage_assets' in 'where clause' in D:\laragon\www\SchoolingTime\vendor\codeigniter4\framework\system\Database\MySQLi\Connection.php:306
Stack trace:
#0 D:\laragon\www\SchoolingTime\vendor\codeigniter4\framework\system\Database\MySQLi\Connection.php(306): mysqli->query('SELECT * FROM q...', 0)
#1 D:\laragon\www\SchoolingTime\vendor\codeigniter4\framework\system\Database\BaseConnection.php(693): CodeIgniter\Database\MySQLi\Connection->execute('SELECT * FROM q...')
#2 D:\laragon\www\SchoolingTime\vendor\codeigniter4\framework\system\Database\BaseConnection.php(607): CodeIgniter\Database\BaseConnection->simpleQuery('SELECT * FROM q...')
#3 D:\laragon\www\SchoolingTime\app\Controllers\QuestionAnswerController.php(30): CodeIgniter\Database\BaseConnection->query('SELECT * FROM q...')
#4 D:\laragon\www\SchoolingTime\vendor\codeigniter4\framework\system\CodeIgniter.php(942): App\Controllers\QuestionAnswerController->exam_result_show('STD240715EC7E', 'homepage_assets', 'img', 'logo.png')
#5 D:\laragon\www\SchoolingTime\vendor\codeigniter4\framework\system\CodeIgniter.php(502): CodeIgniter\CodeIgniter->runController(Object(App\Controllers\QuestionAnswerController))
#6 D:\laragon\www\SchoolingTime\vendor\codeigniter4\framework\system\CodeIgniter.php(361): CodeIgniter\CodeIgniter->handleRequest(NULL, Object(Config\Cache), false)
#7 D:\laragon\www\SchoolingTime\index.php(79): CodeIgniter\CodeIgniter->run()
#8 {main}
CRITICAL - 2024-04-07 09:31:22 --> Unknown column 'homepage_assets' in 'where clause'
in SYSTEMPATH\Database\BaseConnection.php on line 647.
 1 APPPATH\Controllers\QuestionAnswerController.php(30): CodeIgniter\Database\BaseConnection->query('SELECT * FROM question_answer 
                          WHERE id IN (homepage_assets) AND user_id = \'STD240715EC7E\' ')
 2 SYSTEMPATH\CodeIgniter.php(942): App\Controllers\QuestionAnswerController->exam_result_show('STD240715EC7E', 'homepage_assets', 'img', 'logo.png')
 3 SYSTEMPATH\CodeIgniter.php(502): CodeIgniter\CodeIgniter->runController(Object(App\Controllers\QuestionAnswerController))
 4 SYSTEMPATH\CodeIgniter.php(361): CodeIgniter\CodeIgniter->handleRequest(null, Object(Config\Cache), false)
 5 FCPATH\index.php(79): CodeIgniter\CodeIgniter->run()
INFO - 2024-04-07 09:31:23 --> Session: Class initialized using 'CodeIgniter\Session\Handlers\FileHandler' driver.
ERROR - 2024-04-07 09:31:23 --> mysqli_sql_exception: Unknown column 'homepage_assets' in 'where clause' in D:\laragon\www\SchoolingTime\vendor\codeigniter4\framework\system\Database\MySQLi\Connection.php:306
Stack trace:
#0 D:\laragon\www\SchoolingTime\vendor\codeigniter4\framework\system\Database\MySQLi\Connection.php(306): mysqli->query('SELECT * FROM q...', 0)
#1 D:\laragon\www\SchoolingTime\vendor\codeigniter4\framework\system\Database\BaseConnection.php(693): CodeIgniter\Database\MySQLi\Connection->execute('SELECT * FROM q...')
#2 D:\laragon\www\SchoolingTime\vendor\codeigniter4\framework\system\Database\BaseConnection.php(607): CodeIgniter\Database\BaseConnection->simpleQuery('SELECT * FROM q...')
#3 D:\laragon\www\SchoolingTime\app\Controllers\QuestionAnswerController.php(30): CodeIgniter\Database\BaseConnection->query('SELECT * FROM q...')
#4 D:\laragon\www\SchoolingTime\vendor\codeigniter4\framework\system\CodeIgniter.php(942): App\Controllers\QuestionAnswerController->exam_result_show('STD240715EC7E', 'homepage_assets', 'img', 'apple-touch-ico...')
#5 D:\laragon\www\SchoolingTime\vendor\codeigniter4\framework\system\CodeIgniter.php(502): CodeIgniter\CodeIgniter->runController(Object(App\Controllers\QuestionAnswerController))
#6 D:\laragon\www\SchoolingTime\vendor\codeigniter4\framework\system\CodeIgniter.php(361): CodeIgniter\CodeIgniter->handleRequest(NULL, Object(Config\Cache), false)
#7 D:\laragon\www\SchoolingTime\index.php(79): CodeIgniter\CodeIgniter->run()
#8 {main}
CRITICAL - 2024-04-07 09:31:23 --> Unknown column 'homepage_assets' in 'where clause'
in SYSTEMPATH\Database\BaseConnection.php on line 647.
 1 APPPATH\Controllers\QuestionAnswerController.php(30): CodeIgniter\Database\BaseConnection->query('SELECT * FROM question_answer 
                          WHERE id IN (homepage_assets) AND user_id = \'STD240715EC7E\' ')
 2 SYSTEMPATH\CodeIgniter.php(942): App\Controllers\QuestionAnswerController->exam_result_show('STD240715EC7E', 'homepage_assets', 'img', 'apple-touch-icon.png')
 3 SYSTEMPATH\CodeIgniter.php(502): CodeIgniter\CodeIgniter->runController(Object(App\Controllers\QuestionAnswerController))
 4 SYSTEMPATH\CodeIgniter.php(361): CodeIgniter\CodeIgniter->handleRequest(null, Object(Config\Cache), false)
 5 FCPATH\index.php(79): CodeIgniter\CodeIgniter->run()
INFO - 2024-04-07 09:31:23 --> Session: Class initialized using 'CodeIgniter\Session\Handlers\FileHandler' driver.
ERROR - 2024-04-07 09:31:23 --> mysqli_sql_exception: Unknown column 'homepage_assets' in 'where clause' in D:\laragon\www\SchoolingTime\vendor\codeigniter4\framework\system\Database\MySQLi\Connection.php:306
Stack trace:
#0 D:\laragon\www\SchoolingTime\vendor\codeigniter4\framework\system\Database\MySQLi\Connection.php(306): mysqli->query('SELECT * FROM q...', 0)
#1 D:\laragon\www\SchoolingTime\vendor\codeigniter4\framework\system\Database\BaseConnection.php(693): CodeIgniter\Database\MySQLi\Connection->execute('SELECT * FROM q...')
#2 D:\laragon\www\SchoolingTime\vendor\codeigniter4\framework\system\Database\BaseConnection.php(607): CodeIgniter\Database\BaseConnection->simpleQuery('SELECT * FROM q...')
#3 D:\laragon\www\SchoolingTime\app\Controllers\QuestionAnswerController.php(30): CodeIgniter\Database\BaseConnection->query('SELECT * FROM q...')
#4 D:\laragon\www\SchoolingTime\vendor\codeigniter4\framework\system\CodeIgniter.php(942): App\Controllers\QuestionAnswerController->exam_result_show('STD240715EC7E', 'homepage_assets', 'img', 'favicon.png')
#5 D:\laragon\www\SchoolingTime\vendor\codeigniter4\framework\system\CodeIgniter.php(502): CodeIgniter\CodeIgniter->runController(Object(App\Controllers\QuestionAnswerController))
#6 D:\laragon\www\SchoolingTime\vendor\codeigniter4\framework\system\CodeIgniter.php(361): CodeIgniter\CodeIgniter->handleRequest(NULL, Object(Config\Cache), false)
#7 D:\laragon\www\SchoolingTime\index.php(79): CodeIgniter\CodeIgniter->run()
#8 {main}
CRITICAL - 2024-04-07 09:31:23 --> Unknown column 'homepage_assets' in 'where clause'
in SYSTEMPATH\Database\BaseConnection.php on line 647.
 1 APPPATH\Controllers\QuestionAnswerController.php(30): CodeIgniter\Database\BaseConnection->query('SELECT * FROM question_answer 
                          WHERE id IN (homepage_assets) AND user_id = \'STD240715EC7E\' ')
 2 SYSTEMPATH\CodeIgniter.php(942): App\Controllers\QuestionAnswerController->exam_result_show('STD240715EC7E', 'homepage_assets', 'img', 'favicon.png')
 3 SYSTEMPATH\CodeIgniter.php(502): CodeIgniter\CodeIgniter->runController(Object(App\Controllers\QuestionAnswerController))
 4 SYSTEMPATH\CodeIgniter.php(361): CodeIgniter\CodeIgniter->handleRequest(null, Object(Config\Cache), false)
 5 FCPATH\index.php(79): CodeIgniter\CodeIgniter->run()
INFO - 2024-04-07 09:31:28 --> Session: Class initialized using 'CodeIgniter\Session\Handlers\FileHandler' driver.
INFO - 2024-04-07 09:31:29 --> Session: Class initialized using 'CodeIgniter\Session\Handlers\FileHandler' driver.
INFO - 2024-04-07 09:31:29 --> Session: Class initialized using 'CodeIgniter\Session\Handlers\FileHandler' driver.
INFO - 2024-04-07 09:31:29 --> Session: Class initialized using 'CodeIgniter\Session\Handlers\FileHandler' driver.
INFO - 2024-04-07 09:31:36 --> Session: Class initialized using 'CodeIgniter\Session\Handlers\FileHandler' driver.
INFO - 2024-04-07 09:31:36 --> Session: Class initialized using 'CodeIgniter\Session\Handlers\FileHandler' driver.
INFO - 2024-04-07 09:31:36 --> Session: Class initialized using 'CodeIgniter\Session\Handlers\FileHandler' driver.
ERROR - 2024-04-07 09:31:36 --> mysqli_sql_exception: Unknown column 'homepage_assets' in 'where clause' in D:\laragon\www\SchoolingTime\vendor\codeigniter4\framework\system\Database\MySQLi\Connection.php:306
Stack trace:
#0 D:\laragon\www\SchoolingTime\vendor\codeigniter4\framework\system\Database\MySQLi\Connection.php(306): mysqli->query('SELECT * FROM q...', 0)
#1 D:\laragon\www\SchoolingTime\vendor\codeigniter4\framework\system\Database\BaseConnection.php(693): CodeIgniter\Database\MySQLi\Connection->execute('SELECT * FROM q...')
#2 D:\laragon\www\SchoolingTime\vendor\codeigniter4\framework\system\Database\BaseConnection.php(607): CodeIgniter\Database\BaseConnection->simpleQuery('SELECT * FROM q...')
#3 D:\laragon\www\SchoolingTime\app\Controllers\QuestionAnswerController.php(30): CodeIgniter\Database\BaseConnection->query('SELECT * FROM q...')
#4 D:\laragon\www\SchoolingTime\vendor\codeigniter4\framework\system\CodeIgniter.php(942): App\Controllers\QuestionAnswerController->exam_result_show('STD240715EC7E', 'homepage_assets', 'img', 'logo.png')
#5 D:\laragon\www\SchoolingTime\vendor\codeigniter4\framework\system\CodeIgniter.php(502): CodeIgniter\CodeIgniter->runController(Object(App\Controllers\QuestionAnswerController))
#6 D:\laragon\www\SchoolingTime\vendor\codeigniter4\framework\system\CodeIgniter.php(361): CodeIgniter\CodeIgniter->handleRequest(NULL, Object(Config\Cache), false)
#7 D:\laragon\www\SchoolingTime\index.php(79): CodeIgniter\CodeIgniter->run()
#8 {main}
CRITICAL - 2024-04-07 09:31:36 --> Unknown column 'homepage_assets' in 'where clause'
in SYSTEMPATH\Database\BaseConnection.php on line 647.
 1 APPPATH\Controllers\QuestionAnswerController.php(30): CodeIgniter\Database\BaseConnection->query('SELECT * FROM question_answer 
                          WHERE id IN (homepage_assets) AND user_id = \'STD240715EC7E\' ')
 2 SYSTEMPATH\CodeIgniter.php(942): App\Controllers\QuestionAnswerController->exam_result_show('STD240715EC7E', 'homepage_assets', 'img', 'logo.png')
 3 SYSTEMPATH\CodeIgniter.php(502): CodeIgniter\CodeIgniter->runController(Object(App\Controllers\QuestionAnswerController))
 4 SYSTEMPATH\CodeIgniter.php(361): CodeIgniter\CodeIgniter->handleRequest(null, Object(Config\Cache), false)
 5 FCPATH\index.php(79): CodeIgniter\CodeIgniter->run()
INFO - 2024-04-07 09:31:36 --> Session: Class initialized using 'CodeIgniter\Session\Handlers\FileHandler' driver.
ERROR - 2024-04-07 09:31:36 --> mysqli_sql_exception: Unknown column 'homepage_assets' in 'where clause' in D:\laragon\www\SchoolingTime\vendor\codeigniter4\framework\system\Database\MySQLi\Connection.php:306
Stack trace:
#0 D:\laragon\www\SchoolingTime\vendor\codeigniter4\framework\system\Database\MySQLi\Connection.php(306): mysqli->query('SELECT * FROM q...', 0)
#1 D:\laragon\www\SchoolingTime\vendor\codeigniter4\framework\system\Database\BaseConnection.php(693): CodeIgniter\Database\MySQLi\Connection->execute('SELECT * FROM q...')
#2 D:\laragon\www\SchoolingTime\vendor\codeigniter4\framework\system\Database\BaseConnection.php(607): CodeIgniter\Database\BaseConnection->simpleQuery('SELECT * FROM q...')
#3 D:\laragon\www\SchoolingTime\app\Controllers\QuestionAnswerController.php(30): CodeIgniter\Database\BaseConnection->query('SELECT * FROM q...')
#4 D:\laragon\www\SchoolingTime\vendor\codeigniter4\framework\system\CodeIgniter.php(942): App\Controllers\QuestionAnswerController->exam_result_show('STD240715EC7E', 'homepage_assets', 'img', 'favicon.png')
#5 D:\laragon\www\SchoolingTime\vendor\codeigniter4\framework\system\CodeIgniter.php(502): CodeIgniter\CodeIgniter->runController(Object(App\Controllers\QuestionAnswerController))
#6 D:\laragon\www\SchoolingTime\vendor\codeigniter4\framework\system\CodeIgniter.php(361): CodeIgniter\CodeIgniter->handleRequest(NULL, Object(Config\Cache), false)
#7 D:\laragon\www\SchoolingTime\index.php(79): CodeIgniter\CodeIgniter->run()
#8 {main}
CRITICAL - 2024-04-07 09:31:36 --> Unknown column 'homepage_assets' in 'where clause'
in SYSTEMPATH\Database\BaseConnection.php on line 647.
 1 APPPATH\Controllers\QuestionAnswerController.php(30): CodeIgniter\Database\BaseConnection->query('SELECT * FROM question_answer 
                          WHERE id IN (homepage_assets) AND user_id = \'STD240715EC7E\' ')
 2 SYSTEMPATH\CodeIgniter.php(942): App\Controllers\QuestionAnswerController->exam_result_show('STD240715EC7E', 'homepage_assets', 'img', 'favicon.png')
 3 SYSTEMPATH\CodeIgniter.php(502): CodeIgniter\CodeIgniter->runController(Object(App\Controllers\QuestionAnswerController))
 4 SYSTEMPATH\CodeIgniter.php(361): CodeIgniter\CodeIgniter->handleRequest(null, Object(Config\Cache), false)
 5 FCPATH\index.php(79): CodeIgniter\CodeIgniter->run()
INFO - 2024-04-07 09:31:36 --> Session: Class initialized using 'CodeIgniter\Session\Handlers\FileHandler' driver.
ERROR - 2024-04-07 09:31:36 --> mysqli_sql_exception: Unknown column 'homepage_assets' in 'where clause' in D:\laragon\www\SchoolingTime\vendor\codeigniter4\framework\system\Database\MySQLi\Connection.php:306
Stack trace:
#0 D:\laragon\www\SchoolingTime\vendor\codeigniter4\framework\system\Database\MySQLi\Connection.php(306): mysqli->query('SELECT * FROM q...', 0)
#1 D:\laragon\www\SchoolingTime\vendor\codeigniter4\framework\system\Database\BaseConnection.php(693): CodeIgniter\Database\MySQLi\Connection->execute('SELECT * FROM q...')
#2 D:\laragon\www\SchoolingTime\vendor\codeigniter4\framework\system\Database\BaseConnection.php(607): CodeIgniter\Database\BaseConnection->simpleQuery('SELECT * FROM q...')
#3 D:\laragon\www\SchoolingTime\app\Controllers\QuestionAnswerController.php(30): CodeIgniter\Database\BaseConnection->query('SELECT * FROM q...')
#4 D:\laragon\www\SchoolingTime\vendor\codeigniter4\framework\system\CodeIgniter.php(942): App\Controllers\QuestionAnswerController->exam_result_show('STD240715EC7E', 'homepage_assets', 'img', 'apple-touch-ico...')
#5 D:\laragon\www\SchoolingTime\vendor\codeigniter4\framework\system\CodeIgniter.php(502): CodeIgniter\CodeIgniter->runController(Object(App\Controllers\QuestionAnswerController))
#6 D:\laragon\www\SchoolingTime\vendor\codeigniter4\framework\system\CodeIgniter.php(361): CodeIgniter\CodeIgniter->handleRequest(NULL, Object(Config\Cache), false)
#7 D:\laragon\www\SchoolingTime\index.php(79): CodeIgniter\CodeIgniter->run()
#8 {main}
CRITICAL - 2024-04-07 09:31:36 --> Unknown column 'homepage_assets' in 'where clause'
in SYSTEMPATH\Database\BaseConnection.php on line 647.
 1 APPPATH\Controllers\QuestionAnswerController.php(30): CodeIgniter\Database\BaseConnection->query('SELECT * FROM question_answer 
                          WHERE id IN (homepage_assets) AND user_id = \'STD240715EC7E\' ')
 2 SYSTEMPATH\CodeIgniter.php(942): App\Controllers\QuestionAnswerController->exam_result_show('STD240715EC7E', 'homepage_assets', 'img', 'apple-touch-icon.png')
 3 SYSTEMPATH\CodeIgniter.php(502): CodeIgniter\CodeIgniter->runController(Object(App\Controllers\QuestionAnswerController))
 4 SYSTEMPATH\CodeIgniter.php(361): CodeIgniter\CodeIgniter->handleRequest(null, Object(Config\Cache), false)
 5 FCPATH\index.php(79): CodeIgniter\CodeIgniter->run()
INFO - 2024-04-07 09:34:25 --> Session: Class initialized using 'CodeIgniter\Session\Handlers\FileHandler' driver.
INFO - 2024-04-07 09:34:25 --> Session: Class initialized using 'CodeIgniter\Session\Handlers\FileHandler' driver.
ERROR - 2024-04-07 09:34:25 --> mysqli_sql_exception: Unknown column 'homepage_assets' in 'where clause' in D:\laragon\www\SchoolingTime\vendor\codeigniter4\framework\system\Database\MySQLi\Connection.php:306
Stack trace:
#0 D:\laragon\www\SchoolingTime\vendor\codeigniter4\framework\system\Database\MySQLi\Connection.php(306): mysqli->query('SELECT * FROM q...', 0)
#1 D:\laragon\www\SchoolingTime\vendor\codeigniter4\framework\system\Database\BaseConnection.php(693): CodeIgniter\Database\MySQLi\Connection->execute('SELECT * FROM q...')
#2 D:\laragon\www\SchoolingTime\vendor\codeigniter4\framework\system\Database\BaseConnection.php(607): CodeIgniter\Database\BaseConnection->simpleQuery('SELECT * FROM q...')
#3 D:\laragon\www\SchoolingTime\app\Controllers\QuestionAnswerController.php(30): CodeIgniter\Database\BaseConnection->query('SELECT * FROM q...')
#4 D:\laragon\www\SchoolingTime\vendor\codeigniter4\framework\system\CodeIgniter.php(942): App\Controllers\QuestionAnswerController->exam_result_show('STD240715EC7E', 'homepage_assets', 'img', 'logo.png')
#5 D:\laragon\www\SchoolingTime\vendor\codeigniter4\framework\system\CodeIgniter.php(502): CodeIgniter\CodeIgniter->runController(Object(App\Controllers\QuestionAnswerController))
#6 D:\laragon\www\SchoolingTime\vendor\codeigniter4\framework\system\CodeIgniter.php(361): CodeIgniter\CodeIgniter->handleRequest(NULL, Object(Config\Cache), false)
#7 D:\laragon\www\SchoolingTime\index.php(79): CodeIgniter\CodeIgniter->run()
#8 {main}
CRITICAL - 2024-04-07 09:34:25 --> Unknown column 'homepage_assets' in 'where clause'
in SYSTEMPATH\Database\BaseConnection.php on line 647.
 1 APPPATH\Controllers\QuestionAnswerController.php(30): CodeIgniter\Database\BaseConnection->query('SELECT * FROM question_answer 
                          WHERE id IN (homepage_assets) AND user_id = \'STD240715EC7E\' ')
 2 SYSTEMPATH\CodeIgniter.php(942): App\Controllers\QuestionAnswerController->exam_result_show('STD240715EC7E', 'homepage_assets', 'img', 'logo.png')
 3 SYSTEMPATH\CodeIgniter.php(502): CodeIgniter\CodeIgniter->runController(Object(App\Controllers\QuestionAnswerController))
 4 SYSTEMPATH\CodeIgniter.php(361): CodeIgniter\CodeIgniter->handleRequest(null, Object(Config\Cache), false)
 5 FCPATH\index.php(79): CodeIgniter\CodeIgniter->run()
INFO - 2024-04-07 09:34:25 --> Session: Class initialized using 'CodeIgniter\Session\Handlers\FileHandler' driver.
ERROR - 2024-04-07 09:34:25 --> mysqli_sql_exception: Unknown column 'homepage_assets' in 'where clause' in D:\laragon\www\SchoolingTime\vendor\codeigniter4\framework\system\Database\MySQLi\Connection.php:306
Stack trace:
#0 D:\laragon\www\SchoolingTime\vendor\codeigniter4\framework\system\Database\MySQLi\Connection.php(306): mysqli->query('SELECT * FROM q...', 0)
#1 D:\laragon\www\SchoolingTime\vendor\codeigniter4\framework\system\Database\BaseConnection.php(693): CodeIgniter\Database\MySQLi\Connection->execute('SELECT * FROM q...')
#2 D:\laragon\www\SchoolingTime\vendor\codeigniter4\framework\system\Database\BaseConnection.php(607): CodeIgniter\Database\BaseConnection->simpleQuery('SELECT * FROM q...')
#3 D:\laragon\www\SchoolingTime\app\Controllers\QuestionAnswerController.php(30): CodeIgniter\Database\BaseConnection->query('SELECT * FROM q...')
#4 D:\laragon\www\SchoolingTime\vendor\codeigniter4\framework\system\CodeIgniter.php(942): App\Controllers\QuestionAnswerController->exam_result_show('STD240715EC7E', 'homepage_assets', 'img', 'apple-touch-ico...')
#5 D:\laragon\www\SchoolingTime\vendor\codeigniter4\framework\system\CodeIgniter.php(502): CodeIgniter\CodeIgniter->runController(Object(App\Controllers\QuestionAnswerController))
#6 D:\laragon\www\SchoolingTime\vendor\codeigniter4\framework\system\CodeIgniter.php(361): CodeIgniter\CodeIgniter->handleRequest(NULL, Object(Config\Cache), false)
#7 D:\laragon\www\SchoolingTime\index.php(79): CodeIgniter\CodeIgniter->run()
#8 {main}
CRITICAL - 2024-04-07 09:34:25 --> Unknown column 'homepage_assets' in 'where clause'
in SYSTEMPATH\Database\BaseConnection.php on line 647.
 1 APPPATH\Controllers\QuestionAnswerController.php(30): CodeIgniter\Database\BaseConnection->query('SELECT * FROM question_answer 
                          WHERE id IN (homepage_assets) AND user_id = \'STD240715EC7E\' ')
 2 SYSTEMPATH\CodeIgniter.php(942): App\Controllers\QuestionAnswerController->exam_result_show('STD240715EC7E', 'homepage_assets', 'img', 'apple-touch-icon.png')
 3 SYSTEMPATH\CodeIgniter.php(502): CodeIgniter\CodeIgniter->runController(Object(App\Controllers\QuestionAnswerController))
 4 SYSTEMPATH\CodeIgniter.php(361): CodeIgniter\CodeIgniter->handleRequest(null, Object(Config\Cache), false)
 5 FCPATH\index.php(79): CodeIgniter\CodeIgniter->run()
INFO - 2024-04-07 09:34:25 --> Session: Class initialized using 'CodeIgniter\Session\Handlers\FileHandler' driver.
ERROR - 2024-04-07 09:34:25 --> mysqli_sql_exception: Unknown column 'homepage_assets' in 'where clause' in D:\laragon\www\SchoolingTime\vendor\codeigniter4\framework\system\Database\MySQLi\Connection.php:306
Stack trace:
#0 D:\laragon\www\SchoolingTime\vendor\codeigniter4\framework\system\Database\MySQLi\Connection.php(306): mysqli->query('SELECT * FROM q...', 0)
#1 D:\laragon\www\SchoolingTime\vendor\codeigniter4\framework\system\Database\BaseConnection.php(693): CodeIgniter\Database\MySQLi\Connection->execute('SELECT * FROM q...')
#2 D:\laragon\www\SchoolingTime\vendor\codeigniter4\framework\system\Database\BaseConnection.php(607): CodeIgniter\Database\BaseConnection->simpleQuery('SELECT * FROM q...')
#3 D:\laragon\www\SchoolingTime\app\Controllers\QuestionAnswerController.php(30): CodeIgniter\Database\BaseConnection->query('SELECT * FROM q...')
#4 D:\laragon\www\SchoolingTime\vendor\codeigniter4\framework\system\CodeIgniter.php(942): App\Controllers\QuestionAnswerController->exam_result_show('STD240715EC7E', 'homepage_assets', 'img', 'favicon.png')
#5 D:\laragon\www\SchoolingTime\vendor\codeigniter4\framework\system\CodeIgniter.php(502): CodeIgniter\CodeIgniter->runController(Object(App\Controllers\QuestionAnswerController))
#6 D:\laragon\www\SchoolingTime\vendor\codeigniter4\framework\system\CodeIgniter.php(361): CodeIgniter\CodeIgniter->handleRequest(NULL, Object(Config\Cache), false)
#7 D:\laragon\www\SchoolingTime\index.php(79): CodeIgniter\CodeIgniter->run()
#8 {main}
CRITICAL - 2024-04-07 09:34:25 --> Unknown column 'homepage_assets' in 'where clause'
in SYSTEMPATH\Database\BaseConnection.php on line 647.
 1 APPPATH\Controllers\QuestionAnswerController.php(30): CodeIgniter\Database\BaseConnection->query('SELECT * FROM question_answer 
                          WHERE id IN (homepage_assets) AND user_id = \'STD240715EC7E\' ')
 2 SYSTEMPATH\CodeIgniter.php(942): App\Controllers\QuestionAnswerController->exam_result_show('STD240715EC7E', 'homepage_assets', 'img', 'favicon.png')
 3 SYSTEMPATH\CodeIgniter.php(502): CodeIgniter\CodeIgniter->runController(Object(App\Controllers\QuestionAnswerController))
 4 SYSTEMPATH\CodeIgniter.php(361): CodeIgniter\CodeIgniter->handleRequest(null, Object(Config\Cache), false)
 5 FCPATH\index.php(79): CodeIgniter\CodeIgniter->run()
INFO - 2024-04-07 09:34:56 --> Session: Class initialized using 'CodeIgniter\Session\Handlers\FileHandler' driver.
INFO - 2024-04-07 09:34:57 --> Session: Class initialized using 'CodeIgniter\Session\Handlers\FileHandler' driver.
ERROR - 2024-04-07 09:34:57 --> mysqli_sql_exception: Unknown column 'homepage_assets' in 'where clause' in D:\laragon\www\SchoolingTime\vendor\codeigniter4\framework\system\Database\MySQLi\Connection.php:306
Stack trace:
#0 D:\laragon\www\SchoolingTime\vendor\codeigniter4\framework\system\Database\MySQLi\Connection.php(306): mysqli->query('SELECT * FROM q...', 0)
#1 D:\laragon\www\SchoolingTime\vendor\codeigniter4\framework\system\Database\BaseConnection.php(693): CodeIgniter\Database\MySQLi\Connection->execute('SELECT * FROM q...')
#2 D:\laragon\www\SchoolingTime\vendor\codeigniter4\framework\system\Database\BaseConnection.php(607): CodeIgniter\Database\BaseConnection->simpleQuery('SELECT * FROM q...')
#3 D:\laragon\www\SchoolingTime\app\Controllers\QuestionAnswerController.php(30): CodeIgniter\Database\BaseConnection->query('SELECT * FROM q...')
#4 D:\laragon\www\SchoolingTime\vendor\codeigniter4\framework\system\CodeIgniter.php(942): App\Controllers\QuestionAnswerController->exam_result_show('STD240715EC7E', 'homepage_assets', 'img', 'logo.png')
#5 D:\laragon\www\SchoolingTime\vendor\codeigniter4\framework\system\CodeIgniter.php(502): CodeIgniter\CodeIgniter->runController(Object(App\Controllers\QuestionAnswerController))
#6 D:\laragon\www\SchoolingTime\vendor\codeigniter4\framework\system\CodeIgniter.php(361): CodeIgniter\CodeIgniter->handleRequest(NULL, Object(Config\Cache), false)
#7 D:\laragon\www\SchoolingTime\index.php(79): CodeIgniter\CodeIgniter->run()
#8 {main}
CRITICAL - 2024-04-07 09:34:57 --> Unknown column 'homepage_assets' in 'where clause'
in SYSTEMPATH\Database\BaseConnection.php on line 647.
 1 APPPATH\Controllers\QuestionAnswerController.php(30): CodeIgniter\Database\BaseConnection->query('SELECT * FROM question_answer 
                          WHERE id IN (homepage_assets) AND user_id = \'STD240715EC7E\' ')
 2 SYSTEMPATH\CodeIgniter.php(942): App\Controllers\QuestionAnswerController->exam_result_show('STD240715EC7E', 'homepage_assets', 'img', 'logo.png')
 3 SYSTEMPATH\CodeIgniter.php(502): CodeIgniter\CodeIgniter->runController(Object(App\Controllers\QuestionAnswerController))
 4 SYSTEMPATH\CodeIgniter.php(361): CodeIgniter\CodeIgniter->handleRequest(null, Object(Config\Cache), false)
 5 FCPATH\index.php(79): CodeIgniter\CodeIgniter->run()
INFO - 2024-04-07 09:36:30 --> Session: Class initialized using 'CodeIgniter\Session\Handlers\FileHandler' driver.
INFO - 2024-04-07 09:36:31 --> Session: Class initialized using 'CodeIgniter\Session\Handlers\FileHandler' driver.
ERROR - 2024-04-07 09:36:31 --> mysqli_sql_exception: Unknown column 'homepage_assets' in 'where clause' in D:\laragon\www\SchoolingTime\vendor\codeigniter4\framework\system\Database\MySQLi\Connection.php:306
Stack trace:
#0 D:\laragon\www\SchoolingTime\vendor\codeigniter4\framework\system\Database\MySQLi\Connection.php(306): mysqli->query('SELECT * FROM q...', 0)
#1 D:\laragon\www\SchoolingTime\vendor\codeigniter4\framework\system\Database\BaseConnection.php(693): CodeIgniter\Database\MySQLi\Connection->execute('SELECT * FROM q...')
#2 D:\laragon\www\SchoolingTime\vendor\codeigniter4\framework\system\Database\BaseConnection.php(607): CodeIgniter\Database\BaseConnection->simpleQuery('SELECT * FROM q...')
#3 D:\laragon\www\SchoolingTime\app\Controllers\QuestionAnswerController.php(30): CodeIgniter\Database\BaseConnection->query('SELECT * FROM q...')
#4 D:\laragon\www\SchoolingTime\vendor\codeigniter4\framework\system\CodeIgniter.php(942): App\Controllers\QuestionAnswerController->exam_result_show('STD240715EC7E', 'homepage_assets', 'img', 'logo.png')
#5 D:\laragon\www\SchoolingTime\vendor\codeigniter4\framework\system\CodeIgniter.php(502): CodeIgniter\CodeIgniter->runController(Object(App\Controllers\QuestionAnswerController))
#6 D:\laragon\www\SchoolingTime\vendor\codeigniter4\framework\system\CodeIgniter.php(361): CodeIgniter\CodeIgniter->handleRequest(NULL, Object(Config\Cache), false)
#7 D:\laragon\www\SchoolingTime\index.php(79): CodeIgniter\CodeIgniter->run()
#8 {main}
CRITICAL - 2024-04-07 09:36:31 --> Unknown column 'homepage_assets' in 'where clause'
in SYSTEMPATH\Database\BaseConnection.php on line 647.
 1 APPPATH\Controllers\QuestionAnswerController.php(30): CodeIgniter\Database\BaseConnection->query('SELECT * FROM question_answer 
                          WHERE id IN (homepage_assets) AND user_id = \'STD240715EC7E\' ')
 2 SYSTEMPATH\CodeIgniter.php(942): App\Controllers\QuestionAnswerController->exam_result_show('STD240715EC7E', 'homepage_assets', 'img', 'logo.png')
 3 SYSTEMPATH\CodeIgniter.php(502): CodeIgniter\CodeIgniter->runController(Object(App\Controllers\QuestionAnswerController))
 4 SYSTEMPATH\CodeIgniter.php(361): CodeIgniter\CodeIgniter->handleRequest(null, Object(Config\Cache), false)
 5 FCPATH\index.php(79): CodeIgniter\CodeIgniter->run()
INFO - 2024-04-07 09:36:31 --> Session: Class initialized using 'CodeIgniter\Session\Handlers\FileHandler' driver.
ERROR - 2024-04-07 09:36:31 --> mysqli_sql_exception: Unknown column 'homepage_assets' in 'where clause' in D:\laragon\www\SchoolingTime\vendor\codeigniter4\framework\system\Database\MySQLi\Connection.php:306
Stack trace:
#0 D:\laragon\www\SchoolingTime\vendor\codeigniter4\framework\system\Database\MySQLi\Connection.php(306): mysqli->query('SELECT * FROM q...', 0)
#1 D:\laragon\www\SchoolingTime\vendor\codeigniter4\framework\system\Database\BaseConnection.php(693): CodeIgniter\Database\MySQLi\Connection->execute('SELECT * FROM q...')
#2 D:\laragon\www\SchoolingTime\vendor\codeigniter4\framework\system\Database\BaseConnection.php(607): CodeIgniter\Database\BaseConnection->simpleQuery('SELECT * FROM q...')
#3 D:\laragon\www\SchoolingTime\app\Controllers\QuestionAnswerController.php(30): CodeIgniter\Database\BaseConnection->query('SELECT * FROM q...')
#4 D:\laragon\www\SchoolingTime\vendor\codeigniter4\framework\system\CodeIgniter.php(942): App\Controllers\QuestionAnswerController->exam_result_show('STD240715EC7E', 'homepage_assets', 'img', 'apple-touch-ico...')
#5 D:\laragon\www\SchoolingTime\vendor\codeigniter4\framework\system\CodeIgniter.php(502): CodeIgniter\CodeIgniter->runController(Object(App\Controllers\QuestionAnswerController))
#6 D:\laragon\www\SchoolingTime\vendor\codeigniter4\framework\system\CodeIgniter.php(361): CodeIgniter\CodeIgniter->handleRequest(NULL, Object(Config\Cache), false)
#7 D:\laragon\www\SchoolingTime\index.php(79): CodeIgniter\CodeIgniter->run()
#8 {main}
CRITICAL - 2024-04-07 09:36:31 --> Unknown column 'homepage_assets' in 'where clause'
in SYSTEMPATH\Database\BaseConnection.php on line 647.
 1 APPPATH\Controllers\QuestionAnswerController.php(30): CodeIgniter\Database\BaseConnection->query('SELECT * FROM question_answer 
                          WHERE id IN (homepage_assets) AND user_id = \'STD240715EC7E\' ')
 2 SYSTEMPATH\CodeIgniter.php(942): App\Controllers\QuestionAnswerController->exam_result_show('STD240715EC7E', 'homepage_assets', 'img', 'apple-touch-icon.png')
 3 SYSTEMPATH\CodeIgniter.php(502): CodeIgniter\CodeIgniter->runController(Object(App\Controllers\QuestionAnswerController))
 4 SYSTEMPATH\CodeIgniter.php(361): CodeIgniter\CodeIgniter->handleRequest(null, Object(Config\Cache), false)
 5 FCPATH\index.php(79): CodeIgniter\CodeIgniter->run()
INFO - 2024-04-07 09:36:31 --> Session: Class initialized using 'CodeIgniter\Session\Handlers\FileHandler' driver.
ERROR - 2024-04-07 09:36:31 --> mysqli_sql_exception: Unknown column 'homepage_assets' in 'where clause' in D:\laragon\www\SchoolingTime\vendor\codeigniter4\framework\system\Database\MySQLi\Connection.php:306
Stack trace:
#0 D:\laragon\www\SchoolingTime\vendor\codeigniter4\framework\system\Database\MySQLi\Connection.php(306): mysqli->query('SELECT * FROM q...', 0)
#1 D:\laragon\www\SchoolingTime\vendor\codeigniter4\framework\system\Database\BaseConnection.php(693): CodeIgniter\Database\MySQLi\Connection->execute('SELECT * FROM q...')
#2 D:\laragon\www\SchoolingTime\vendor\codeigniter4\framework\system\Database\BaseConnection.php(607): CodeIgniter\Database\BaseConnection->simpleQuery('SELECT * FROM q...')
#3 D:\laragon\www\SchoolingTime\app\Controllers\QuestionAnswerController.php(30): CodeIgniter\Database\BaseConnection->query('SELECT * FROM q...')
#4 D:\laragon\www\SchoolingTime\vendor\codeigniter4\framework\system\CodeIgniter.php(942): App\Controllers\QuestionAnswerController->exam_result_show('STD240715EC7E', 'homepage_assets', 'img', 'favicon.png')
#5 D:\laragon\www\SchoolingTime\vendor\codeigniter4\framework\system\CodeIgniter.php(502): CodeIgniter\CodeIgniter->runController(Object(App\Controllers\QuestionAnswerController))
#6 D:\laragon\www\SchoolingTime\vendor\codeigniter4\framework\system\CodeIgniter.php(361): CodeIgniter\CodeIgniter->handleRequest(NULL, Object(Config\Cache), false)
#7 D:\laragon\www\SchoolingTime\index.php(79): CodeIgniter\CodeIgniter->run()
#8 {main}
CRITICAL - 2024-04-07 09:36:31 --> Unknown column 'homepage_assets' in 'where clause'
in SYSTEMPATH\Database\BaseConnection.php on line 647.
 1 APPPATH\Controllers\QuestionAnswerController.php(30): CodeIgniter\Database\BaseConnection->query('SELECT * FROM question_answer 
                          WHERE id IN (homepage_assets) AND user_id = \'STD240715EC7E\' ')
 2 SYSTEMPATH\CodeIgniter.php(942): App\Controllers\QuestionAnswerController->exam_result_show('STD240715EC7E', 'homepage_assets', 'img', 'favicon.png')
 3 SYSTEMPATH\CodeIgniter.php(502): CodeIgniter\CodeIgniter->runController(Object(App\Controllers\QuestionAnswerController))
 4 SYSTEMPATH\CodeIgniter.php(361): CodeIgniter\CodeIgniter->handleRequest(null, Object(Config\Cache), false)
 5 FCPATH\index.php(79): CodeIgniter\CodeIgniter->run()
INFO - 2024-04-07 09:37:11 --> Session: Class initialized using 'CodeIgniter\Session\Handlers\FileHandler' driver.
INFO - 2024-04-07 09:37:12 --> Session: Class initialized using 'CodeIgniter\Session\Handlers\FileHandler' driver.
ERROR - 2024-04-07 09:37:12 --> mysqli_sql_exception: Unknown column 'homepage_assets' in 'where clause' in D:\laragon\www\SchoolingTime\vendor\codeigniter4\framework\system\Database\MySQLi\Connection.php:306
Stack trace:
#0 D:\laragon\www\SchoolingTime\vendor\codeigniter4\framework\system\Database\MySQLi\Connection.php(306): mysqli->query('SELECT * FROM q...', 0)
#1 D:\laragon\www\SchoolingTime\vendor\codeigniter4\framework\system\Database\BaseConnection.php(693): CodeIgniter\Database\MySQLi\Connection->execute('SELECT * FROM q...')
#2 D:\laragon\www\SchoolingTime\vendor\codeigniter4\framework\system\Database\BaseConnection.php(607): CodeIgniter\Database\BaseConnection->simpleQuery('SELECT * FROM q...')
#3 D:\laragon\www\SchoolingTime\app\Controllers\QuestionAnswerController.php(30): CodeIgniter\Database\BaseConnection->query('SELECT * FROM q...')
#4 D:\laragon\www\SchoolingTime\vendor\codeigniter4\framework\system\CodeIgniter.php(942): App\Controllers\QuestionAnswerController->exam_result_show('STD240715EC7E', 'homepage_assets', 'img', 'logo.png')
#5 D:\laragon\www\SchoolingTime\vendor\codeigniter4\framework\system\CodeIgniter.php(502): CodeIgniter\CodeIgniter->runController(Object(App\Controllers\QuestionAnswerController))
#6 D:\laragon\www\SchoolingTime\vendor\codeigniter4\framework\system\CodeIgniter.php(361): CodeIgniter\CodeIgniter->handleRequest(NULL, Object(Config\Cache), false)
#7 D:\laragon\www\SchoolingTime\index.php(79): CodeIgniter\CodeIgniter->run()
#8 {main}
CRITICAL - 2024-04-07 09:37:12 --> Unknown column 'homepage_assets' in 'where clause'
in SYSTEMPATH\Database\BaseConnection.php on line 647.
 1 APPPATH\Controllers\QuestionAnswerController.php(30): CodeIgniter\Database\BaseConnection->query('SELECT * FROM question_answer 
                          WHERE id IN (homepage_assets) AND user_id = \'STD240715EC7E\' ')
 2 SYSTEMPATH\CodeIgniter.php(942): App\Controllers\QuestionAnswerController->exam_result_show('STD240715EC7E', 'homepage_assets', 'img', 'logo.png')
 3 SYSTEMPATH\CodeIgniter.php(502): CodeIgniter\CodeIgniter->runController(Object(App\Controllers\QuestionAnswerController))
 4 SYSTEMPATH\CodeIgniter.php(361): CodeIgniter\CodeIgniter->handleRequest(null, Object(Config\Cache), false)
 5 FCPATH\index.php(79): CodeIgniter\CodeIgniter->run()
INFO - 2024-04-07 09:37:12 --> Session: Class initialized using 'CodeIgniter\Session\Handlers\FileHandler' driver.
ERROR - 2024-04-07 09:37:12 --> mysqli_sql_exception: Unknown column 'homepage_assets' in 'where clause' in D:\laragon\www\SchoolingTime\vendor\codeigniter4\framework\system\Database\MySQLi\Connection.php:306
Stack trace:
#0 D:\laragon\www\SchoolingTime\vendor\codeigniter4\framework\system\Database\MySQLi\Connection.php(306): mysqli->query('SELECT * FROM q...', 0)
#1 D:\laragon\www\SchoolingTime\vendor\codeigniter4\framework\system\Database\BaseConnection.php(693): CodeIgniter\Database\MySQLi\Connection->execute('SELECT * FROM q...')
#2 D:\laragon\www\SchoolingTime\vendor\codeigniter4\framework\system\Database\BaseConnection.php(607): CodeIgniter\Database\BaseConnection->simpleQuery('SELECT * FROM q...')
#3 D:\laragon\www\SchoolingTime\app\Controllers\QuestionAnswerController.php(30): CodeIgniter\Database\BaseConnection->query('SELECT * FROM q...')
#4 D:\laragon\www\SchoolingTime\vendor\codeigniter4\framework\system\CodeIgniter.php(942): App\Controllers\QuestionAnswerController->exam_result_show('STD240715EC7E', 'homepage_assets', 'img', 'favicon.png')
#5 D:\laragon\www\SchoolingTime\vendor\codeigniter4\framework\system\CodeIgniter.php(502): CodeIgniter\CodeIgniter->runController(Object(App\Controllers\QuestionAnswerController))
#6 D:\laragon\www\SchoolingTime\vendor\codeigniter4\framework\system\CodeIgniter.php(361): CodeIgniter\CodeIgniter->handleRequest(NULL, Object(Config\Cache), false)
#7 D:\laragon\www\SchoolingTime\index.php(79): CodeIgniter\CodeIgniter->run()
#8 {main}
CRITICAL - 2024-04-07 09:37:12 --> Unknown column 'homepage_assets' in 'where clause'
in SYSTEMPATH\Database\BaseConnection.php on line 647.
 1 APPPATH\Controllers\QuestionAnswerController.php(30): CodeIgniter\Database\BaseConnection->query('SELECT * FROM question_answer 
                          WHERE id IN (homepage_assets) AND user_id = \'STD240715EC7E\' ')
 2 SYSTEMPATH\CodeIgniter.php(942): App\Controllers\QuestionAnswerController->exam_result_show('STD240715EC7E', 'homepage_assets', 'img', 'favicon.png')
 3 SYSTEMPATH\CodeIgniter.php(502): CodeIgniter\CodeIgniter->runController(Object(App\Controllers\QuestionAnswerController))
 4 SYSTEMPATH\CodeIgniter.php(361): CodeIgniter\CodeIgniter->handleRequest(null, Object(Config\Cache), false)
 5 FCPATH\index.php(79): CodeIgniter\CodeIgniter->run()
INFO - 2024-04-07 09:37:12 --> Session: Class initialized using 'CodeIgniter\Session\Handlers\FileHandler' driver.
ERROR - 2024-04-07 09:37:12 --> mysqli_sql_exception: Unknown column 'homepage_assets' in 'where clause' in D:\laragon\www\SchoolingTime\vendor\codeigniter4\framework\system\Database\MySQLi\Connection.php:306
Stack trace:
#0 D:\laragon\www\SchoolingTime\vendor\codeigniter4\framework\system\Database\MySQLi\Connection.php(306): mysqli->query('SELECT * FROM q...', 0)
#1 D:\laragon\www\SchoolingTime\vendor\codeigniter4\framework\system\Database\BaseConnection.php(693): CodeIgniter\Database\MySQLi\Connection->execute('SELECT * FROM q...')
#2 D:\laragon\www\SchoolingTime\vendor\codeigniter4\framework\system\Database\BaseConnection.php(607): CodeIgniter\Database\BaseConnection->simpleQuery('SELECT * FROM q...')
#3 D:\laragon\www\SchoolingTime\app\Controllers\QuestionAnswerController.php(30): CodeIgniter\Database\BaseConnection->query('SELECT * FROM q...')
#4 D:\laragon\www\SchoolingTime\vendor\codeigniter4\framework\system\CodeIgniter.php(942): App\Controllers\QuestionAnswerController->exam_result_show('STD240715EC7E', 'homepage_assets', 'img', 'apple-touch-ico...')
#5 D:\laragon\www\SchoolingTime\vendor\codeigniter4\framework\system\CodeIgniter.php(502): CodeIgniter\CodeIgniter->runController(Object(App\Controllers\QuestionAnswerController))
#6 D:\laragon\www\SchoolingTime\vendor\codeigniter4\framework\system\CodeIgniter.php(361): CodeIgniter\CodeIgniter->handleRequest(NULL, Object(Config\Cache), false)
#7 D:\laragon\www\SchoolingTime\index.php(79): CodeIgniter\CodeIgniter->run()
#8 {main}
CRITICAL - 2024-04-07 09:37:12 --> Unknown column 'homepage_assets' in 'where clause'
in SYSTEMPATH\Database\BaseConnection.php on line 647.
 1 APPPATH\Controllers\QuestionAnswerController.php(30): CodeIgniter\Database\BaseConnection->query('SELECT * FROM question_answer 
                          WHERE id IN (homepage_assets) AND user_id = \'STD240715EC7E\' ')
 2 SYSTEMPATH\CodeIgniter.php(942): App\Controllers\QuestionAnswerController->exam_result_show('STD240715EC7E', 'homepage_assets', 'img', 'apple-touch-icon.png')
 3 SYSTEMPATH\CodeIgniter.php(502): CodeIgniter\CodeIgniter->runController(Object(App\Controllers\QuestionAnswerController))
 4 SYSTEMPATH\CodeIgniter.php(361): CodeIgniter\CodeIgniter->handleRequest(null, Object(Config\Cache), false)
 5 FCPATH\index.php(79): CodeIgniter\CodeIgniter->run()
INFO - 2024-04-07 09:37:36 --> Session: Class initialized using 'CodeIgniter\Session\Handlers\FileHandler' driver.
INFO - 2024-04-07 09:37:36 --> Session: Class initialized using 'CodeIgniter\Session\Handlers\FileHandler' driver.
ERROR - 2024-04-07 09:37:36 --> mysqli_sql_exception: Unknown column 'homepage_assets' in 'where clause' in D:\laragon\www\SchoolingTime\vendor\codeigniter4\framework\system\Database\MySQLi\Connection.php:306
Stack trace:
#0 D:\laragon\www\SchoolingTime\vendor\codeigniter4\framework\system\Database\MySQLi\Connection.php(306): mysqli->query('SELECT * FROM q...', 0)
#1 D:\laragon\www\SchoolingTime\vendor\codeigniter4\framework\system\Database\BaseConnection.php(693): CodeIgniter\Database\MySQLi\Connection->execute('SELECT * FROM q...')
#2 D:\laragon\www\SchoolingTime\vendor\codeigniter4\framework\system\Database\BaseConnection.php(607): CodeIgniter\Database\BaseConnection->simpleQuery('SELECT * FROM q...')
#3 D:\laragon\www\SchoolingTime\app\Controllers\QuestionAnswerController.php(30): CodeIgniter\Database\BaseConnection->query('SELECT * FROM q...')
#4 D:\laragon\www\SchoolingTime\vendor\codeigniter4\framework\system\CodeIgniter.php(942): App\Controllers\QuestionAnswerController->exam_result_show('STD240715EC7E', 'homepage_assets', 'img', 'logo.png')
#5 D:\laragon\www\SchoolingTime\vendor\codeigniter4\framework\system\CodeIgniter.php(502): CodeIgniter\CodeIgniter->runController(Object(App\Controllers\QuestionAnswerController))
#6 D:\laragon\www\SchoolingTime\vendor\codeigniter4\framework\system\CodeIgniter.php(361): CodeIgniter\CodeIgniter->handleRequest(NULL, Object(Config\Cache), false)
#7 D:\laragon\www\SchoolingTime\index.php(79): CodeIgniter\CodeIgniter->run()
#8 {main}
CRITICAL - 2024-04-07 09:37:36 --> Unknown column 'homepage_assets' in 'where clause'
in SYSTEMPATH\Database\BaseConnection.php on line 647.
 1 APPPATH\Controllers\QuestionAnswerController.php(30): CodeIgniter\Database\BaseConnection->query('SELECT * FROM question_answer 
                          WHERE id IN (homepage_assets) AND user_id = \'STD240715EC7E\' ')
 2 SYSTEMPATH\CodeIgniter.php(942): App\Controllers\QuestionAnswerController->exam_result_show('STD240715EC7E', 'homepage_assets', 'img', 'logo.png')
 3 SYSTEMPATH\CodeIgniter.php(502): CodeIgniter\CodeIgniter->runController(Object(App\Controllers\QuestionAnswerController))
 4 SYSTEMPATH\CodeIgniter.php(361): CodeIgniter\CodeIgniter->handleRequest(null, Object(Config\Cache), false)
 5 FCPATH\index.php(79): CodeIgniter\CodeIgniter->run()
INFO - 2024-04-07 09:37:36 --> Session: Class initialized using 'CodeIgniter\Session\Handlers\FileHandler' driver.
ERROR - 2024-04-07 09:37:36 --> mysqli_sql_exception: Unknown column 'homepage_assets' in 'where clause' in D:\laragon\www\SchoolingTime\vendor\codeigniter4\framework\system\Database\MySQLi\Connection.php:306
Stack trace:
#0 D:\laragon\www\SchoolingTime\vendor\codeigniter4\framework\system\Database\MySQLi\Connection.php(306): mysqli->query('SELECT * FROM q...', 0)
#1 D:\laragon\www\SchoolingTime\vendor\codeigniter4\framework\system\Database\BaseConnection.php(693): CodeIgniter\Database\MySQLi\Connection->execute('SELECT * FROM q...')
#2 D:\laragon\www\SchoolingTime\vendor\codeigniter4\framework\system\Database\BaseConnection.php(607): CodeIgniter\Database\BaseConnection->simpleQuery('SELECT * FROM q...')
#3 D:\laragon\www\SchoolingTime\app\Controllers\QuestionAnswerController.php(30): CodeIgniter\Database\BaseConnection->query('SELECT * FROM q...')
#4 D:\laragon\www\SchoolingTime\vendor\codeigniter4\framework\system\CodeIgniter.php(942): App\Controllers\QuestionAnswerController->exam_result_show('STD240715EC7E', 'homepage_assets', 'img', 'favicon.png')
#5 D:\laragon\www\SchoolingTime\vendor\codeigniter4\framework\system\CodeIgniter.php(502): CodeIgniter\CodeIgniter->runController(Object(App\Controllers\QuestionAnswerController))
#6 D:\laragon\www\SchoolingTime\vendor\codeigniter4\framework\system\CodeIgniter.php(361): CodeIgniter\CodeIgniter->handleRequest(NULL, Object(Config\Cache), false)
#7 D:\laragon\www\SchoolingTime\index.php(79): CodeIgniter\CodeIgniter->run()
#8 {main}
CRITICAL - 2024-04-07 09:37:36 --> Unknown column 'homepage_assets' in 'where clause'
in SYSTEMPATH\Database\BaseConnection.php on line 647.
 1 APPPATH\Controllers\QuestionAnswerController.php(30): CodeIgniter\Database\BaseConnection->query('SELECT * FROM question_answer 
                          WHERE id IN (homepage_assets) AND user_id = \'STD240715EC7E\' ')
 2 SYSTEMPATH\CodeIgniter.php(942): App\Controllers\QuestionAnswerController->exam_result_show('STD240715EC7E', 'homepage_assets', 'img', 'favicon.png')
 3 SYSTEMPATH\CodeIgniter.php(502): CodeIgniter\CodeIgniter->runController(Object(App\Controllers\QuestionAnswerController))
 4 SYSTEMPATH\CodeIgniter.php(361): CodeIgniter\CodeIgniter->handleRequest(null, Object(Config\Cache), false)
 5 FCPATH\index.php(79): CodeIgniter\CodeIgniter->run()
INFO - 2024-04-07 09:37:36 --> Session: Class initialized using 'CodeIgniter\Session\Handlers\FileHandler' driver.
ERROR - 2024-04-07 09:37:36 --> mysqli_sql_exception: Unknown column 'homepage_assets' in 'where clause' in D:\laragon\www\SchoolingTime\vendor\codeigniter4\framework\system\Database\MySQLi\Connection.php:306
Stack trace:
#0 D:\laragon\www\SchoolingTime\vendor\codeigniter4\framework\system\Database\MySQLi\Connection.php(306): mysqli->query('SELECT * FROM q...', 0)
#1 D:\laragon\www\SchoolingTime\vendor\codeigniter4\framework\system\Database\BaseConnection.php(693): CodeIgniter\Database\MySQLi\Connection->execute('SELECT * FROM q...')
#2 D:\laragon\www\SchoolingTime\vendor\codeigniter4\framework\system\Database\BaseConnection.php(607): CodeIgniter\Database\BaseConnection->simpleQuery('SELECT * FROM q...')
#3 D:\laragon\www\SchoolingTime\app\Controllers\QuestionAnswerController.php(30): CodeIgniter\Database\BaseConnection->query('SELECT * FROM q...')
#4 D:\laragon\www\SchoolingTime\vendor\codeigniter4\framework\system\CodeIgniter.php(942): App\Controllers\QuestionAnswerController->exam_result_show('STD240715EC7E', 'homepage_assets', 'img', 'apple-touch-ico...')
#5 D:\laragon\www\SchoolingTime\vendor\codeigniter4\framework\system\CodeIgniter.php(502): CodeIgniter\CodeIgniter->runController(Object(App\Controllers\QuestionAnswerController))
#6 D:\laragon\www\SchoolingTime\vendor\codeigniter4\framework\system\CodeIgniter.php(361): CodeIgniter\CodeIgniter->handleRequest(NULL, Object(Config\Cache), false)
#7 D:\laragon\www\SchoolingTime\index.php(79): CodeIgniter\CodeIgniter->run()
#8 {main}
CRITICAL - 2024-04-07 09:37:36 --> Unknown column 'homepage_assets' in 'where clause'
in SYSTEMPATH\Database\BaseConnection.php on line 647.
 1 APPPATH\Controllers\QuestionAnswerController.php(30): CodeIgniter\Database\BaseConnection->query('SELECT * FROM question_answer 
                          WHERE id IN (homepage_assets) AND user_id = \'STD240715EC7E\' ')
 2 SYSTEMPATH\CodeIgniter.php(942): App\Controllers\QuestionAnswerController->exam_result_show('STD240715EC7E', 'homepage_assets', 'img', 'apple-touch-icon.png')
 3 SYSTEMPATH\CodeIgniter.php(502): CodeIgniter\CodeIgniter->runController(Object(App\Controllers\QuestionAnswerController))
 4 SYSTEMPATH\CodeIgniter.php(361): CodeIgniter\CodeIgniter->handleRequest(null, Object(Config\Cache), false)
 5 FCPATH\index.php(79): CodeIgniter\CodeIgniter->run()
INFO - 2024-04-07 09:39:36 --> Session: Class initialized using 'CodeIgniter\Session\Handlers\FileHandler' driver.
INFO - 2024-04-07 09:39:36 --> Session: Class initialized using 'CodeIgniter\Session\Handlers\FileHandler' driver.
ERROR - 2024-04-07 09:39:36 --> mysqli_sql_exception: Unknown column 'homepage_assets' in 'where clause' in D:\laragon\www\SchoolingTime\vendor\codeigniter4\framework\system\Database\MySQLi\Connection.php:306
Stack trace:
#0 D:\laragon\www\SchoolingTime\vendor\codeigniter4\framework\system\Database\MySQLi\Connection.php(306): mysqli->query('SELECT * FROM q...', 0)
#1 D:\laragon\www\SchoolingTime\vendor\codeigniter4\framework\system\Database\BaseConnection.php(693): CodeIgniter\Database\MySQLi\Connection->execute('SELECT * FROM q...')
#2 D:\laragon\www\SchoolingTime\vendor\codeigniter4\framework\system\Database\BaseConnection.php(607): CodeIgniter\Database\BaseConnection->simpleQuery('SELECT * FROM q...')
#3 D:\laragon\www\SchoolingTime\app\Controllers\QuestionAnswerController.php(30): CodeIgniter\Database\BaseConnection->query('SELECT * FROM q...')
#4 D:\laragon\www\SchoolingTime\vendor\codeigniter4\framework\system\CodeIgniter.php(942): App\Controllers\QuestionAnswerController->exam_result_show('STD240715EC7E', 'homepage_assets', 'img', 'logo.png')
#5 D:\laragon\www\SchoolingTime\vendor\codeigniter4\framework\system\CodeIgniter.php(502): CodeIgniter\CodeIgniter->runController(Object(App\Controllers\QuestionAnswerController))
#6 D:\laragon\www\SchoolingTime\vendor\codeigniter4\framework\system\CodeIgniter.php(361): CodeIgniter\CodeIgniter->handleRequest(NULL, Object(Config\Cache), false)
#7 D:\laragon\www\SchoolingTime\index.php(79): CodeIgniter\CodeIgniter->run()
#8 {main}
CRITICAL - 2024-04-07 09:39:36 --> Unknown column 'homepage_assets' in 'where clause'
in SYSTEMPATH\Database\BaseConnection.php on line 647.
 1 APPPATH\Controllers\QuestionAnswerController.php(30): CodeIgniter\Database\BaseConnection->query('SELECT * FROM question_answer 
                          WHERE id IN (homepage_assets) AND user_id = \'STD240715EC7E\' ')
 2 SYSTEMPATH\CodeIgniter.php(942): App\Controllers\QuestionAnswerController->exam_result_show('STD240715EC7E', 'homepage_assets', 'img', 'logo.png')
 3 SYSTEMPATH\CodeIgniter.php(502): CodeIgniter\CodeIgniter->runController(Object(App\Controllers\QuestionAnswerController))
 4 SYSTEMPATH\CodeIgniter.php(361): CodeIgniter\CodeIgniter->handleRequest(null, Object(Config\Cache), false)
 5 FCPATH\index.php(79): CodeIgniter\CodeIgniter->run()
INFO - 2024-04-07 09:39:37 --> Session: Class initialized using 'CodeIgniter\Session\Handlers\FileHandler' driver.
ERROR - 2024-04-07 09:39:37 --> mysqli_sql_exception: Unknown column 'homepage_assets' in 'where clause' in D:\laragon\www\SchoolingTime\vendor\codeigniter4\framework\system\Database\MySQLi\Connection.php:306
Stack trace:
#0 D:\laragon\www\SchoolingTime\vendor\codeigniter4\framework\system\Database\MySQLi\Connection.php(306): mysqli->query('SELECT * FROM q...', 0)
#1 D:\laragon\www\SchoolingTime\vendor\codeigniter4\framework\system\Database\BaseConnection.php(693): CodeIgniter\Database\MySQLi\Connection->execute('SELECT * FROM q...')
#2 D:\laragon\www\SchoolingTime\vendor\codeigniter4\framework\system\Database\BaseConnection.php(607): CodeIgniter\Database\BaseConnection->simpleQuery('SELECT * FROM q...')
#3 D:\laragon\www\SchoolingTime\app\Controllers\QuestionAnswerController.php(30): CodeIgniter\Database\BaseConnection->query('SELECT * FROM q...')
#4 D:\laragon\www\SchoolingTime\vendor\codeigniter4\framework\system\CodeIgniter.php(942): App\Controllers\QuestionAnswerController->exam_result_show('STD240715EC7E', 'homepage_assets', 'img', 'favicon.png')
#5 D:\laragon\www\SchoolingTime\vendor\codeigniter4\framework\system\CodeIgniter.php(502): CodeIgniter\CodeIgniter->runController(Object(App\Controllers\QuestionAnswerController))
#6 D:\laragon\www\SchoolingTime\vendor\codeigniter4\framework\system\CodeIgniter.php(361): CodeIgniter\CodeIgniter->handleRequest(NULL, Object(Config\Cache), false)
#7 D:\laragon\www\SchoolingTime\index.php(79): CodeIgniter\CodeIgniter->run()
#8 {main}
CRITICAL - 2024-04-07 09:39:37 --> Unknown column 'homepage_assets' in 'where clause'
in SYSTEMPATH\Database\BaseConnection.php on line 647.
 1 APPPATH\Controllers\QuestionAnswerController.php(30): CodeIgniter\Database\BaseConnection->query('SELECT * FROM question_answer 
                          WHERE id IN (homepage_assets) AND user_id = \'STD240715EC7E\' ')
 2 SYSTEMPATH\CodeIgniter.php(942): App\Controllers\QuestionAnswerController->exam_result_show('STD240715EC7E', 'homepage_assets', 'img', 'favicon.png')
 3 SYSTEMPATH\CodeIgniter.php(502): CodeIgniter\CodeIgniter->runController(Object(App\Controllers\QuestionAnswerController))
 4 SYSTEMPATH\CodeIgniter.php(361): CodeIgniter\CodeIgniter->handleRequest(null, Object(Config\Cache), false)
 5 FCPATH\index.php(79): CodeIgniter\CodeIgniter->run()
INFO - 2024-04-07 09:39:37 --> Session: Class initialized using 'CodeIgniter\Session\Handlers\FileHandler' driver.
ERROR - 2024-04-07 09:39:37 --> mysqli_sql_exception: Unknown column 'homepage_assets' in 'where clause' in D:\laragon\www\SchoolingTime\vendor\codeigniter4\framework\system\Database\MySQLi\Connection.php:306
Stack trace:
#0 D:\laragon\www\SchoolingTime\vendor\codeigniter4\framework\system\Database\MySQLi\Connection.php(306): mysqli->query('SELECT * FROM q...', 0)
#1 D:\laragon\www\SchoolingTime\vendor\codeigniter4\framework\system\Database\BaseConnection.php(693): CodeIgniter\Database\MySQLi\Connection->execute('SELECT * FROM q...')
#2 D:\laragon\www\SchoolingTime\vendor\codeigniter4\framework\system\Database\BaseConnection.php(607): CodeIgniter\Database\BaseConnection->simpleQuery('SELECT * FROM q...')
#3 D:\laragon\www\SchoolingTime\app\Controllers\QuestionAnswerController.php(30): CodeIgniter\Database\BaseConnection->query('SELECT * FROM q...')
#4 D:\laragon\www\SchoolingTime\vendor\codeigniter4\framework\system\CodeIgniter.php(942): App\Controllers\QuestionAnswerController->exam_result_show('STD240715EC7E', 'homepage_assets', 'img', 'apple-touch-ico...')
#5 D:\laragon\www\SchoolingTime\vendor\codeigniter4\framework\system\CodeIgniter.php(502): CodeIgniter\CodeIgniter->runController(Object(App\Controllers\QuestionAnswerController))
#6 D:\laragon\www\SchoolingTime\vendor\codeigniter4\framework\system\CodeIgniter.php(361): CodeIgniter\CodeIgniter->handleRequest(NULL, Object(Config\Cache), false)
#7 D:\laragon\www\SchoolingTime\index.php(79): CodeIgniter\CodeIgniter->run()
#8 {main}
CRITICAL - 2024-04-07 09:39:37 --> Unknown column 'homepage_assets' in 'where clause'
in SYSTEMPATH\Database\BaseConnection.php on line 647.
 1 APPPATH\Controllers\QuestionAnswerController.php(30): CodeIgniter\Database\BaseConnection->query('SELECT * FROM question_answer 
                          WHERE id IN (homepage_assets) AND user_id = \'STD240715EC7E\' ')
 2 SYSTEMPATH\CodeIgniter.php(942): App\Controllers\QuestionAnswerController->exam_result_show('STD240715EC7E', 'homepage_assets', 'img', 'apple-touch-icon.png')
 3 SYSTEMPATH\CodeIgniter.php(502): CodeIgniter\CodeIgniter->runController(Object(App\Controllers\QuestionAnswerController))
 4 SYSTEMPATH\CodeIgniter.php(361): CodeIgniter\CodeIgniter->handleRequest(null, Object(Config\Cache), false)
 5 FCPATH\index.php(79): CodeIgniter\CodeIgniter->run()
INFO - 2024-04-07 09:41:08 --> Session: Class initialized using 'CodeIgniter\Session\Handlers\FileHandler' driver.
INFO - 2024-04-07 09:41:08 --> Session: Class initialized using 'CodeIgniter\Session\Handlers\FileHandler' driver.
ERROR - 2024-04-07 09:41:08 --> mysqli_sql_exception: Unknown column 'homepage_assets' in 'where clause' in D:\laragon\www\SchoolingTime\vendor\codeigniter4\framework\system\Database\MySQLi\Connection.php:306
Stack trace:
#0 D:\laragon\www\SchoolingTime\vendor\codeigniter4\framework\system\Database\MySQLi\Connection.php(306): mysqli->query('SELECT * FROM q...', 0)
#1 D:\laragon\www\SchoolingTime\vendor\codeigniter4\framework\system\Database\BaseConnection.php(693): CodeIgniter\Database\MySQLi\Connection->execute('SELECT * FROM q...')
#2 D:\laragon\www\SchoolingTime\vendor\codeigniter4\framework\system\Database\BaseConnection.php(607): CodeIgniter\Database\BaseConnection->simpleQuery('SELECT * FROM q...')
#3 D:\laragon\www\SchoolingTime\app\Controllers\QuestionAnswerController.php(30): CodeIgniter\Database\BaseConnection->query('SELECT * FROM q...')
#4 D:\laragon\www\SchoolingTime\vendor\codeigniter4\framework\system\CodeIgniter.php(942): App\Controllers\QuestionAnswerController->exam_result_show('STD240715EC7E', 'homepage_assets', 'img', 'logo.png')
#5 D:\laragon\www\SchoolingTime\vendor\codeigniter4\framework\system\CodeIgniter.php(502): CodeIgniter\CodeIgniter->runController(Object(App\Controllers\QuestionAnswerController))
#6 D:\laragon\www\SchoolingTime\vendor\codeigniter4\framework\system\CodeIgniter.php(361): CodeIgniter\CodeIgniter->handleRequest(NULL, Object(Config\Cache), false)
#7 D:\laragon\www\SchoolingTime\index.php(79): CodeIgniter\CodeIgniter->run()
#8 {main}
CRITICAL - 2024-04-07 09:41:08 --> Unknown column 'homepage_assets' in 'where clause'
in SYSTEMPATH\Database\BaseConnection.php on line 647.
 1 APPPATH\Controllers\QuestionAnswerController.php(30): CodeIgniter\Database\BaseConnection->query('SELECT * FROM question_answer 
                          WHERE id IN (homepage_assets) AND user_id = \'STD240715EC7E\' ')
 2 SYSTEMPATH\CodeIgniter.php(942): App\Controllers\QuestionAnswerController->exam_result_show('STD240715EC7E', 'homepage_assets', 'img', 'logo.png')
 3 SYSTEMPATH\CodeIgniter.php(502): CodeIgniter\CodeIgniter->runController(Object(App\Controllers\QuestionAnswerController))
 4 SYSTEMPATH\CodeIgniter.php(361): CodeIgniter\CodeIgniter->handleRequest(null, Object(Config\Cache), false)
 5 FCPATH\index.php(79): CodeIgniter\CodeIgniter->run()
INFO - 2024-04-07 09:41:08 --> Session: Class initialized using 'CodeIgniter\Session\Handlers\FileHandler' driver.
ERROR - 2024-04-07 09:41:08 --> mysqli_sql_exception: Unknown column 'homepage_assets' in 'where clause' in D:\laragon\www\SchoolingTime\vendor\codeigniter4\framework\system\Database\MySQLi\Connection.php:306
Stack trace:
#0 D:\laragon\www\SchoolingTime\vendor\codeigniter4\framework\system\Database\MySQLi\Connection.php(306): mysqli->query('SELECT * FROM q...', 0)
#1 D:\laragon\www\SchoolingTime\vendor\codeigniter4\framework\system\Database\BaseConnection.php(693): CodeIgniter\Database\MySQLi\Connection->execute('SELECT * FROM q...')
#2 D:\laragon\www\SchoolingTime\vendor\codeigniter4\framework\system\Database\BaseConnection.php(607): CodeIgniter\Database\BaseConnection->simpleQuery('SELECT * FROM q...')
#3 D:\laragon\www\SchoolingTime\app\Controllers\QuestionAnswerController.php(30): CodeIgniter\Database\BaseConnection->query('SELECT * FROM q...')
#4 D:\laragon\www\SchoolingTime\vendor\codeigniter4\framework\system\CodeIgniter.php(942): App\Controllers\QuestionAnswerController->exam_result_show('STD240715EC7E', 'homepage_assets', 'img', 'favicon.png')
#5 D:\laragon\www\SchoolingTime\vendor\codeigniter4\framework\system\CodeIgniter.php(502): CodeIgniter\CodeIgniter->runController(Object(App\Controllers\QuestionAnswerController))
#6 D:\laragon\www\SchoolingTime\vendor\codeigniter4\framework\system\CodeIgniter.php(361): CodeIgniter\CodeIgniter->handleRequest(NULL, Object(Config\Cache), false)
#7 D:\laragon\www\SchoolingTime\index.php(79): CodeIgniter\CodeIgniter->run()
#8 {main}
CRITICAL - 2024-04-07 09:41:08 --> Unknown column 'homepage_assets' in 'where clause'
in SYSTEMPATH\Database\BaseConnection.php on line 647.
 1 APPPATH\Controllers\QuestionAnswerController.php(30): CodeIgniter\Database\BaseConnection->query('SELECT * FROM question_answer 
                          WHERE id IN (homepage_assets) AND user_id = \'STD240715EC7E\' ')
 2 SYSTEMPATH\CodeIgniter.php(942): App\Controllers\QuestionAnswerController->exam_result_show('STD240715EC7E', 'homepage_assets', 'img', 'favicon.png')
 3 SYSTEMPATH\CodeIgniter.php(502): CodeIgniter\CodeIgniter->runController(Object(App\Controllers\QuestionAnswerController))
 4 SYSTEMPATH\CodeIgniter.php(361): CodeIgniter\CodeIgniter->handleRequest(null, Object(Config\Cache), false)
 5 FCPATH\index.php(79): CodeIgniter\CodeIgniter->run()
INFO - 2024-04-07 09:41:08 --> Session: Class initialized using 'CodeIgniter\Session\Handlers\FileHandler' driver.
ERROR - 2024-04-07 09:41:08 --> mysqli_sql_exception: Unknown column 'homepage_assets' in 'where clause' in D:\laragon\www\SchoolingTime\vendor\codeigniter4\framework\system\Database\MySQLi\Connection.php:306
Stack trace:
#0 D:\laragon\www\SchoolingTime\vendor\codeigniter4\framework\system\Database\MySQLi\Connection.php(306): mysqli->query('SELECT * FROM q...', 0)
#1 D:\laragon\www\SchoolingTime\vendor\codeigniter4\framework\system\Database\BaseConnection.php(693): CodeIgniter\Database\MySQLi\Connection->execute('SELECT * FROM q...')
#2 D:\laragon\www\SchoolingTime\vendor\codeigniter4\framework\system\Database\BaseConnection.php(607): CodeIgniter\Database\BaseConnection->simpleQuery('SELECT * FROM q...')
#3 D:\laragon\www\SchoolingTime\app\Controllers\QuestionAnswerController.php(30): CodeIgniter\Database\BaseConnection->query('SELECT * FROM q...')
#4 D:\laragon\www\SchoolingTime\vendor\codeigniter4\framework\system\CodeIgniter.php(942): App\Controllers\QuestionAnswerController->exam_result_show('STD240715EC7E', 'homepage_assets', 'img', 'apple-touch-ico...')
#5 D:\laragon\www\SchoolingTime\vendor\codeigniter4\framework\system\CodeIgniter.php(502): CodeIgniter\CodeIgniter->runController(Object(App\Controllers\QuestionAnswerController))
#6 D:\laragon\www\SchoolingTime\vendor\codeigniter4\framework\system\CodeIgniter.php(361): CodeIgniter\CodeIgniter->handleRequest(NULL, Object(Config\Cache), false)
#7 D:\laragon\www\SchoolingTime\index.php(79): CodeIgniter\CodeIgniter->run()
#8 {main}
CRITICAL - 2024-04-07 09:41:08 --> Unknown column 'homepage_assets' in 'where clause'
in SYSTEMPATH\Database\BaseConnection.php on line 647.
 1 APPPATH\Controllers\QuestionAnswerController.php(30): CodeIgniter\Database\BaseConnection->query('SELECT * FROM question_answer 
                          WHERE id IN (homepage_assets) AND user_id = \'STD240715EC7E\' ')
 2 SYSTEMPATH\CodeIgniter.php(942): App\Controllers\QuestionAnswerController->exam_result_show('STD240715EC7E', 'homepage_assets', 'img', 'apple-touch-icon.png')
 3 SYSTEMPATH\CodeIgniter.php(502): CodeIgniter\CodeIgniter->runController(Object(App\Controllers\QuestionAnswerController))
 4 SYSTEMPATH\CodeIgniter.php(361): CodeIgniter\CodeIgniter->handleRequest(null, Object(Config\Cache), false)
 5 FCPATH\index.php(79): CodeIgniter\CodeIgniter->run()
INFO - 2024-04-07 09:42:18 --> Session: Class initialized using 'CodeIgniter\Session\Handlers\FileHandler' driver.
INFO - 2024-04-07 09:42:18 --> Session: Class initialized using 'CodeIgniter\Session\Handlers\FileHandler' driver.
ERROR - 2024-04-07 09:42:18 --> mysqli_sql_exception: Unknown column 'homepage_assets' in 'where clause' in D:\laragon\www\SchoolingTime\vendor\codeigniter4\framework\system\Database\MySQLi\Connection.php:306
Stack trace:
#0 D:\laragon\www\SchoolingTime\vendor\codeigniter4\framework\system\Database\MySQLi\Connection.php(306): mysqli->query('SELECT * FROM q...', 0)
#1 D:\laragon\www\SchoolingTime\vendor\codeigniter4\framework\system\Database\BaseConnection.php(693): CodeIgniter\Database\MySQLi\Connection->execute('SELECT * FROM q...')
#2 D:\laragon\www\SchoolingTime\vendor\codeigniter4\framework\system\Database\BaseConnection.php(607): CodeIgniter\Database\BaseConnection->simpleQuery('SELECT * FROM q...')
#3 D:\laragon\www\SchoolingTime\app\Controllers\QuestionAnswerController.php(30): CodeIgniter\Database\BaseConnection->query('SELECT * FROM q...')
#4 D:\laragon\www\SchoolingTime\vendor\codeigniter4\framework\system\CodeIgniter.php(942): App\Controllers\QuestionAnswerController->exam_result_show('STD240715EC7E', 'homepage_assets', 'img', 'logo.png')
#5 D:\laragon\www\SchoolingTime\vendor\codeigniter4\framework\system\CodeIgniter.php(502): CodeIgniter\CodeIgniter->runController(Object(App\Controllers\QuestionAnswerController))
#6 D:\laragon\www\SchoolingTime\vendor\codeigniter4\framework\system\CodeIgniter.php(361): CodeIgniter\CodeIgniter->handleRequest(NULL, Object(Config\Cache), false)
#7 D:\laragon\www\SchoolingTime\index.php(79): CodeIgniter\CodeIgniter->run()
#8 {main}
CRITICAL - 2024-04-07 09:42:18 --> Unknown column 'homepage_assets' in 'where clause'
in SYSTEMPATH\Database\BaseConnection.php on line 647.
 1 APPPATH\Controllers\QuestionAnswerController.php(30): CodeIgniter\Database\BaseConnection->query('SELECT * FROM question_answer 
                          WHERE id IN (homepage_assets) AND user_id = \'STD240715EC7E\' ')
 2 SYSTEMPATH\CodeIgniter.php(942): App\Controllers\QuestionAnswerController->exam_result_show('STD240715EC7E', 'homepage_assets', 'img', 'logo.png')
 3 SYSTEMPATH\CodeIgniter.php(502): CodeIgniter\CodeIgniter->runController(Object(App\Controllers\QuestionAnswerController))
 4 SYSTEMPATH\CodeIgniter.php(361): CodeIgniter\CodeIgniter->handleRequest(null, Object(Config\Cache), false)
 5 FCPATH\index.php(79): CodeIgniter\CodeIgniter->run()
INFO - 2024-04-07 09:42:18 --> Session: Class initialized using 'CodeIgniter\Session\Handlers\FileHandler' driver.
ERROR - 2024-04-07 09:42:18 --> mysqli_sql_exception: Unknown column 'homepage_assets' in 'where clause' in D:\laragon\www\SchoolingTime\vendor\codeigniter4\framework\system\Database\MySQLi\Connection.php:306
Stack trace:
#0 D:\laragon\www\SchoolingTime\vendor\codeigniter4\framework\system\Database\MySQLi\Connection.php(306): mysqli->query('SELECT * FROM q...', 0)
#1 D:\laragon\www\SchoolingTime\vendor\codeigniter4\framework\system\Database\BaseConnection.php(693): CodeIgniter\Database\MySQLi\Connection->execute('SELECT * FROM q...')
#2 D:\laragon\www\SchoolingTime\vendor\codeigniter4\framework\system\Database\BaseConnection.php(607): CodeIgniter\Database\BaseConnection->simpleQuery('SELECT * FROM q...')
#3 D:\laragon\www\SchoolingTime\app\Controllers\QuestionAnswerController.php(30): CodeIgniter\Database\BaseConnection->query('SELECT * FROM q...')
#4 D:\laragon\www\SchoolingTime\vendor\codeigniter4\framework\system\CodeIgniter.php(942): App\Controllers\QuestionAnswerController->exam_result_show('STD240715EC7E', 'homepage_assets', 'img', 'favicon.png')
#5 D:\laragon\www\SchoolingTime\vendor\codeigniter4\framework\system\CodeIgniter.php(502): CodeIgniter\CodeIgniter->runController(Object(App\Controllers\QuestionAnswerController))
#6 D:\laragon\www\SchoolingTime\vendor\codeigniter4\framework\system\CodeIgniter.php(361): CodeIgniter\CodeIgniter->handleRequest(NULL, Object(Config\Cache), false)
#7 D:\laragon\www\SchoolingTime\index.php(79): CodeIgniter\CodeIgniter->run()
#8 {main}
CRITICAL - 2024-04-07 09:42:18 --> Unknown column 'homepage_assets' in 'where clause'
in SYSTEMPATH\Database\BaseConnection.php on line 647.
 1 APPPATH\Controllers\QuestionAnswerController.php(30): CodeIgniter\Database\BaseConnection->query('SELECT * FROM question_answer 
                          WHERE id IN (homepage_assets) AND user_id = \'STD240715EC7E\' ')
 2 SYSTEMPATH\CodeIgniter.php(942): App\Controllers\QuestionAnswerController->exam_result_show('STD240715EC7E', 'homepage_assets', 'img', 'favicon.png')
 3 SYSTEMPATH\CodeIgniter.php(502): CodeIgniter\CodeIgniter->runController(Object(App\Controllers\QuestionAnswerController))
 4 SYSTEMPATH\CodeIgniter.php(361): CodeIgniter\CodeIgniter->handleRequest(null, Object(Config\Cache), false)
 5 FCPATH\index.php(79): CodeIgniter\CodeIgniter->run()
INFO - 2024-04-07 09:42:18 --> Session: Class initialized using 'CodeIgniter\Session\Handlers\FileHandler' driver.
ERROR - 2024-04-07 09:42:19 --> mysqli_sql_exception: Unknown column 'homepage_assets' in 'where clause' in D:\laragon\www\SchoolingTime\vendor\codeigniter4\framework\system\Database\MySQLi\Connection.php:306
Stack trace:
#0 D:\laragon\www\SchoolingTime\vendor\codeigniter4\framework\system\Database\MySQLi\Connection.php(306): mysqli->query('SELECT * FROM q...', 0)
#1 D:\laragon\www\SchoolingTime\vendor\codeigniter4\framework\system\Database\BaseConnection.php(693): CodeIgniter\Database\MySQLi\Connection->execute('SELECT * FROM q...')
#2 D:\laragon\www\SchoolingTime\vendor\codeigniter4\framework\system\Database\BaseConnection.php(607): CodeIgniter\Database\BaseConnection->simpleQuery('SELECT * FROM q...')
#3 D:\laragon\www\SchoolingTime\app\Controllers\QuestionAnswerController.php(30): CodeIgniter\Database\BaseConnection->query('SELECT * FROM q...')
#4 D:\laragon\www\SchoolingTime\vendor\codeigniter4\framework\system\CodeIgniter.php(942): App\Controllers\QuestionAnswerController->exam_result_show('STD240715EC7E', 'homepage_assets', 'img', 'apple-touch-ico...')
#5 D:\laragon\www\SchoolingTime\vendor\codeigniter4\framework\system\CodeIgniter.php(502): CodeIgniter\CodeIgniter->runController(Object(App\Controllers\QuestionAnswerController))
#6 D:\laragon\www\SchoolingTime\vendor\codeigniter4\framework\system\CodeIgniter.php(361): CodeIgniter\CodeIgniter->handleRequest(NULL, Object(Config\Cache), false)
#7 D:\laragon\www\SchoolingTime\index.php(79): CodeIgniter\CodeIgniter->run()
#8 {main}
CRITICAL - 2024-04-07 09:42:19 --> Unknown column 'homepage_assets' in 'where clause'
in SYSTEMPATH\Database\BaseConnection.php on line 647.
 1 APPPATH\Controllers\QuestionAnswerController.php(30): CodeIgniter\Database\BaseConnection->query('SELECT * FROM question_answer 
                          WHERE id IN (homepage_assets) AND user_id = \'STD240715EC7E\' ')
 2 SYSTEMPATH\CodeIgniter.php(942): App\Controllers\QuestionAnswerController->exam_result_show('STD240715EC7E', 'homepage_assets', 'img', 'apple-touch-icon.png')
 3 SYSTEMPATH\CodeIgniter.php(502): CodeIgniter\CodeIgniter->runController(Object(App\Controllers\QuestionAnswerController))
 4 SYSTEMPATH\CodeIgniter.php(361): CodeIgniter\CodeIgniter->handleRequest(null, Object(Config\Cache), false)
 5 FCPATH\index.php(79): CodeIgniter\CodeIgniter->run()
INFO - 2024-04-07 09:46:09 --> Session: Class initialized using 'CodeIgniter\Session\Handlers\FileHandler' driver.
INFO - 2024-04-07 09:46:10 --> Session: Class initialized using 'CodeIgniter\Session\Handlers\FileHandler' driver.
ERROR - 2024-04-07 09:46:10 --> mysqli_sql_exception: Unknown column 'homepage_assets' in 'where clause' in D:\laragon\www\SchoolingTime\vendor\codeigniter4\framework\system\Database\MySQLi\Connection.php:306
Stack trace:
#0 D:\laragon\www\SchoolingTime\vendor\codeigniter4\framework\system\Database\MySQLi\Connection.php(306): mysqli->query('SELECT * FROM q...', 0)
#1 D:\laragon\www\SchoolingTime\vendor\codeigniter4\framework\system\Database\BaseConnection.php(693): CodeIgniter\Database\MySQLi\Connection->execute('SELECT * FROM q...')
#2 D:\laragon\www\SchoolingTime\vendor\codeigniter4\framework\system\Database\BaseConnection.php(607): CodeIgniter\Database\BaseConnection->simpleQuery('SELECT * FROM q...')
#3 D:\laragon\www\SchoolingTime\app\Controllers\QuestionAnswerController.php(30): CodeIgniter\Database\BaseConnection->query('SELECT * FROM q...')
#4 D:\laragon\www\SchoolingTime\vendor\codeigniter4\framework\system\CodeIgniter.php(942): App\Controllers\QuestionAnswerController->exam_result_show('STD240715EC7E', 'homepage_assets', 'img', 'logo.png')
#5 D:\laragon\www\SchoolingTime\vendor\codeigniter4\framework\system\CodeIgniter.php(502): CodeIgniter\CodeIgniter->runController(Object(App\Controllers\QuestionAnswerController))
#6 D:\laragon\www\SchoolingTime\vendor\codeigniter4\framework\system\CodeIgniter.php(361): CodeIgniter\CodeIgniter->handleRequest(NULL, Object(Config\Cache), false)
#7 D:\laragon\www\SchoolingTime\index.php(79): CodeIgniter\CodeIgniter->run()
#8 {main}
CRITICAL - 2024-04-07 09:46:10 --> Unknown column 'homepage_assets' in 'where clause'
in SYSTEMPATH\Database\BaseConnection.php on line 647.
 1 APPPATH\Controllers\QuestionAnswerController.php(30): CodeIgniter\Database\BaseConnection->query('SELECT * FROM question_answer 
                          WHERE id IN (homepage_assets) AND user_id = \'STD240715EC7E\' ')
 2 SYSTEMPATH\CodeIgniter.php(942): App\Controllers\QuestionAnswerController->exam_result_show('STD240715EC7E', 'homepage_assets', 'img', 'logo.png')
 3 SYSTEMPATH\CodeIgniter.php(502): CodeIgniter\CodeIgniter->runController(Object(App\Controllers\QuestionAnswerController))
 4 SYSTEMPATH\CodeIgniter.php(361): CodeIgniter\CodeIgniter->handleRequest(null, Object(Config\Cache), false)
 5 FCPATH\index.php(79): CodeIgniter\CodeIgniter->run()
INFO - 2024-04-07 09:46:10 --> Session: Class initialized using 'CodeIgniter\Session\Handlers\FileHandler' driver.
ERROR - 2024-04-07 09:46:10 --> mysqli_sql_exception: Unknown column 'homepage_assets' in 'where clause' in D:\laragon\www\SchoolingTime\vendor\codeigniter4\framework\system\Database\MySQLi\Connection.php:306
Stack trace:
#0 D:\laragon\www\SchoolingTime\vendor\codeigniter4\framework\system\Database\MySQLi\Connection.php(306): mysqli->query('SELECT * FROM q...', 0)
#1 D:\laragon\www\SchoolingTime\vendor\codeigniter4\framework\system\Database\BaseConnection.php(693): CodeIgniter\Database\MySQLi\Connection->execute('SELECT * FROM q...')
#2 D:\laragon\www\SchoolingTime\vendor\codeigniter4\framework\system\Database\BaseConnection.php(607): CodeIgniter\Database\BaseConnection->simpleQuery('SELECT * FROM q...')
#3 D:\laragon\www\SchoolingTime\app\Controllers\QuestionAnswerController.php(30): CodeIgniter\Database\BaseConnection->query('SELECT * FROM q...')
#4 D:\laragon\www\SchoolingTime\vendor\codeigniter4\framework\system\CodeIgniter.php(942): App\Controllers\QuestionAnswerController->exam_result_show('STD240715EC7E', 'homepage_assets', 'img', 'apple-touch-ico...')
#5 D:\laragon\www\SchoolingTime\vendor\codeigniter4\framework\system\CodeIgniter.php(502): CodeIgniter\CodeIgniter->runController(Object(App\Controllers\QuestionAnswerController))
#6 D:\laragon\www\SchoolingTime\vendor\codeigniter4\framework\system\CodeIgniter.php(361): CodeIgniter\CodeIgniter->handleRequest(NULL, Object(Config\Cache), false)
#7 D:\laragon\www\SchoolingTime\index.php(79): CodeIgniter\CodeIgniter->run()
#8 {main}
CRITICAL - 2024-04-07 09:46:10 --> Unknown column 'homepage_assets' in 'where clause'
in SYSTEMPATH\Database\BaseConnection.php on line 647.
 1 APPPATH\Controllers\QuestionAnswerController.php(30): CodeIgniter\Database\BaseConnection->query('SELECT * FROM question_answer 
                          WHERE id IN (homepage_assets) AND user_id = \'STD240715EC7E\' ')
 2 SYSTEMPATH\CodeIgniter.php(942): App\Controllers\QuestionAnswerController->exam_result_show('STD240715EC7E', 'homepage_assets', 'img', 'apple-touch-icon.png')
 3 SYSTEMPATH\CodeIgniter.php(502): CodeIgniter\CodeIgniter->runController(Object(App\Controllers\QuestionAnswerController))
 4 SYSTEMPATH\CodeIgniter.php(361): CodeIgniter\CodeIgniter->handleRequest(null, Object(Config\Cache), false)
 5 FCPATH\index.php(79): CodeIgniter\CodeIgniter->run()
INFO - 2024-04-07 09:46:10 --> Session: Class initialized using 'CodeIgniter\Session\Handlers\FileHandler' driver.
ERROR - 2024-04-07 09:46:10 --> mysqli_sql_exception: Unknown column 'homepage_assets' in 'where clause' in D:\laragon\www\SchoolingTime\vendor\codeigniter4\framework\system\Database\MySQLi\Connection.php:306
Stack trace:
#0 D:\laragon\www\SchoolingTime\vendor\codeigniter4\framework\system\Database\MySQLi\Connection.php(306): mysqli->query('SELECT * FROM q...', 0)
#1 D:\laragon\www\SchoolingTime\vendor\codeigniter4\framework\system\Database\BaseConnection.php(693): CodeIgniter\Database\MySQLi\Connection->execute('SELECT * FROM q...')
#2 D:\laragon\www\SchoolingTime\vendor\codeigniter4\framework\system\Database\BaseConnection.php(607): CodeIgniter\Database\BaseConnection->simpleQuery('SELECT * FROM q...')
#3 D:\laragon\www\SchoolingTime\app\Controllers\QuestionAnswerController.php(30): CodeIgniter\Database\BaseConnection->query('SELECT * FROM q...')
#4 D:\laragon\www\SchoolingTime\vendor\codeigniter4\framework\system\CodeIgniter.php(942): App\Controllers\QuestionAnswerController->exam_result_show('STD240715EC7E', 'homepage_assets', 'img', 'favicon.png')
#5 D:\laragon\www\SchoolingTime\vendor\codeigniter4\framework\system\CodeIgniter.php(502): CodeIgniter\CodeIgniter->runController(Object(App\Controllers\QuestionAnswerController))
#6 D:\laragon\www\SchoolingTime\vendor\codeigniter4\framework\system\CodeIgniter.php(361): CodeIgniter\CodeIgniter->handleRequest(NULL, Object(Config\Cache), false)
#7 D:\laragon\www\SchoolingTime\index.php(79): CodeIgniter\CodeIgniter->run()
#8 {main}
CRITICAL - 2024-04-07 09:46:10 --> Unknown column 'homepage_assets' in 'where clause'
in SYSTEMPATH\Database\BaseConnection.php on line 647.
 1 APPPATH\Controllers\QuestionAnswerController.php(30): CodeIgniter\Database\BaseConnection->query('SELECT * FROM question_answer 
                          WHERE id IN (homepage_assets) AND user_id = \'STD240715EC7E\' ')
 2 SYSTEMPATH\CodeIgniter.php(942): App\Controllers\QuestionAnswerController->exam_result_show('STD240715EC7E', 'homepage_assets', 'img', 'favicon.png')
 3 SYSTEMPATH\CodeIgniter.php(502): CodeIgniter\CodeIgniter->runController(Object(App\Controllers\QuestionAnswerController))
 4 SYSTEMPATH\CodeIgniter.php(361): CodeIgniter\CodeIgniter->handleRequest(null, Object(Config\Cache), false)
 5 FCPATH\index.php(79): CodeIgniter\CodeIgniter->run()
INFO - 2024-04-07 09:47:38 --> Session: Class initialized using 'CodeIgniter\Session\Handlers\FileHandler' driver.
INFO - 2024-04-07 09:47:38 --> Session: Class initialized using 'CodeIgniter\Session\Handlers\FileHandler' driver.
ERROR - 2024-04-07 09:47:38 --> mysqli_sql_exception: Unknown column 'homepage_assets' in 'where clause' in D:\laragon\www\SchoolingTime\vendor\codeigniter4\framework\system\Database\MySQLi\Connection.php:306
Stack trace:
#0 D:\laragon\www\SchoolingTime\vendor\codeigniter4\framework\system\Database\MySQLi\Connection.php(306): mysqli->query('SELECT * FROM q...', 0)
#1 D:\laragon\www\SchoolingTime\vendor\codeigniter4\framework\system\Database\BaseConnection.php(693): CodeIgniter\Database\MySQLi\Connection->execute('SELECT * FROM q...')
#2 D:\laragon\www\SchoolingTime\vendor\codeigniter4\framework\system\Database\BaseConnection.php(607): CodeIgniter\Database\BaseConnection->simpleQuery('SELECT * FROM q...')
#3 D:\laragon\www\SchoolingTime\app\Controllers\QuestionAnswerController.php(30): CodeIgniter\Database\BaseConnection->query('SELECT * FROM q...')
#4 D:\laragon\www\SchoolingTime\vendor\codeigniter4\framework\system\CodeIgniter.php(942): App\Controllers\QuestionAnswerController->exam_result_show('STD240715EC7E', 'homepage_assets', 'img', 'logo.png')
#5 D:\laragon\www\SchoolingTime\vendor\codeigniter4\framework\system\CodeIgniter.php(502): CodeIgniter\CodeIgniter->runController(Object(App\Controllers\QuestionAnswerController))
#6 D:\laragon\www\SchoolingTime\vendor\codeigniter4\framework\system\CodeIgniter.php(361): CodeIgniter\CodeIgniter->handleRequest(NULL, Object(Config\Cache), false)
#7 D:\laragon\www\SchoolingTime\index.php(79): CodeIgniter\CodeIgniter->run()
#8 {main}
CRITICAL - 2024-04-07 09:47:38 --> Unknown column 'homepage_assets' in 'where clause'
in SYSTEMPATH\Database\BaseConnection.php on line 647.
 1 APPPATH\Controllers\QuestionAnswerController.php(30): CodeIgniter\Database\BaseConnection->query('SELECT * FROM question_answer 
                          WHERE id IN (homepage_assets) AND user_id = \'STD240715EC7E\' ')
 2 SYSTEMPATH\CodeIgniter.php(942): App\Controllers\QuestionAnswerController->exam_result_show('STD240715EC7E', 'homepage_assets', 'img', 'logo.png')
 3 SYSTEMPATH\CodeIgniter.php(502): CodeIgniter\CodeIgniter->runController(Object(App\Controllers\QuestionAnswerController))
 4 SYSTEMPATH\CodeIgniter.php(361): CodeIgniter\CodeIgniter->handleRequest(null, Object(Config\Cache), false)
 5 FCPATH\index.php(79): CodeIgniter\CodeIgniter->run()
INFO - 2024-04-07 09:47:38 --> Session: Class initialized using 'CodeIgniter\Session\Handlers\FileHandler' driver.
ERROR - 2024-04-07 09:47:38 --> mysqli_sql_exception: Unknown column 'homepage_assets' in 'where clause' in D:\laragon\www\SchoolingTime\vendor\codeigniter4\framework\system\Database\MySQLi\Connection.php:306
Stack trace:
#0 D:\laragon\www\SchoolingTime\vendor\codeigniter4\framework\system\Database\MySQLi\Connection.php(306): mysqli->query('SELECT * FROM q...', 0)
#1 D:\laragon\www\SchoolingTime\vendor\codeigniter4\framework\system\Database\BaseConnection.php(693): CodeIgniter\Database\MySQLi\Connection->execute('SELECT * FROM q...')
#2 D:\laragon\www\SchoolingTime\vendor\codeigniter4\framework\system\Database\BaseConnection.php(607): CodeIgniter\Database\BaseConnection->simpleQuery('SELECT * FROM q...')
#3 D:\laragon\www\SchoolingTime\app\Controllers\QuestionAnswerController.php(30): CodeIgniter\Database\BaseConnection->query('SELECT * FROM q...')
#4 D:\laragon\www\SchoolingTime\vendor\codeigniter4\framework\system\CodeIgniter.php(942): App\Controllers\QuestionAnswerController->exam_result_show('STD240715EC7E', 'homepage_assets', 'img', 'favicon.png')
#5 D:\laragon\www\SchoolingTime\vendor\codeigniter4\framework\system\CodeIgniter.php(502): CodeIgniter\CodeIgniter->runController(Object(App\Controllers\QuestionAnswerController))
#6 D:\laragon\www\SchoolingTime\vendor\codeigniter4\framework\system\CodeIgniter.php(361): CodeIgniter\CodeIgniter->handleRequest(NULL, Object(Config\Cache), false)
#7 D:\laragon\www\SchoolingTime\index.php(79): CodeIgniter\CodeIgniter->run()
#8 {main}
CRITICAL - 2024-04-07 09:47:38 --> Unknown column 'homepage_assets' in 'where clause'
in SYSTEMPATH\Database\BaseConnection.php on line 647.
 1 APPPATH\Controllers\QuestionAnswerController.php(30): CodeIgniter\Database\BaseConnection->query('SELECT * FROM question_answer 
                          WHERE id IN (homepage_assets) AND user_id = \'STD240715EC7E\' ')
 2 SYSTEMPATH\CodeIgniter.php(942): App\Controllers\QuestionAnswerController->exam_result_show('STD240715EC7E', 'homepage_assets', 'img', 'favicon.png')
 3 SYSTEMPATH\CodeIgniter.php(502): CodeIgniter\CodeIgniter->runController(Object(App\Controllers\QuestionAnswerController))
 4 SYSTEMPATH\CodeIgniter.php(361): CodeIgniter\CodeIgniter->handleRequest(null, Object(Config\Cache), false)
 5 FCPATH\index.php(79): CodeIgniter\CodeIgniter->run()
INFO - 2024-04-07 09:47:38 --> Session: Class initialized using 'CodeIgniter\Session\Handlers\FileHandler' driver.
ERROR - 2024-04-07 09:47:38 --> mysqli_sql_exception: Unknown column 'homepage_assets' in 'where clause' in D:\laragon\www\SchoolingTime\vendor\codeigniter4\framework\system\Database\MySQLi\Connection.php:306
Stack trace:
#0 D:\laragon\www\SchoolingTime\vendor\codeigniter4\framework\system\Database\MySQLi\Connection.php(306): mysqli->query('SELECT * FROM q...', 0)
#1 D:\laragon\www\SchoolingTime\vendor\codeigniter4\framework\system\Database\BaseConnection.php(693): CodeIgniter\Database\MySQLi\Connection->execute('SELECT * FROM q...')
#2 D:\laragon\www\SchoolingTime\vendor\codeigniter4\framework\system\Database\BaseConnection.php(607): CodeIgniter\Database\BaseConnection->simpleQuery('SELECT * FROM q...')
#3 D:\laragon\www\SchoolingTime\app\Controllers\QuestionAnswerController.php(30): CodeIgniter\Database\BaseConnection->query('SELECT * FROM q...')
#4 D:\laragon\www\SchoolingTime\vendor\codeigniter4\framework\system\CodeIgniter.php(942): App\Controllers\QuestionAnswerController->exam_result_show('STD240715EC7E', 'homepage_assets', 'img', 'apple-touch-ico...')
#5 D:\laragon\www\SchoolingTime\vendor\codeigniter4\framework\system\CodeIgniter.php(502): CodeIgniter\CodeIgniter->runController(Object(App\Controllers\QuestionAnswerController))
#6 D:\laragon\www\SchoolingTime\vendor\codeigniter4\framework\system\CodeIgniter.php(361): CodeIgniter\CodeIgniter->handleRequest(NULL, Object(Config\Cache), false)
#7 D:\laragon\www\SchoolingTime\index.php(79): CodeIgniter\CodeIgniter->run()
#8 {main}
CRITICAL - 2024-04-07 09:47:38 --> Unknown column 'homepage_assets' in 'where clause'
in SYSTEMPATH\Database\BaseConnection.php on line 647.
 1 APPPATH\Controllers\QuestionAnswerController.php(30): CodeIgniter\Database\BaseConnection->query('SELECT * FROM question_answer 
                          WHERE id IN (homepage_assets) AND user_id = \'STD240715EC7E\' ')
 2 SYSTEMPATH\CodeIgniter.php(942): App\Controllers\QuestionAnswerController->exam_result_show('STD240715EC7E', 'homepage_assets', 'img', 'apple-touch-icon.png')
 3 SYSTEMPATH\CodeIgniter.php(502): CodeIgniter\CodeIgniter->runController(Object(App\Controllers\QuestionAnswerController))
 4 SYSTEMPATH\CodeIgniter.php(361): CodeIgniter\CodeIgniter->handleRequest(null, Object(Config\Cache), false)
 5 FCPATH\index.php(79): CodeIgniter\CodeIgniter->run()
INFO - 2024-04-07 09:50:01 --> Session: Class initialized using 'CodeIgniter\Session\Handlers\FileHandler' driver.
INFO - 2024-04-07 09:50:02 --> Session: Class initialized using 'CodeIgniter\Session\Handlers\FileHandler' driver.
ERROR - 2024-04-07 09:50:02 --> mysqli_sql_exception: Unknown column 'homepage_assets' in 'where clause' in D:\laragon\www\SchoolingTime\vendor\codeigniter4\framework\system\Database\MySQLi\Connection.php:306
Stack trace:
#0 D:\laragon\www\SchoolingTime\vendor\codeigniter4\framework\system\Database\MySQLi\Connection.php(306): mysqli->query('SELECT * FROM q...', 0)
#1 D:\laragon\www\SchoolingTime\vendor\codeigniter4\framework\system\Database\BaseConnection.php(693): CodeIgniter\Database\MySQLi\Connection->execute('SELECT * FROM q...')
#2 D:\laragon\www\SchoolingTime\vendor\codeigniter4\framework\system\Database\BaseConnection.php(607): CodeIgniter\Database\BaseConnection->simpleQuery('SELECT * FROM q...')
#3 D:\laragon\www\SchoolingTime\app\Controllers\QuestionAnswerController.php(30): CodeIgniter\Database\BaseConnection->query('SELECT * FROM q...')
#4 D:\laragon\www\SchoolingTime\vendor\codeigniter4\framework\system\CodeIgniter.php(942): App\Controllers\QuestionAnswerController->exam_result_show('STD240715EC7E', 'homepage_assets', 'img', 'logo.png')
#5 D:\laragon\www\SchoolingTime\vendor\codeigniter4\framework\system\CodeIgniter.php(502): CodeIgniter\CodeIgniter->runController(Object(App\Controllers\QuestionAnswerController))
#6 D:\laragon\www\SchoolingTime\vendor\codeigniter4\framework\system\CodeIgniter.php(361): CodeIgniter\CodeIgniter->handleRequest(NULL, Object(Config\Cache), false)
#7 D:\laragon\www\SchoolingTime\index.php(79): CodeIgniter\CodeIgniter->run()
#8 {main}
CRITICAL - 2024-04-07 09:50:02 --> Unknown column 'homepage_assets' in 'where clause'
in SYSTEMPATH\Database\BaseConnection.php on line 647.
 1 APPPATH\Controllers\QuestionAnswerController.php(30): CodeIgniter\Database\BaseConnection->query('SELECT * FROM question_answer 
                          WHERE id IN (homepage_assets) AND user_id = \'STD240715EC7E\' ')
 2 SYSTEMPATH\CodeIgniter.php(942): App\Controllers\QuestionAnswerController->exam_result_show('STD240715EC7E', 'homepage_assets', 'img', 'logo.png')
 3 SYSTEMPATH\CodeIgniter.php(502): CodeIgniter\CodeIgniter->runController(Object(App\Controllers\QuestionAnswerController))
 4 SYSTEMPATH\CodeIgniter.php(361): CodeIgniter\CodeIgniter->handleRequest(null, Object(Config\Cache), false)
 5 FCPATH\index.php(79): CodeIgniter\CodeIgniter->run()
INFO - 2024-04-07 09:50:02 --> Session: Class initialized using 'CodeIgniter\Session\Handlers\FileHandler' driver.
ERROR - 2024-04-07 09:50:02 --> mysqli_sql_exception: Unknown column 'homepage_assets' in 'where clause' in D:\laragon\www\SchoolingTime\vendor\codeigniter4\framework\system\Database\MySQLi\Connection.php:306
Stack trace:
#0 D:\laragon\www\SchoolingTime\vendor\codeigniter4\framework\system\Database\MySQLi\Connection.php(306): mysqli->query('SELECT * FROM q...', 0)
#1 D:\laragon\www\SchoolingTime\vendor\codeigniter4\framework\system\Database\BaseConnection.php(693): CodeIgniter\Database\MySQLi\Connection->execute('SELECT * FROM q...')
#2 D:\laragon\www\SchoolingTime\vendor\codeigniter4\framework\system\Database\BaseConnection.php(607): CodeIgniter\Database\BaseConnection->simpleQuery('SELECT * FROM q...')
#3 D:\laragon\www\SchoolingTime\app\Controllers\QuestionAnswerController.php(30): CodeIgniter\Database\BaseConnection->query('SELECT * FROM q...')
#4 D:\laragon\www\SchoolingTime\vendor\codeigniter4\framework\system\CodeIgniter.php(942): App\Controllers\QuestionAnswerController->exam_result_show('STD240715EC7E', 'homepage_assets', 'img', 'apple-touch-ico...')
#5 D:\laragon\www\SchoolingTime\vendor\codeigniter4\framework\system\CodeIgniter.php(502): CodeIgniter\CodeIgniter->runController(Object(App\Controllers\QuestionAnswerController))
#6 D:\laragon\www\SchoolingTime\vendor\codeigniter4\framework\system\CodeIgniter.php(361): CodeIgniter\CodeIgniter->handleRequest(NULL, Object(Config\Cache), false)
#7 D:\laragon\www\SchoolingTime\index.php(79): CodeIgniter\CodeIgniter->run()
#8 {main}
CRITICAL - 2024-04-07 09:50:02 --> Unknown column 'homepage_assets' in 'where clause'
in SYSTEMPATH\Database\BaseConnection.php on line 647.
 1 APPPATH\Controllers\QuestionAnswerController.php(30): CodeIgniter\Database\BaseConnection->query('SELECT * FROM question_answer 
                          WHERE id IN (homepage_assets) AND user_id = \'STD240715EC7E\' ')
 2 SYSTEMPATH\CodeIgniter.php(942): App\Controllers\QuestionAnswerController->exam_result_show('STD240715EC7E', 'homepage_assets', 'img', 'apple-touch-icon.png')
 3 SYSTEMPATH\CodeIgniter.php(502): CodeIgniter\CodeIgniter->runController(Object(App\Controllers\QuestionAnswerController))
 4 SYSTEMPATH\CodeIgniter.php(361): CodeIgniter\CodeIgniter->handleRequest(null, Object(Config\Cache), false)
 5 FCPATH\index.php(79): CodeIgniter\CodeIgniter->run()
INFO - 2024-04-07 09:50:02 --> Session: Class initialized using 'CodeIgniter\Session\Handlers\FileHandler' driver.
ERROR - 2024-04-07 09:50:02 --> mysqli_sql_exception: Unknown column 'homepage_assets' in 'where clause' in D:\laragon\www\SchoolingTime\vendor\codeigniter4\framework\system\Database\MySQLi\Connection.php:306
Stack trace:
#0 D:\laragon\www\SchoolingTime\vendor\codeigniter4\framework\system\Database\MySQLi\Connection.php(306): mysqli->query('SELECT * FROM q...', 0)
#1 D:\laragon\www\SchoolingTime\vendor\codeigniter4\framework\system\Database\BaseConnection.php(693): CodeIgniter\Database\MySQLi\Connection->execute('SELECT * FROM q...')
#2 D:\laragon\www\SchoolingTime\vendor\codeigniter4\framework\system\Database\BaseConnection.php(607): CodeIgniter\Database\BaseConnection->simpleQuery('SELECT * FROM q...')
#3 D:\laragon\www\SchoolingTime\app\Controllers\QuestionAnswerController.php(30): CodeIgniter\Database\BaseConnection->query('SELECT * FROM q...')
#4 D:\laragon\www\SchoolingTime\vendor\codeigniter4\framework\system\CodeIgniter.php(942): App\Controllers\QuestionAnswerController->exam_result_show('STD240715EC7E', 'homepage_assets', 'img', 'favicon.png')
#5 D:\laragon\www\SchoolingTime\vendor\codeigniter4\framework\system\CodeIgniter.php(502): CodeIgniter\CodeIgniter->runController(Object(App\Controllers\QuestionAnswerController))
#6 D:\laragon\www\SchoolingTime\vendor\codeigniter4\framework\system\CodeIgniter.php(361): CodeIgniter\CodeIgniter->handleRequest(NULL, Object(Config\Cache), false)
#7 D:\laragon\www\SchoolingTime\index.php(79): CodeIgniter\CodeIgniter->run()
#8 {main}
CRITICAL - 2024-04-07 09:50:02 --> Unknown column 'homepage_assets' in 'where clause'
in SYSTEMPATH\Database\BaseConnection.php on line 647.
 1 APPPATH\Controllers\QuestionAnswerController.php(30): CodeIgniter\Database\BaseConnection->query('SELECT * FROM question_answer 
                          WHERE id IN (homepage_assets) AND user_id = \'STD240715EC7E\' ')
 2 SYSTEMPATH\CodeIgniter.php(942): App\Controllers\QuestionAnswerController->exam_result_show('STD240715EC7E', 'homepage_assets', 'img', 'favicon.png')
 3 SYSTEMPATH\CodeIgniter.php(502): CodeIgniter\CodeIgniter->runController(Object(App\Controllers\QuestionAnswerController))
 4 SYSTEMPATH\CodeIgniter.php(361): CodeIgniter\CodeIgniter->handleRequest(null, Object(Config\Cache), false)
 5 FCPATH\index.php(79): CodeIgniter\CodeIgniter->run()
INFO - 2024-04-07 09:50:55 --> Session: Class initialized using 'CodeIgniter\Session\Handlers\FileHandler' driver.
INFO - 2024-04-07 09:50:55 --> Session: Class initialized using 'CodeIgniter\Session\Handlers\FileHandler' driver.
ERROR - 2024-04-07 09:50:55 --> mysqli_sql_exception: Unknown column 'homepage_assets' in 'where clause' in D:\laragon\www\SchoolingTime\vendor\codeigniter4\framework\system\Database\MySQLi\Connection.php:306
Stack trace:
#0 D:\laragon\www\SchoolingTime\vendor\codeigniter4\framework\system\Database\MySQLi\Connection.php(306): mysqli->query('SELECT * FROM q...', 0)
#1 D:\laragon\www\SchoolingTime\vendor\codeigniter4\framework\system\Database\BaseConnection.php(693): CodeIgniter\Database\MySQLi\Connection->execute('SELECT * FROM q...')
#2 D:\laragon\www\SchoolingTime\vendor\codeigniter4\framework\system\Database\BaseConnection.php(607): CodeIgniter\Database\BaseConnection->simpleQuery('SELECT * FROM q...')
#3 D:\laragon\www\SchoolingTime\app\Controllers\QuestionAnswerController.php(30): CodeIgniter\Database\BaseConnection->query('SELECT * FROM q...')
#4 D:\laragon\www\SchoolingTime\vendor\codeigniter4\framework\system\CodeIgniter.php(942): App\Controllers\QuestionAnswerController->exam_result_show('STD240715EC7E', 'homepage_assets', 'img', 'logo.png')
#5 D:\laragon\www\SchoolingTime\vendor\codeigniter4\framework\system\CodeIgniter.php(502): CodeIgniter\CodeIgniter->runController(Object(App\Controllers\QuestionAnswerController))
#6 D:\laragon\www\SchoolingTime\vendor\codeigniter4\framework\system\CodeIgniter.php(361): CodeIgniter\CodeIgniter->handleRequest(NULL, Object(Config\Cache), false)
#7 D:\laragon\www\SchoolingTime\index.php(79): CodeIgniter\CodeIgniter->run()
#8 {main}
CRITICAL - 2024-04-07 09:50:55 --> Unknown column 'homepage_assets' in 'where clause'
in SYSTEMPATH\Database\BaseConnection.php on line 647.
 1 APPPATH\Controllers\QuestionAnswerController.php(30): CodeIgniter\Database\BaseConnection->query('SELECT * FROM question_answer 
                          WHERE id IN (homepage_assets) AND user_id = \'STD240715EC7E\' ')
 2 SYSTEMPATH\CodeIgniter.php(942): App\Controllers\QuestionAnswerController->exam_result_show('STD240715EC7E', 'homepage_assets', 'img', 'logo.png')
 3 SYSTEMPATH\CodeIgniter.php(502): CodeIgniter\CodeIgniter->runController(Object(App\Controllers\QuestionAnswerController))
 4 SYSTEMPATH\CodeIgniter.php(361): CodeIgniter\CodeIgniter->handleRequest(null, Object(Config\Cache), false)
 5 FCPATH\index.php(79): CodeIgniter\CodeIgniter->run()
INFO - 2024-04-07 09:50:56 --> Session: Class initialized using 'CodeIgniter\Session\Handlers\FileHandler' driver.
ERROR - 2024-04-07 09:50:56 --> mysqli_sql_exception: Unknown column 'homepage_assets' in 'where clause' in D:\laragon\www\SchoolingTime\vendor\codeigniter4\framework\system\Database\MySQLi\Connection.php:306
Stack trace:
#0 D:\laragon\www\SchoolingTime\vendor\codeigniter4\framework\system\Database\MySQLi\Connection.php(306): mysqli->query('SELECT * FROM q...', 0)
#1 D:\laragon\www\SchoolingTime\vendor\codeigniter4\framework\system\Database\BaseConnection.php(693): CodeIgniter\Database\MySQLi\Connection->execute('SELECT * FROM q...')
#2 D:\laragon\www\SchoolingTime\vendor\codeigniter4\framework\system\Database\BaseConnection.php(607): CodeIgniter\Database\BaseConnection->simpleQuery('SELECT * FROM q...')
#3 D:\laragon\www\SchoolingTime\app\Controllers\QuestionAnswerController.php(30): CodeIgniter\Database\BaseConnection->query('SELECT * FROM q...')
#4 D:\laragon\www\SchoolingTime\vendor\codeigniter4\framework\system\CodeIgniter.php(942): App\Controllers\QuestionAnswerController->exam_result_show('STD240715EC7E', 'homepage_assets', 'img', 'apple-touch-ico...')
#5 D:\laragon\www\SchoolingTime\vendor\codeigniter4\framework\system\CodeIgniter.php(502): CodeIgniter\CodeIgniter->runController(Object(App\Controllers\QuestionAnswerController))
#6 D:\laragon\www\SchoolingTime\vendor\codeigniter4\framework\system\CodeIgniter.php(361): CodeIgniter\CodeIgniter->handleRequest(NULL, Object(Config\Cache), false)
#7 D:\laragon\www\SchoolingTime\index.php(79): CodeIgniter\CodeIgniter->run()
#8 {main}
CRITICAL - 2024-04-07 09:50:56 --> Unknown column 'homepage_assets' in 'where clause'
in SYSTEMPATH\Database\BaseConnection.php on line 647.
 1 APPPATH\Controllers\QuestionAnswerController.php(30): CodeIgniter\Database\BaseConnection->query('SELECT * FROM question_answer 
                          WHERE id IN (homepage_assets) AND user_id = \'STD240715EC7E\' ')
 2 SYSTEMPATH\CodeIgniter.php(942): App\Controllers\QuestionAnswerController->exam_result_show('STD240715EC7E', 'homepage_assets', 'img', 'apple-touch-icon.png')
 3 SYSTEMPATH\CodeIgniter.php(502): CodeIgniter\CodeIgniter->runController(Object(App\Controllers\QuestionAnswerController))
 4 SYSTEMPATH\CodeIgniter.php(361): CodeIgniter\CodeIgniter->handleRequest(null, Object(Config\Cache), false)
 5 FCPATH\index.php(79): CodeIgniter\CodeIgniter->run()
INFO - 2024-04-07 09:50:56 --> Session: Class initialized using 'CodeIgniter\Session\Handlers\FileHandler' driver.
ERROR - 2024-04-07 09:50:56 --> mysqli_sql_exception: Unknown column 'homepage_assets' in 'where clause' in D:\laragon\www\SchoolingTime\vendor\codeigniter4\framework\system\Database\MySQLi\Connection.php:306
Stack trace:
#0 D:\laragon\www\SchoolingTime\vendor\codeigniter4\framework\system\Database\MySQLi\Connection.php(306): mysqli->query('SELECT * FROM q...', 0)
#1 D:\laragon\www\SchoolingTime\vendor\codeigniter4\framework\system\Database\BaseConnection.php(693): CodeIgniter\Database\MySQLi\Connection->execute('SELECT * FROM q...')
#2 D:\laragon\www\SchoolingTime\vendor\codeigniter4\framework\system\Database\BaseConnection.php(607): CodeIgniter\Database\BaseConnection->simpleQuery('SELECT * FROM q...')
#3 D:\laragon\www\SchoolingTime\app\Controllers\QuestionAnswerController.php(30): CodeIgniter\Database\BaseConnection->query('SELECT * FROM q...')
#4 D:\laragon\www\SchoolingTime\vendor\codeigniter4\framework\system\CodeIgniter.php(942): App\Controllers\QuestionAnswerController->exam_result_show('STD240715EC7E', 'homepage_assets', 'img', 'favicon.png')
#5 D:\laragon\www\SchoolingTime\vendor\codeigniter4\framework\system\CodeIgniter.php(502): CodeIgniter\CodeIgniter->runController(Object(App\Controllers\QuestionAnswerController))
#6 D:\laragon\www\SchoolingTime\vendor\codeigniter4\framework\system\CodeIgniter.php(361): CodeIgniter\CodeIgniter->handleRequest(NULL, Object(Config\Cache), false)
#7 D:\laragon\www\SchoolingTime\index.php(79): CodeIgniter\CodeIgniter->run()
#8 {main}
CRITICAL - 2024-04-07 09:50:56 --> Unknown column 'homepage_assets' in 'where clause'
in SYSTEMPATH\Database\BaseConnection.php on line 647.
 1 APPPATH\Controllers\QuestionAnswerController.php(30): CodeIgniter\Database\BaseConnection->query('SELECT * FROM question_answer 
                          WHERE id IN (homepage_assets) AND user_id = \'STD240715EC7E\' ')
 2 SYSTEMPATH\CodeIgniter.php(942): App\Controllers\QuestionAnswerController->exam_result_show('STD240715EC7E', 'homepage_assets', 'img', 'favicon.png')
 3 SYSTEMPATH\CodeIgniter.php(502): CodeIgniter\CodeIgniter->runController(Object(App\Controllers\QuestionAnswerController))
 4 SYSTEMPATH\CodeIgniter.php(361): CodeIgniter\CodeIgniter->handleRequest(null, Object(Config\Cache), false)
 5 FCPATH\index.php(79): CodeIgniter\CodeIgniter->run()
INFO - 2024-04-07 09:51:21 --> Session: Class initialized using 'CodeIgniter\Session\Handlers\FileHandler' driver.
INFO - 2024-04-07 09:51:21 --> Session: Class initialized using 'CodeIgniter\Session\Handlers\FileHandler' driver.
ERROR - 2024-04-07 09:51:21 --> mysqli_sql_exception: Unknown column 'homepage_assets' in 'where clause' in D:\laragon\www\SchoolingTime\vendor\codeigniter4\framework\system\Database\MySQLi\Connection.php:306
Stack trace:
#0 D:\laragon\www\SchoolingTime\vendor\codeigniter4\framework\system\Database\MySQLi\Connection.php(306): mysqli->query('SELECT * FROM q...', 0)
#1 D:\laragon\www\SchoolingTime\vendor\codeigniter4\framework\system\Database\BaseConnection.php(693): CodeIgniter\Database\MySQLi\Connection->execute('SELECT * FROM q...')
#2 D:\laragon\www\SchoolingTime\vendor\codeigniter4\framework\system\Database\BaseConnection.php(607): CodeIgniter\Database\BaseConnection->simpleQuery('SELECT * FROM q...')
#3 D:\laragon\www\SchoolingTime\app\Controllers\QuestionAnswerController.php(30): CodeIgniter\Database\BaseConnection->query('SELECT * FROM q...')
#4 D:\laragon\www\SchoolingTime\vendor\codeigniter4\framework\system\CodeIgniter.php(942): App\Controllers\QuestionAnswerController->exam_result_show('STD240715EC7E', 'homepage_assets', 'img', 'logo.png')
#5 D:\laragon\www\SchoolingTime\vendor\codeigniter4\framework\system\CodeIgniter.php(502): CodeIgniter\CodeIgniter->runController(Object(App\Controllers\QuestionAnswerController))
#6 D:\laragon\www\SchoolingTime\vendor\codeigniter4\framework\system\CodeIgniter.php(361): CodeIgniter\CodeIgniter->handleRequest(NULL, Object(Config\Cache), false)
#7 D:\laragon\www\SchoolingTime\index.php(79): CodeIgniter\CodeIgniter->run()
#8 {main}
CRITICAL - 2024-04-07 09:51:21 --> Unknown column 'homepage_assets' in 'where clause'
in SYSTEMPATH\Database\BaseConnection.php on line 647.
 1 APPPATH\Controllers\QuestionAnswerController.php(30): CodeIgniter\Database\BaseConnection->query('SELECT * FROM question_answer 
                          WHERE id IN (homepage_assets) AND user_id = \'STD240715EC7E\' ')
 2 SYSTEMPATH\CodeIgniter.php(942): App\Controllers\QuestionAnswerController->exam_result_show('STD240715EC7E', 'homepage_assets', 'img', 'logo.png')
 3 SYSTEMPATH\CodeIgniter.php(502): CodeIgniter\CodeIgniter->runController(Object(App\Controllers\QuestionAnswerController))
 4 SYSTEMPATH\CodeIgniter.php(361): CodeIgniter\CodeIgniter->handleRequest(null, Object(Config\Cache), false)
 5 FCPATH\index.php(79): CodeIgniter\CodeIgniter->run()
INFO - 2024-04-07 09:51:21 --> Session: Class initialized using 'CodeIgniter\Session\Handlers\FileHandler' driver.
ERROR - 2024-04-07 09:51:21 --> mysqli_sql_exception: Unknown column 'homepage_assets' in 'where clause' in D:\laragon\www\SchoolingTime\vendor\codeigniter4\framework\system\Database\MySQLi\Connection.php:306
Stack trace:
#0 D:\laragon\www\SchoolingTime\vendor\codeigniter4\framework\system\Database\MySQLi\Connection.php(306): mysqli->query('SELECT * FROM q...', 0)
#1 D:\laragon\www\SchoolingTime\vendor\codeigniter4\framework\system\Database\BaseConnection.php(693): CodeIgniter\Database\MySQLi\Connection->execute('SELECT * FROM q...')
#2 D:\laragon\www\SchoolingTime\vendor\codeigniter4\framework\system\Database\BaseConnection.php(607): CodeIgniter\Database\BaseConnection->simpleQuery('SELECT * FROM q...')
#3 D:\laragon\www\SchoolingTime\app\Controllers\QuestionAnswerController.php(30): CodeIgniter\Database\BaseConnection->query('SELECT * FROM q...')
#4 D:\laragon\www\SchoolingTime\vendor\codeigniter4\framework\system\CodeIgniter.php(942): App\Controllers\QuestionAnswerController->exam_result_show('STD240715EC7E', 'homepage_assets', 'img', 'favicon.png')
#5 D:\laragon\www\SchoolingTime\vendor\codeigniter4\framework\system\CodeIgniter.php(502): CodeIgniter\CodeIgniter->runController(Object(App\Controllers\QuestionAnswerController))
#6 D:\laragon\www\SchoolingTime\vendor\codeigniter4\framework\system\CodeIgniter.php(361): CodeIgniter\CodeIgniter->handleRequest(NULL, Object(Config\Cache), false)
#7 D:\laragon\www\SchoolingTime\index.php(79): CodeIgniter\CodeIgniter->run()
#8 {main}
CRITICAL - 2024-04-07 09:51:21 --> Unknown column 'homepage_assets' in 'where clause'
in SYSTEMPATH\Database\BaseConnection.php on line 647.
 1 APPPATH\Controllers\QuestionAnswerController.php(30): CodeIgniter\Database\BaseConnection->query('SELECT * FROM question_answer 
                          WHERE id IN (homepage_assets) AND user_id = \'STD240715EC7E\' ')
 2 SYSTEMPATH\CodeIgniter.php(942): App\Controllers\QuestionAnswerController->exam_result_show('STD240715EC7E', 'homepage_assets', 'img', 'favicon.png')
 3 SYSTEMPATH\CodeIgniter.php(502): CodeIgniter\CodeIgniter->runController(Object(App\Controllers\QuestionAnswerController))
 4 SYSTEMPATH\CodeIgniter.php(361): CodeIgniter\CodeIgniter->handleRequest(null, Object(Config\Cache), false)
 5 FCPATH\index.php(79): CodeIgniter\CodeIgniter->run()
INFO - 2024-04-07 09:51:21 --> Session: Class initialized using 'CodeIgniter\Session\Handlers\FileHandler' driver.
ERROR - 2024-04-07 09:51:21 --> mysqli_sql_exception: Unknown column 'homepage_assets' in 'where clause' in D:\laragon\www\SchoolingTime\vendor\codeigniter4\framework\system\Database\MySQLi\Connection.php:306
Stack trace:
#0 D:\laragon\www\SchoolingTime\vendor\codeigniter4\framework\system\Database\MySQLi\Connection.php(306): mysqli->query('SELECT * FROM q...', 0)
#1 D:\laragon\www\SchoolingTime\vendor\codeigniter4\framework\system\Database\BaseConnection.php(693): CodeIgniter\Database\MySQLi\Connection->execute('SELECT * FROM q...')
#2 D:\laragon\www\SchoolingTime\vendor\codeigniter4\framework\system\Database\BaseConnection.php(607): CodeIgniter\Database\BaseConnection->simpleQuery('SELECT * FROM q...')
#3 D:\laragon\www\SchoolingTime\app\Controllers\QuestionAnswerController.php(30): CodeIgniter\Database\BaseConnection->query('SELECT * FROM q...')
#4 D:\laragon\www\SchoolingTime\vendor\codeigniter4\framework\system\CodeIgniter.php(942): App\Controllers\QuestionAnswerController->exam_result_show('STD240715EC7E', 'homepage_assets', 'img', 'apple-touch-ico...')
#5 D:\laragon\www\SchoolingTime\vendor\codeigniter4\framework\system\CodeIgniter.php(502): CodeIgniter\CodeIgniter->runController(Object(App\Controllers\QuestionAnswerController))
#6 D:\laragon\www\SchoolingTime\vendor\codeigniter4\framework\system\CodeIgniter.php(361): CodeIgniter\CodeIgniter->handleRequest(NULL, Object(Config\Cache), false)
#7 D:\laragon\www\SchoolingTime\index.php(79): CodeIgniter\CodeIgniter->run()
#8 {main}
CRITICAL - 2024-04-07 09:51:21 --> Unknown column 'homepage_assets' in 'where clause'
in SYSTEMPATH\Database\BaseConnection.php on line 647.
 1 APPPATH\Controllers\QuestionAnswerController.php(30): CodeIgniter\Database\BaseConnection->query('SELECT * FROM question_answer 
                          WHERE id IN (homepage_assets) AND user_id = \'STD240715EC7E\' ')
 2 SYSTEMPATH\CodeIgniter.php(942): App\Controllers\QuestionAnswerController->exam_result_show('STD240715EC7E', 'homepage_assets', 'img', 'apple-touch-icon.png')
 3 SYSTEMPATH\CodeIgniter.php(502): CodeIgniter\CodeIgniter->runController(Object(App\Controllers\QuestionAnswerController))
 4 SYSTEMPATH\CodeIgniter.php(361): CodeIgniter\CodeIgniter->handleRequest(null, Object(Config\Cache), false)
 5 FCPATH\index.php(79): CodeIgniter\CodeIgniter->run()
INFO - 2024-04-07 09:52:49 --> Session: Class initialized using 'CodeIgniter\Session\Handlers\FileHandler' driver.
INFO - 2024-04-07 09:52:49 --> Session: Class initialized using 'CodeIgniter\Session\Handlers\FileHandler' driver.
ERROR - 2024-04-07 09:52:49 --> mysqli_sql_exception: Unknown column 'homepage_assets' in 'where clause' in D:\laragon\www\SchoolingTime\vendor\codeigniter4\framework\system\Database\MySQLi\Connection.php:306
Stack trace:
#0 D:\laragon\www\SchoolingTime\vendor\codeigniter4\framework\system\Database\MySQLi\Connection.php(306): mysqli->query('SELECT * FROM q...', 0)
#1 D:\laragon\www\SchoolingTime\vendor\codeigniter4\framework\system\Database\BaseConnection.php(693): CodeIgniter\Database\MySQLi\Connection->execute('SELECT * FROM q...')
#2 D:\laragon\www\SchoolingTime\vendor\codeigniter4\framework\system\Database\BaseConnection.php(607): CodeIgniter\Database\BaseConnection->simpleQuery('SELECT * FROM q...')
#3 D:\laragon\www\SchoolingTime\app\Controllers\QuestionAnswerController.php(30): CodeIgniter\Database\BaseConnection->query('SELECT * FROM q...')
#4 D:\laragon\www\SchoolingTime\vendor\codeigniter4\framework\system\CodeIgniter.php(942): App\Controllers\QuestionAnswerController->exam_result_show('STD240715EC7E', 'homepage_assets', 'img', 'logo.png')
#5 D:\laragon\www\SchoolingTime\vendor\codeigniter4\framework\system\CodeIgniter.php(502): CodeIgniter\CodeIgniter->runController(Object(App\Controllers\QuestionAnswerController))
#6 D:\laragon\www\SchoolingTime\vendor\codeigniter4\framework\system\CodeIgniter.php(361): CodeIgniter\CodeIgniter->handleRequest(NULL, Object(Config\Cache), false)
#7 D:\laragon\www\SchoolingTime\index.php(79): CodeIgniter\CodeIgniter->run()
#8 {main}
CRITICAL - 2024-04-07 09:52:49 --> Unknown column 'homepage_assets' in 'where clause'
in SYSTEMPATH\Database\BaseConnection.php on line 647.
 1 APPPATH\Controllers\QuestionAnswerController.php(30): CodeIgniter\Database\BaseConnection->query('SELECT * FROM question_answer 
                          WHERE id IN (homepage_assets) AND user_id = \'STD240715EC7E\' ')
 2 SYSTEMPATH\CodeIgniter.php(942): App\Controllers\QuestionAnswerController->exam_result_show('STD240715EC7E', 'homepage_assets', 'img', 'logo.png')
 3 SYSTEMPATH\CodeIgniter.php(502): CodeIgniter\CodeIgniter->runController(Object(App\Controllers\QuestionAnswerController))
 4 SYSTEMPATH\CodeIgniter.php(361): CodeIgniter\CodeIgniter->handleRequest(null, Object(Config\Cache), false)
 5 FCPATH\index.php(79): CodeIgniter\CodeIgniter->run()
INFO - 2024-04-07 09:52:49 --> Session: Class initialized using 'CodeIgniter\Session\Handlers\FileHandler' driver.
ERROR - 2024-04-07 09:52:49 --> mysqli_sql_exception: Unknown column 'homepage_assets' in 'where clause' in D:\laragon\www\SchoolingTime\vendor\codeigniter4\framework\system\Database\MySQLi\Connection.php:306
Stack trace:
#0 D:\laragon\www\SchoolingTime\vendor\codeigniter4\framework\system\Database\MySQLi\Connection.php(306): mysqli->query('SELECT * FROM q...', 0)
#1 D:\laragon\www\SchoolingTime\vendor\codeigniter4\framework\system\Database\BaseConnection.php(693): CodeIgniter\Database\MySQLi\Connection->execute('SELECT * FROM q...')
#2 D:\laragon\www\SchoolingTime\vendor\codeigniter4\framework\system\Database\BaseConnection.php(607): CodeIgniter\Database\BaseConnection->simpleQuery('SELECT * FROM q...')
#3 D:\laragon\www\SchoolingTime\app\Controllers\QuestionAnswerController.php(30): CodeIgniter\Database\BaseConnection->query('SELECT * FROM q...')
#4 D:\laragon\www\SchoolingTime\vendor\codeigniter4\framework\system\CodeIgniter.php(942): App\Controllers\QuestionAnswerController->exam_result_show('STD240715EC7E', 'homepage_assets', 'img', 'favicon.png')
#5 D:\laragon\www\SchoolingTime\vendor\codeigniter4\framework\system\CodeIgniter.php(502): CodeIgniter\CodeIgniter->runController(Object(App\Controllers\QuestionAnswerController))
#6 D:\laragon\www\SchoolingTime\vendor\codeigniter4\framework\system\CodeIgniter.php(361): CodeIgniter\CodeIgniter->handleRequest(NULL, Object(Config\Cache), false)
#7 D:\laragon\www\SchoolingTime\index.php(79): CodeIgniter\CodeIgniter->run()
#8 {main}
CRITICAL - 2024-04-07 09:52:49 --> Unknown column 'homepage_assets' in 'where clause'
in SYSTEMPATH\Database\BaseConnection.php on line 647.
 1 APPPATH\Controllers\QuestionAnswerController.php(30): CodeIgniter\Database\BaseConnection->query('SELECT * FROM question_answer 
                          WHERE id IN (homepage_assets) AND user_id = \'STD240715EC7E\' ')
 2 SYSTEMPATH\CodeIgniter.php(942): App\Controllers\QuestionAnswerController->exam_result_show('STD240715EC7E', 'homepage_assets', 'img', 'favicon.png')
 3 SYSTEMPATH\CodeIgniter.php(502): CodeIgniter\CodeIgniter->runController(Object(App\Controllers\QuestionAnswerController))
 4 SYSTEMPATH\CodeIgniter.php(361): CodeIgniter\CodeIgniter->handleRequest(null, Object(Config\Cache), false)
 5 FCPATH\index.php(79): CodeIgniter\CodeIgniter->run()
INFO - 2024-04-07 09:52:49 --> Session: Class initialized using 'CodeIgniter\Session\Handlers\FileHandler' driver.
ERROR - 2024-04-07 09:52:50 --> mysqli_sql_exception: Unknown column 'homepage_assets' in 'where clause' in D:\laragon\www\SchoolingTime\vendor\codeigniter4\framework\system\Database\MySQLi\Connection.php:306
Stack trace:
#0 D:\laragon\www\SchoolingTime\vendor\codeigniter4\framework\system\Database\MySQLi\Connection.php(306): mysqli->query('SELECT * FROM q...', 0)
#1 D:\laragon\www\SchoolingTime\vendor\codeigniter4\framework\system\Database\BaseConnection.php(693): CodeIgniter\Database\MySQLi\Connection->execute('SELECT * FROM q...')
#2 D:\laragon\www\SchoolingTime\vendor\codeigniter4\framework\system\Database\BaseConnection.php(607): CodeIgniter\Database\BaseConnection->simpleQuery('SELECT * FROM q...')
#3 D:\laragon\www\SchoolingTime\app\Controllers\QuestionAnswerController.php(30): CodeIgniter\Database\BaseConnection->query('SELECT * FROM q...')
#4 D:\laragon\www\SchoolingTime\vendor\codeigniter4\framework\system\CodeIgniter.php(942): App\Controllers\QuestionAnswerController->exam_result_show('STD240715EC7E', 'homepage_assets', 'img', 'apple-touch-ico...')
#5 D:\laragon\www\SchoolingTime\vendor\codeigniter4\framework\system\CodeIgniter.php(502): CodeIgniter\CodeIgniter->runController(Object(App\Controllers\QuestionAnswerController))
#6 D:\laragon\www\SchoolingTime\vendor\codeigniter4\framework\system\CodeIgniter.php(361): CodeIgniter\CodeIgniter->handleRequest(NULL, Object(Config\Cache), false)
#7 D:\laragon\www\SchoolingTime\index.php(79): CodeIgniter\CodeIgniter->run()
#8 {main}
CRITICAL - 2024-04-07 09:52:50 --> Unknown column 'homepage_assets' in 'where clause'
in SYSTEMPATH\Database\BaseConnection.php on line 647.
 1 APPPATH\Controllers\QuestionAnswerController.php(30): CodeIgniter\Database\BaseConnection->query('SELECT * FROM question_answer 
                          WHERE id IN (homepage_assets) AND user_id = \'STD240715EC7E\' ')
 2 SYSTEMPATH\CodeIgniter.php(942): App\Controllers\QuestionAnswerController->exam_result_show('STD240715EC7E', 'homepage_assets', 'img', 'apple-touch-icon.png')
 3 SYSTEMPATH\CodeIgniter.php(502): CodeIgniter\CodeIgniter->runController(Object(App\Controllers\QuestionAnswerController))
 4 SYSTEMPATH\CodeIgniter.php(361): CodeIgniter\CodeIgniter->handleRequest(null, Object(Config\Cache), false)
 5 FCPATH\index.php(79): CodeIgniter\CodeIgniter->run()
INFO - 2024-04-07 09:53:13 --> Session: Class initialized using 'CodeIgniter\Session\Handlers\FileHandler' driver.
INFO - 2024-04-07 09:53:13 --> Session: Class initialized using 'CodeIgniter\Session\Handlers\FileHandler' driver.
ERROR - 2024-04-07 09:53:13 --> mysqli_sql_exception: Unknown column 'homepage_assets' in 'where clause' in D:\laragon\www\SchoolingTime\vendor\codeigniter4\framework\system\Database\MySQLi\Connection.php:306
Stack trace:
#0 D:\laragon\www\SchoolingTime\vendor\codeigniter4\framework\system\Database\MySQLi\Connection.php(306): mysqli->query('SELECT * FROM q...', 0)
#1 D:\laragon\www\SchoolingTime\vendor\codeigniter4\framework\system\Database\BaseConnection.php(693): CodeIgniter\Database\MySQLi\Connection->execute('SELECT * FROM q...')
#2 D:\laragon\www\SchoolingTime\vendor\codeigniter4\framework\system\Database\BaseConnection.php(607): CodeIgniter\Database\BaseConnection->simpleQuery('SELECT * FROM q...')
#3 D:\laragon\www\SchoolingTime\app\Controllers\QuestionAnswerController.php(30): CodeIgniter\Database\BaseConnection->query('SELECT * FROM q...')
#4 D:\laragon\www\SchoolingTime\vendor\codeigniter4\framework\system\CodeIgniter.php(942): App\Controllers\QuestionAnswerController->exam_result_show('STD240715EC7E', 'homepage_assets', 'img', 'logo.png')
#5 D:\laragon\www\SchoolingTime\vendor\codeigniter4\framework\system\CodeIgniter.php(502): CodeIgniter\CodeIgniter->runController(Object(App\Controllers\QuestionAnswerController))
#6 D:\laragon\www\SchoolingTime\vendor\codeigniter4\framework\system\CodeIgniter.php(361): CodeIgniter\CodeIgniter->handleRequest(NULL, Object(Config\Cache), false)
#7 D:\laragon\www\SchoolingTime\index.php(79): CodeIgniter\CodeIgniter->run()
#8 {main}
CRITICAL - 2024-04-07 09:53:13 --> Unknown column 'homepage_assets' in 'where clause'
in SYSTEMPATH\Database\BaseConnection.php on line 647.
 1 APPPATH\Controllers\QuestionAnswerController.php(30): CodeIgniter\Database\BaseConnection->query('SELECT * FROM question_answer 
                          WHERE id IN (homepage_assets) AND user_id = \'STD240715EC7E\' ')
 2 SYSTEMPATH\CodeIgniter.php(942): App\Controllers\QuestionAnswerController->exam_result_show('STD240715EC7E', 'homepage_assets', 'img', 'logo.png')
 3 SYSTEMPATH\CodeIgniter.php(502): CodeIgniter\CodeIgniter->runController(Object(App\Controllers\QuestionAnswerController))
 4 SYSTEMPATH\CodeIgniter.php(361): CodeIgniter\CodeIgniter->handleRequest(null, Object(Config\Cache), false)
 5 FCPATH\index.php(79): CodeIgniter\CodeIgniter->run()
INFO - 2024-04-07 09:53:14 --> Session: Class initialized using 'CodeIgniter\Session\Handlers\FileHandler' driver.
ERROR - 2024-04-07 09:53:14 --> mysqli_sql_exception: Unknown column 'homepage_assets' in 'where clause' in D:\laragon\www\SchoolingTime\vendor\codeigniter4\framework\system\Database\MySQLi\Connection.php:306
Stack trace:
#0 D:\laragon\www\SchoolingTime\vendor\codeigniter4\framework\system\Database\MySQLi\Connection.php(306): mysqli->query('SELECT * FROM q...', 0)
#1 D:\laragon\www\SchoolingTime\vendor\codeigniter4\framework\system\Database\BaseConnection.php(693): CodeIgniter\Database\MySQLi\Connection->execute('SELECT * FROM q...')
#2 D:\laragon\www\SchoolingTime\vendor\codeigniter4\framework\system\Database\BaseConnection.php(607): CodeIgniter\Database\BaseConnection->simpleQuery('SELECT * FROM q...')
#3 D:\laragon\www\SchoolingTime\app\Controllers\QuestionAnswerController.php(30): CodeIgniter\Database\BaseConnection->query('SELECT * FROM q...')
#4 D:\laragon\www\SchoolingTime\vendor\codeigniter4\framework\system\CodeIgniter.php(942): App\Controllers\QuestionAnswerController->exam_result_show('STD240715EC7E', 'homepage_assets', 'img', 'favicon.png')
#5 D:\laragon\www\SchoolingTime\vendor\codeigniter4\framework\system\CodeIgniter.php(502): CodeIgniter\CodeIgniter->runController(Object(App\Controllers\QuestionAnswerController))
#6 D:\laragon\www\SchoolingTime\vendor\codeigniter4\framework\system\CodeIgniter.php(361): CodeIgniter\CodeIgniter->handleRequest(NULL, Object(Config\Cache), false)
#7 D:\laragon\www\SchoolingTime\index.php(79): CodeIgniter\CodeIgniter->run()
#8 {main}
CRITICAL - 2024-04-07 09:53:14 --> Unknown column 'homepage_assets' in 'where clause'
in SYSTEMPATH\Database\BaseConnection.php on line 647.
 1 APPPATH\Controllers\QuestionAnswerController.php(30): CodeIgniter\Database\BaseConnection->query('SELECT * FROM question_answer 
                          WHERE id IN (homepage_assets) AND user_id = \'STD240715EC7E\' ')
 2 SYSTEMPATH\CodeIgniter.php(942): App\Controllers\QuestionAnswerController->exam_result_show('STD240715EC7E', 'homepage_assets', 'img', 'favicon.png')
 3 SYSTEMPATH\CodeIgniter.php(502): CodeIgniter\CodeIgniter->runController(Object(App\Controllers\QuestionAnswerController))
 4 SYSTEMPATH\CodeIgniter.php(361): CodeIgniter\CodeIgniter->handleRequest(null, Object(Config\Cache), false)
 5 FCPATH\index.php(79): CodeIgniter\CodeIgniter->run()
INFO - 2024-04-07 09:53:14 --> Session: Class initialized using 'CodeIgniter\Session\Handlers\FileHandler' driver.
ERROR - 2024-04-07 09:53:14 --> mysqli_sql_exception: Unknown column 'homepage_assets' in 'where clause' in D:\laragon\www\SchoolingTime\vendor\codeigniter4\framework\system\Database\MySQLi\Connection.php:306
Stack trace:
#0 D:\laragon\www\SchoolingTime\vendor\codeigniter4\framework\system\Database\MySQLi\Connection.php(306): mysqli->query('SELECT * FROM q...', 0)
#1 D:\laragon\www\SchoolingTime\vendor\codeigniter4\framework\system\Database\BaseConnection.php(693): CodeIgniter\Database\MySQLi\Connection->execute('SELECT * FROM q...')
#2 D:\laragon\www\SchoolingTime\vendor\codeigniter4\framework\system\Database\BaseConnection.php(607): CodeIgniter\Database\BaseConnection->simpleQuery('SELECT * FROM q...')
#3 D:\laragon\www\SchoolingTime\app\Controllers\QuestionAnswerController.php(30): CodeIgniter\Database\BaseConnection->query('SELECT * FROM q...')
#4 D:\laragon\www\SchoolingTime\vendor\codeigniter4\framework\system\CodeIgniter.php(942): App\Controllers\QuestionAnswerController->exam_result_show('STD240715EC7E', 'homepage_assets', 'img', 'apple-touch-ico...')
#5 D:\laragon\www\SchoolingTime\vendor\codeigniter4\framework\system\CodeIgniter.php(502): CodeIgniter\CodeIgniter->runController(Object(App\Controllers\QuestionAnswerController))
#6 D:\laragon\www\SchoolingTime\vendor\codeigniter4\framework\system\CodeIgniter.php(361): CodeIgniter\CodeIgniter->handleRequest(NULL, Object(Config\Cache), false)
#7 D:\laragon\www\SchoolingTime\index.php(79): CodeIgniter\CodeIgniter->run()
#8 {main}
CRITICAL - 2024-04-07 09:53:14 --> Unknown column 'homepage_assets' in 'where clause'
in SYSTEMPATH\Database\BaseConnection.php on line 647.
 1 APPPATH\Controllers\QuestionAnswerController.php(30): CodeIgniter\Database\BaseConnection->query('SELECT * FROM question_answer 
                          WHERE id IN (homepage_assets) AND user_id = \'STD240715EC7E\' ')
 2 SYSTEMPATH\CodeIgniter.php(942): App\Controllers\QuestionAnswerController->exam_result_show('STD240715EC7E', 'homepage_assets', 'img', 'apple-touch-icon.png')
 3 SYSTEMPATH\CodeIgniter.php(502): CodeIgniter\CodeIgniter->runController(Object(App\Controllers\QuestionAnswerController))
 4 SYSTEMPATH\CodeIgniter.php(361): CodeIgniter\CodeIgniter->handleRequest(null, Object(Config\Cache), false)
 5 FCPATH\index.php(79): CodeIgniter\CodeIgniter->run()
INFO - 2024-04-07 09:55:26 --> Session: Class initialized using 'CodeIgniter\Session\Handlers\FileHandler' driver.
INFO - 2024-04-07 09:55:26 --> Session: Class initialized using 'CodeIgniter\Session\Handlers\FileHandler' driver.
INFO - 2024-04-07 09:55:26 --> Session: Class initialized using 'CodeIgniter\Session\Handlers\FileHandler' driver.
INFO - 2024-04-07 09:55:26 --> Session: Class initialized using 'CodeIgniter\Session\Handlers\FileHandler' driver.
INFO - 2024-04-07 09:55:40 --> Session: Class initialized using 'CodeIgniter\Session\Handlers\FileHandler' driver.
INFO - 2024-04-07 09:55:40 --> Session: Class initialized using 'CodeIgniter\Session\Handlers\FileHandler' driver.
INFO - 2024-04-07 09:55:40 --> Session: Class initialized using 'CodeIgniter\Session\Handlers\FileHandler' driver.
INFO - 2024-04-07 09:55:40 --> Session: Class initialized using 'CodeIgniter\Session\Handlers\FileHandler' driver.
INFO - 2024-04-07 09:55:44 --> Session: Class initialized using 'CodeIgniter\Session\Handlers\FileHandler' driver.
INFO - 2024-04-07 09:55:44 --> Session: Class initialized using 'CodeIgniter\Session\Handlers\FileHandler' driver.
INFO - 2024-04-07 09:55:45 --> Session: Class initialized using 'CodeIgniter\Session\Handlers\FileHandler' driver.
INFO - 2024-04-07 09:55:45 --> Session: Class initialized using 'CodeIgniter\Session\Handlers\FileHandler' driver.
INFO - 2024-04-07 09:55:46 --> Session: Class initialized using 'CodeIgniter\Session\Handlers\FileHandler' driver.
INFO - 2024-04-07 09:55:46 --> Session: Class initialized using 'CodeIgniter\Session\Handlers\FileHandler' driver.
INFO - 2024-04-07 09:55:47 --> Session: Class initialized using 'CodeIgniter\Session\Handlers\FileHandler' driver.
INFO - 2024-04-07 09:55:47 --> Session: Class initialized using 'CodeIgniter\Session\Handlers\FileHandler' driver.
INFO - 2024-04-07 09:55:47 --> Session: Class initialized using 'CodeIgniter\Session\Handlers\FileHandler' driver.
INFO - 2024-04-07 09:55:54 --> Session: Class initialized using 'CodeIgniter\Session\Handlers\FileHandler' driver.
CRITICAL - 2024-04-07 09:55:54 --> foreach() argument must be of type array|object, null given
in APPPATH\Controllers\QuestionAnswerController.php on line 128.
 1 APPPATH\Controllers\QuestionAnswerController.php(128): CodeIgniter\Debug\Exceptions->errorHandler(2, 'foreach() argument must be of type array|object, null given', 'D:\\laragon\\www\\SchoolingTime\\app\\Controllers\\QuestionAnswerController.php', 128)
 2 SYSTEMPATH\CodeIgniter.php(942): App\Controllers\QuestionAnswerController->question_answer_insert()
 3 SYSTEMPATH\CodeIgniter.php(502): CodeIgniter\CodeIgniter->runController(Object(App\Controllers\QuestionAnswerController))
 4 SYSTEMPATH\CodeIgniter.php(361): CodeIgniter\CodeIgniter->handleRequest(null, Object(Config\Cache), false)
 5 FCPATH\index.php(79): CodeIgniter\CodeIgniter->run()
INFO - 2024-04-07 09:55:58 --> Session: Class initialized using 'CodeIgniter\Session\Handlers\FileHandler' driver.
INFO - 2024-04-07 09:55:58 --> Session: Class initialized using 'CodeIgniter\Session\Handlers\FileHandler' driver.
INFO - 2024-04-07 09:55:58 --> Session: Class initialized using 'CodeIgniter\Session\Handlers\FileHandler' driver.
INFO - 2024-04-07 09:55:58 --> Session: Class initialized using 'CodeIgniter\Session\Handlers\FileHandler' driver.
INFO - 2024-04-07 09:56:04 --> Session: Class initialized using 'CodeIgniter\Session\Handlers\FileHandler' driver.
INFO - 2024-04-07 09:56:04 --> Session: Class initialized using 'CodeIgniter\Session\Handlers\FileHandler' driver.
INFO - 2024-04-07 09:56:04 --> Session: Class initialized using 'CodeIgniter\Session\Handlers\FileHandler' driver.
ERROR - 2024-04-07 09:56:04 --> mysqli_sql_exception: Unknown column 'homepage_assets' in 'where clause' in D:\laragon\www\SchoolingTime\vendor\codeigniter4\framework\system\Database\MySQLi\Connection.php:306
Stack trace:
#0 D:\laragon\www\SchoolingTime\vendor\codeigniter4\framework\system\Database\MySQLi\Connection.php(306): mysqli->query('SELECT * FROM q...', 0)
#1 D:\laragon\www\SchoolingTime\vendor\codeigniter4\framework\system\Database\BaseConnection.php(693): CodeIgniter\Database\MySQLi\Connection->execute('SELECT * FROM q...')
#2 D:\laragon\www\SchoolingTime\vendor\codeigniter4\framework\system\Database\BaseConnection.php(607): CodeIgniter\Database\BaseConnection->simpleQuery('SELECT * FROM q...')
#3 D:\laragon\www\SchoolingTime\app\Controllers\QuestionAnswerController.php(30): CodeIgniter\Database\BaseConnection->query('SELECT * FROM q...')
#4 D:\laragon\www\SchoolingTime\vendor\codeigniter4\framework\system\CodeIgniter.php(942): App\Controllers\QuestionAnswerController->exam_result_show('STD240715EC7E', 'homepage_assets', 'img', 'logo.png')
#5 D:\laragon\www\SchoolingTime\vendor\codeigniter4\framework\system\CodeIgniter.php(502): CodeIgniter\CodeIgniter->runController(Object(App\Controllers\QuestionAnswerController))
#6 D:\laragon\www\SchoolingTime\vendor\codeigniter4\framework\system\CodeIgniter.php(361): CodeIgniter\CodeIgniter->handleRequest(NULL, Object(Config\Cache), false)
#7 D:\laragon\www\SchoolingTime\index.php(79): CodeIgniter\CodeIgniter->run()
#8 {main}
CRITICAL - 2024-04-07 09:56:04 --> Unknown column 'homepage_assets' in 'where clause'
in SYSTEMPATH\Database\BaseConnection.php on line 647.
 1 APPPATH\Controllers\QuestionAnswerController.php(30): CodeIgniter\Database\BaseConnection->query('SELECT * FROM question_answer 
                          WHERE id IN (homepage_assets) AND user_id = \'STD240715EC7E\' ')
 2 SYSTEMPATH\CodeIgniter.php(942): App\Controllers\QuestionAnswerController->exam_result_show('STD240715EC7E', 'homepage_assets', 'img', 'logo.png')
 3 SYSTEMPATH\CodeIgniter.php(502): CodeIgniter\CodeIgniter->runController(Object(App\Controllers\QuestionAnswerController))
 4 SYSTEMPATH\CodeIgniter.php(361): CodeIgniter\CodeIgniter->handleRequest(null, Object(Config\Cache), false)
 5 FCPATH\index.php(79): CodeIgniter\CodeIgniter->run()
INFO - 2024-04-07 09:56:04 --> Session: Class initialized using 'CodeIgniter\Session\Handlers\FileHandler' driver.
ERROR - 2024-04-07 09:56:04 --> mysqli_sql_exception: Unknown column 'homepage_assets' in 'where clause' in D:\laragon\www\SchoolingTime\vendor\codeigniter4\framework\system\Database\MySQLi\Connection.php:306
Stack trace:
#0 D:\laragon\www\SchoolingTime\vendor\codeigniter4\framework\system\Database\MySQLi\Connection.php(306): mysqli->query('SELECT * FROM q...', 0)
#1 D:\laragon\www\SchoolingTime\vendor\codeigniter4\framework\system\Database\BaseConnection.php(693): CodeIgniter\Database\MySQLi\Connection->execute('SELECT * FROM q...')
#2 D:\laragon\www\SchoolingTime\vendor\codeigniter4\framework\system\Database\BaseConnection.php(607): CodeIgniter\Database\BaseConnection->simpleQuery('SELECT * FROM q...')
#3 D:\laragon\www\SchoolingTime\app\Controllers\QuestionAnswerController.php(30): CodeIgniter\Database\BaseConnection->query('SELECT * FROM q...')
#4 D:\laragon\www\SchoolingTime\vendor\codeigniter4\framework\system\CodeIgniter.php(942): App\Controllers\QuestionAnswerController->exam_result_show('STD240715EC7E', 'homepage_assets', 'img', 'apple-touch-ico...')
#5 D:\laragon\www\SchoolingTime\vendor\codeigniter4\framework\system\CodeIgniter.php(502): CodeIgniter\CodeIgniter->runController(Object(App\Controllers\QuestionAnswerController))
#6 D:\laragon\www\SchoolingTime\vendor\codeigniter4\framework\system\CodeIgniter.php(361): CodeIgniter\CodeIgniter->handleRequest(NULL, Object(Config\Cache), false)
#7 D:\laragon\www\SchoolingTime\index.php(79): CodeIgniter\CodeIgniter->run()
#8 {main}
CRITICAL - 2024-04-07 09:56:04 --> Unknown column 'homepage_assets' in 'where clause'
in SYSTEMPATH\Database\BaseConnection.php on line 647.
 1 APPPATH\Controllers\QuestionAnswerController.php(30): CodeIgniter\Database\BaseConnection->query('SELECT * FROM question_answer 
                          WHERE id IN (homepage_assets) AND user_id = \'STD240715EC7E\' ')
 2 SYSTEMPATH\CodeIgniter.php(942): App\Controllers\QuestionAnswerController->exam_result_show('STD240715EC7E', 'homepage_assets', 'img', 'apple-touch-icon.png')
 3 SYSTEMPATH\CodeIgniter.php(502): CodeIgniter\CodeIgniter->runController(Object(App\Controllers\QuestionAnswerController))
 4 SYSTEMPATH\CodeIgniter.php(361): CodeIgniter\CodeIgniter->handleRequest(null, Object(Config\Cache), false)
 5 FCPATH\index.php(79): CodeIgniter\CodeIgniter->run()
INFO - 2024-04-07 09:56:04 --> Session: Class initialized using 'CodeIgniter\Session\Handlers\FileHandler' driver.
ERROR - 2024-04-07 09:56:04 --> mysqli_sql_exception: Unknown column 'homepage_assets' in 'where clause' in D:\laragon\www\SchoolingTime\vendor\codeigniter4\framework\system\Database\MySQLi\Connection.php:306
Stack trace:
#0 D:\laragon\www\SchoolingTime\vendor\codeigniter4\framework\system\Database\MySQLi\Connection.php(306): mysqli->query('SELECT * FROM q...', 0)
#1 D:\laragon\www\SchoolingTime\vendor\codeigniter4\framework\system\Database\BaseConnection.php(693): CodeIgniter\Database\MySQLi\Connection->execute('SELECT * FROM q...')
#2 D:\laragon\www\SchoolingTime\vendor\codeigniter4\framework\system\Database\BaseConnection.php(607): CodeIgniter\Database\BaseConnection->simpleQuery('SELECT * FROM q...')
#3 D:\laragon\www\SchoolingTime\app\Controllers\QuestionAnswerController.php(30): CodeIgniter\Database\BaseConnection->query('SELECT * FROM q...')
#4 D:\laragon\www\SchoolingTime\vendor\codeigniter4\framework\system\CodeIgniter.php(942): App\Controllers\QuestionAnswerController->exam_result_show('STD240715EC7E', 'homepage_assets', 'img', 'favicon.png')
#5 D:\laragon\www\SchoolingTime\vendor\codeigniter4\framework\system\CodeIgniter.php(502): CodeIgniter\CodeIgniter->runController(Object(App\Controllers\QuestionAnswerController))
#6 D:\laragon\www\SchoolingTime\vendor\codeigniter4\framework\system\CodeIgniter.php(361): CodeIgniter\CodeIgniter->handleRequest(NULL, Object(Config\Cache), false)
#7 D:\laragon\www\SchoolingTime\index.php(79): CodeIgniter\CodeIgniter->run()
#8 {main}
CRITICAL - 2024-04-07 09:56:04 --> Unknown column 'homepage_assets' in 'where clause'
in SYSTEMPATH\Database\BaseConnection.php on line 647.
 1 APPPATH\Controllers\QuestionAnswerController.php(30): CodeIgniter\Database\BaseConnection->query('SELECT * FROM question_answer 
                          WHERE id IN (homepage_assets) AND user_id = \'STD240715EC7E\' ')
 2 SYSTEMPATH\CodeIgniter.php(942): App\Controllers\QuestionAnswerController->exam_result_show('STD240715EC7E', 'homepage_assets', 'img', 'favicon.png')
 3 SYSTEMPATH\CodeIgniter.php(502): CodeIgniter\CodeIgniter->runController(Object(App\Controllers\QuestionAnswerController))
 4 SYSTEMPATH\CodeIgniter.php(361): CodeIgniter\CodeIgniter->handleRequest(null, Object(Config\Cache), false)
 5 FCPATH\index.php(79): CodeIgniter\CodeIgniter->run()
INFO - 2024-04-07 09:56:47 --> Session: Class initialized using 'CodeIgniter\Session\Handlers\FileHandler' driver.
INFO - 2024-04-07 09:56:48 --> Session: Class initialized using 'CodeIgniter\Session\Handlers\FileHandler' driver.
INFO - 2024-04-07 09:56:48 --> Session: Class initialized using 'CodeIgniter\Session\Handlers\FileHandler' driver.
INFO - 2024-04-07 09:56:48 --> Session: Class initialized using 'CodeIgniter\Session\Handlers\FileHandler' driver.
INFO - 2024-04-07 09:56:50 --> Session: Class initialized using 'CodeIgniter\Session\Handlers\FileHandler' driver.
INFO - 2024-04-07 09:56:50 --> Session: Class initialized using 'CodeIgniter\Session\Handlers\FileHandler' driver.
INFO - 2024-04-07 09:56:50 --> Session: Class initialized using 'CodeIgniter\Session\Handlers\FileHandler' driver.
INFO - 2024-04-07 09:56:50 --> Session: Class initialized using 'CodeIgniter\Session\Handlers\FileHandler' driver.
INFO - 2024-04-07 09:56:51 --> Session: Class initialized using 'CodeIgniter\Session\Handlers\FileHandler' driver.
INFO - 2024-04-07 09:56:52 --> Session: Class initialized using 'CodeIgniter\Session\Handlers\FileHandler' driver.
INFO - 2024-04-07 09:56:52 --> Session: Class initialized using 'CodeIgniter\Session\Handlers\FileHandler' driver.
INFO - 2024-04-07 09:56:52 --> Session: Class initialized using 'CodeIgniter\Session\Handlers\FileHandler' driver.
INFO - 2024-04-07 09:56:54 --> Session: Class initialized using 'CodeIgniter\Session\Handlers\FileHandler' driver.
INFO - 2024-04-07 09:56:59 --> Session: Class initialized using 'CodeIgniter\Session\Handlers\FileHandler' driver.
INFO - 2024-04-07 09:57:02 --> Session: Class initialized using 'CodeIgniter\Session\Handlers\FileHandler' driver.
INFO - 2024-04-07 09:57:02 --> Session: Class initialized using 'CodeIgniter\Session\Handlers\FileHandler' driver.
CRITICAL - 2024-04-07 09:57:02 --> Undefined variable $course_teacher_id
in APPPATH\Controllers\HomepageController.php on line 40.
 1 APPPATH\Controllers\HomepageController.php(40): CodeIgniter\Debug\Exceptions->errorHandler(2, 'Undefined variable $course_teacher_id', 'D:\\laragon\\www\\SchoolingTime\\app\\Controllers\\HomepageController.php', 40)
 2 SYSTEMPATH\CodeIgniter.php(942): App\Controllers\HomepageController->Course_details_view('homepage_assets', 'img', 'logo.png')
 3 SYSTEMPATH\CodeIgniter.php(502): CodeIgniter\CodeIgniter->runController(Object(App\Controllers\HomepageController))
 4 SYSTEMPATH\CodeIgniter.php(361): CodeIgniter\CodeIgniter->handleRequest(null, Object(Config\Cache), false)
 5 FCPATH\index.php(79): CodeIgniter\CodeIgniter->run()
INFO - 2024-04-07 09:57:02 --> Session: Class initialized using 'CodeIgniter\Session\Handlers\FileHandler' driver.
CRITICAL - 2024-04-07 09:57:02 --> Undefined variable $course_teacher_id
in APPPATH\Controllers\HomepageController.php on line 40.
 1 APPPATH\Controllers\HomepageController.php(40): CodeIgniter\Debug\Exceptions->errorHandler(2, 'Undefined variable $course_teacher_id', 'D:\\laragon\\www\\SchoolingTime\\app\\Controllers\\HomepageController.php', 40)
 2 SYSTEMPATH\CodeIgniter.php(942): App\Controllers\HomepageController->Course_details_view('homepage_assets', 'img', 'apple-touch-icon.png')
 3 SYSTEMPATH\CodeIgniter.php(502): CodeIgniter\CodeIgniter->runController(Object(App\Controllers\HomepageController))
 4 SYSTEMPATH\CodeIgniter.php(361): CodeIgniter\CodeIgniter->handleRequest(null, Object(Config\Cache), false)
 5 FCPATH\index.php(79): CodeIgniter\CodeIgniter->run()
INFO - 2024-04-07 09:57:02 --> Session: Class initialized using 'CodeIgniter\Session\Handlers\FileHandler' driver.
CRITICAL - 2024-04-07 09:57:02 --> Undefined variable $course_teacher_id
in APPPATH\Controllers\HomepageController.php on line 40.
 1 APPPATH\Controllers\HomepageController.php(40): CodeIgniter\Debug\Exceptions->errorHandler(2, 'Undefined variable $course_teacher_id', 'D:\\laragon\\www\\SchoolingTime\\app\\Controllers\\HomepageController.php', 40)
 2 SYSTEMPATH\CodeIgniter.php(942): App\Controllers\HomepageController->Course_details_view('homepage_assets', 'img', 'favicon.png')
 3 SYSTEMPATH\CodeIgniter.php(502): CodeIgniter\CodeIgniter->runController(Object(App\Controllers\HomepageController))
 4 SYSTEMPATH\CodeIgniter.php(361): CodeIgniter\CodeIgniter->handleRequest(null, Object(Config\Cache), false)
 5 FCPATH\index.php(79): CodeIgniter\CodeIgniter->run()
INFO - 2024-04-07 09:57:12 --> Session: Class initialized using 'CodeIgniter\Session\Handlers\FileHandler' driver.
INFO - 2024-04-07 09:57:12 --> Session: Class initialized using 'CodeIgniter\Session\Handlers\FileHandler' driver.
INFO - 2024-04-07 09:57:12 --> Session: Class initialized using 'CodeIgniter\Session\Handlers\FileHandler' driver.
INFO - 2024-04-07 09:57:12 --> Session: Class initialized using 'CodeIgniter\Session\Handlers\FileHandler' driver.
INFO - 2024-04-07 09:57:14 --> Session: Class initialized using 'CodeIgniter\Session\Handlers\FileHandler' driver.
INFO - 2024-04-07 09:57:14 --> Session: Class initialized using 'CodeIgniter\Session\Handlers\FileHandler' driver.
INFO - 2024-04-07 09:57:14 --> Session: Class initialized using 'CodeIgniter\Session\Handlers\FileHandler' driver.
INFO - 2024-04-07 09:57:15 --> Session: Class initialized using 'CodeIgniter\Session\Handlers\FileHandler' driver.
INFO - 2024-04-07 09:57:15 --> Session: Class initialized using 'CodeIgniter\Session\Handlers\FileHandler' driver.
INFO - 2024-04-07 09:58:24 --> Session: Class initialized using 'CodeIgniter\Session\Handlers\FileHandler' driver.
INFO - 2024-04-07 09:58:24 --> Session: Class initialized using 'CodeIgniter\Session\Handlers\FileHandler' driver.
INFO - 2024-04-07 09:58:48 --> Session: Class initialized using 'CodeIgniter\Session\Handlers\FileHandler' driver.
INFO - 2024-04-07 09:58:48 --> Session: Class initialized using 'CodeIgniter\Session\Handlers\FileHandler' driver.
INFO - 2024-04-07 09:58:49 --> Session: Class initialized using 'CodeIgniter\Session\Handlers\FileHandler' driver.
INFO - 2024-04-07 09:58:49 --> Session: Class initialized using 'CodeIgniter\Session\Handlers\FileHandler' driver.
INFO - 2024-04-07 10:00:21 --> Session: Class initialized using 'CodeIgniter\Session\Handlers\FileHandler' driver.
INFO - 2024-04-07 10:00:26 --> Session: Class initialized using 'CodeIgniter\Session\Handlers\FileHandler' driver.
INFO - 2024-04-07 10:00:31 --> Session: Class initialized using 'CodeIgniter\Session\Handlers\FileHandler' driver.
INFO - 2024-04-07 10:00:31 --> Session: Class initialized using 'CodeIgniter\Session\Handlers\FileHandler' driver.
CRITICAL - 2024-04-07 10:00:31 --> Undefined variable $course_teacher_id
in APPPATH\Controllers\HomepageController.php on line 40.
 1 APPPATH\Controllers\HomepageController.php(40): CodeIgniter\Debug\Exceptions->errorHandler(2, 'Undefined variable $course_teacher_id', 'D:\\laragon\\www\\SchoolingTime\\app\\Controllers\\HomepageController.php', 40)
 2 SYSTEMPATH\CodeIgniter.php(942): App\Controllers\HomepageController->Course_details_view('homepage_assets', 'img', 'logo.png')
 3 SYSTEMPATH\CodeIgniter.php(502): CodeIgniter\CodeIgniter->runController(Object(App\Controllers\HomepageController))
 4 SYSTEMPATH\CodeIgniter.php(361): CodeIgniter\CodeIgniter->handleRequest(null, Object(Config\Cache), false)
 5 FCPATH\index.php(79): CodeIgniter\CodeIgniter->run()
INFO - 2024-04-07 10:00:31 --> Session: Class initialized using 'CodeIgniter\Session\Handlers\FileHandler' driver.
CRITICAL - 2024-04-07 10:00:31 --> Undefined variable $course_teacher_id
in APPPATH\Controllers\HomepageController.php on line 40.
 1 APPPATH\Controllers\HomepageController.php(40): CodeIgniter\Debug\Exceptions->errorHandler(2, 'Undefined variable $course_teacher_id', 'D:\\laragon\\www\\SchoolingTime\\app\\Controllers\\HomepageController.php', 40)
 2 SYSTEMPATH\CodeIgniter.php(942): App\Controllers\HomepageController->Course_details_view('homepage_assets', 'img', 'favicon.png')
 3 SYSTEMPATH\CodeIgniter.php(502): CodeIgniter\CodeIgniter->runController(Object(App\Controllers\HomepageController))
 4 SYSTEMPATH\CodeIgniter.php(361): CodeIgniter\CodeIgniter->handleRequest(null, Object(Config\Cache), false)
 5 FCPATH\index.php(79): CodeIgniter\CodeIgniter->run()
INFO - 2024-04-07 10:00:31 --> Session: Class initialized using 'CodeIgniter\Session\Handlers\FileHandler' driver.
CRITICAL - 2024-04-07 10:00:31 --> Undefined variable $course_teacher_id
in APPPATH\Controllers\HomepageController.php on line 40.
 1 APPPATH\Controllers\HomepageController.php(40): CodeIgniter\Debug\Exceptions->errorHandler(2, 'Undefined variable $course_teacher_id', 'D:\\laragon\\www\\SchoolingTime\\app\\Controllers\\HomepageController.php', 40)
 2 SYSTEMPATH\CodeIgniter.php(942): App\Controllers\HomepageController->Course_details_view('homepage_assets', 'img', 'apple-touch-icon.png')
 3 SYSTEMPATH\CodeIgniter.php(502): CodeIgniter\CodeIgniter->runController(Object(App\Controllers\HomepageController))
 4 SYSTEMPATH\CodeIgniter.php(361): CodeIgniter\CodeIgniter->handleRequest(null, Object(Config\Cache), false)
 5 FCPATH\index.php(79): CodeIgniter\CodeIgniter->run()
INFO - 2024-04-07 10:08:53 --> Session: Class initialized using 'CodeIgniter\Session\Handlers\FileHandler' driver.
INFO - 2024-04-07 10:09:06 --> Session: Class initialized using 'CodeIgniter\Session\Handlers\FileHandler' driver.
INFO - 2024-04-07 10:09:07 --> Session: Class initialized using 'CodeIgniter\Session\Handlers\FileHandler' driver.
CRITICAL - 2024-04-07 10:09:07 --> Undefined variable $course_teacher_id
in APPPATH\Controllers\HomepageController.php on line 40.
 1 APPPATH\Controllers\HomepageController.php(40): CodeIgniter\Debug\Exceptions->errorHandler(2, 'Undefined variable $course_teacher_id', 'D:\\laragon\\www\\SchoolingTime\\app\\Controllers\\HomepageController.php', 40)
 2 SYSTEMPATH\CodeIgniter.php(942): App\Controllers\HomepageController->Course_details_view('homepage_assets', 'img', 'logo.png')
 3 SYSTEMPATH\CodeIgniter.php(502): CodeIgniter\CodeIgniter->runController(Object(App\Controllers\HomepageController))
 4 SYSTEMPATH\CodeIgniter.php(361): CodeIgniter\CodeIgniter->handleRequest(null, Object(Config\Cache), false)
 5 FCPATH\index.php(79): CodeIgniter\CodeIgniter->run()
INFO - 2024-04-07 10:09:07 --> Session: Class initialized using 'CodeIgniter\Session\Handlers\FileHandler' driver.
CRITICAL - 2024-04-07 10:09:07 --> Undefined variable $course_teacher_id
in APPPATH\Controllers\HomepageController.php on line 40.
 1 APPPATH\Controllers\HomepageController.php(40): CodeIgniter\Debug\Exceptions->errorHandler(2, 'Undefined variable $course_teacher_id', 'D:\\laragon\\www\\SchoolingTime\\app\\Controllers\\HomepageController.php', 40)
 2 SYSTEMPATH\CodeIgniter.php(942): App\Controllers\HomepageController->Course_details_view('homepage_assets', 'img', 'apple-touch-icon.png')
 3 SYSTEMPATH\CodeIgniter.php(502): CodeIgniter\CodeIgniter->runController(Object(App\Controllers\HomepageController))
 4 SYSTEMPATH\CodeIgniter.php(361): CodeIgniter\CodeIgniter->handleRequest(null, Object(Config\Cache), false)
 5 FCPATH\index.php(79): CodeIgniter\CodeIgniter->run()
INFO - 2024-04-07 10:09:07 --> Session: Class initialized using 'CodeIgniter\Session\Handlers\FileHandler' driver.
CRITICAL - 2024-04-07 10:09:07 --> Undefined variable $course_teacher_id
in APPPATH\Controllers\HomepageController.php on line 40.
 1 APPPATH\Controllers\HomepageController.php(40): CodeIgniter\Debug\Exceptions->errorHandler(2, 'Undefined variable $course_teacher_id', 'D:\\laragon\\www\\SchoolingTime\\app\\Controllers\\HomepageController.php', 40)
 2 SYSTEMPATH\CodeIgniter.php(942): App\Controllers\HomepageController->Course_details_view('homepage_assets', 'img', 'favicon.png')
 3 SYSTEMPATH\CodeIgniter.php(502): CodeIgniter\CodeIgniter->runController(Object(App\Controllers\HomepageController))
 4 SYSTEMPATH\CodeIgniter.php(361): CodeIgniter\CodeIgniter->handleRequest(null, Object(Config\Cache), false)
 5 FCPATH\index.php(79): CodeIgniter\CodeIgniter->run()
INFO - 2024-04-07 10:13:02 --> Session: Class initialized using 'CodeIgniter\Session\Handlers\FileHandler' driver.
INFO - 2024-04-07 10:13:02 --> Session: Class initialized using 'CodeIgniter\Session\Handlers\FileHandler' driver.
INFO - 2024-04-07 10:13:07 --> Session: Class initialized using 'CodeIgniter\Session\Handlers\FileHandler' driver.
INFO - 2024-04-07 10:13:19 --> Session: Class initialized using 'CodeIgniter\Session\Handlers\FileHandler' driver.
INFO - 2024-04-07 10:13:20 --> Session: Class initialized using 'CodeIgniter\Session\Handlers\FileHandler' driver.
INFO - 2024-04-07 10:13:22 --> Session: Class initialized using 'CodeIgniter\Session\Handlers\FileHandler' driver.
INFO - 2024-04-07 13:21:06 --> Session: Class initialized using 'CodeIgniter\Session\Handlers\FileHandler' driver.
CRITICAL - 2024-04-07 13:21:06 --> Undefined array key "message"
in APPPATH\Views\supperadmin\footer.php on line 21.
 1 APPPATH\Views\supperadmin\footer.php(21): CodeIgniter\Debug\Exceptions->errorHandler(2, 'Undefined array key "message"', 'D:\\laragon\\www\\SchoolingTime\\app\\Views\\supperadmin\\footer.php', 21)
 2 SYSTEMPATH\View\View.php(228): include('D:\\laragon\\www\\SchoolingTime\\app\\Views\\supperadmin\\footer.php')
 3 SYSTEMPATH\View\View.php(231): CodeIgniter\View\View->CodeIgniter\View\{closure}()
 4 SYSTEMPATH\View\View.php(469): CodeIgniter\View\View->render('supperadmin/footer', null, true)
 5 APPPATH\Views\supperAdminView.php(60): CodeIgniter\View\View->include('supperadmin/footer')
 6 SYSTEMPATH\View\View.php(228): include('D:\\laragon\\www\\SchoolingTime\\app\\Views\\supperAdminView.php')
 7 SYSTEMPATH\View\View.php(231): CodeIgniter\View\View->CodeIgniter\View\{closure}()
 8 SYSTEMPATH\Common.php(1190): CodeIgniter\View\View->render('supperAdminView', [], true)
 9 APPPATH\Controllers\SupperAdminController.php(10): view('supperAdminView')
10 SYSTEMPATH\CodeIgniter.php(942): App\Controllers\SupperAdminController->index()
11 SYSTEMPATH\CodeIgniter.php(502): CodeIgniter\CodeIgniter->runController(Object(App\Controllers\SupperAdminController))
12 SYSTEMPATH\CodeIgniter.php(361): CodeIgniter\CodeIgniter->handleRequest(null, Object(Config\Cache), false)
13 FCPATH\index.php(79): CodeIgniter\CodeIgniter->run()
INFO - 2024-04-07 13:21:17 --> Session: Class initialized using 'CodeIgniter\Session\Handlers\FileHandler' driver.
CRITICAL - 2024-04-07 13:21:17 --> Undefined array key "message"
in APPPATH\Views\supperadmin\footer.php on line 21.
 1 APPPATH\Views\supperadmin\footer.php(21): CodeIgniter\Debug\Exceptions->errorHandler(2, 'Undefined array key "message"', 'D:\\laragon\\www\\SchoolingTime\\app\\Views\\supperadmin\\footer.php', 21)
 2 SYSTEMPATH\View\View.php(228): include('D:\\laragon\\www\\SchoolingTime\\app\\Views\\supperadmin\\footer.php')
 3 SYSTEMPATH\View\View.php(231): CodeIgniter\View\View->CodeIgniter\View\{closure}()
 4 SYSTEMPATH\View\View.php(469): CodeIgniter\View\View->render('supperadmin/footer', null, true)
 5 APPPATH\Views\supperAdminView.php(60): CodeIgniter\View\View->include('supperadmin/footer')
 6 SYSTEMPATH\View\View.php(228): include('D:\\laragon\\www\\SchoolingTime\\app\\Views\\supperAdminView.php')
 7 SYSTEMPATH\View\View.php(231): CodeIgniter\View\View->CodeIgniter\View\{closure}()
 8 SYSTEMPATH\Common.php(1190): CodeIgniter\View\View->render('supperAdminView', [], true)
 9 APPPATH\Controllers\SupperAdminController.php(10): view('supperAdminView')
10 SYSTEMPATH\CodeIgniter.php(942): App\Controllers\SupperAdminController->index()
11 SYSTEMPATH\CodeIgniter.php(502): CodeIgniter\CodeIgniter->runController(Object(App\Controllers\SupperAdminController))
12 SYSTEMPATH\CodeIgniter.php(361): CodeIgniter\CodeIgniter->handleRequest(null, Object(Config\Cache), false)
13 FCPATH\index.php(79): CodeIgniter\CodeIgniter->run()
INFO - 2024-04-07 13:21:27 --> Session: Class initialized using 'CodeIgniter\Session\Handlers\FileHandler' driver.
INFO - 2024-04-07 13:21:38 --> Session: Class initialized using 'CodeIgniter\Session\Handlers\FileHandler' driver.
INFO - 2024-04-07 13:23:12 --> Session: Class initialized using 'CodeIgniter\Session\Handlers\FileHandler' driver.
INFO - 2024-04-07 13:23:22 --> Session: Class initialized using 'CodeIgniter\Session\Handlers\FileHandler' driver.
INFO - 2024-04-07 13:23:22 --> Session: Class initialized using 'CodeIgniter\Session\Handlers\FileHandler' driver.
INFO - 2024-04-07 13:42:43 --> Session: Class initialized using 'CodeIgniter\Session\Handlers\FileHandler' driver.
INFO - 2024-04-07 13:44:47 --> Session: Class initialized using 'CodeIgniter\Session\Handlers\FileHandler' driver.
INFO - 2024-04-07 13:45:27 --> Session: Class initialized using 'CodeIgniter\Session\Handlers\FileHandler' driver.
INFO - 2024-04-07 13:45:51 --> Session: Class initialized using 'CodeIgniter\Session\Handlers\FileHandler' driver.
INFO - 2024-04-07 13:46:52 --> Session: Class initialized using 'CodeIgniter\Session\Handlers\FileHandler' driver.
INFO - 2024-04-07 13:47:37 --> Session: Class initialized using 'CodeIgniter\Session\Handlers\FileHandler' driver.
INFO - 2024-04-07 13:47:37 --> Session: Class initialized using 'CodeIgniter\Session\Handlers\FileHandler' driver.
INFO - 2024-04-07 13:47:49 --> Session: Class initialized using 'CodeIgniter\Session\Handlers\FileHandler' driver.
INFO - 2024-04-07 13:47:49 --> Session: Class initialized using 'CodeIgniter\Session\Handlers\FileHandler' driver.
INFO - 2024-04-07 13:53:07 --> Session: Class initialized using 'CodeIgniter\Session\Handlers\FileHandler' driver.
INFO - 2024-04-07 13:53:13 --> Session: Class initialized using 'CodeIgniter\Session\Handlers\FileHandler' driver.
INFO - 2024-04-07 13:53:25 --> Session: Class initialized using 'CodeIgniter\Session\Handlers\FileHandler' driver.
INFO - 2024-04-07 13:53:25 --> Session: Class initialized using 'CodeIgniter\Session\Handlers\FileHandler' driver.
INFO - 2024-04-07 13:54:11 --> Session: Class initialized using 'CodeIgniter\Session\Handlers\FileHandler' driver.
CRITICAL - 2024-04-07 13:54:11 --> Undefined property: stdClass::$course_start_date
in APPPATH\Views\supperadmin\courseActiveInactiveView.php on line 37.
 1 APPPATH\Views\supperadmin\courseActiveInactiveView.php(37): CodeIgniter\Debug\Exceptions->errorHandler(2, 'Undefined property: stdClass::$course_start_date', 'D:\\laragon\\www\\SchoolingTime\\app\\Views\\supperadmin\\courseActiveInactiveView.php', 37)
 2 SYSTEMPATH\View\View.php(228): include('D:\\laragon\\www\\SchoolingTime\\app\\Views\\supperadmin\\courseActiveInactiveView.php')
 3 SYSTEMPATH\View\View.php(231): CodeIgniter\View\View->CodeIgniter\View\{closure}()
 4 SYSTEMPATH\Common.php(1190): CodeIgniter\View\View->render('supperadmin/courseActiveInactiveView', [], true)
 5 APPPATH\Controllers\CourseActiveInactiveController.php(32): view('supperadmin/courseActiveInactiveView', [...])
 6 SYSTEMPATH\CodeIgniter.php(942): App\Controllers\CourseActiveInactiveController->index()
 7 SYSTEMPATH\CodeIgniter.php(502): CodeIgniter\CodeIgniter->runController(Object(App\Controllers\CourseActiveInactiveController))
 8 SYSTEMPATH\CodeIgniter.php(361): CodeIgniter\CodeIgniter->handleRequest(null, Object(Config\Cache), false)
 9 FCPATH\index.php(79): CodeIgniter\CodeIgniter->run()
INFO - 2024-04-07 13:54:46 --> Session: Class initialized using 'CodeIgniter\Session\Handlers\FileHandler' driver.
CRITICAL - 2024-04-07 13:54:46 --> Undefined property: stdClass::$course_start_date
in APPPATH\Views\supperadmin\courseActiveInactiveView.php on line 37.
 1 APPPATH\Views\supperadmin\courseActiveInactiveView.php(37): CodeIgniter\Debug\Exceptions->errorHandler(2, 'Undefined property: stdClass::$course_start_date', 'D:\\laragon\\www\\SchoolingTime\\app\\Views\\supperadmin\\courseActiveInactiveView.php', 37)
 2 SYSTEMPATH\View\View.php(228): include('D:\\laragon\\www\\SchoolingTime\\app\\Views\\supperadmin\\courseActiveInactiveView.php')
 3 SYSTEMPATH\View\View.php(231): CodeIgniter\View\View->CodeIgniter\View\{closure}()
 4 SYSTEMPATH\Common.php(1190): CodeIgniter\View\View->render('supperadmin/courseActiveInactiveView', [], true)
 5 APPPATH\Controllers\CourseActiveInactiveController.php(32): view('supperadmin/courseActiveInactiveView', [...])
 6 SYSTEMPATH\CodeIgniter.php(942): App\Controllers\CourseActiveInactiveController->index()
 7 SYSTEMPATH\CodeIgniter.php(502): CodeIgniter\CodeIgniter->runController(Object(App\Controllers\CourseActiveInactiveController))
 8 SYSTEMPATH\CodeIgniter.php(361): CodeIgniter\CodeIgniter->handleRequest(null, Object(Config\Cache), false)
 9 FCPATH\index.php(79): CodeIgniter\CodeIgniter->run()
INFO - 2024-04-07 13:54:48 --> Session: Class initialized using 'CodeIgniter\Session\Handlers\FileHandler' driver.
CRITICAL - 2024-04-07 13:54:48 --> Undefined property: stdClass::$course_start_date
in APPPATH\Views\supperadmin\courseActiveInactiveView.php on line 37.
 1 APPPATH\Views\supperadmin\courseActiveInactiveView.php(37): CodeIgniter\Debug\Exceptions->errorHandler(2, 'Undefined property: stdClass::$course_start_date', 'D:\\laragon\\www\\SchoolingTime\\app\\Views\\supperadmin\\courseActiveInactiveView.php', 37)
 2 SYSTEMPATH\View\View.php(228): include('D:\\laragon\\www\\SchoolingTime\\app\\Views\\supperadmin\\courseActiveInactiveView.php')
 3 SYSTEMPATH\View\View.php(231): CodeIgniter\View\View->CodeIgniter\View\{closure}()
 4 SYSTEMPATH\Common.php(1190): CodeIgniter\View\View->render('supperadmin/courseActiveInactiveView', [], true)
 5 APPPATH\Controllers\CourseActiveInactiveController.php(32): view('supperadmin/courseActiveInactiveView', [...])
 6 SYSTEMPATH\CodeIgniter.php(942): App\Controllers\CourseActiveInactiveController->index()
 7 SYSTEMPATH\CodeIgniter.php(502): CodeIgniter\CodeIgniter->runController(Object(App\Controllers\CourseActiveInactiveController))
 8 SYSTEMPATH\CodeIgniter.php(361): CodeIgniter\CodeIgniter->handleRequest(null, Object(Config\Cache), false)
 9 FCPATH\index.php(79): CodeIgniter\CodeIgniter->run()
INFO - 2024-04-07 13:55:39 --> Session: Class initialized using 'CodeIgniter\Session\Handlers\FileHandler' driver.
INFO - 2024-04-07 13:55:46 --> Session: Class initialized using 'CodeIgniter\Session\Handlers\FileHandler' driver.
INFO - 2024-04-07 13:55:47 --> Session: Class initialized using 'CodeIgniter\Session\Handlers\FileHandler' driver.
INFO - 2024-04-07 13:56:02 --> Session: Class initialized using 'CodeIgniter\Session\Handlers\FileHandler' driver.
INFO - 2024-04-07 13:56:02 --> Session: Class initialized using 'CodeIgniter\Session\Handlers\FileHandler' driver.
INFO - 2024-04-07 13:56:23 --> Session: Class initialized using 'CodeIgniter\Session\Handlers\FileHandler' driver.
INFO - 2024-04-07 13:56:23 --> Session: Class initialized using 'CodeIgniter\Session\Handlers\FileHandler' driver.
INFO - 2024-04-07 13:56:36 --> Session: Class initialized using 'CodeIgniter\Session\Handlers\FileHandler' driver.
INFO - 2024-04-07 13:56:37 --> Session: Class initialized using 'CodeIgniter\Session\Handlers\FileHandler' driver.
INFO - 2024-04-07 13:56:59 --> Session: Class initialized using 'CodeIgniter\Session\Handlers\FileHandler' driver.
INFO - 2024-04-07 13:56:59 --> Session: Class initialized using 'CodeIgniter\Session\Handlers\FileHandler' driver.
INFO - 2024-04-07 13:57:05 --> Session: Class initialized using 'CodeIgniter\Session\Handlers\FileHandler' driver.
INFO - 2024-04-07 13:57:05 --> Session: Class initialized using 'CodeIgniter\Session\Handlers\FileHandler' driver.
INFO - 2024-04-07 13:57:42 --> Session: Class initialized using 'CodeIgniter\Session\Handlers\FileHandler' driver.
INFO - 2024-04-07 13:57:43 --> Session: Class initialized using 'CodeIgniter\Session\Handlers\FileHandler' driver.
INFO - 2024-04-07 13:58:02 --> Session: Class initialized using 'CodeIgniter\Session\Handlers\FileHandler' driver.
INFO - 2024-04-07 13:58:02 --> Session: Class initialized using 'CodeIgniter\Session\Handlers\FileHandler' driver.
