INFO - 2025-02-20 00:29:50 --> Session: Class initialized using 'CodeIgniter\Session\Handlers\FileHandler' driver.
INFO - 2025-02-20 00:29:51 --> Session: Class initialized using 'CodeIgniter\Session\Handlers\FileHandler' driver.
INFO - 2025-02-20 00:31:17 --> Session: Class initialized using 'CodeIgniter\Session\Handlers\FileHandler' driver.
INFO - 2025-02-20 00:36:29 --> Session: Class initialized using 'CodeIgniter\Session\Handlers\FileHandler' driver.
INFO - 2025-02-20 00:41:52 --> Session: Class initialized using 'CodeIgniter\Session\Handlers\FileHandler' driver.
INFO - 2025-02-20 01:03:38 --> Session: Class initialized using 'CodeIgniter\Session\Handlers\FileHandler' driver.
INFO - 2025-02-20 01:12:21 --> Session: Class initialized using 'CodeIgniter\Session\Handlers\FileHandler' driver.
INFO - 2025-02-20 01:14:08 --> Session: Class initialized using 'CodeIgniter\Session\Handlers\FileHandler' driver.
INFO - 2025-02-20 01:14:14 --> Session: Class initialized using 'CodeIgniter\Session\Handlers\FileHandler' driver.
ERROR - 2025-02-20 01:14:14 --> mysqli_sql_exception: Unknown column 'homepage_assets' in 'where clause' in /var/www/html/vendor/codeigniter4/framework/system/Database/MySQLi/Connection.php:306
Stack trace:
#0 /var/www/html/vendor/codeigniter4/framework/system/Database/MySQLi/Connection.php(306): mysqli->query(' SELECT *  FROM...', 0)
#1 /var/www/html/vendor/codeigniter4/framework/system/Database/BaseConnection.php(693): CodeIgniter\Database\MySQLi\Connection->execute(' SELECT *  FROM...')
#2 /var/www/html/vendor/codeigniter4/framework/system/Database/BaseConnection.php(607): CodeIgniter\Database\BaseConnection->simpleQuery(' SELECT *  FROM...')
#3 /var/www/html/app/Controllers/HomepageController.php(135): CodeIgniter\Database\BaseConnection->query(' SELECT *  FROM...')
#4 /var/www/html/vendor/codeigniter4/framework/system/CodeIgniter.php(943): App\Controllers\HomepageController->Course_details_view('homepage_assets', 'img', 'favicon.png')
#5 /var/www/html/vendor/codeigniter4/framework/system/CodeIgniter.php(503): CodeIgniter\CodeIgniter->runController(Object(App\Controllers\HomepageController))
#6 /var/www/html/vendor/codeigniter4/framework/system/CodeIgniter.php(361): CodeIgniter\CodeIgniter->handleRequest(NULL, Object(Config\Cache), false)
#7 /var/www/html/index.php(79): CodeIgniter\CodeIgniter->run()
#8 {main}
CRITICAL - 2025-02-20 01:14:14 --> CodeIgniter\Database\Exceptions\DatabaseException: Unknown column 'homepage_assets' in 'where clause'
in SYSTEMPATH/Database/BaseConnection.php on line 647.
 1 APPPATH/Controllers/HomepageController.php(135): CodeIgniter\Database\BaseConnection->query(' SELECT *  FROM course_batch
                                WHERE course_id = homepage_assets')
 2 SYSTEMPATH/CodeIgniter.php(943): App\Controllers\HomepageController->Course_details_view('homepage_assets', 'img', 'favicon.png')
 3 SYSTEMPATH/CodeIgniter.php(503): CodeIgniter\CodeIgniter->runController(Object(App\Controllers\HomepageController))
 4 SYSTEMPATH/CodeIgniter.php(361): CodeIgniter\CodeIgniter->handleRequest(null, Object(Config\Cache), false)
 5 FCPATH/index.php(79): CodeIgniter\CodeIgniter->run()
CRITICAL - 2025-02-20 01:14:14 --> [Caused by] CodeIgniter\Database\Exceptions\DatabaseException: Unknown column 'homepage_assets' in 'where clause'
in SYSTEMPATH/Database/MySQLi/Connection.php on line 311.
 1 SYSTEMPATH/Database/BaseConnection.php(693): CodeIgniter\Database\MySQLi\Connection->execute(' SELECT *  FROM course_batch
                                WHERE course_id = homepage_assets')
 2 SYSTEMPATH/Database/BaseConnection.php(607): CodeIgniter\Database\BaseConnection->simpleQuery(' SELECT *  FROM course_batch
                                WHERE course_id = homepage_assets')
 3 APPPATH/Controllers/HomepageController.php(135): CodeIgniter\Database\BaseConnection->query(' SELECT *  FROM course_batch
                                WHERE course_id = homepage_assets')
 4 SYSTEMPATH/CodeIgniter.php(943): App\Controllers\HomepageController->Course_details_view('homepage_assets', 'img', 'favicon.png')
 5 SYSTEMPATH/CodeIgniter.php(503): CodeIgniter\CodeIgniter->runController(Object(App\Controllers\HomepageController))
 6 SYSTEMPATH/CodeIgniter.php(361): CodeIgniter\CodeIgniter->handleRequest(null, Object(Config\Cache), false)
 7 FCPATH/index.php(79): CodeIgniter\CodeIgniter->run()
CRITICAL - 2025-02-20 01:14:14 --> [Caused by] mysqli_sql_exception: Unknown column 'homepage_assets' in 'where clause'
in SYSTEMPATH/Database/MySQLi/Connection.php on line 306.
 1 SYSTEMPATH/Database/MySQLi/Connection.php(306): mysqli->query(' SELECT *  FROM course_batch
                                WHERE course_id = homepage_assets', 0)
 2 SYSTEMPATH/Database/BaseConnection.php(693): CodeIgniter\Database\MySQLi\Connection->execute(' SELECT *  FROM course_batch
                                WHERE course_id = homepage_assets')
 3 SYSTEMPATH/Database/BaseConnection.php(607): CodeIgniter\Database\BaseConnection->simpleQuery(' SELECT *  FROM course_batch
                                WHERE course_id = homepage_assets')
 4 APPPATH/Controllers/HomepageController.php(135): CodeIgniter\Database\BaseConnection->query(' SELECT *  FROM course_batch
                                WHERE course_id = homepage_assets')
 5 SYSTEMPATH/CodeIgniter.php(943): App\Controllers\HomepageController->Course_details_view('homepage_assets', 'img', 'favicon.png')
 6 SYSTEMPATH/CodeIgniter.php(503): CodeIgniter\CodeIgniter->runController(Object(App\Controllers\HomepageController))
 7 SYSTEMPATH/CodeIgniter.php(361): CodeIgniter\CodeIgniter->handleRequest(null, Object(Config\Cache), false)
 8 FCPATH/index.php(79): CodeIgniter\CodeIgniter->run()
INFO - 2025-02-20 01:14:14 --> Session: Class initialized using 'CodeIgniter\Session\Handlers\FileHandler' driver.
ERROR - 2025-02-20 01:14:14 --> mysqli_sql_exception: Unknown column 'homepage_assets' in 'where clause' in /var/www/html/vendor/codeigniter4/framework/system/Database/MySQLi/Connection.php:306
Stack trace:
#0 /var/www/html/vendor/codeigniter4/framework/system/Database/MySQLi/Connection.php(306): mysqli->query(' SELECT *  FROM...', 0)
#1 /var/www/html/vendor/codeigniter4/framework/system/Database/BaseConnection.php(693): CodeIgniter\Database\MySQLi\Connection->execute(' SELECT *  FROM...')
#2 /var/www/html/vendor/codeigniter4/framework/system/Database/BaseConnection.php(607): CodeIgniter\Database\BaseConnection->simpleQuery(' SELECT *  FROM...')
#3 /var/www/html/app/Controllers/HomepageController.php(135): CodeIgniter\Database\BaseConnection->query(' SELECT *  FROM...')
#4 /var/www/html/vendor/codeigniter4/framework/system/CodeIgniter.php(943): App\Controllers\HomepageController->Course_details_view('homepage_assets', 'img', 'apple-touch-ico...')
#5 /var/www/html/vendor/codeigniter4/framework/system/CodeIgniter.php(503): CodeIgniter\CodeIgniter->runController(Object(App\Controllers\HomepageController))
#6 /var/www/html/vendor/codeigniter4/framework/system/CodeIgniter.php(361): CodeIgniter\CodeIgniter->handleRequest(NULL, Object(Config\Cache), false)
#7 /var/www/html/index.php(79): CodeIgniter\CodeIgniter->run()
#8 {main}
CRITICAL - 2025-02-20 01:14:14 --> CodeIgniter\Database\Exceptions\DatabaseException: Unknown column 'homepage_assets' in 'where clause'
in SYSTEMPATH/Database/BaseConnection.php on line 647.
 1 APPPATH/Controllers/HomepageController.php(135): CodeIgniter\Database\BaseConnection->query(' SELECT *  FROM course_batch
                                WHERE course_id = homepage_assets')
 2 SYSTEMPATH/CodeIgniter.php(943): App\Controllers\HomepageController->Course_details_view('homepage_assets', 'img', 'apple-touch-icon.png')
 3 SYSTEMPATH/CodeIgniter.php(503): CodeIgniter\CodeIgniter->runController(Object(App\Controllers\HomepageController))
 4 SYSTEMPATH/CodeIgniter.php(361): CodeIgniter\CodeIgniter->handleRequest(null, Object(Config\Cache), false)
 5 FCPATH/index.php(79): CodeIgniter\CodeIgniter->run()
CRITICAL - 2025-02-20 01:14:14 --> [Caused by] CodeIgniter\Database\Exceptions\DatabaseException: Unknown column 'homepage_assets' in 'where clause'
in SYSTEMPATH/Database/MySQLi/Connection.php on line 311.
 1 SYSTEMPATH/Database/BaseConnection.php(693): CodeIgniter\Database\MySQLi\Connection->execute(' SELECT *  FROM course_batch
                                WHERE course_id = homepage_assets')
 2 SYSTEMPATH/Database/BaseConnection.php(607): CodeIgniter\Database\BaseConnection->simpleQuery(' SELECT *  FROM course_batch
                                WHERE course_id = homepage_assets')
 3 APPPATH/Controllers/HomepageController.php(135): CodeIgniter\Database\BaseConnection->query(' SELECT *  FROM course_batch
                                WHERE course_id = homepage_assets')
 4 SYSTEMPATH/CodeIgniter.php(943): App\Controllers\HomepageController->Course_details_view('homepage_assets', 'img', 'apple-touch-icon.png')
 5 SYSTEMPATH/CodeIgniter.php(503): CodeIgniter\CodeIgniter->runController(Object(App\Controllers\HomepageController))
 6 SYSTEMPATH/CodeIgniter.php(361): CodeIgniter\CodeIgniter->handleRequest(null, Object(Config\Cache), false)
 7 FCPATH/index.php(79): CodeIgniter\CodeIgniter->run()
CRITICAL - 2025-02-20 01:14:14 --> [Caused by] mysqli_sql_exception: Unknown column 'homepage_assets' in 'where clause'
in SYSTEMPATH/Database/MySQLi/Connection.php on line 306.
 1 SYSTEMPATH/Database/MySQLi/Connection.php(306): mysqli->query(' SELECT *  FROM course_batch
                                WHERE course_id = homepage_assets', 0)
 2 SYSTEMPATH/Database/BaseConnection.php(693): CodeIgniter\Database\MySQLi\Connection->execute(' SELECT *  FROM course_batch
                                WHERE course_id = homepage_assets')
 3 SYSTEMPATH/Database/BaseConnection.php(607): CodeIgniter\Database\BaseConnection->simpleQuery(' SELECT *  FROM course_batch
                                WHERE course_id = homepage_assets')
 4 APPPATH/Controllers/HomepageController.php(135): CodeIgniter\Database\BaseConnection->query(' SELECT *  FROM course_batch
                                WHERE course_id = homepage_assets')
 5 SYSTEMPATH/CodeIgniter.php(943): App\Controllers\HomepageController->Course_details_view('homepage_assets', 'img', 'apple-touch-icon.png')
 6 SYSTEMPATH/CodeIgniter.php(503): CodeIgniter\CodeIgniter->runController(Object(App\Controllers\HomepageController))
 7 SYSTEMPATH/CodeIgniter.php(361): CodeIgniter\CodeIgniter->handleRequest(null, Object(Config\Cache), false)
 8 FCPATH/index.php(79): CodeIgniter\CodeIgniter->run()
INFO - 2025-02-20 01:24:47 --> Session: Class initialized using 'CodeIgniter\Session\Handlers\FileHandler' driver.
INFO - 2025-02-20 01:35:56 --> Session: Class initialized using 'CodeIgniter\Session\Handlers\FileHandler' driver.
INFO - 2025-02-20 01:36:02 --> Session: Class initialized using 'CodeIgniter\Session\Handlers\FileHandler' driver.
INFO - 2025-02-20 01:38:34 --> Session: Class initialized using 'CodeIgniter\Session\Handlers\FileHandler' driver.
INFO - 2025-02-20 01:48:07 --> Session: Class initialized using 'CodeIgniter\Session\Handlers\FileHandler' driver.
INFO - 2025-02-20 03:14:19 --> Session: Class initialized using 'CodeIgniter\Session\Handlers\FileHandler' driver.
INFO - 2025-02-20 03:14:20 --> Session: Class initialized using 'CodeIgniter\Session\Handlers\FileHandler' driver.
INFO - 2025-02-20 03:21:44 --> Session: Class initialized using 'CodeIgniter\Session\Handlers\FileHandler' driver.
INFO - 2025-02-20 03:41:09 --> Session: Class initialized using 'CodeIgniter\Session\Handlers\FileHandler' driver.
INFO - 2025-02-20 03:44:25 --> Session: Class initialized using 'CodeIgniter\Session\Handlers\FileHandler' driver.
INFO - 2025-02-20 03:56:42 --> Session: Class initialized using 'CodeIgniter\Session\Handlers\FileHandler' driver.
INFO - 2025-02-20 03:56:45 --> Session: Class initialized using 'CodeIgniter\Session\Handlers\FileHandler' driver.
ERROR - 2025-02-20 03:56:45 --> mysqli_sql_exception: Unknown column 'homepage_assets' in 'where clause' in /var/www/html/vendor/codeigniter4/framework/system/Database/MySQLi/Connection.php:306
Stack trace:
#0 /var/www/html/vendor/codeigniter4/framework/system/Database/MySQLi/Connection.php(306): mysqli->query(' SELECT *  FROM...', 0)
#1 /var/www/html/vendor/codeigniter4/framework/system/Database/BaseConnection.php(693): CodeIgniter\Database\MySQLi\Connection->execute(' SELECT *  FROM...')
#2 /var/www/html/vendor/codeigniter4/framework/system/Database/BaseConnection.php(607): CodeIgniter\Database\BaseConnection->simpleQuery(' SELECT *  FROM...')
#3 /var/www/html/app/Controllers/HomepageController.php(135): CodeIgniter\Database\BaseConnection->query(' SELECT *  FROM...')
#4 /var/www/html/vendor/codeigniter4/framework/system/CodeIgniter.php(943): App\Controllers\HomepageController->Course_details_view('homepage_assets', 'img', 'favicon.png')
#5 /var/www/html/vendor/codeigniter4/framework/system/CodeIgniter.php(503): CodeIgniter\CodeIgniter->runController(Object(App\Controllers\HomepageController))
#6 /var/www/html/vendor/codeigniter4/framework/system/CodeIgniter.php(361): CodeIgniter\CodeIgniter->handleRequest(NULL, Object(Config\Cache), false)
#7 /var/www/html/index.php(79): CodeIgniter\CodeIgniter->run()
#8 {main}
CRITICAL - 2025-02-20 03:56:45 --> CodeIgniter\Database\Exceptions\DatabaseException: Unknown column 'homepage_assets' in 'where clause'
in SYSTEMPATH/Database/BaseConnection.php on line 647.
 1 APPPATH/Controllers/HomepageController.php(135): CodeIgniter\Database\BaseConnection->query(' SELECT *  FROM course_batch
                                WHERE course_id = homepage_assets')
 2 SYSTEMPATH/CodeIgniter.php(943): App\Controllers\HomepageController->Course_details_view('homepage_assets', 'img', 'favicon.png')
 3 SYSTEMPATH/CodeIgniter.php(503): CodeIgniter\CodeIgniter->runController(Object(App\Controllers\HomepageController))
 4 SYSTEMPATH/CodeIgniter.php(361): CodeIgniter\CodeIgniter->handleRequest(null, Object(Config\Cache), false)
 5 FCPATH/index.php(79): CodeIgniter\CodeIgniter->run()
CRITICAL - 2025-02-20 03:56:45 --> [Caused by] CodeIgniter\Database\Exceptions\DatabaseException: Unknown column 'homepage_assets' in 'where clause'
in SYSTEMPATH/Database/MySQLi/Connection.php on line 311.
 1 SYSTEMPATH/Database/BaseConnection.php(693): CodeIgniter\Database\MySQLi\Connection->execute(' SELECT *  FROM course_batch
                                WHERE course_id = homepage_assets')
 2 SYSTEMPATH/Database/BaseConnection.php(607): CodeIgniter\Database\BaseConnection->simpleQuery(' SELECT *  FROM course_batch
                                WHERE course_id = homepage_assets')
 3 APPPATH/Controllers/HomepageController.php(135): CodeIgniter\Database\BaseConnection->query(' SELECT *  FROM course_batch
                                WHERE course_id = homepage_assets')
 4 SYSTEMPATH/CodeIgniter.php(943): App\Controllers\HomepageController->Course_details_view('homepage_assets', 'img', 'favicon.png')
 5 SYSTEMPATH/CodeIgniter.php(503): CodeIgniter\CodeIgniter->runController(Object(App\Controllers\HomepageController))
 6 SYSTEMPATH/CodeIgniter.php(361): CodeIgniter\CodeIgniter->handleRequest(null, Object(Config\Cache), false)
 7 FCPATH/index.php(79): CodeIgniter\CodeIgniter->run()
CRITICAL - 2025-02-20 03:56:45 --> [Caused by] mysqli_sql_exception: Unknown column 'homepage_assets' in 'where clause'
in SYSTEMPATH/Database/MySQLi/Connection.php on line 306.
 1 SYSTEMPATH/Database/MySQLi/Connection.php(306): mysqli->query(' SELECT *  FROM course_batch
                                WHERE course_id = homepage_assets', 0)
 2 SYSTEMPATH/Database/BaseConnection.php(693): CodeIgniter\Database\MySQLi\Connection->execute(' SELECT *  FROM course_batch
                                WHERE course_id = homepage_assets')
 3 SYSTEMPATH/Database/BaseConnection.php(607): CodeIgniter\Database\BaseConnection->simpleQuery(' SELECT *  FROM course_batch
                                WHERE course_id = homepage_assets')
 4 APPPATH/Controllers/HomepageController.php(135): CodeIgniter\Database\BaseConnection->query(' SELECT *  FROM course_batch
                                WHERE course_id = homepage_assets')
 5 SYSTEMPATH/CodeIgniter.php(943): App\Controllers\HomepageController->Course_details_view('homepage_assets', 'img', 'favicon.png')
 6 SYSTEMPATH/CodeIgniter.php(503): CodeIgniter\CodeIgniter->runController(Object(App\Controllers\HomepageController))
 7 SYSTEMPATH/CodeIgniter.php(361): CodeIgniter\CodeIgniter->handleRequest(null, Object(Config\Cache), false)
 8 FCPATH/index.php(79): CodeIgniter\CodeIgniter->run()
INFO - 2025-02-20 03:56:49 --> Session: Class initialized using 'CodeIgniter\Session\Handlers\FileHandler' driver.
INFO - 2025-02-20 03:56:49 --> Session: Class initialized using 'CodeIgniter\Session\Handlers\FileHandler' driver.
ERROR - 2025-02-20 03:56:49 --> mysqli_sql_exception: Unknown column 'homepage_assets' in 'where clause' in /var/www/html/vendor/codeigniter4/framework/system/Database/MySQLi/Connection.php:306
Stack trace:
#0 /var/www/html/vendor/codeigniter4/framework/system/Database/MySQLi/Connection.php(306): mysqli->query(' SELECT *  FROM...', 0)
#1 /var/www/html/vendor/codeigniter4/framework/system/Database/BaseConnection.php(693): CodeIgniter\Database\MySQLi\Connection->execute(' SELECT *  FROM...')
#2 /var/www/html/vendor/codeigniter4/framework/system/Database/BaseConnection.php(607): CodeIgniter\Database\BaseConnection->simpleQuery(' SELECT *  FROM...')
#3 /var/www/html/app/Controllers/HomepageController.php(135): CodeIgniter\Database\BaseConnection->query(' SELECT *  FROM...')
#4 /var/www/html/vendor/codeigniter4/framework/system/CodeIgniter.php(943): App\Controllers\HomepageController->Course_details_view('homepage_assets', 'img', 'favicon.png')
#5 /var/www/html/vendor/codeigniter4/framework/system/CodeIgniter.php(503): CodeIgniter\CodeIgniter->runController(Object(App\Controllers\HomepageController))
#6 /var/www/html/vendor/codeigniter4/framework/system/CodeIgniter.php(361): CodeIgniter\CodeIgniter->handleRequest(NULL, Object(Config\Cache), false)
#7 /var/www/html/index.php(79): CodeIgniter\CodeIgniter->run()
#8 {main}
CRITICAL - 2025-02-20 03:56:49 --> CodeIgniter\Database\Exceptions\DatabaseException: Unknown column 'homepage_assets' in 'where clause'
in SYSTEMPATH/Database/BaseConnection.php on line 647.
 1 APPPATH/Controllers/HomepageController.php(135): CodeIgniter\Database\BaseConnection->query(' SELECT *  FROM course_batch
                                WHERE course_id = homepage_assets')
 2 SYSTEMPATH/CodeIgniter.php(943): App\Controllers\HomepageController->Course_details_view('homepage_assets', 'img', 'favicon.png')
 3 SYSTEMPATH/CodeIgniter.php(503): CodeIgniter\CodeIgniter->runController(Object(App\Controllers\HomepageController))
 4 SYSTEMPATH/CodeIgniter.php(361): CodeIgniter\CodeIgniter->handleRequest(null, Object(Config\Cache), false)
 5 FCPATH/index.php(79): CodeIgniter\CodeIgniter->run()
CRITICAL - 2025-02-20 03:56:49 --> [Caused by] CodeIgniter\Database\Exceptions\DatabaseException: Unknown column 'homepage_assets' in 'where clause'
in SYSTEMPATH/Database/MySQLi/Connection.php on line 311.
 1 SYSTEMPATH/Database/BaseConnection.php(693): CodeIgniter\Database\MySQLi\Connection->execute(' SELECT *  FROM course_batch
                                WHERE course_id = homepage_assets')
 2 SYSTEMPATH/Database/BaseConnection.php(607): CodeIgniter\Database\BaseConnection->simpleQuery(' SELECT *  FROM course_batch
                                WHERE course_id = homepage_assets')
 3 APPPATH/Controllers/HomepageController.php(135): CodeIgniter\Database\BaseConnection->query(' SELECT *  FROM course_batch
                                WHERE course_id = homepage_assets')
 4 SYSTEMPATH/CodeIgniter.php(943): App\Controllers\HomepageController->Course_details_view('homepage_assets', 'img', 'favicon.png')
 5 SYSTEMPATH/CodeIgniter.php(503): CodeIgniter\CodeIgniter->runController(Object(App\Controllers\HomepageController))
 6 SYSTEMPATH/CodeIgniter.php(361): CodeIgniter\CodeIgniter->handleRequest(null, Object(Config\Cache), false)
 7 FCPATH/index.php(79): CodeIgniter\CodeIgniter->run()
CRITICAL - 2025-02-20 03:56:49 --> [Caused by] mysqli_sql_exception: Unknown column 'homepage_assets' in 'where clause'
in SYSTEMPATH/Database/MySQLi/Connection.php on line 306.
 1 SYSTEMPATH/Database/MySQLi/Connection.php(306): mysqli->query(' SELECT *  FROM course_batch
                                WHERE course_id = homepage_assets', 0)
 2 SYSTEMPATH/Database/BaseConnection.php(693): CodeIgniter\Database\MySQLi\Connection->execute(' SELECT *  FROM course_batch
                                WHERE course_id = homepage_assets')
 3 SYSTEMPATH/Database/BaseConnection.php(607): CodeIgniter\Database\BaseConnection->simpleQuery(' SELECT *  FROM course_batch
                                WHERE course_id = homepage_assets')
 4 APPPATH/Controllers/HomepageController.php(135): CodeIgniter\Database\BaseConnection->query(' SELECT *  FROM course_batch
                                WHERE course_id = homepage_assets')
 5 SYSTEMPATH/CodeIgniter.php(943): App\Controllers\HomepageController->Course_details_view('homepage_assets', 'img', 'favicon.png')
 6 SYSTEMPATH/CodeIgniter.php(503): CodeIgniter\CodeIgniter->runController(Object(App\Controllers\HomepageController))
 7 SYSTEMPATH/CodeIgniter.php(361): CodeIgniter\CodeIgniter->handleRequest(null, Object(Config\Cache), false)
 8 FCPATH/index.php(79): CodeIgniter\CodeIgniter->run()
INFO - 2025-02-20 03:57:03 --> Session: Class initialized using 'CodeIgniter\Session\Handlers\FileHandler' driver.
INFO - 2025-02-20 03:57:31 --> Session: Class initialized using 'CodeIgniter\Session\Handlers\FileHandler' driver.
INFO - 2025-02-20 03:57:33 --> Session: Class initialized using 'CodeIgniter\Session\Handlers\FileHandler' driver.
ERROR - 2025-02-20 03:57:33 --> mysqli_sql_exception: Unknown column 'homepage_assets' in 'where clause' in /var/www/html/vendor/codeigniter4/framework/system/Database/MySQLi/Connection.php:306
Stack trace:
#0 /var/www/html/vendor/codeigniter4/framework/system/Database/MySQLi/Connection.php(306): mysqli->query(' SELECT *  FROM...', 0)
#1 /var/www/html/vendor/codeigniter4/framework/system/Database/BaseConnection.php(693): CodeIgniter\Database\MySQLi\Connection->execute(' SELECT *  FROM...')
#2 /var/www/html/vendor/codeigniter4/framework/system/Database/BaseConnection.php(607): CodeIgniter\Database\BaseConnection->simpleQuery(' SELECT *  FROM...')
#3 /var/www/html/app/Controllers/HomepageController.php(135): CodeIgniter\Database\BaseConnection->query(' SELECT *  FROM...')
#4 /var/www/html/vendor/codeigniter4/framework/system/CodeIgniter.php(943): App\Controllers\HomepageController->Course_details_view('homepage_assets', 'img', 'favicon.png')
#5 /var/www/html/vendor/codeigniter4/framework/system/CodeIgniter.php(503): CodeIgniter\CodeIgniter->runController(Object(App\Controllers\HomepageController))
#6 /var/www/html/vendor/codeigniter4/framework/system/CodeIgniter.php(361): CodeIgniter\CodeIgniter->handleRequest(NULL, Object(Config\Cache), false)
#7 /var/www/html/index.php(79): CodeIgniter\CodeIgniter->run()
#8 {main}
CRITICAL - 2025-02-20 03:57:33 --> CodeIgniter\Database\Exceptions\DatabaseException: Unknown column 'homepage_assets' in 'where clause'
in SYSTEMPATH/Database/BaseConnection.php on line 647.
 1 APPPATH/Controllers/HomepageController.php(135): CodeIgniter\Database\BaseConnection->query(' SELECT *  FROM course_batch
                                WHERE course_id = homepage_assets')
 2 SYSTEMPATH/CodeIgniter.php(943): App\Controllers\HomepageController->Course_details_view('homepage_assets', 'img', 'favicon.png')
 3 SYSTEMPATH/CodeIgniter.php(503): CodeIgniter\CodeIgniter->runController(Object(App\Controllers\HomepageController))
 4 SYSTEMPATH/CodeIgniter.php(361): CodeIgniter\CodeIgniter->handleRequest(null, Object(Config\Cache), false)
 5 FCPATH/index.php(79): CodeIgniter\CodeIgniter->run()
CRITICAL - 2025-02-20 03:57:33 --> [Caused by] CodeIgniter\Database\Exceptions\DatabaseException: Unknown column 'homepage_assets' in 'where clause'
in SYSTEMPATH/Database/MySQLi/Connection.php on line 311.
 1 SYSTEMPATH/Database/BaseConnection.php(693): CodeIgniter\Database\MySQLi\Connection->execute(' SELECT *  FROM course_batch
                                WHERE course_id = homepage_assets')
 2 SYSTEMPATH/Database/BaseConnection.php(607): CodeIgniter\Database\BaseConnection->simpleQuery(' SELECT *  FROM course_batch
                                WHERE course_id = homepage_assets')
 3 APPPATH/Controllers/HomepageController.php(135): CodeIgniter\Database\BaseConnection->query(' SELECT *  FROM course_batch
                                WHERE course_id = homepage_assets')
 4 SYSTEMPATH/CodeIgniter.php(943): App\Controllers\HomepageController->Course_details_view('homepage_assets', 'img', 'favicon.png')
 5 SYSTEMPATH/CodeIgniter.php(503): CodeIgniter\CodeIgniter->runController(Object(App\Controllers\HomepageController))
 6 SYSTEMPATH/CodeIgniter.php(361): CodeIgniter\CodeIgniter->handleRequest(null, Object(Config\Cache), false)
 7 FCPATH/index.php(79): CodeIgniter\CodeIgniter->run()
CRITICAL - 2025-02-20 03:57:33 --> [Caused by] mysqli_sql_exception: Unknown column 'homepage_assets' in 'where clause'
in SYSTEMPATH/Database/MySQLi/Connection.php on line 306.
 1 SYSTEMPATH/Database/MySQLi/Connection.php(306): mysqli->query(' SELECT *  FROM course_batch
                                WHERE course_id = homepage_assets', 0)
 2 SYSTEMPATH/Database/BaseConnection.php(693): CodeIgniter\Database\MySQLi\Connection->execute(' SELECT *  FROM course_batch
                                WHERE course_id = homepage_assets')
 3 SYSTEMPATH/Database/BaseConnection.php(607): CodeIgniter\Database\BaseConnection->simpleQuery(' SELECT *  FROM course_batch
                                WHERE course_id = homepage_assets')
 4 APPPATH/Controllers/HomepageController.php(135): CodeIgniter\Database\BaseConnection->query(' SELECT *  FROM course_batch
                                WHERE course_id = homepage_assets')
 5 SYSTEMPATH/CodeIgniter.php(943): App\Controllers\HomepageController->Course_details_view('homepage_assets', 'img', 'favicon.png')
 6 SYSTEMPATH/CodeIgniter.php(503): CodeIgniter\CodeIgniter->runController(Object(App\Controllers\HomepageController))
 7 SYSTEMPATH/CodeIgniter.php(361): CodeIgniter\CodeIgniter->handleRequest(null, Object(Config\Cache), false)
 8 FCPATH/index.php(79): CodeIgniter\CodeIgniter->run()
INFO - 2025-02-20 04:33:52 --> Session: Class initialized using 'CodeIgniter\Session\Handlers\FileHandler' driver.
INFO - 2025-02-20 05:07:59 --> Session: Class initialized using 'CodeIgniter\Session\Handlers\FileHandler' driver.
INFO - 2025-02-20 05:08:04 --> Session: Class initialized using 'CodeIgniter\Session\Handlers\FileHandler' driver.
ERROR - 2025-02-20 05:08:04 --> mysqli_sql_exception: Unknown column 'homepage_assets' in 'where clause' in /var/www/html/vendor/codeigniter4/framework/system/Database/MySQLi/Connection.php:306
Stack trace:
#0 /var/www/html/vendor/codeigniter4/framework/system/Database/MySQLi/Connection.php(306): mysqli->query(' SELECT *  FROM...', 0)
#1 /var/www/html/vendor/codeigniter4/framework/system/Database/BaseConnection.php(693): CodeIgniter\Database\MySQLi\Connection->execute(' SELECT *  FROM...')
#2 /var/www/html/vendor/codeigniter4/framework/system/Database/BaseConnection.php(607): CodeIgniter\Database\BaseConnection->simpleQuery(' SELECT *  FROM...')
#3 /var/www/html/app/Controllers/HomepageController.php(135): CodeIgniter\Database\BaseConnection->query(' SELECT *  FROM...')
#4 /var/www/html/vendor/codeigniter4/framework/system/CodeIgniter.php(943): App\Controllers\HomepageController->Course_details_view('homepage_assets', 'img', 'favicon.png')
#5 /var/www/html/vendor/codeigniter4/framework/system/CodeIgniter.php(503): CodeIgniter\CodeIgniter->runController(Object(App\Controllers\HomepageController))
#6 /var/www/html/vendor/codeigniter4/framework/system/CodeIgniter.php(361): CodeIgniter\CodeIgniter->handleRequest(NULL, Object(Config\Cache), false)
#7 /var/www/html/index.php(79): CodeIgniter\CodeIgniter->run()
#8 {main}
CRITICAL - 2025-02-20 05:08:04 --> CodeIgniter\Database\Exceptions\DatabaseException: Unknown column 'homepage_assets' in 'where clause'
in SYSTEMPATH/Database/BaseConnection.php on line 647.
 1 APPPATH/Controllers/HomepageController.php(135): CodeIgniter\Database\BaseConnection->query(' SELECT *  FROM course_batch
                                WHERE course_id = homepage_assets')
 2 SYSTEMPATH/CodeIgniter.php(943): App\Controllers\HomepageController->Course_details_view('homepage_assets', 'img', 'favicon.png')
 3 SYSTEMPATH/CodeIgniter.php(503): CodeIgniter\CodeIgniter->runController(Object(App\Controllers\HomepageController))
 4 SYSTEMPATH/CodeIgniter.php(361): CodeIgniter\CodeIgniter->handleRequest(null, Object(Config\Cache), false)
 5 FCPATH/index.php(79): CodeIgniter\CodeIgniter->run()
CRITICAL - 2025-02-20 05:08:04 --> [Caused by] CodeIgniter\Database\Exceptions\DatabaseException: Unknown column 'homepage_assets' in 'where clause'
in SYSTEMPATH/Database/MySQLi/Connection.php on line 311.
 1 SYSTEMPATH/Database/BaseConnection.php(693): CodeIgniter\Database\MySQLi\Connection->execute(' SELECT *  FROM course_batch
                                WHERE course_id = homepage_assets')
 2 SYSTEMPATH/Database/BaseConnection.php(607): CodeIgniter\Database\BaseConnection->simpleQuery(' SELECT *  FROM course_batch
                                WHERE course_id = homepage_assets')
 3 APPPATH/Controllers/HomepageController.php(135): CodeIgniter\Database\BaseConnection->query(' SELECT *  FROM course_batch
                                WHERE course_id = homepage_assets')
 4 SYSTEMPATH/CodeIgniter.php(943): App\Controllers\HomepageController->Course_details_view('homepage_assets', 'img', 'favicon.png')
 5 SYSTEMPATH/CodeIgniter.php(503): CodeIgniter\CodeIgniter->runController(Object(App\Controllers\HomepageController))
 6 SYSTEMPATH/CodeIgniter.php(361): CodeIgniter\CodeIgniter->handleRequest(null, Object(Config\Cache), false)
 7 FCPATH/index.php(79): CodeIgniter\CodeIgniter->run()
CRITICAL - 2025-02-20 05:08:04 --> [Caused by] mysqli_sql_exception: Unknown column 'homepage_assets' in 'where clause'
in SYSTEMPATH/Database/MySQLi/Connection.php on line 306.
 1 SYSTEMPATH/Database/MySQLi/Connection.php(306): mysqli->query(' SELECT *  FROM course_batch
                                WHERE course_id = homepage_assets', 0)
 2 SYSTEMPATH/Database/BaseConnection.php(693): CodeIgniter\Database\MySQLi\Connection->execute(' SELECT *  FROM course_batch
                                WHERE course_id = homepage_assets')
 3 SYSTEMPATH/Database/BaseConnection.php(607): CodeIgniter\Database\BaseConnection->simpleQuery(' SELECT *  FROM course_batch
                                WHERE course_id = homepage_assets')
 4 APPPATH/Controllers/HomepageController.php(135): CodeIgniter\Database\BaseConnection->query(' SELECT *  FROM course_batch
                                WHERE course_id = homepage_assets')
 5 SYSTEMPATH/CodeIgniter.php(943): App\Controllers\HomepageController->Course_details_view('homepage_assets', 'img', 'favicon.png')
 6 SYSTEMPATH/CodeIgniter.php(503): CodeIgniter\CodeIgniter->runController(Object(App\Controllers\HomepageController))
 7 SYSTEMPATH/CodeIgniter.php(361): CodeIgniter\CodeIgniter->handleRequest(null, Object(Config\Cache), false)
 8 FCPATH/index.php(79): CodeIgniter\CodeIgniter->run()
INFO - 2025-02-20 06:01:30 --> Session: Class initialized using 'CodeIgniter\Session\Handlers\FileHandler' driver.
INFO - 2025-02-20 06:10:48 --> Session: Class initialized using 'CodeIgniter\Session\Handlers\FileHandler' driver.
INFO - 2025-02-20 06:11:49 --> Session: Class initialized using 'CodeIgniter\Session\Handlers\FileHandler' driver.
INFO - 2025-02-20 06:33:22 --> Session: Class initialized using 'CodeIgniter\Session\Handlers\FileHandler' driver.
INFO - 2025-02-20 06:33:44 --> Session: Class initialized using 'CodeIgniter\Session\Handlers\FileHandler' driver.
INFO - 2025-02-20 06:34:06 --> Session: Class initialized using 'CodeIgniter\Session\Handlers\FileHandler' driver.
INFO - 2025-02-20 06:38:55 --> Session: Class initialized using 'CodeIgniter\Session\Handlers\FileHandler' driver.
INFO - 2025-02-20 06:50:32 --> Session: Class initialized using 'CodeIgniter\Session\Handlers\FileHandler' driver.
INFO - 2025-02-20 06:50:33 --> Session: Class initialized using 'CodeIgniter\Session\Handlers\FileHandler' driver.
INFO - 2025-02-20 06:50:37 --> Session: Class initialized using 'CodeIgniter\Session\Handlers\FileHandler' driver.
INFO - 2025-02-20 06:50:39 --> Session: Class initialized using 'CodeIgniter\Session\Handlers\FileHandler' driver.
INFO - 2025-02-20 06:50:40 --> Session: Class initialized using 'CodeIgniter\Session\Handlers\FileHandler' driver.
INFO - 2025-02-20 06:50:42 --> Session: Class initialized using 'CodeIgniter\Session\Handlers\FileHandler' driver.
INFO - 2025-02-20 06:50:43 --> Session: Class initialized using 'CodeIgniter\Session\Handlers\FileHandler' driver.
INFO - 2025-02-20 06:50:44 --> Session: Class initialized using 'CodeIgniter\Session\Handlers\FileHandler' driver.
INFO - 2025-02-20 06:50:45 --> Session: Class initialized using 'CodeIgniter\Session\Handlers\FileHandler' driver.
INFO - 2025-02-20 06:50:49 --> Session: Class initialized using 'CodeIgniter\Session\Handlers\FileHandler' driver.
INFO - 2025-02-20 07:56:14 --> Session: Class initialized using 'CodeIgniter\Session\Handlers\FileHandler' driver.
INFO - 2025-02-20 08:38:21 --> Session: Class initialized using 'CodeIgniter\Session\Handlers\FileHandler' driver.
INFO - 2025-02-20 08:46:27 --> Session: Class initialized using 'CodeIgniter\Session\Handlers\FileHandler' driver.
INFO - 2025-02-20 08:54:43 --> Session: Class initialized using 'CodeIgniter\Session\Handlers\FileHandler' driver.
INFO - 2025-02-20 09:30:29 --> Session: Class initialized using 'CodeIgniter\Session\Handlers\FileHandler' driver.
INFO - 2025-02-20 09:30:39 --> Session: Class initialized using 'CodeIgniter\Session\Handlers\FileHandler' driver.
INFO - 2025-02-20 09:42:44 --> Session: Class initialized using 'CodeIgniter\Session\Handlers\FileHandler' driver.
INFO - 2025-02-20 10:19:39 --> Session: Class initialized using 'CodeIgniter\Session\Handlers\FileHandler' driver.
INFO - 2025-02-20 10:33:35 --> Session: Class initialized using 'CodeIgniter\Session\Handlers\FileHandler' driver.
INFO - 2025-02-20 10:33:41 --> Session: Class initialized using 'CodeIgniter\Session\Handlers\FileHandler' driver.
ERROR - 2025-02-20 10:33:41 --> mysqli_sql_exception: Unknown column 'homepage_assets' in 'where clause' in /var/www/html/vendor/codeigniter4/framework/system/Database/MySQLi/Connection.php:306
Stack trace:
#0 /var/www/html/vendor/codeigniter4/framework/system/Database/MySQLi/Connection.php(306): mysqli->query(' SELECT *  FROM...', 0)
#1 /var/www/html/vendor/codeigniter4/framework/system/Database/BaseConnection.php(693): CodeIgniter\Database\MySQLi\Connection->execute(' SELECT *  FROM...')
#2 /var/www/html/vendor/codeigniter4/framework/system/Database/BaseConnection.php(607): CodeIgniter\Database\BaseConnection->simpleQuery(' SELECT *  FROM...')
#3 /var/www/html/app/Controllers/HomepageController.php(135): CodeIgniter\Database\BaseConnection->query(' SELECT *  FROM...')
#4 /var/www/html/vendor/codeigniter4/framework/system/CodeIgniter.php(943): App\Controllers\HomepageController->Course_details_view('homepage_assets', 'img', 'favicon.png')
#5 /var/www/html/vendor/codeigniter4/framework/system/CodeIgniter.php(503): CodeIgniter\CodeIgniter->runController(Object(App\Controllers\HomepageController))
#6 /var/www/html/vendor/codeigniter4/framework/system/CodeIgniter.php(361): CodeIgniter\CodeIgniter->handleRequest(NULL, Object(Config\Cache), false)
#7 /var/www/html/index.php(79): CodeIgniter\CodeIgniter->run()
#8 {main}
CRITICAL - 2025-02-20 10:33:41 --> CodeIgniter\Database\Exceptions\DatabaseException: Unknown column 'homepage_assets' in 'where clause'
in SYSTEMPATH/Database/BaseConnection.php on line 647.
 1 APPPATH/Controllers/HomepageController.php(135): CodeIgniter\Database\BaseConnection->query(' SELECT *  FROM course_batch
                                WHERE course_id = homepage_assets')
 2 SYSTEMPATH/CodeIgniter.php(943): App\Controllers\HomepageController->Course_details_view('homepage_assets', 'img', 'favicon.png')
 3 SYSTEMPATH/CodeIgniter.php(503): CodeIgniter\CodeIgniter->runController(Object(App\Controllers\HomepageController))
 4 SYSTEMPATH/CodeIgniter.php(361): CodeIgniter\CodeIgniter->handleRequest(null, Object(Config\Cache), false)
 5 FCPATH/index.php(79): CodeIgniter\CodeIgniter->run()
CRITICAL - 2025-02-20 10:33:41 --> [Caused by] CodeIgniter\Database\Exceptions\DatabaseException: Unknown column 'homepage_assets' in 'where clause'
in SYSTEMPATH/Database/MySQLi/Connection.php on line 311.
 1 SYSTEMPATH/Database/BaseConnection.php(693): CodeIgniter\Database\MySQLi\Connection->execute(' SELECT *  FROM course_batch
                                WHERE course_id = homepage_assets')
 2 SYSTEMPATH/Database/BaseConnection.php(607): CodeIgniter\Database\BaseConnection->simpleQuery(' SELECT *  FROM course_batch
                                WHERE course_id = homepage_assets')
 3 APPPATH/Controllers/HomepageController.php(135): CodeIgniter\Database\BaseConnection->query(' SELECT *  FROM course_batch
                                WHERE course_id = homepage_assets')
 4 SYSTEMPATH/CodeIgniter.php(943): App\Controllers\HomepageController->Course_details_view('homepage_assets', 'img', 'favicon.png')
 5 SYSTEMPATH/CodeIgniter.php(503): CodeIgniter\CodeIgniter->runController(Object(App\Controllers\HomepageController))
 6 SYSTEMPATH/CodeIgniter.php(361): CodeIgniter\CodeIgniter->handleRequest(null, Object(Config\Cache), false)
 7 FCPATH/index.php(79): CodeIgniter\CodeIgniter->run()
CRITICAL - 2025-02-20 10:33:41 --> [Caused by] mysqli_sql_exception: Unknown column 'homepage_assets' in 'where clause'
in SYSTEMPATH/Database/MySQLi/Connection.php on line 306.
 1 SYSTEMPATH/Database/MySQLi/Connection.php(306): mysqli->query(' SELECT *  FROM course_batch
                                WHERE course_id = homepage_assets', 0)
 2 SYSTEMPATH/Database/BaseConnection.php(693): CodeIgniter\Database\MySQLi\Connection->execute(' SELECT *  FROM course_batch
                                WHERE course_id = homepage_assets')
 3 SYSTEMPATH/Database/BaseConnection.php(607): CodeIgniter\Database\BaseConnection->simpleQuery(' SELECT *  FROM course_batch
                                WHERE course_id = homepage_assets')
 4 APPPATH/Controllers/HomepageController.php(135): CodeIgniter\Database\BaseConnection->query(' SELECT *  FROM course_batch
                                WHERE course_id = homepage_assets')
 5 SYSTEMPATH/CodeIgniter.php(943): App\Controllers\HomepageController->Course_details_view('homepage_assets', 'img', 'favicon.png')
 6 SYSTEMPATH/CodeIgniter.php(503): CodeIgniter\CodeIgniter->runController(Object(App\Controllers\HomepageController))
 7 SYSTEMPATH/CodeIgniter.php(361): CodeIgniter\CodeIgniter->handleRequest(null, Object(Config\Cache), false)
 8 FCPATH/index.php(79): CodeIgniter\CodeIgniter->run()
INFO - 2025-02-20 11:30:45 --> Session: Class initialized using 'CodeIgniter\Session\Handlers\FileHandler' driver.
INFO - 2025-02-20 12:04:58 --> Session: Class initialized using 'CodeIgniter\Session\Handlers\FileHandler' driver.
INFO - 2025-02-20 12:09:51 --> Session: Class initialized using 'CodeIgniter\Session\Handlers\FileHandler' driver.
INFO - 2025-02-20 12:38:57 --> Session: Class initialized using 'CodeIgniter\Session\Handlers\FileHandler' driver.
INFO - 2025-02-20 12:40:27 --> Session: Class initialized using 'CodeIgniter\Session\Handlers\FileHandler' driver.
INFO - 2025-02-20 12:47:15 --> Session: Class initialized using 'CodeIgniter\Session\Handlers\FileHandler' driver.
INFO - 2025-02-20 12:56:15 --> Session: Class initialized using 'CodeIgniter\Session\Handlers\FileHandler' driver.
INFO - 2025-02-20 13:07:53 --> Session: Class initialized using 'CodeIgniter\Session\Handlers\FileHandler' driver.
INFO - 2025-02-20 13:07:56 --> Session: Class initialized using 'CodeIgniter\Session\Handlers\FileHandler' driver.
INFO - 2025-02-20 13:08:05 --> Session: Class initialized using 'CodeIgniter\Session\Handlers\FileHandler' driver.
INFO - 2025-02-20 13:13:54 --> Session: Class initialized using 'CodeIgniter\Session\Handlers\FileHandler' driver.
INFO - 2025-02-20 13:26:54 --> Session: Class initialized using 'CodeIgniter\Session\Handlers\FileHandler' driver.
INFO - 2025-02-20 13:26:55 --> Session: Class initialized using 'CodeIgniter\Session\Handlers\FileHandler' driver.
INFO - 2025-02-20 13:26:55 --> Session: Class initialized using 'CodeIgniter\Session\Handlers\FileHandler' driver.
INFO - 2025-02-20 13:27:10 --> Session: Class initialized using 'CodeIgniter\Session\Handlers\FileHandler' driver.
INFO - 2025-02-20 13:27:20 --> Session: Class initialized using 'CodeIgniter\Session\Handlers\FileHandler' driver.
INFO - 2025-02-20 13:27:20 --> Session: Class initialized using 'CodeIgniter\Session\Handlers\FileHandler' driver.
INFO - 2025-02-20 13:27:20 --> Session: Class initialized using 'CodeIgniter\Session\Handlers\FileHandler' driver.
INFO - 2025-02-20 13:27:23 --> Session: Class initialized using 'CodeIgniter\Session\Handlers\FileHandler' driver.
INFO - 2025-02-20 13:27:30 --> Session: Class initialized using 'CodeIgniter\Session\Handlers\FileHandler' driver.
INFO - 2025-02-20 13:27:30 --> Session: Class initialized using 'CodeIgniter\Session\Handlers\FileHandler' driver.
INFO - 2025-02-20 13:27:30 --> Session: Class initialized using 'CodeIgniter\Session\Handlers\FileHandler' driver.
INFO - 2025-02-20 13:27:37 --> Session: Class initialized using 'CodeIgniter\Session\Handlers\FileHandler' driver.
INFO - 2025-02-20 13:28:07 --> Session: Class initialized using 'CodeIgniter\Session\Handlers\FileHandler' driver.
INFO - 2025-02-20 13:28:18 --> Session: Class initialized using 'CodeIgniter\Session\Handlers\FileHandler' driver.
ERROR - 2025-02-20 13:28:18 --> mysqli_sql_exception: Unknown column 'homepage_assets' in 'where clause' in /var/www/html/vendor/codeigniter4/framework/system/Database/MySQLi/Connection.php:306
Stack trace:
#0 /var/www/html/vendor/codeigniter4/framework/system/Database/MySQLi/Connection.php(306): mysqli->query(' SELECT *  FROM...', 0)
#1 /var/www/html/vendor/codeigniter4/framework/system/Database/BaseConnection.php(693): CodeIgniter\Database\MySQLi\Connection->execute(' SELECT *  FROM...')
#2 /var/www/html/vendor/codeigniter4/framework/system/Database/BaseConnection.php(607): CodeIgniter\Database\BaseConnection->simpleQuery(' SELECT *  FROM...')
#3 /var/www/html/app/Controllers/HomepageController.php(135): CodeIgniter\Database\BaseConnection->query(' SELECT *  FROM...')
#4 /var/www/html/vendor/codeigniter4/framework/system/CodeIgniter.php(943): App\Controllers\HomepageController->Course_details_view('homepage_assets', 'img', 'favicon.png')
#5 /var/www/html/vendor/codeigniter4/framework/system/CodeIgniter.php(503): CodeIgniter\CodeIgniter->runController(Object(App\Controllers\HomepageController))
#6 /var/www/html/vendor/codeigniter4/framework/system/CodeIgniter.php(361): CodeIgniter\CodeIgniter->handleRequest(NULL, Object(Config\Cache), false)
#7 /var/www/html/index.php(79): CodeIgniter\CodeIgniter->run()
#8 {main}
CRITICAL - 2025-02-20 13:28:18 --> CodeIgniter\Database\Exceptions\DatabaseException: Unknown column 'homepage_assets' in 'where clause'
in SYSTEMPATH/Database/BaseConnection.php on line 647.
 1 APPPATH/Controllers/HomepageController.php(135): CodeIgniter\Database\BaseConnection->query(' SELECT *  FROM course_batch
                                WHERE course_id = homepage_assets')
 2 SYSTEMPATH/CodeIgniter.php(943): App\Controllers\HomepageController->Course_details_view('homepage_assets', 'img', 'favicon.png')
 3 SYSTEMPATH/CodeIgniter.php(503): CodeIgniter\CodeIgniter->runController(Object(App\Controllers\HomepageController))
 4 SYSTEMPATH/CodeIgniter.php(361): CodeIgniter\CodeIgniter->handleRequest(null, Object(Config\Cache), false)
 5 FCPATH/index.php(79): CodeIgniter\CodeIgniter->run()
CRITICAL - 2025-02-20 13:28:18 --> [Caused by] CodeIgniter\Database\Exceptions\DatabaseException: Unknown column 'homepage_assets' in 'where clause'
in SYSTEMPATH/Database/MySQLi/Connection.php on line 311.
 1 SYSTEMPATH/Database/BaseConnection.php(693): CodeIgniter\Database\MySQLi\Connection->execute(' SELECT *  FROM course_batch
                                WHERE course_id = homepage_assets')
 2 SYSTEMPATH/Database/BaseConnection.php(607): CodeIgniter\Database\BaseConnection->simpleQuery(' SELECT *  FROM course_batch
                                WHERE course_id = homepage_assets')
 3 APPPATH/Controllers/HomepageController.php(135): CodeIgniter\Database\BaseConnection->query(' SELECT *  FROM course_batch
                                WHERE course_id = homepage_assets')
 4 SYSTEMPATH/CodeIgniter.php(943): App\Controllers\HomepageController->Course_details_view('homepage_assets', 'img', 'favicon.png')
 5 SYSTEMPATH/CodeIgniter.php(503): CodeIgniter\CodeIgniter->runController(Object(App\Controllers\HomepageController))
 6 SYSTEMPATH/CodeIgniter.php(361): CodeIgniter\CodeIgniter->handleRequest(null, Object(Config\Cache), false)
 7 FCPATH/index.php(79): CodeIgniter\CodeIgniter->run()
CRITICAL - 2025-02-20 13:28:18 --> [Caused by] mysqli_sql_exception: Unknown column 'homepage_assets' in 'where clause'
in SYSTEMPATH/Database/MySQLi/Connection.php on line 306.
 1 SYSTEMPATH/Database/MySQLi/Connection.php(306): mysqli->query(' SELECT *  FROM course_batch
                                WHERE course_id = homepage_assets', 0)
 2 SYSTEMPATH/Database/BaseConnection.php(693): CodeIgniter\Database\MySQLi\Connection->execute(' SELECT *  FROM course_batch
                                WHERE course_id = homepage_assets')
 3 SYSTEMPATH/Database/BaseConnection.php(607): CodeIgniter\Database\BaseConnection->simpleQuery(' SELECT *  FROM course_batch
                                WHERE course_id = homepage_assets')
 4 APPPATH/Controllers/HomepageController.php(135): CodeIgniter\Database\BaseConnection->query(' SELECT *  FROM course_batch
                                WHERE course_id = homepage_assets')
 5 SYSTEMPATH/CodeIgniter.php(943): App\Controllers\HomepageController->Course_details_view('homepage_assets', 'img', 'favicon.png')
 6 SYSTEMPATH/CodeIgniter.php(503): CodeIgniter\CodeIgniter->runController(Object(App\Controllers\HomepageController))
 7 SYSTEMPATH/CodeIgniter.php(361): CodeIgniter\CodeIgniter->handleRequest(null, Object(Config\Cache), false)
 8 FCPATH/index.php(79): CodeIgniter\CodeIgniter->run()
INFO - 2025-02-20 13:28:49 --> Session: Class initialized using 'CodeIgniter\Session\Handlers\FileHandler' driver.
INFO - 2025-02-20 13:28:52 --> Session: Class initialized using 'CodeIgniter\Session\Handlers\FileHandler' driver.
ERROR - 2025-02-20 13:28:52 --> mysqli_sql_exception: Unknown column 'homepage_assets' in 'where clause' in /var/www/html/vendor/codeigniter4/framework/system/Database/MySQLi/Connection.php:306
Stack trace:
#0 /var/www/html/vendor/codeigniter4/framework/system/Database/MySQLi/Connection.php(306): mysqli->query(' SELECT *  FROM...', 0)
#1 /var/www/html/vendor/codeigniter4/framework/system/Database/BaseConnection.php(693): CodeIgniter\Database\MySQLi\Connection->execute(' SELECT *  FROM...')
#2 /var/www/html/vendor/codeigniter4/framework/system/Database/BaseConnection.php(607): CodeIgniter\Database\BaseConnection->simpleQuery(' SELECT *  FROM...')
#3 /var/www/html/app/Controllers/HomepageController.php(135): CodeIgniter\Database\BaseConnection->query(' SELECT *  FROM...')
#4 /var/www/html/vendor/codeigniter4/framework/system/CodeIgniter.php(943): App\Controllers\HomepageController->Course_details_view('homepage_assets', 'img', 'favicon.png')
#5 /var/www/html/vendor/codeigniter4/framework/system/CodeIgniter.php(503): CodeIgniter\CodeIgniter->runController(Object(App\Controllers\HomepageController))
#6 /var/www/html/vendor/codeigniter4/framework/system/CodeIgniter.php(361): CodeIgniter\CodeIgniter->handleRequest(NULL, Object(Config\Cache), false)
#7 /var/www/html/index.php(79): CodeIgniter\CodeIgniter->run()
#8 {main}
CRITICAL - 2025-02-20 13:28:52 --> CodeIgniter\Database\Exceptions\DatabaseException: Unknown column 'homepage_assets' in 'where clause'
in SYSTEMPATH/Database/BaseConnection.php on line 647.
 1 APPPATH/Controllers/HomepageController.php(135): CodeIgniter\Database\BaseConnection->query(' SELECT *  FROM course_batch
                                WHERE course_id = homepage_assets')
 2 SYSTEMPATH/CodeIgniter.php(943): App\Controllers\HomepageController->Course_details_view('homepage_assets', 'img', 'favicon.png')
 3 SYSTEMPATH/CodeIgniter.php(503): CodeIgniter\CodeIgniter->runController(Object(App\Controllers\HomepageController))
 4 SYSTEMPATH/CodeIgniter.php(361): CodeIgniter\CodeIgniter->handleRequest(null, Object(Config\Cache), false)
 5 FCPATH/index.php(79): CodeIgniter\CodeIgniter->run()
CRITICAL - 2025-02-20 13:28:52 --> [Caused by] CodeIgniter\Database\Exceptions\DatabaseException: Unknown column 'homepage_assets' in 'where clause'
in SYSTEMPATH/Database/MySQLi/Connection.php on line 311.
 1 SYSTEMPATH/Database/BaseConnection.php(693): CodeIgniter\Database\MySQLi\Connection->execute(' SELECT *  FROM course_batch
                                WHERE course_id = homepage_assets')
 2 SYSTEMPATH/Database/BaseConnection.php(607): CodeIgniter\Database\BaseConnection->simpleQuery(' SELECT *  FROM course_batch
                                WHERE course_id = homepage_assets')
 3 APPPATH/Controllers/HomepageController.php(135): CodeIgniter\Database\BaseConnection->query(' SELECT *  FROM course_batch
                                WHERE course_id = homepage_assets')
 4 SYSTEMPATH/CodeIgniter.php(943): App\Controllers\HomepageController->Course_details_view('homepage_assets', 'img', 'favicon.png')
 5 SYSTEMPATH/CodeIgniter.php(503): CodeIgniter\CodeIgniter->runController(Object(App\Controllers\HomepageController))
 6 SYSTEMPATH/CodeIgniter.php(361): CodeIgniter\CodeIgniter->handleRequest(null, Object(Config\Cache), false)
 7 FCPATH/index.php(79): CodeIgniter\CodeIgniter->run()
CRITICAL - 2025-02-20 13:28:52 --> [Caused by] mysqli_sql_exception: Unknown column 'homepage_assets' in 'where clause'
in SYSTEMPATH/Database/MySQLi/Connection.php on line 306.
 1 SYSTEMPATH/Database/MySQLi/Connection.php(306): mysqli->query(' SELECT *  FROM course_batch
                                WHERE course_id = homepage_assets', 0)
 2 SYSTEMPATH/Database/BaseConnection.php(693): CodeIgniter\Database\MySQLi\Connection->execute(' SELECT *  FROM course_batch
                                WHERE course_id = homepage_assets')
 3 SYSTEMPATH/Database/BaseConnection.php(607): CodeIgniter\Database\BaseConnection->simpleQuery(' SELECT *  FROM course_batch
                                WHERE course_id = homepage_assets')
 4 APPPATH/Controllers/HomepageController.php(135): CodeIgniter\Database\BaseConnection->query(' SELECT *  FROM course_batch
                                WHERE course_id = homepage_assets')
 5 SYSTEMPATH/CodeIgniter.php(943): App\Controllers\HomepageController->Course_details_view('homepage_assets', 'img', 'favicon.png')
 6 SYSTEMPATH/CodeIgniter.php(503): CodeIgniter\CodeIgniter->runController(Object(App\Controllers\HomepageController))
 7 SYSTEMPATH/CodeIgniter.php(361): CodeIgniter\CodeIgniter->handleRequest(null, Object(Config\Cache), false)
 8 FCPATH/index.php(79): CodeIgniter\CodeIgniter->run()
INFO - 2025-02-20 13:29:07 --> Session: Class initialized using 'CodeIgniter\Session\Handlers\FileHandler' driver.
INFO - 2025-02-20 13:29:52 --> Session: Class initialized using 'CodeIgniter\Session\Handlers\FileHandler' driver.
INFO - 2025-02-20 13:31:11 --> Session: Class initialized using 'CodeIgniter\Session\Handlers\FileHandler' driver.
INFO - 2025-02-20 13:32:11 --> Session: Class initialized using 'CodeIgniter\Session\Handlers\FileHandler' driver.
INFO - 2025-02-20 13:35:16 --> Session: Class initialized using 'CodeIgniter\Session\Handlers\FileHandler' driver.
INFO - 2025-02-20 13:41:42 --> Session: Class initialized using 'CodeIgniter\Session\Handlers\FileHandler' driver.
INFO - 2025-02-20 13:53:24 --> Session: Class initialized using 'CodeIgniter\Session\Handlers\FileHandler' driver.
INFO - 2025-02-20 14:00:19 --> Session: Class initialized using 'CodeIgniter\Session\Handlers\FileHandler' driver.
INFO - 2025-02-20 14:00:43 --> Session: Class initialized using 'CodeIgniter\Session\Handlers\FileHandler' driver.
INFO - 2025-02-20 14:05:28 --> Session: Class initialized using 'CodeIgniter\Session\Handlers\FileHandler' driver.
INFO - 2025-02-20 14:19:00 --> Session: Class initialized using 'CodeIgniter\Session\Handlers\FileHandler' driver.
INFO - 2025-02-20 14:30:29 --> Session: Class initialized using 'CodeIgniter\Session\Handlers\FileHandler' driver.
INFO - 2025-02-20 14:33:14 --> Session: Class initialized using 'CodeIgniter\Session\Handlers\FileHandler' driver.
INFO - 2025-02-20 14:44:53 --> Session: Class initialized using 'CodeIgniter\Session\Handlers\FileHandler' driver.
INFO - 2025-02-20 14:58:57 --> Session: Class initialized using 'CodeIgniter\Session\Handlers\FileHandler' driver.
INFO - 2025-02-20 15:06:36 --> Session: Class initialized using 'CodeIgniter\Session\Handlers\FileHandler' driver.
INFO - 2025-02-20 15:20:03 --> Session: Class initialized using 'CodeIgniter\Session\Handlers\FileHandler' driver.
INFO - 2025-02-20 15:20:46 --> Session: Class initialized using 'CodeIgniter\Session\Handlers\FileHandler' driver.
INFO - 2025-02-20 15:25:52 --> Session: Class initialized using 'CodeIgniter\Session\Handlers\FileHandler' driver.
INFO - 2025-02-20 15:25:58 --> Session: Class initialized using 'CodeIgniter\Session\Handlers\FileHandler' driver.
INFO - 2025-02-20 15:25:58 --> Session: Class initialized using 'CodeIgniter\Session\Handlers\FileHandler' driver.
INFO - 2025-02-20 15:26:02 --> Session: Class initialized using 'CodeIgniter\Session\Handlers\FileHandler' driver.
ERROR - 2025-02-20 15:26:02 --> mysqli_sql_exception: Unknown column 'homepage_assets' in 'where clause' in /var/www/html/vendor/codeigniter4/framework/system/Database/MySQLi/Connection.php:306
Stack trace:
#0 /var/www/html/vendor/codeigniter4/framework/system/Database/MySQLi/Connection.php(306): mysqli->query(' SELECT *  FROM...', 0)
#1 /var/www/html/vendor/codeigniter4/framework/system/Database/BaseConnection.php(693): CodeIgniter\Database\MySQLi\Connection->execute(' SELECT *  FROM...')
#2 /var/www/html/vendor/codeigniter4/framework/system/Database/BaseConnection.php(607): CodeIgniter\Database\BaseConnection->simpleQuery(' SELECT *  FROM...')
#3 /var/www/html/app/Controllers/HomepageController.php(135): CodeIgniter\Database\BaseConnection->query(' SELECT *  FROM...')
#4 /var/www/html/vendor/codeigniter4/framework/system/CodeIgniter.php(943): App\Controllers\HomepageController->Course_details_view('homepage_assets', 'img', 'favicon.png')
#5 /var/www/html/vendor/codeigniter4/framework/system/CodeIgniter.php(503): CodeIgniter\CodeIgniter->runController(Object(App\Controllers\HomepageController))
#6 /var/www/html/vendor/codeigniter4/framework/system/CodeIgniter.php(361): CodeIgniter\CodeIgniter->handleRequest(NULL, Object(Config\Cache), false)
#7 /var/www/html/index.php(79): CodeIgniter\CodeIgniter->run()
#8 {main}
CRITICAL - 2025-02-20 15:26:02 --> CodeIgniter\Database\Exceptions\DatabaseException: Unknown column 'homepage_assets' in 'where clause'
in SYSTEMPATH/Database/BaseConnection.php on line 647.
 1 APPPATH/Controllers/HomepageController.php(135): CodeIgniter\Database\BaseConnection->query(' SELECT *  FROM course_batch
                                WHERE course_id = homepage_assets')
 2 SYSTEMPATH/CodeIgniter.php(943): App\Controllers\HomepageController->Course_details_view('homepage_assets', 'img', 'favicon.png')
 3 SYSTEMPATH/CodeIgniter.php(503): CodeIgniter\CodeIgniter->runController(Object(App\Controllers\HomepageController))
 4 SYSTEMPATH/CodeIgniter.php(361): CodeIgniter\CodeIgniter->handleRequest(null, Object(Config\Cache), false)
 5 FCPATH/index.php(79): CodeIgniter\CodeIgniter->run()
CRITICAL - 2025-02-20 15:26:02 --> [Caused by] CodeIgniter\Database\Exceptions\DatabaseException: Unknown column 'homepage_assets' in 'where clause'
in SYSTEMPATH/Database/MySQLi/Connection.php on line 311.
 1 SYSTEMPATH/Database/BaseConnection.php(693): CodeIgniter\Database\MySQLi\Connection->execute(' SELECT *  FROM course_batch
                                WHERE course_id = homepage_assets')
 2 SYSTEMPATH/Database/BaseConnection.php(607): CodeIgniter\Database\BaseConnection->simpleQuery(' SELECT *  FROM course_batch
                                WHERE course_id = homepage_assets')
 3 APPPATH/Controllers/HomepageController.php(135): CodeIgniter\Database\BaseConnection->query(' SELECT *  FROM course_batch
                                WHERE course_id = homepage_assets')
 4 SYSTEMPATH/CodeIgniter.php(943): App\Controllers\HomepageController->Course_details_view('homepage_assets', 'img', 'favicon.png')
 5 SYSTEMPATH/CodeIgniter.php(503): CodeIgniter\CodeIgniter->runController(Object(App\Controllers\HomepageController))
 6 SYSTEMPATH/CodeIgniter.php(361): CodeIgniter\CodeIgniter->handleRequest(null, Object(Config\Cache), false)
 7 FCPATH/index.php(79): CodeIgniter\CodeIgniter->run()
CRITICAL - 2025-02-20 15:26:02 --> [Caused by] mysqli_sql_exception: Unknown column 'homepage_assets' in 'where clause'
in SYSTEMPATH/Database/MySQLi/Connection.php on line 306.
 1 SYSTEMPATH/Database/MySQLi/Connection.php(306): mysqli->query(' SELECT *  FROM course_batch
                                WHERE course_id = homepage_assets', 0)
 2 SYSTEMPATH/Database/BaseConnection.php(693): CodeIgniter\Database\MySQLi\Connection->execute(' SELECT *  FROM course_batch
                                WHERE course_id = homepage_assets')
 3 SYSTEMPATH/Database/BaseConnection.php(607): CodeIgniter\Database\BaseConnection->simpleQuery(' SELECT *  FROM course_batch
                                WHERE course_id = homepage_assets')
 4 APPPATH/Controllers/HomepageController.php(135): CodeIgniter\Database\BaseConnection->query(' SELECT *  FROM course_batch
                                WHERE course_id = homepage_assets')
 5 SYSTEMPATH/CodeIgniter.php(943): App\Controllers\HomepageController->Course_details_view('homepage_assets', 'img', 'favicon.png')
 6 SYSTEMPATH/CodeIgniter.php(503): CodeIgniter\CodeIgniter->runController(Object(App\Controllers\HomepageController))
 7 SYSTEMPATH/CodeIgniter.php(361): CodeIgniter\CodeIgniter->handleRequest(null, Object(Config\Cache), false)
 8 FCPATH/index.php(79): CodeIgniter\CodeIgniter->run()
INFO - 2025-02-20 15:26:05 --> Session: Class initialized using 'CodeIgniter\Session\Handlers\FileHandler' driver.
INFO - 2025-02-20 15:26:08 --> Session: Class initialized using 'CodeIgniter\Session\Handlers\FileHandler' driver.
ERROR - 2025-02-20 15:26:08 --> mysqli_sql_exception: Unknown column 'homepage_assets' in 'where clause' in /var/www/html/vendor/codeigniter4/framework/system/Database/MySQLi/Connection.php:306
Stack trace:
#0 /var/www/html/vendor/codeigniter4/framework/system/Database/MySQLi/Connection.php(306): mysqli->query(' SELECT *  FROM...', 0)
#1 /var/www/html/vendor/codeigniter4/framework/system/Database/BaseConnection.php(693): CodeIgniter\Database\MySQLi\Connection->execute(' SELECT *  FROM...')
#2 /var/www/html/vendor/codeigniter4/framework/system/Database/BaseConnection.php(607): CodeIgniter\Database\BaseConnection->simpleQuery(' SELECT *  FROM...')
#3 /var/www/html/app/Controllers/HomepageController.php(135): CodeIgniter\Database\BaseConnection->query(' SELECT *  FROM...')
#4 /var/www/html/vendor/codeigniter4/framework/system/CodeIgniter.php(943): App\Controllers\HomepageController->Course_details_view('homepage_assets', 'img', 'favicon.png')
#5 /var/www/html/vendor/codeigniter4/framework/system/CodeIgniter.php(503): CodeIgniter\CodeIgniter->runController(Object(App\Controllers\HomepageController))
#6 /var/www/html/vendor/codeigniter4/framework/system/CodeIgniter.php(361): CodeIgniter\CodeIgniter->handleRequest(NULL, Object(Config\Cache), false)
#7 /var/www/html/index.php(79): CodeIgniter\CodeIgniter->run()
#8 {main}
CRITICAL - 2025-02-20 15:26:08 --> CodeIgniter\Database\Exceptions\DatabaseException: Unknown column 'homepage_assets' in 'where clause'
in SYSTEMPATH/Database/BaseConnection.php on line 647.
 1 APPPATH/Controllers/HomepageController.php(135): CodeIgniter\Database\BaseConnection->query(' SELECT *  FROM course_batch
                                WHERE course_id = homepage_assets')
 2 SYSTEMPATH/CodeIgniter.php(943): App\Controllers\HomepageController->Course_details_view('homepage_assets', 'img', 'favicon.png')
 3 SYSTEMPATH/CodeIgniter.php(503): CodeIgniter\CodeIgniter->runController(Object(App\Controllers\HomepageController))
 4 SYSTEMPATH/CodeIgniter.php(361): CodeIgniter\CodeIgniter->handleRequest(null, Object(Config\Cache), false)
 5 FCPATH/index.php(79): CodeIgniter\CodeIgniter->run()
CRITICAL - 2025-02-20 15:26:08 --> [Caused by] CodeIgniter\Database\Exceptions\DatabaseException: Unknown column 'homepage_assets' in 'where clause'
in SYSTEMPATH/Database/MySQLi/Connection.php on line 311.
 1 SYSTEMPATH/Database/BaseConnection.php(693): CodeIgniter\Database\MySQLi\Connection->execute(' SELECT *  FROM course_batch
                                WHERE course_id = homepage_assets')
 2 SYSTEMPATH/Database/BaseConnection.php(607): CodeIgniter\Database\BaseConnection->simpleQuery(' SELECT *  FROM course_batch
                                WHERE course_id = homepage_assets')
 3 APPPATH/Controllers/HomepageController.php(135): CodeIgniter\Database\BaseConnection->query(' SELECT *  FROM course_batch
                                WHERE course_id = homepage_assets')
 4 SYSTEMPATH/CodeIgniter.php(943): App\Controllers\HomepageController->Course_details_view('homepage_assets', 'img', 'favicon.png')
 5 SYSTEMPATH/CodeIgniter.php(503): CodeIgniter\CodeIgniter->runController(Object(App\Controllers\HomepageController))
 6 SYSTEMPATH/CodeIgniter.php(361): CodeIgniter\CodeIgniter->handleRequest(null, Object(Config\Cache), false)
 7 FCPATH/index.php(79): CodeIgniter\CodeIgniter->run()
CRITICAL - 2025-02-20 15:26:08 --> [Caused by] mysqli_sql_exception: Unknown column 'homepage_assets' in 'where clause'
in SYSTEMPATH/Database/MySQLi/Connection.php on line 306.
 1 SYSTEMPATH/Database/MySQLi/Connection.php(306): mysqli->query(' SELECT *  FROM course_batch
                                WHERE course_id = homepage_assets', 0)
 2 SYSTEMPATH/Database/BaseConnection.php(693): CodeIgniter\Database\MySQLi\Connection->execute(' SELECT *  FROM course_batch
                                WHERE course_id = homepage_assets')
 3 SYSTEMPATH/Database/BaseConnection.php(607): CodeIgniter\Database\BaseConnection->simpleQuery(' SELECT *  FROM course_batch
                                WHERE course_id = homepage_assets')
 4 APPPATH/Controllers/HomepageController.php(135): CodeIgniter\Database\BaseConnection->query(' SELECT *  FROM course_batch
                                WHERE course_id = homepage_assets')
 5 SYSTEMPATH/CodeIgniter.php(943): App\Controllers\HomepageController->Course_details_view('homepage_assets', 'img', 'favicon.png')
 6 SYSTEMPATH/CodeIgniter.php(503): CodeIgniter\CodeIgniter->runController(Object(App\Controllers\HomepageController))
 7 SYSTEMPATH/CodeIgniter.php(361): CodeIgniter\CodeIgniter->handleRequest(null, Object(Config\Cache), false)
 8 FCPATH/index.php(79): CodeIgniter\CodeIgniter->run()
INFO - 2025-02-20 15:26:56 --> Session: Class initialized using 'CodeIgniter\Session\Handlers\FileHandler' driver.
ERROR - 2025-02-20 15:26:56 --> mysqli_sql_exception: Unknown column 'homepage_assets' in 'where clause' in /var/www/html/vendor/codeigniter4/framework/system/Database/MySQLi/Connection.php:306
Stack trace:
#0 /var/www/html/vendor/codeigniter4/framework/system/Database/MySQLi/Connection.php(306): mysqli->query(' SELECT *  FROM...', 0)
#1 /var/www/html/vendor/codeigniter4/framework/system/Database/BaseConnection.php(693): CodeIgniter\Database\MySQLi\Connection->execute(' SELECT *  FROM...')
#2 /var/www/html/vendor/codeigniter4/framework/system/Database/BaseConnection.php(607): CodeIgniter\Database\BaseConnection->simpleQuery(' SELECT *  FROM...')
#3 /var/www/html/app/Controllers/HomepageController.php(135): CodeIgniter\Database\BaseConnection->query(' SELECT *  FROM...')
#4 /var/www/html/vendor/codeigniter4/framework/system/CodeIgniter.php(943): App\Controllers\HomepageController->Course_details_view('homepage_assets', 'img', 'favicon.png')
#5 /var/www/html/vendor/codeigniter4/framework/system/CodeIgniter.php(503): CodeIgniter\CodeIgniter->runController(Object(App\Controllers\HomepageController))
#6 /var/www/html/vendor/codeigniter4/framework/system/CodeIgniter.php(361): CodeIgniter\CodeIgniter->handleRequest(NULL, Object(Config\Cache), false)
#7 /var/www/html/index.php(79): CodeIgniter\CodeIgniter->run()
#8 {main}
CRITICAL - 2025-02-20 15:26:56 --> CodeIgniter\Database\Exceptions\DatabaseException: Unknown column 'homepage_assets' in 'where clause'
in SYSTEMPATH/Database/BaseConnection.php on line 647.
 1 APPPATH/Controllers/HomepageController.php(135): CodeIgniter\Database\BaseConnection->query(' SELECT *  FROM course_batch
                                WHERE course_id = homepage_assets')
 2 SYSTEMPATH/CodeIgniter.php(943): App\Controllers\HomepageController->Course_details_view('homepage_assets', 'img', 'favicon.png')
 3 SYSTEMPATH/CodeIgniter.php(503): CodeIgniter\CodeIgniter->runController(Object(App\Controllers\HomepageController))
 4 SYSTEMPATH/CodeIgniter.php(361): CodeIgniter\CodeIgniter->handleRequest(null, Object(Config\Cache), false)
 5 FCPATH/index.php(79): CodeIgniter\CodeIgniter->run()
CRITICAL - 2025-02-20 15:26:56 --> [Caused by] CodeIgniter\Database\Exceptions\DatabaseException: Unknown column 'homepage_assets' in 'where clause'
in SYSTEMPATH/Database/MySQLi/Connection.php on line 311.
 1 SYSTEMPATH/Database/BaseConnection.php(693): CodeIgniter\Database\MySQLi\Connection->execute(' SELECT *  FROM course_batch
                                WHERE course_id = homepage_assets')
 2 SYSTEMPATH/Database/BaseConnection.php(607): CodeIgniter\Database\BaseConnection->simpleQuery(' SELECT *  FROM course_batch
                                WHERE course_id = homepage_assets')
 3 APPPATH/Controllers/HomepageController.php(135): CodeIgniter\Database\BaseConnection->query(' SELECT *  FROM course_batch
                                WHERE course_id = homepage_assets')
 4 SYSTEMPATH/CodeIgniter.php(943): App\Controllers\HomepageController->Course_details_view('homepage_assets', 'img', 'favicon.png')
 5 SYSTEMPATH/CodeIgniter.php(503): CodeIgniter\CodeIgniter->runController(Object(App\Controllers\HomepageController))
 6 SYSTEMPATH/CodeIgniter.php(361): CodeIgniter\CodeIgniter->handleRequest(null, Object(Config\Cache), false)
 7 FCPATH/index.php(79): CodeIgniter\CodeIgniter->run()
CRITICAL - 2025-02-20 15:26:56 --> [Caused by] mysqli_sql_exception: Unknown column 'homepage_assets' in 'where clause'
in SYSTEMPATH/Database/MySQLi/Connection.php on line 306.
 1 SYSTEMPATH/Database/MySQLi/Connection.php(306): mysqli->query(' SELECT *  FROM course_batch
                                WHERE course_id = homepage_assets', 0)
 2 SYSTEMPATH/Database/BaseConnection.php(693): CodeIgniter\Database\MySQLi\Connection->execute(' SELECT *  FROM course_batch
                                WHERE course_id = homepage_assets')
 3 SYSTEMPATH/Database/BaseConnection.php(607): CodeIgniter\Database\BaseConnection->simpleQuery(' SELECT *  FROM course_batch
                                WHERE course_id = homepage_assets')
 4 APPPATH/Controllers/HomepageController.php(135): CodeIgniter\Database\BaseConnection->query(' SELECT *  FROM course_batch
                                WHERE course_id = homepage_assets')
 5 SYSTEMPATH/CodeIgniter.php(943): App\Controllers\HomepageController->Course_details_view('homepage_assets', 'img', 'favicon.png')
 6 SYSTEMPATH/CodeIgniter.php(503): CodeIgniter\CodeIgniter->runController(Object(App\Controllers\HomepageController))
 7 SYSTEMPATH/CodeIgniter.php(361): CodeIgniter\CodeIgniter->handleRequest(null, Object(Config\Cache), false)
 8 FCPATH/index.php(79): CodeIgniter\CodeIgniter->run()
INFO - 2025-02-20 15:27:34 --> Session: Class initialized using 'CodeIgniter\Session\Handlers\FileHandler' driver.
ERROR - 2025-02-20 15:27:34 --> mysqli_sql_exception: Unknown column 'homepage_assets' in 'where clause' in /var/www/html/vendor/codeigniter4/framework/system/Database/MySQLi/Connection.php:306
Stack trace:
#0 /var/www/html/vendor/codeigniter4/framework/system/Database/MySQLi/Connection.php(306): mysqli->query(' SELECT *  FROM...', 0)
#1 /var/www/html/vendor/codeigniter4/framework/system/Database/BaseConnection.php(693): CodeIgniter\Database\MySQLi\Connection->execute(' SELECT *  FROM...')
#2 /var/www/html/vendor/codeigniter4/framework/system/Database/BaseConnection.php(607): CodeIgniter\Database\BaseConnection->simpleQuery(' SELECT *  FROM...')
#3 /var/www/html/app/Controllers/HomepageController.php(135): CodeIgniter\Database\BaseConnection->query(' SELECT *  FROM...')
#4 /var/www/html/vendor/codeigniter4/framework/system/CodeIgniter.php(943): App\Controllers\HomepageController->Course_details_view('homepage_assets', 'img', 'favicon.png')
#5 /var/www/html/vendor/codeigniter4/framework/system/CodeIgniter.php(503): CodeIgniter\CodeIgniter->runController(Object(App\Controllers\HomepageController))
#6 /var/www/html/vendor/codeigniter4/framework/system/CodeIgniter.php(361): CodeIgniter\CodeIgniter->handleRequest(NULL, Object(Config\Cache), false)
#7 /var/www/html/index.php(79): CodeIgniter\CodeIgniter->run()
#8 {main}
CRITICAL - 2025-02-20 15:27:34 --> CodeIgniter\Database\Exceptions\DatabaseException: Unknown column 'homepage_assets' in 'where clause'
in SYSTEMPATH/Database/BaseConnection.php on line 647.
 1 APPPATH/Controllers/HomepageController.php(135): CodeIgniter\Database\BaseConnection->query(' SELECT *  FROM course_batch
                                WHERE course_id = homepage_assets')
 2 SYSTEMPATH/CodeIgniter.php(943): App\Controllers\HomepageController->Course_details_view('homepage_assets', 'img', 'favicon.png')
 3 SYSTEMPATH/CodeIgniter.php(503): CodeIgniter\CodeIgniter->runController(Object(App\Controllers\HomepageController))
 4 SYSTEMPATH/CodeIgniter.php(361): CodeIgniter\CodeIgniter->handleRequest(null, Object(Config\Cache), false)
 5 FCPATH/index.php(79): CodeIgniter\CodeIgniter->run()
CRITICAL - 2025-02-20 15:27:34 --> [Caused by] CodeIgniter\Database\Exceptions\DatabaseException: Unknown column 'homepage_assets' in 'where clause'
in SYSTEMPATH/Database/MySQLi/Connection.php on line 311.
 1 SYSTEMPATH/Database/BaseConnection.php(693): CodeIgniter\Database\MySQLi\Connection->execute(' SELECT *  FROM course_batch
                                WHERE course_id = homepage_assets')
 2 SYSTEMPATH/Database/BaseConnection.php(607): CodeIgniter\Database\BaseConnection->simpleQuery(' SELECT *  FROM course_batch
                                WHERE course_id = homepage_assets')
 3 APPPATH/Controllers/HomepageController.php(135): CodeIgniter\Database\BaseConnection->query(' SELECT *  FROM course_batch
                                WHERE course_id = homepage_assets')
 4 SYSTEMPATH/CodeIgniter.php(943): App\Controllers\HomepageController->Course_details_view('homepage_assets', 'img', 'favicon.png')
 5 SYSTEMPATH/CodeIgniter.php(503): CodeIgniter\CodeIgniter->runController(Object(App\Controllers\HomepageController))
 6 SYSTEMPATH/CodeIgniter.php(361): CodeIgniter\CodeIgniter->handleRequest(null, Object(Config\Cache), false)
 7 FCPATH/index.php(79): CodeIgniter\CodeIgniter->run()
CRITICAL - 2025-02-20 15:27:34 --> [Caused by] mysqli_sql_exception: Unknown column 'homepage_assets' in 'where clause'
in SYSTEMPATH/Database/MySQLi/Connection.php on line 306.
 1 SYSTEMPATH/Database/MySQLi/Connection.php(306): mysqli->query(' SELECT *  FROM course_batch
                                WHERE course_id = homepage_assets', 0)
 2 SYSTEMPATH/Database/BaseConnection.php(693): CodeIgniter\Database\MySQLi\Connection->execute(' SELECT *  FROM course_batch
                                WHERE course_id = homepage_assets')
 3 SYSTEMPATH/Database/BaseConnection.php(607): CodeIgniter\Database\BaseConnection->simpleQuery(' SELECT *  FROM course_batch
                                WHERE course_id = homepage_assets')
 4 APPPATH/Controllers/HomepageController.php(135): CodeIgniter\Database\BaseConnection->query(' SELECT *  FROM course_batch
                                WHERE course_id = homepage_assets')
 5 SYSTEMPATH/CodeIgniter.php(943): App\Controllers\HomepageController->Course_details_view('homepage_assets', 'img', 'favicon.png')
 6 SYSTEMPATH/CodeIgniter.php(503): CodeIgniter\CodeIgniter->runController(Object(App\Controllers\HomepageController))
 7 SYSTEMPATH/CodeIgniter.php(361): CodeIgniter\CodeIgniter->handleRequest(null, Object(Config\Cache), false)
 8 FCPATH/index.php(79): CodeIgniter\CodeIgniter->run()
INFO - 2025-02-20 15:36:31 --> Session: Class initialized using 'CodeIgniter\Session\Handlers\FileHandler' driver.
INFO - 2025-02-20 15:39:33 --> Session: Class initialized using 'CodeIgniter\Session\Handlers\FileHandler' driver.
INFO - 2025-02-20 16:14:21 --> Session: Class initialized using 'CodeIgniter\Session\Handlers\FileHandler' driver.
INFO - 2025-02-20 16:19:33 --> Session: Class initialized using 'CodeIgniter\Session\Handlers\FileHandler' driver.
INFO - 2025-02-20 16:21:04 --> Session: Class initialized using 'CodeIgniter\Session\Handlers\FileHandler' driver.
INFO - 2025-02-20 16:26:37 --> Session: Class initialized using 'CodeIgniter\Session\Handlers\FileHandler' driver.
INFO - 2025-02-20 16:36:01 --> Session: Class initialized using 'CodeIgniter\Session\Handlers\FileHandler' driver.
INFO - 2025-02-20 16:36:11 --> Session: Class initialized using 'CodeIgniter\Session\Handlers\FileHandler' driver.
INFO - 2025-02-20 16:39:32 --> Session: Class initialized using 'CodeIgniter\Session\Handlers\FileHandler' driver.
INFO - 2025-02-20 16:39:32 --> Session: Class initialized using 'CodeIgniter\Session\Handlers\FileHandler' driver.
INFO - 2025-02-20 16:40:12 --> Session: Class initialized using 'CodeIgniter\Session\Handlers\FileHandler' driver.
INFO - 2025-02-20 16:53:43 --> Session: Class initialized using 'CodeIgniter\Session\Handlers\FileHandler' driver.
INFO - 2025-02-20 17:07:05 --> Session: Class initialized using 'CodeIgniter\Session\Handlers\FileHandler' driver.
INFO - 2025-02-20 17:07:09 --> Session: Class initialized using 'CodeIgniter\Session\Handlers\FileHandler' driver.
ERROR - 2025-02-20 17:07:09 --> mysqli_sql_exception: Unknown column 'homepage_assets' in 'where clause' in /var/www/html/vendor/codeigniter4/framework/system/Database/MySQLi/Connection.php:306
Stack trace:
#0 /var/www/html/vendor/codeigniter4/framework/system/Database/MySQLi/Connection.php(306): mysqli->query(' SELECT *  FROM...', 0)
#1 /var/www/html/vendor/codeigniter4/framework/system/Database/BaseConnection.php(693): CodeIgniter\Database\MySQLi\Connection->execute(' SELECT *  FROM...')
#2 /var/www/html/vendor/codeigniter4/framework/system/Database/BaseConnection.php(607): CodeIgniter\Database\BaseConnection->simpleQuery(' SELECT *  FROM...')
#3 /var/www/html/app/Controllers/HomepageController.php(135): CodeIgniter\Database\BaseConnection->query(' SELECT *  FROM...')
#4 /var/www/html/vendor/codeigniter4/framework/system/CodeIgniter.php(943): App\Controllers\HomepageController->Course_details_view('homepage_assets', 'img', 'favicon.png')
#5 /var/www/html/vendor/codeigniter4/framework/system/CodeIgniter.php(503): CodeIgniter\CodeIgniter->runController(Object(App\Controllers\HomepageController))
#6 /var/www/html/vendor/codeigniter4/framework/system/CodeIgniter.php(361): CodeIgniter\CodeIgniter->handleRequest(NULL, Object(Config\Cache), false)
#7 /var/www/html/index.php(79): CodeIgniter\CodeIgniter->run()
#8 {main}
CRITICAL - 2025-02-20 17:07:09 --> CodeIgniter\Database\Exceptions\DatabaseException: Unknown column 'homepage_assets' in 'where clause'
in SYSTEMPATH/Database/BaseConnection.php on line 647.
 1 APPPATH/Controllers/HomepageController.php(135): CodeIgniter\Database\BaseConnection->query(' SELECT *  FROM course_batch
                                WHERE course_id = homepage_assets')
 2 SYSTEMPATH/CodeIgniter.php(943): App\Controllers\HomepageController->Course_details_view('homepage_assets', 'img', 'favicon.png')
 3 SYSTEMPATH/CodeIgniter.php(503): CodeIgniter\CodeIgniter->runController(Object(App\Controllers\HomepageController))
 4 SYSTEMPATH/CodeIgniter.php(361): CodeIgniter\CodeIgniter->handleRequest(null, Object(Config\Cache), false)
 5 FCPATH/index.php(79): CodeIgniter\CodeIgniter->run()
CRITICAL - 2025-02-20 17:07:09 --> [Caused by] CodeIgniter\Database\Exceptions\DatabaseException: Unknown column 'homepage_assets' in 'where clause'
in SYSTEMPATH/Database/MySQLi/Connection.php on line 311.
 1 SYSTEMPATH/Database/BaseConnection.php(693): CodeIgniter\Database\MySQLi\Connection->execute(' SELECT *  FROM course_batch
                                WHERE course_id = homepage_assets')
 2 SYSTEMPATH/Database/BaseConnection.php(607): CodeIgniter\Database\BaseConnection->simpleQuery(' SELECT *  FROM course_batch
                                WHERE course_id = homepage_assets')
 3 APPPATH/Controllers/HomepageController.php(135): CodeIgniter\Database\BaseConnection->query(' SELECT *  FROM course_batch
                                WHERE course_id = homepage_assets')
 4 SYSTEMPATH/CodeIgniter.php(943): App\Controllers\HomepageController->Course_details_view('homepage_assets', 'img', 'favicon.png')
 5 SYSTEMPATH/CodeIgniter.php(503): CodeIgniter\CodeIgniter->runController(Object(App\Controllers\HomepageController))
 6 SYSTEMPATH/CodeIgniter.php(361): CodeIgniter\CodeIgniter->handleRequest(null, Object(Config\Cache), false)
 7 FCPATH/index.php(79): CodeIgniter\CodeIgniter->run()
CRITICAL - 2025-02-20 17:07:09 --> [Caused by] mysqli_sql_exception: Unknown column 'homepage_assets' in 'where clause'
in SYSTEMPATH/Database/MySQLi/Connection.php on line 306.
 1 SYSTEMPATH/Database/MySQLi/Connection.php(306): mysqli->query(' SELECT *  FROM course_batch
                                WHERE course_id = homepage_assets', 0)
 2 SYSTEMPATH/Database/BaseConnection.php(693): CodeIgniter\Database\MySQLi\Connection->execute(' SELECT *  FROM course_batch
                                WHERE course_id = homepage_assets')
 3 SYSTEMPATH/Database/BaseConnection.php(607): CodeIgniter\Database\BaseConnection->simpleQuery(' SELECT *  FROM course_batch
                                WHERE course_id = homepage_assets')
 4 APPPATH/Controllers/HomepageController.php(135): CodeIgniter\Database\BaseConnection->query(' SELECT *  FROM course_batch
                                WHERE course_id = homepage_assets')
 5 SYSTEMPATH/CodeIgniter.php(943): App\Controllers\HomepageController->Course_details_view('homepage_assets', 'img', 'favicon.png')
 6 SYSTEMPATH/CodeIgniter.php(503): CodeIgniter\CodeIgniter->runController(Object(App\Controllers\HomepageController))
 7 SYSTEMPATH/CodeIgniter.php(361): CodeIgniter\CodeIgniter->handleRequest(null, Object(Config\Cache), false)
 8 FCPATH/index.php(79): CodeIgniter\CodeIgniter->run()
INFO - 2025-02-20 17:13:14 --> Session: Class initialized using 'CodeIgniter\Session\Handlers\FileHandler' driver.
INFO - 2025-02-20 17:43:43 --> Session: Class initialized using 'CodeIgniter\Session\Handlers\FileHandler' driver.
INFO - 2025-02-20 18:00:00 --> Session: Class initialized using 'CodeIgniter\Session\Handlers\FileHandler' driver.
INFO - 2025-02-20 18:00:03 --> Session: Class initialized using 'CodeIgniter\Session\Handlers\FileHandler' driver.
INFO - 2025-02-20 18:00:12 --> Session: Class initialized using 'CodeIgniter\Session\Handlers\FileHandler' driver.
INFO - 2025-02-20 18:38:38 --> Session: Class initialized using 'CodeIgniter\Session\Handlers\FileHandler' driver.
INFO - 2025-02-20 19:04:29 --> Session: Class initialized using 'CodeIgniter\Session\Handlers\FileHandler' driver.
INFO - 2025-02-20 19:06:15 --> Session: Class initialized using 'CodeIgniter\Session\Handlers\FileHandler' driver.
INFO - 2025-02-20 19:06:15 --> Session: Class initialized using 'CodeIgniter\Session\Handlers\FileHandler' driver.
INFO - 2025-02-20 19:06:16 --> Session: Class initialized using 'CodeIgniter\Session\Handlers\FileHandler' driver.
ERROR - 2025-02-20 19:06:16 --> mysqli_sql_exception: Unknown column 'homepage_assets' in 'where clause' in /var/www/html/vendor/codeigniter4/framework/system/Database/MySQLi/Connection.php:306
Stack trace:
#0 /var/www/html/vendor/codeigniter4/framework/system/Database/MySQLi/Connection.php(306): mysqli->query(' SELECT *  FROM...', 0)
#1 /var/www/html/vendor/codeigniter4/framework/system/Database/BaseConnection.php(693): CodeIgniter\Database\MySQLi\Connection->execute(' SELECT *  FROM...')
#2 /var/www/html/vendor/codeigniter4/framework/system/Database/BaseConnection.php(607): CodeIgniter\Database\BaseConnection->simpleQuery(' SELECT *  FROM...')
#3 /var/www/html/app/Controllers/HomepageController.php(135): CodeIgniter\Database\BaseConnection->query(' SELECT *  FROM...')
#4 /var/www/html/vendor/codeigniter4/framework/system/CodeIgniter.php(943): App\Controllers\HomepageController->Course_details_view('homepage_assets', 'img', 'logo.png')
#5 /var/www/html/vendor/codeigniter4/framework/system/CodeIgniter.php(503): CodeIgniter\CodeIgniter->runController(Object(App\Controllers\HomepageController))
#6 /var/www/html/vendor/codeigniter4/framework/system/CodeIgniter.php(361): CodeIgniter\CodeIgniter->handleRequest(NULL, Object(Config\Cache), false)
#7 /var/www/html/index.php(79): CodeIgniter\CodeIgniter->run()
#8 {main}
CRITICAL - 2025-02-20 19:06:16 --> CodeIgniter\Database\Exceptions\DatabaseException: Unknown column 'homepage_assets' in 'where clause'
in SYSTEMPATH/Database/BaseConnection.php on line 647.
 1 APPPATH/Controllers/HomepageController.php(135): CodeIgniter\Database\BaseConnection->query(' SELECT *  FROM course_batch
                                WHERE course_id = homepage_assets')
 2 SYSTEMPATH/CodeIgniter.php(943): App\Controllers\HomepageController->Course_details_view('homepage_assets', 'img', 'logo.png')
 3 SYSTEMPATH/CodeIgniter.php(503): CodeIgniter\CodeIgniter->runController(Object(App\Controllers\HomepageController))
 4 SYSTEMPATH/CodeIgniter.php(361): CodeIgniter\CodeIgniter->handleRequest(null, Object(Config\Cache), false)
 5 FCPATH/index.php(79): CodeIgniter\CodeIgniter->run()
CRITICAL - 2025-02-20 19:06:16 --> [Caused by] CodeIgniter\Database\Exceptions\DatabaseException: Unknown column 'homepage_assets' in 'where clause'
in SYSTEMPATH/Database/MySQLi/Connection.php on line 311.
 1 SYSTEMPATH/Database/BaseConnection.php(693): CodeIgniter\Database\MySQLi\Connection->execute(' SELECT *  FROM course_batch
                                WHERE course_id = homepage_assets')
 2 SYSTEMPATH/Database/BaseConnection.php(607): CodeIgniter\Database\BaseConnection->simpleQuery(' SELECT *  FROM course_batch
                                WHERE course_id = homepage_assets')
 3 APPPATH/Controllers/HomepageController.php(135): CodeIgniter\Database\BaseConnection->query(' SELECT *  FROM course_batch
                                WHERE course_id = homepage_assets')
 4 SYSTEMPATH/CodeIgniter.php(943): App\Controllers\HomepageController->Course_details_view('homepage_assets', 'img', 'logo.png')
 5 SYSTEMPATH/CodeIgniter.php(503): CodeIgniter\CodeIgniter->runController(Object(App\Controllers\HomepageController))
 6 SYSTEMPATH/CodeIgniter.php(361): CodeIgniter\CodeIgniter->handleRequest(null, Object(Config\Cache), false)
 7 FCPATH/index.php(79): CodeIgniter\CodeIgniter->run()
CRITICAL - 2025-02-20 19:06:16 --> [Caused by] mysqli_sql_exception: Unknown column 'homepage_assets' in 'where clause'
in SYSTEMPATH/Database/MySQLi/Connection.php on line 306.
 1 SYSTEMPATH/Database/MySQLi/Connection.php(306): mysqli->query(' SELECT *  FROM course_batch
                                WHERE course_id = homepage_assets', 0)
 2 SYSTEMPATH/Database/BaseConnection.php(693): CodeIgniter\Database\MySQLi\Connection->execute(' SELECT *  FROM course_batch
                                WHERE course_id = homepage_assets')
 3 SYSTEMPATH/Database/BaseConnection.php(607): CodeIgniter\Database\BaseConnection->simpleQuery(' SELECT *  FROM course_batch
                                WHERE course_id = homepage_assets')
 4 APPPATH/Controllers/HomepageController.php(135): CodeIgniter\Database\BaseConnection->query(' SELECT *  FROM course_batch
                                WHERE course_id = homepage_assets')
 5 SYSTEMPATH/CodeIgniter.php(943): App\Controllers\HomepageController->Course_details_view('homepage_assets', 'img', 'logo.png')
 6 SYSTEMPATH/CodeIgniter.php(503): CodeIgniter\CodeIgniter->runController(Object(App\Controllers\HomepageController))
 7 SYSTEMPATH/CodeIgniter.php(361): CodeIgniter\CodeIgniter->handleRequest(null, Object(Config\Cache), false)
 8 FCPATH/index.php(79): CodeIgniter\CodeIgniter->run()
INFO - 2025-02-20 19:06:47 --> Session: Class initialized using 'CodeIgniter\Session\Handlers\FileHandler' driver.
INFO - 2025-02-20 19:07:00 --> Session: Class initialized using 'CodeIgniter\Session\Handlers\FileHandler' driver.
INFO - 2025-02-20 19:07:02 --> Session: Class initialized using 'CodeIgniter\Session\Handlers\FileHandler' driver.
ERROR - 2025-02-20 19:07:02 --> mysqli_sql_exception: Unknown column 'homepage_assets' in 'where clause' in /var/www/html/vendor/codeigniter4/framework/system/Database/MySQLi/Connection.php:306
Stack trace:
#0 /var/www/html/vendor/codeigniter4/framework/system/Database/MySQLi/Connection.php(306): mysqli->query(' SELECT *  FROM...', 0)
#1 /var/www/html/vendor/codeigniter4/framework/system/Database/BaseConnection.php(693): CodeIgniter\Database\MySQLi\Connection->execute(' SELECT *  FROM...')
#2 /var/www/html/vendor/codeigniter4/framework/system/Database/BaseConnection.php(607): CodeIgniter\Database\BaseConnection->simpleQuery(' SELECT *  FROM...')
#3 /var/www/html/app/Controllers/HomepageController.php(135): CodeIgniter\Database\BaseConnection->query(' SELECT *  FROM...')
#4 /var/www/html/vendor/codeigniter4/framework/system/CodeIgniter.php(943): App\Controllers\HomepageController->Course_details_view('homepage_assets', 'img', 'favicon.png')
#5 /var/www/html/vendor/codeigniter4/framework/system/CodeIgniter.php(503): CodeIgniter\CodeIgniter->runController(Object(App\Controllers\HomepageController))
#6 /var/www/html/vendor/codeigniter4/framework/system/CodeIgniter.php(361): CodeIgniter\CodeIgniter->handleRequest(NULL, Object(Config\Cache), false)
#7 /var/www/html/index.php(79): CodeIgniter\CodeIgniter->run()
#8 {main}
CRITICAL - 2025-02-20 19:07:02 --> CodeIgniter\Database\Exceptions\DatabaseException: Unknown column 'homepage_assets' in 'where clause'
in SYSTEMPATH/Database/BaseConnection.php on line 647.
 1 APPPATH/Controllers/HomepageController.php(135): CodeIgniter\Database\BaseConnection->query(' SELECT *  FROM course_batch
                                WHERE course_id = homepage_assets')
 2 SYSTEMPATH/CodeIgniter.php(943): App\Controllers\HomepageController->Course_details_view('homepage_assets', 'img', 'favicon.png')
 3 SYSTEMPATH/CodeIgniter.php(503): CodeIgniter\CodeIgniter->runController(Object(App\Controllers\HomepageController))
 4 SYSTEMPATH/CodeIgniter.php(361): CodeIgniter\CodeIgniter->handleRequest(null, Object(Config\Cache), false)
 5 FCPATH/index.php(79): CodeIgniter\CodeIgniter->run()
CRITICAL - 2025-02-20 19:07:02 --> [Caused by] CodeIgniter\Database\Exceptions\DatabaseException: Unknown column 'homepage_assets' in 'where clause'
in SYSTEMPATH/Database/MySQLi/Connection.php on line 311.
 1 SYSTEMPATH/Database/BaseConnection.php(693): CodeIgniter\Database\MySQLi\Connection->execute(' SELECT *  FROM course_batch
                                WHERE course_id = homepage_assets')
 2 SYSTEMPATH/Database/BaseConnection.php(607): CodeIgniter\Database\BaseConnection->simpleQuery(' SELECT *  FROM course_batch
                                WHERE course_id = homepage_assets')
 3 APPPATH/Controllers/HomepageController.php(135): CodeIgniter\Database\BaseConnection->query(' SELECT *  FROM course_batch
                                WHERE course_id = homepage_assets')
 4 SYSTEMPATH/CodeIgniter.php(943): App\Controllers\HomepageController->Course_details_view('homepage_assets', 'img', 'favicon.png')
 5 SYSTEMPATH/CodeIgniter.php(503): CodeIgniter\CodeIgniter->runController(Object(App\Controllers\HomepageController))
 6 SYSTEMPATH/CodeIgniter.php(361): CodeIgniter\CodeIgniter->handleRequest(null, Object(Config\Cache), false)
 7 FCPATH/index.php(79): CodeIgniter\CodeIgniter->run()
CRITICAL - 2025-02-20 19:07:02 --> [Caused by] mysqli_sql_exception: Unknown column 'homepage_assets' in 'where clause'
in SYSTEMPATH/Database/MySQLi/Connection.php on line 306.
 1 SYSTEMPATH/Database/MySQLi/Connection.php(306): mysqli->query(' SELECT *  FROM course_batch
                                WHERE course_id = homepage_assets', 0)
 2 SYSTEMPATH/Database/BaseConnection.php(693): CodeIgniter\Database\MySQLi\Connection->execute(' SELECT *  FROM course_batch
                                WHERE course_id = homepage_assets')
 3 SYSTEMPATH/Database/BaseConnection.php(607): CodeIgniter\Database\BaseConnection->simpleQuery(' SELECT *  FROM course_batch
                                WHERE course_id = homepage_assets')
 4 APPPATH/Controllers/HomepageController.php(135): CodeIgniter\Database\BaseConnection->query(' SELECT *  FROM course_batch
                                WHERE course_id = homepage_assets')
 5 SYSTEMPATH/CodeIgniter.php(943): App\Controllers\HomepageController->Course_details_view('homepage_assets', 'img', 'favicon.png')
 6 SYSTEMPATH/CodeIgniter.php(503): CodeIgniter\CodeIgniter->runController(Object(App\Controllers\HomepageController))
 7 SYSTEMPATH/CodeIgniter.php(361): CodeIgniter\CodeIgniter->handleRequest(null, Object(Config\Cache), false)
 8 FCPATH/index.php(79): CodeIgniter\CodeIgniter->run()
INFO - 2025-02-20 19:07:02 --> Session: Class initialized using 'CodeIgniter\Session\Handlers\FileHandler' driver.
ERROR - 2025-02-20 19:07:02 --> mysqli_sql_exception: Unknown column 'homepage_assets' in 'where clause' in /var/www/html/vendor/codeigniter4/framework/system/Database/MySQLi/Connection.php:306
Stack trace:
#0 /var/www/html/vendor/codeigniter4/framework/system/Database/MySQLi/Connection.php(306): mysqli->query(' SELECT *  FROM...', 0)
#1 /var/www/html/vendor/codeigniter4/framework/system/Database/BaseConnection.php(693): CodeIgniter\Database\MySQLi\Connection->execute(' SELECT *  FROM...')
#2 /var/www/html/vendor/codeigniter4/framework/system/Database/BaseConnection.php(607): CodeIgniter\Database\BaseConnection->simpleQuery(' SELECT *  FROM...')
#3 /var/www/html/app/Controllers/HomepageController.php(135): CodeIgniter\Database\BaseConnection->query(' SELECT *  FROM...')
#4 /var/www/html/vendor/codeigniter4/framework/system/CodeIgniter.php(943): App\Controllers\HomepageController->Course_details_view('homepage_assets', 'img', 'apple-touch-ico...')
#5 /var/www/html/vendor/codeigniter4/framework/system/CodeIgniter.php(503): CodeIgniter\CodeIgniter->runController(Object(App\Controllers\HomepageController))
#6 /var/www/html/vendor/codeigniter4/framework/system/CodeIgniter.php(361): CodeIgniter\CodeIgniter->handleRequest(NULL, Object(Config\Cache), false)
#7 /var/www/html/index.php(79): CodeIgniter\CodeIgniter->run()
#8 {main}
CRITICAL - 2025-02-20 19:07:02 --> CodeIgniter\Database\Exceptions\DatabaseException: Unknown column 'homepage_assets' in 'where clause'
in SYSTEMPATH/Database/BaseConnection.php on line 647.
 1 APPPATH/Controllers/HomepageController.php(135): CodeIgniter\Database\BaseConnection->query(' SELECT *  FROM course_batch
                                WHERE course_id = homepage_assets')
 2 SYSTEMPATH/CodeIgniter.php(943): App\Controllers\HomepageController->Course_details_view('homepage_assets', 'img', 'apple-touch-icon.png')
 3 SYSTEMPATH/CodeIgniter.php(503): CodeIgniter\CodeIgniter->runController(Object(App\Controllers\HomepageController))
 4 SYSTEMPATH/CodeIgniter.php(361): CodeIgniter\CodeIgniter->handleRequest(null, Object(Config\Cache), false)
 5 FCPATH/index.php(79): CodeIgniter\CodeIgniter->run()
CRITICAL - 2025-02-20 19:07:02 --> [Caused by] CodeIgniter\Database\Exceptions\DatabaseException: Unknown column 'homepage_assets' in 'where clause'
in SYSTEMPATH/Database/MySQLi/Connection.php on line 311.
 1 SYSTEMPATH/Database/BaseConnection.php(693): CodeIgniter\Database\MySQLi\Connection->execute(' SELECT *  FROM course_batch
                                WHERE course_id = homepage_assets')
 2 SYSTEMPATH/Database/BaseConnection.php(607): CodeIgniter\Database\BaseConnection->simpleQuery(' SELECT *  FROM course_batch
                                WHERE course_id = homepage_assets')
 3 APPPATH/Controllers/HomepageController.php(135): CodeIgniter\Database\BaseConnection->query(' SELECT *  FROM course_batch
                                WHERE course_id = homepage_assets')
 4 SYSTEMPATH/CodeIgniter.php(943): App\Controllers\HomepageController->Course_details_view('homepage_assets', 'img', 'apple-touch-icon.png')
 5 SYSTEMPATH/CodeIgniter.php(503): CodeIgniter\CodeIgniter->runController(Object(App\Controllers\HomepageController))
 6 SYSTEMPATH/CodeIgniter.php(361): CodeIgniter\CodeIgniter->handleRequest(null, Object(Config\Cache), false)
 7 FCPATH/index.php(79): CodeIgniter\CodeIgniter->run()
CRITICAL - 2025-02-20 19:07:02 --> [Caused by] mysqli_sql_exception: Unknown column 'homepage_assets' in 'where clause'
in SYSTEMPATH/Database/MySQLi/Connection.php on line 306.
 1 SYSTEMPATH/Database/MySQLi/Connection.php(306): mysqli->query(' SELECT *  FROM course_batch
                                WHERE course_id = homepage_assets', 0)
 2 SYSTEMPATH/Database/BaseConnection.php(693): CodeIgniter\Database\MySQLi\Connection->execute(' SELECT *  FROM course_batch
                                WHERE course_id = homepage_assets')
 3 SYSTEMPATH/Database/BaseConnection.php(607): CodeIgniter\Database\BaseConnection->simpleQuery(' SELECT *  FROM course_batch
                                WHERE course_id = homepage_assets')
 4 APPPATH/Controllers/HomepageController.php(135): CodeIgniter\Database\BaseConnection->query(' SELECT *  FROM course_batch
                                WHERE course_id = homepage_assets')
 5 SYSTEMPATH/CodeIgniter.php(943): App\Controllers\HomepageController->Course_details_view('homepage_assets', 'img', 'apple-touch-icon.png')
 6 SYSTEMPATH/CodeIgniter.php(503): CodeIgniter\CodeIgniter->runController(Object(App\Controllers\HomepageController))
 7 SYSTEMPATH/CodeIgniter.php(361): CodeIgniter\CodeIgniter->handleRequest(null, Object(Config\Cache), false)
 8 FCPATH/index.php(79): CodeIgniter\CodeIgniter->run()
INFO - 2025-02-20 19:38:32 --> Session: Class initialized using 'CodeIgniter\Session\Handlers\FileHandler' driver.
INFO - 2025-02-20 19:48:16 --> Session: Class initialized using 'CodeIgniter\Session\Handlers\FileHandler' driver.
INFO - 2025-02-20 19:48:31 --> Session: Class initialized using 'CodeIgniter\Session\Handlers\FileHandler' driver.
INFO - 2025-02-20 20:41:17 --> Session: Class initialized using 'CodeIgniter\Session\Handlers\FileHandler' driver.
INFO - 2025-02-20 20:43:12 --> Session: Class initialized using 'CodeIgniter\Session\Handlers\FileHandler' driver.
CRITICAL - 2025-02-20 20:43:12 --> ErrorException: Undefined variable: course_title
in APPPATH/Views/student/course_details_left_contain.php on line 24.
 1 APPPATH/Views/student/course_details_left_contain.php(24): CodeIgniter\Debug\Exceptions->errorHandler(8, 'Undefined variable: course_title', '/var/www/html/app/Views/student/course_details_left_contain.php', 24, [...])
 2 APPPATH/Views/student/CourseDetailsView.php(67): include_once('/var/www/html/app/Views/student/course_details_left_contain.php')
 3 SYSTEMPATH/View/View.php(228): include('/var/www/html/app/Views/student/CourseDetailsView.php')
 4 SYSTEMPATH/View/View.php(231): CodeIgniter\View\View->CodeIgniter\View\{closure}()
 5 SYSTEMPATH/Common.php(1178): CodeIgniter\View\View->render('student/CourseDetailsView', [], true)
 6 APPPATH/Controllers/HomepageController.php(157): view('student/CourseDetailsView', [...])
 7 SYSTEMPATH/CodeIgniter.php(943): App\Controllers\HomepageController->Course_details_view('66')
 8 SYSTEMPATH/CodeIgniter.php(503): CodeIgniter\CodeIgniter->runController(Object(App\Controllers\HomepageController))
 9 SYSTEMPATH/CodeIgniter.php(361): CodeIgniter\CodeIgniter->handleRequest(null, Object(Config\Cache), false)
10 FCPATH/index.php(79): CodeIgniter\CodeIgniter->run()
INFO - 2025-02-20 20:43:59 --> Session: Class initialized using 'CodeIgniter\Session\Handlers\FileHandler' driver.
INFO - 2025-02-20 20:44:04 --> Session: Class initialized using 'CodeIgniter\Session\Handlers\FileHandler' driver.
INFO - 2025-02-20 20:47:02 --> Session: Class initialized using 'CodeIgniter\Session\Handlers\FileHandler' driver.
INFO - 2025-02-20 20:47:03 --> Session: Class initialized using 'CodeIgniter\Session\Handlers\FileHandler' driver.
INFO - 2025-02-20 20:47:03 --> Session: Class initialized using 'CodeIgniter\Session\Handlers\FileHandler' driver.
INFO - 2025-02-20 20:47:04 --> Session: Class initialized using 'CodeIgniter\Session\Handlers\FileHandler' driver.
INFO - 2025-02-20 20:47:04 --> Session: Class initialized using 'CodeIgniter\Session\Handlers\FileHandler' driver.
INFO - 2025-02-20 20:47:20 --> Session: Class initialized using 'CodeIgniter\Session\Handlers\FileHandler' driver.
INFO - 2025-02-20 20:47:23 --> Session: Class initialized using 'CodeIgniter\Session\Handlers\FileHandler' driver.
INFO - 2025-02-20 20:47:23 --> Session: Class initialized using 'CodeIgniter\Session\Handlers\FileHandler' driver.
INFO - 2025-02-20 20:47:25 --> Session: Class initialized using 'CodeIgniter\Session\Handlers\FileHandler' driver.
INFO - 2025-02-20 20:47:29 --> Session: Class initialized using 'CodeIgniter\Session\Handlers\FileHandler' driver.
INFO - 2025-02-20 20:47:29 --> Session: Class initialized using 'CodeIgniter\Session\Handlers\FileHandler' driver.
INFO - 2025-02-20 20:47:29 --> Session: Class initialized using 'CodeIgniter\Session\Handlers\FileHandler' driver.
CRITICAL - 2025-02-20 20:47:29 --> ErrorException: Undefined variable: course_title
in APPPATH/Views/student/course_details_left_contain.php on line 24.
 1 APPPATH/Views/student/course_details_left_contain.php(24): CodeIgniter\Debug\Exceptions->errorHandler(8, 'Undefined variable: course_title', '/var/www/html/app/Views/student/course_details_left_contain.php', 24, [...])
 2 APPPATH/Views/student/CourseDetailsView.php(67): include_once('/var/www/html/app/Views/student/course_details_left_contain.php')
 3 SYSTEMPATH/View/View.php(228): include('/var/www/html/app/Views/student/CourseDetailsView.php')
 4 SYSTEMPATH/View/View.php(231): CodeIgniter\View\View->CodeIgniter\View\{closure}()
 5 SYSTEMPATH/Common.php(1178): CodeIgniter\View\View->render('student/CourseDetailsView', [], true)
 6 APPPATH/Controllers/HomepageController.php(157): view('student/CourseDetailsView', [...])
 7 SYSTEMPATH/CodeIgniter.php(943): App\Controllers\HomepageController->Course_details_view('66')
 8 SYSTEMPATH/CodeIgniter.php(503): CodeIgniter\CodeIgniter->runController(Object(App\Controllers\HomepageController))
 9 SYSTEMPATH/CodeIgniter.php(361): CodeIgniter\CodeIgniter->handleRequest(null, Object(Config\Cache), false)
10 FCPATH/index.php(79): CodeIgniter\CodeIgniter->run()
INFO - 2025-02-20 20:47:35 --> Session: Class initialized using 'CodeIgniter\Session\Handlers\FileHandler' driver.
INFO - 2025-02-20 20:47:35 --> Session: Class initialized using 'CodeIgniter\Session\Handlers\FileHandler' driver.
INFO - 2025-02-20 20:47:37 --> Session: Class initialized using 'CodeIgniter\Session\Handlers\FileHandler' driver.
INFO - 2025-02-20 20:48:29 --> Session: Class initialized using 'CodeIgniter\Session\Handlers\FileHandler' driver.
INFO - 2025-02-20 20:50:18 --> Session: Class initialized using 'CodeIgniter\Session\Handlers\FileHandler' driver.
INFO - 2025-02-20 20:51:15 --> Session: Class initialized using 'CodeIgniter\Session\Handlers\FileHandler' driver.
INFO - 2025-02-20 22:57:32 --> Session: Class initialized using 'CodeIgniter\Session\Handlers\FileHandler' driver.
INFO - 2025-02-20 22:57:33 --> Session: Class initialized using 'CodeIgniter\Session\Handlers\FileHandler' driver.
INFO - 2025-02-20 23:20:25 --> Session: Class initialized using 'CodeIgniter\Session\Handlers\FileHandler' driver.
INFO - 2025-02-20 23:20:46 --> Session: Class initialized using 'CodeIgniter\Session\Handlers\FileHandler' driver.
INFO - 2025-02-20 23:34:27 --> Session: Class initialized using 'CodeIgniter\Session\Handlers\FileHandler' driver.
