INFO - 2024-05-31 01:43:31 --> Session: Class initialized using 'CodeIgniter\Session\Handlers\FileHandler' driver.
INFO - 2024-05-31 01:43:50 --> Session: Class initialized using 'CodeIgniter\Session\Handlers\FileHandler' driver.
INFO - 2024-05-31 01:44:06 --> Session: Class initialized using 'CodeIgniter\Session\Handlers\FileHandler' driver.
INFO - 2024-05-31 01:44:07 --> Session: Class initialized using 'CodeIgniter\Session\Handlers\FileHandler' driver.
INFO - 2024-05-31 01:44:13 --> Session: Class initialized using 'CodeIgniter\Session\Handlers\FileHandler' driver.
INFO - 2024-05-31 01:44:24 --> Session: Class initialized using 'CodeIgniter\Session\Handlers\FileHandler' driver.
INFO - 2024-05-31 02:01:05 --> Session: Class initialized using 'CodeIgniter\Session\Handlers\FileHandler' driver.
INFO - 2024-05-31 02:01:14 --> Session: Class initialized using 'CodeIgniter\Session\Handlers\FileHandler' driver.
INFO - 2024-05-31 02:05:07 --> Session: Class initialized using 'CodeIgniter\Session\Handlers\FileHandler' driver.
INFO - 2024-05-31 02:05:13 --> Session: Class initialized using 'CodeIgniter\Session\Handlers\FileHandler' driver.
INFO - 2024-05-31 02:05:13 --> Session: Class initialized using 'CodeIgniter\Session\Handlers\FileHandler' driver.
INFO - 2024-05-31 02:05:48 --> Session: Class initialized using 'CodeIgniter\Session\Handlers\FileHandler' driver.
INFO - 2024-05-31 02:05:48 --> Session: Class initialized using 'CodeIgniter\Session\Handlers\FileHandler' driver.
INFO - 2024-05-31 02:05:53 --> Session: Class initialized using 'CodeIgniter\Session\Handlers\FileHandler' driver.
INFO - 2024-05-31 02:06:13 --> Session: Class initialized using 'CodeIgniter\Session\Handlers\FileHandler' driver.
INFO - 2024-05-31 02:06:13 --> Session: Class initialized using 'CodeIgniter\Session\Handlers\FileHandler' driver.
INFO - 2024-05-31 02:06:52 --> Session: Class initialized using 'CodeIgniter\Session\Handlers\FileHandler' driver.
INFO - 2024-05-31 02:06:52 --> Session: Class initialized using 'CodeIgniter\Session\Handlers\FileHandler' driver.
INFO - 2024-05-31 02:06:59 --> Session: Class initialized using 'CodeIgniter\Session\Handlers\FileHandler' driver.
INFO - 2024-05-31 02:08:48 --> Session: Class initialized using 'CodeIgniter\Session\Handlers\FileHandler' driver.
INFO - 2024-05-31 02:08:53 --> Session: Class initialized using 'CodeIgniter\Session\Handlers\FileHandler' driver.
INFO - 2024-05-31 02:08:53 --> Session: Class initialized using 'CodeIgniter\Session\Handlers\FileHandler' driver.
INFO - 2024-05-31 02:08:53 --> Session: Class initialized using 'CodeIgniter\Session\Handlers\FileHandler' driver.
INFO - 2024-05-31 02:08:53 --> Session: Class initialized using 'CodeIgniter\Session\Handlers\FileHandler' driver.
INFO - 2024-05-31 02:08:55 --> Session: Class initialized using 'CodeIgniter\Session\Handlers\FileHandler' driver.
INFO - 2024-05-31 02:08:56 --> Session: Class initialized using 'CodeIgniter\Session\Handlers\FileHandler' driver.
INFO - 2024-05-31 02:09:01 --> Session: Class initialized using 'CodeIgniter\Session\Handlers\FileHandler' driver.
INFO - 2024-05-31 02:09:01 --> Session: Class initialized using 'CodeIgniter\Session\Handlers\FileHandler' driver.
INFO - 2024-05-31 02:09:03 --> Session: Class initialized using 'CodeIgniter\Session\Handlers\FileHandler' driver.
INFO - 2024-05-31 02:09:03 --> Session: Class initialized using 'CodeIgniter\Session\Handlers\FileHandler' driver.
INFO - 2024-05-31 02:09:21 --> Session: Class initialized using 'CodeIgniter\Session\Handlers\FileHandler' driver.
INFO - 2024-05-31 02:09:21 --> Session: Class initialized using 'CodeIgniter\Session\Handlers\FileHandler' driver.
INFO - 2024-05-31 02:09:22 --> Session: Class initialized using 'CodeIgniter\Session\Handlers\FileHandler' driver.
INFO - 2024-05-31 02:09:22 --> Session: Class initialized using 'CodeIgniter\Session\Handlers\FileHandler' driver.
INFO - 2024-05-31 02:09:30 --> Session: Class initialized using 'CodeIgniter\Session\Handlers\FileHandler' driver.
INFO - 2024-05-31 02:09:31 --> Session: Class initialized using 'CodeIgniter\Session\Handlers\FileHandler' driver.
INFO - 2024-05-31 02:09:31 --> Session: Class initialized using 'CodeIgniter\Session\Handlers\FileHandler' driver.
INFO - 2024-05-31 02:09:31 --> Session: Class initialized using 'CodeIgniter\Session\Handlers\FileHandler' driver.
INFO - 2024-05-31 02:09:33 --> Session: Class initialized using 'CodeIgniter\Session\Handlers\FileHandler' driver.
INFO - 2024-05-31 02:09:34 --> Session: Class initialized using 'CodeIgniter\Session\Handlers\FileHandler' driver.
INFO - 2024-05-31 02:10:02 --> Session: Class initialized using 'CodeIgniter\Session\Handlers\FileHandler' driver.
INFO - 2024-05-31 02:10:05 --> Session: Class initialized using 'CodeIgniter\Session\Handlers\FileHandler' driver.
INFO - 2024-05-31 02:10:10 --> Session: Class initialized using 'CodeIgniter\Session\Handlers\FileHandler' driver.
INFO - 2024-05-31 02:10:11 --> Session: Class initialized using 'CodeIgniter\Session\Handlers\FileHandler' driver.
CRITICAL - 2024-05-31 02:10:11 --> Undefined variable $course_teacher_id
in APPPATH\Controllers\HomepageController.php on line 39.
 1 APPPATH\Controllers\HomepageController.php(39): CodeIgniter\Debug\Exceptions->errorHandler(2, 'Undefined variable $course_teacher_id', 'D:\\laragon\\www\\SchoolingTime\\app\\Controllers\\HomepageController.php', 39)
 2 SYSTEMPATH\CodeIgniter.php(942): App\Controllers\HomepageController->Course_details_view('homepage_assets', 'img', 'logo.png')
 3 SYSTEMPATH\CodeIgniter.php(502): CodeIgniter\CodeIgniter->runController(Object(App\Controllers\HomepageController))
 4 SYSTEMPATH\CodeIgniter.php(361): CodeIgniter\CodeIgniter->handleRequest(null, Object(Config\Cache), false)
 5 FCPATH\index.php(79): CodeIgniter\CodeIgniter->run()
INFO - 2024-05-31 02:10:11 --> Session: Class initialized using 'CodeIgniter\Session\Handlers\FileHandler' driver.
CRITICAL - 2024-05-31 02:10:11 --> Undefined variable $course_teacher_id
in APPPATH\Controllers\HomepageController.php on line 39.
 1 APPPATH\Controllers\HomepageController.php(39): CodeIgniter\Debug\Exceptions->errorHandler(2, 'Undefined variable $course_teacher_id', 'D:\\laragon\\www\\SchoolingTime\\app\\Controllers\\HomepageController.php', 39)
 2 SYSTEMPATH\CodeIgniter.php(942): App\Controllers\HomepageController->Course_details_view('homepage_assets', 'img', 'testimonials', 'testimonials-1.jpg')
 3 SYSTEMPATH\CodeIgniter.php(502): CodeIgniter\CodeIgniter->runController(Object(App\Controllers\HomepageController))
 4 SYSTEMPATH\CodeIgniter.php(361): CodeIgniter\CodeIgniter->handleRequest(null, Object(Config\Cache), false)
 5 FCPATH\index.php(79): CodeIgniter\CodeIgniter->run()
INFO - 2024-05-31 02:10:11 --> Session: Class initialized using 'CodeIgniter\Session\Handlers\FileHandler' driver.
CRITICAL - 2024-05-31 02:10:11 --> Undefined variable $course_teacher_id
in APPPATH\Controllers\HomepageController.php on line 39.
 1 APPPATH\Controllers\HomepageController.php(39): CodeIgniter\Debug\Exceptions->errorHandler(2, 'Undefined variable $course_teacher_id', 'D:\\laragon\\www\\SchoolingTime\\app\\Controllers\\HomepageController.php', 39)
 2 SYSTEMPATH\CodeIgniter.php(942): App\Controllers\HomepageController->Course_details_view('homepage_assets', 'img', 'apple-touch-icon.png')
 3 SYSTEMPATH\CodeIgniter.php(502): CodeIgniter\CodeIgniter->runController(Object(App\Controllers\HomepageController))
 4 SYSTEMPATH\CodeIgniter.php(361): CodeIgniter\CodeIgniter->handleRequest(null, Object(Config\Cache), false)
 5 FCPATH\index.php(79): CodeIgniter\CodeIgniter->run()
INFO - 2024-05-31 02:10:11 --> Session: Class initialized using 'CodeIgniter\Session\Handlers\FileHandler' driver.
CRITICAL - 2024-05-31 02:10:11 --> Undefined variable $course_teacher_id
in APPPATH\Controllers\HomepageController.php on line 39.
 1 APPPATH\Controllers\HomepageController.php(39): CodeIgniter\Debug\Exceptions->errorHandler(2, 'Undefined variable $course_teacher_id', 'D:\\laragon\\www\\SchoolingTime\\app\\Controllers\\HomepageController.php', 39)
 2 SYSTEMPATH\CodeIgniter.php(942): App\Controllers\HomepageController->Course_details_view('homepage_assets', 'img', 'favicon.png')
 3 SYSTEMPATH\CodeIgniter.php(502): CodeIgniter\CodeIgniter->runController(Object(App\Controllers\HomepageController))
 4 SYSTEMPATH\CodeIgniter.php(361): CodeIgniter\CodeIgniter->handleRequest(null, Object(Config\Cache), false)
 5 FCPATH\index.php(79): CodeIgniter\CodeIgniter->run()
INFO - 2024-05-31 02:10:14 --> Session: Class initialized using 'CodeIgniter\Session\Handlers\FileHandler' driver.
INFO - 2024-05-31 02:10:14 --> Session: Class initialized using 'CodeIgniter\Session\Handlers\FileHandler' driver.
INFO - 2024-05-31 02:10:17 --> Session: Class initialized using 'CodeIgniter\Session\Handlers\FileHandler' driver.
INFO - 2024-05-31 02:10:20 --> Session: Class initialized using 'CodeIgniter\Session\Handlers\FileHandler' driver.
INFO - 2024-05-31 02:10:20 --> Session: Class initialized using 'CodeIgniter\Session\Handlers\FileHandler' driver.
INFO - 2024-05-31 02:10:24 --> Session: Class initialized using 'CodeIgniter\Session\Handlers\FileHandler' driver.
INFO - 2024-05-31 02:10:29 --> Session: Class initialized using 'CodeIgniter\Session\Handlers\FileHandler' driver.
INFO - 2024-05-31 02:10:34 --> Session: Class initialized using 'CodeIgniter\Session\Handlers\FileHandler' driver.
INFO - 2024-05-31 02:10:38 --> Session: Class initialized using 'CodeIgniter\Session\Handlers\FileHandler' driver.
INFO - 2024-05-31 02:10:42 --> Session: Class initialized using 'CodeIgniter\Session\Handlers\FileHandler' driver.
INFO - 2024-05-31 02:10:46 --> Session: Class initialized using 'CodeIgniter\Session\Handlers\FileHandler' driver.
INFO - 2024-05-31 02:10:46 --> Session: Class initialized using 'CodeIgniter\Session\Handlers\FileHandler' driver.
INFO - 2024-05-31 02:10:49 --> Session: Class initialized using 'CodeIgniter\Session\Handlers\FileHandler' driver.
INFO - 2024-05-31 02:10:49 --> Session: Class initialized using 'CodeIgniter\Session\Handlers\FileHandler' driver.
INFO - 2024-05-31 02:10:55 --> Session: Class initialized using 'CodeIgniter\Session\Handlers\FileHandler' driver.
INFO - 2024-05-31 02:10:55 --> Session: Class initialized using 'CodeIgniter\Session\Handlers\FileHandler' driver.
INFO - 2024-05-31 02:18:59 --> Session: Class initialized using 'CodeIgniter\Session\Handlers\FileHandler' driver.
INFO - 2024-05-31 02:19:00 --> Session: Class initialized using 'CodeIgniter\Session\Handlers\FileHandler' driver.
INFO - 2024-05-31 02:19:06 --> Session: Class initialized using 'CodeIgniter\Session\Handlers\FileHandler' driver.
INFO - 2024-05-31 02:19:06 --> Session: Class initialized using 'CodeIgniter\Session\Handlers\FileHandler' driver.
INFO - 2024-05-31 02:19:15 --> Session: Class initialized using 'CodeIgniter\Session\Handlers\FileHandler' driver.
INFO - 2024-05-31 02:19:29 --> Session: Class initialized using 'CodeIgniter\Session\Handlers\FileHandler' driver.
INFO - 2024-05-31 02:19:29 --> Session: Class initialized using 'CodeIgniter\Session\Handlers\FileHandler' driver.
INFO - 2024-05-31 02:19:32 --> Session: Class initialized using 'CodeIgniter\Session\Handlers\FileHandler' driver.
INFO - 2024-05-31 02:19:51 --> Session: Class initialized using 'CodeIgniter\Session\Handlers\FileHandler' driver.
INFO - 2024-05-31 02:20:04 --> Session: Class initialized using 'CodeIgniter\Session\Handlers\FileHandler' driver.
INFO - 2024-05-31 02:21:39 --> Session: Class initialized using 'CodeIgniter\Session\Handlers\FileHandler' driver.
INFO - 2024-05-31 02:21:39 --> Session: Class initialized using 'CodeIgniter\Session\Handlers\FileHandler' driver.
INFO - 2024-05-31 02:21:51 --> Session: Class initialized using 'CodeIgniter\Session\Handlers\FileHandler' driver.
INFO - 2024-05-31 02:21:57 --> Session: Class initialized using 'CodeIgniter\Session\Handlers\FileHandler' driver.
INFO - 2024-05-31 02:22:10 --> Session: Class initialized using 'CodeIgniter\Session\Handlers\FileHandler' driver.
INFO - 2024-05-31 02:22:10 --> Session: Class initialized using 'CodeIgniter\Session\Handlers\FileHandler' driver.
INFO - 2024-05-31 02:22:22 --> Session: Class initialized using 'CodeIgniter\Session\Handlers\FileHandler' driver.
INFO - 2024-05-31 02:22:27 --> Session: Class initialized using 'CodeIgniter\Session\Handlers\FileHandler' driver.
INFO - 2024-05-31 02:23:38 --> Session: Class initialized using 'CodeIgniter\Session\Handlers\FileHandler' driver.
INFO - 2024-05-31 02:23:39 --> Session: Class initialized using 'CodeIgniter\Session\Handlers\FileHandler' driver.
INFO - 2024-05-31 02:23:49 --> Session: Class initialized using 'CodeIgniter\Session\Handlers\FileHandler' driver.
INFO - 2024-05-31 02:23:49 --> Session: Class initialized using 'CodeIgniter\Session\Handlers\FileHandler' driver.
INFO - 2024-05-31 02:23:56 --> Session: Class initialized using 'CodeIgniter\Session\Handlers\FileHandler' driver.
INFO - 2024-05-31 02:24:08 --> Session: Class initialized using 'CodeIgniter\Session\Handlers\FileHandler' driver.
INFO - 2024-05-31 02:24:08 --> Session: Class initialized using 'CodeIgniter\Session\Handlers\FileHandler' driver.
INFO - 2024-05-31 02:24:11 --> Session: Class initialized using 'CodeIgniter\Session\Handlers\FileHandler' driver.
INFO - 2024-05-31 02:24:19 --> Session: Class initialized using 'CodeIgniter\Session\Handlers\FileHandler' driver.
INFO - 2024-05-31 02:24:35 --> Session: Class initialized using 'CodeIgniter\Session\Handlers\FileHandler' driver.
INFO - 2024-05-31 02:24:35 --> Session: Class initialized using 'CodeIgniter\Session\Handlers\FileHandler' driver.
CRITICAL - 2024-05-31 02:24:35 --> Undefined variable $course_teacher_id
in APPPATH\Controllers\HomepageController.php on line 39.
 1 APPPATH\Controllers\HomepageController.php(39): CodeIgniter\Debug\Exceptions->errorHandler(2, 'Undefined variable $course_teacher_id', 'D:\\laragon\\www\\SchoolingTime\\app\\Controllers\\HomepageController.php', 39)
 2 SYSTEMPATH\CodeIgniter.php(942): App\Controllers\HomepageController->Course_details_view('homepage_assets', 'img', 'testimonials', 'testimonials-1.jpg')
 3 SYSTEMPATH\CodeIgniter.php(502): CodeIgniter\CodeIgniter->runController(Object(App\Controllers\HomepageController))
 4 SYSTEMPATH\CodeIgniter.php(361): CodeIgniter\CodeIgniter->handleRequest(null, Object(Config\Cache), false)
 5 FCPATH\index.php(79): CodeIgniter\CodeIgniter->run()
INFO - 2024-05-31 02:24:35 --> Session: Class initialized using 'CodeIgniter\Session\Handlers\FileHandler' driver.
CRITICAL - 2024-05-31 02:24:35 --> Undefined variable $course_teacher_id
in APPPATH\Controllers\HomepageController.php on line 39.
 1 APPPATH\Controllers\HomepageController.php(39): CodeIgniter\Debug\Exceptions->errorHandler(2, 'Undefined variable $course_teacher_id', 'D:\\laragon\\www\\SchoolingTime\\app\\Controllers\\HomepageController.php', 39)
 2 SYSTEMPATH\CodeIgniter.php(942): App\Controllers\HomepageController->Course_details_view('homepage_assets', 'img', 'logo.png')
 3 SYSTEMPATH\CodeIgniter.php(502): CodeIgniter\CodeIgniter->runController(Object(App\Controllers\HomepageController))
 4 SYSTEMPATH\CodeIgniter.php(361): CodeIgniter\CodeIgniter->handleRequest(null, Object(Config\Cache), false)
 5 FCPATH\index.php(79): CodeIgniter\CodeIgniter->run()
INFO - 2024-05-31 02:24:36 --> Session: Class initialized using 'CodeIgniter\Session\Handlers\FileHandler' driver.
CRITICAL - 2024-05-31 02:24:36 --> Undefined variable $course_teacher_id
in APPPATH\Controllers\HomepageController.php on line 39.
 1 APPPATH\Controllers\HomepageController.php(39): CodeIgniter\Debug\Exceptions->errorHandler(2, 'Undefined variable $course_teacher_id', 'D:\\laragon\\www\\SchoolingTime\\app\\Controllers\\HomepageController.php', 39)
 2 SYSTEMPATH\CodeIgniter.php(942): App\Controllers\HomepageController->Course_details_view('homepage_assets', 'img', 'apple-touch-icon.png')
 3 SYSTEMPATH\CodeIgniter.php(502): CodeIgniter\CodeIgniter->runController(Object(App\Controllers\HomepageController))
 4 SYSTEMPATH\CodeIgniter.php(361): CodeIgniter\CodeIgniter->handleRequest(null, Object(Config\Cache), false)
 5 FCPATH\index.php(79): CodeIgniter\CodeIgniter->run()
INFO - 2024-05-31 02:24:36 --> Session: Class initialized using 'CodeIgniter\Session\Handlers\FileHandler' driver.
CRITICAL - 2024-05-31 02:24:36 --> Undefined variable $course_teacher_id
in APPPATH\Controllers\HomepageController.php on line 39.
 1 APPPATH\Controllers\HomepageController.php(39): CodeIgniter\Debug\Exceptions->errorHandler(2, 'Undefined variable $course_teacher_id', 'D:\\laragon\\www\\SchoolingTime\\app\\Controllers\\HomepageController.php', 39)
 2 SYSTEMPATH\CodeIgniter.php(942): App\Controllers\HomepageController->Course_details_view('homepage_assets', 'img', 'favicon.png')
 3 SYSTEMPATH\CodeIgniter.php(502): CodeIgniter\CodeIgniter->runController(Object(App\Controllers\HomepageController))
 4 SYSTEMPATH\CodeIgniter.php(361): CodeIgniter\CodeIgniter->handleRequest(null, Object(Config\Cache), false)
 5 FCPATH\index.php(79): CodeIgniter\CodeIgniter->run()
INFO - 2024-05-31 02:24:38 --> Session: Class initialized using 'CodeIgniter\Session\Handlers\FileHandler' driver.
INFO - 2024-05-31 02:24:38 --> Session: Class initialized using 'CodeIgniter\Session\Handlers\FileHandler' driver.
INFO - 2024-05-31 02:24:41 --> Session: Class initialized using 'CodeIgniter\Session\Handlers\FileHandler' driver.
INFO - 2024-05-31 02:24:44 --> Session: Class initialized using 'CodeIgniter\Session\Handlers\FileHandler' driver.
INFO - 2024-05-31 02:24:44 --> Session: Class initialized using 'CodeIgniter\Session\Handlers\FileHandler' driver.
INFO - 2024-05-31 02:24:47 --> Session: Class initialized using 'CodeIgniter\Session\Handlers\FileHandler' driver.
INFO - 2024-05-31 02:24:51 --> Session: Class initialized using 'CodeIgniter\Session\Handlers\FileHandler' driver.
INFO - 2024-05-31 02:25:08 --> Session: Class initialized using 'CodeIgniter\Session\Handlers\FileHandler' driver.
INFO - 2024-05-31 02:25:11 --> Session: Class initialized using 'CodeIgniter\Session\Handlers\FileHandler' driver.
INFO - 2024-05-31 02:25:12 --> Session: Class initialized using 'CodeIgniter\Session\Handlers\FileHandler' driver.
INFO - 2024-05-31 02:25:12 --> Session: Class initialized using 'CodeIgniter\Session\Handlers\FileHandler' driver.
INFO - 2024-05-31 02:25:12 --> Session: Class initialized using 'CodeIgniter\Session\Handlers\FileHandler' driver.
INFO - 2024-05-31 02:26:14 --> Session: Class initialized using 'CodeIgniter\Session\Handlers\FileHandler' driver.
INFO - 2024-05-31 02:26:14 --> Session: Class initialized using 'CodeIgniter\Session\Handlers\FileHandler' driver.
INFO - 2024-05-31 02:26:14 --> Session: Class initialized using 'CodeIgniter\Session\Handlers\FileHandler' driver.
INFO - 2024-05-31 02:26:14 --> Session: Class initialized using 'CodeIgniter\Session\Handlers\FileHandler' driver.
INFO - 2024-05-31 02:26:25 --> Session: Class initialized using 'CodeIgniter\Session\Handlers\FileHandler' driver.
INFO - 2024-05-31 02:26:25 --> Session: Class initialized using 'CodeIgniter\Session\Handlers\FileHandler' driver.
INFO - 2024-05-31 02:26:26 --> Session: Class initialized using 'CodeIgniter\Session\Handlers\FileHandler' driver.
INFO - 2024-05-31 02:26:26 --> Session: Class initialized using 'CodeIgniter\Session\Handlers\FileHandler' driver.
INFO - 2024-05-31 02:26:28 --> Session: Class initialized using 'CodeIgniter\Session\Handlers\FileHandler' driver.
INFO - 2024-05-31 02:26:28 --> Session: Class initialized using 'CodeIgniter\Session\Handlers\FileHandler' driver.
INFO - 2024-05-31 02:27:03 --> Session: Class initialized using 'CodeIgniter\Session\Handlers\FileHandler' driver.
INFO - 2024-05-31 02:27:06 --> Session: Class initialized using 'CodeIgniter\Session\Handlers\FileHandler' driver.
INFO - 2024-05-31 02:27:12 --> Session: Class initialized using 'CodeIgniter\Session\Handlers\FileHandler' driver.
INFO - 2024-05-31 04:02:32 --> Session: Class initialized using 'CodeIgniter\Session\Handlers\FileHandler' driver.
INFO - 2024-05-31 04:12:33 --> Session: Class initialized using 'CodeIgniter\Session\Handlers\FileHandler' driver.
INFO - 2024-05-31 04:12:39 --> Session: Class initialized using 'CodeIgniter\Session\Handlers\FileHandler' driver.
INFO - 2024-05-31 04:12:39 --> Session: Class initialized using 'CodeIgniter\Session\Handlers\FileHandler' driver.
INFO - 2024-05-31 04:12:51 --> Session: Class initialized using 'CodeIgniter\Session\Handlers\FileHandler' driver.
INFO - 2024-05-31 04:12:52 --> Session: Class initialized using 'CodeIgniter\Session\Handlers\FileHandler' driver.
INFO - 2024-05-31 04:12:56 --> Session: Class initialized using 'CodeIgniter\Session\Handlers\FileHandler' driver.
INFO - 2024-05-31 04:13:01 --> Session: Class initialized using 'CodeIgniter\Session\Handlers\FileHandler' driver.
INFO - 2024-05-31 04:13:48 --> Session: Class initialized using 'CodeIgniter\Session\Handlers\FileHandler' driver.
INFO - 2024-05-31 04:13:51 --> Session: Class initialized using 'CodeIgniter\Session\Handlers\FileHandler' driver.
INFO - 2024-05-31 04:15:20 --> Session: Class initialized using 'CodeIgniter\Session\Handlers\FileHandler' driver.
INFO - 2024-05-31 04:15:24 --> Session: Class initialized using 'CodeIgniter\Session\Handlers\FileHandler' driver.
INFO - 2024-05-31 04:15:31 --> Session: Class initialized using 'CodeIgniter\Session\Handlers\FileHandler' driver.
INFO - 2024-05-31 04:15:31 --> Session: Class initialized using 'CodeIgniter\Session\Handlers\FileHandler' driver.
INFO - 2024-05-31 04:15:36 --> Session: Class initialized using 'CodeIgniter\Session\Handlers\FileHandler' driver.
INFO - 2024-05-31 04:15:40 --> Session: Class initialized using 'CodeIgniter\Session\Handlers\FileHandler' driver.
INFO - 2024-05-31 04:18:48 --> Session: Class initialized using 'CodeIgniter\Session\Handlers\FileHandler' driver.
INFO - 2024-05-31 04:18:55 --> Session: Class initialized using 'CodeIgniter\Session\Handlers\FileHandler' driver.
INFO - 2024-05-31 04:19:05 --> Session: Class initialized using 'CodeIgniter\Session\Handlers\FileHandler' driver.
INFO - 2024-05-31 04:21:20 --> Session: Class initialized using 'CodeIgniter\Session\Handlers\FileHandler' driver.
INFO - 2024-05-31 04:21:27 --> Session: Class initialized using 'CodeIgniter\Session\Handlers\FileHandler' driver.
INFO - 2024-05-31 04:26:55 --> Session: Class initialized using 'CodeIgniter\Session\Handlers\FileHandler' driver.
INFO - 2024-05-31 04:26:59 --> Session: Class initialized using 'CodeIgniter\Session\Handlers\FileHandler' driver.
INFO - 2024-05-31 04:27:03 --> Session: Class initialized using 'CodeIgniter\Session\Handlers\FileHandler' driver.
INFO - 2024-05-31 04:27:28 --> Session: Class initialized using 'CodeIgniter\Session\Handlers\FileHandler' driver.
INFO - 2024-05-31 04:27:33 --> Session: Class initialized using 'CodeIgniter\Session\Handlers\FileHandler' driver.
INFO - 2024-05-31 04:28:16 --> Session: Class initialized using 'CodeIgniter\Session\Handlers\FileHandler' driver.
INFO - 2024-05-31 04:28:20 --> Session: Class initialized using 'CodeIgniter\Session\Handlers\FileHandler' driver.
INFO - 2024-05-31 04:28:33 --> Session: Class initialized using 'CodeIgniter\Session\Handlers\FileHandler' driver.
INFO - 2024-05-31 04:28:39 --> Session: Class initialized using 'CodeIgniter\Session\Handlers\FileHandler' driver.
INFO - 2024-05-31 04:31:48 --> Session: Class initialized using 'CodeIgniter\Session\Handlers\FileHandler' driver.
INFO - 2024-05-31 04:31:55 --> Session: Class initialized using 'CodeIgniter\Session\Handlers\FileHandler' driver.
CRITICAL - 2024-05-31 04:31:55 --> array_push(): Argument #1 ($array) must be of type array, null given
in APPPATH\Controllers\QuestionAnswerController.php on line 175.
 1 APPPATH\Controllers\QuestionAnswerController.php(175): array_push(null, [...])
 2 SYSTEMPATH\CodeIgniter.php(942): App\Controllers\QuestionAnswerController->exam_show_subject_wise()
 3 SYSTEMPATH\CodeIgniter.php(502): CodeIgniter\CodeIgniter->runController(Object(App\Controllers\QuestionAnswerController))
 4 SYSTEMPATH\CodeIgniter.php(361): CodeIgniter\CodeIgniter->handleRequest(null, Object(Config\Cache), false)
 5 FCPATH\index.php(79): CodeIgniter\CodeIgniter->run()
INFO - 2024-05-31 04:33:16 --> Session: Class initialized using 'CodeIgniter\Session\Handlers\FileHandler' driver.
INFO - 2024-05-31 04:33:38 --> Session: Class initialized using 'CodeIgniter\Session\Handlers\FileHandler' driver.
INFO - 2024-05-31 04:33:59 --> Session: Class initialized using 'CodeIgniter\Session\Handlers\FileHandler' driver.
INFO - 2024-05-31 04:36:16 --> Session: Class initialized using 'CodeIgniter\Session\Handlers\FileHandler' driver.
INFO - 2024-05-31 04:36:21 --> Session: Class initialized using 'CodeIgniter\Session\Handlers\FileHandler' driver.
INFO - 2024-05-31 04:49:45 --> Session: Class initialized using 'CodeIgniter\Session\Handlers\FileHandler' driver.
INFO - 2024-05-31 04:49:51 --> Session: Class initialized using 'CodeIgniter\Session\Handlers\FileHandler' driver.
INFO - 2024-05-31 04:54:10 --> Session: Class initialized using 'CodeIgniter\Session\Handlers\FileHandler' driver.
INFO - 2024-05-31 04:54:16 --> Session: Class initialized using 'CodeIgniter\Session\Handlers\FileHandler' driver.
INFO - 2024-05-31 04:56:03 --> Session: Class initialized using 'CodeIgniter\Session\Handlers\FileHandler' driver.
INFO - 2024-05-31 04:56:10 --> Session: Class initialized using 'CodeIgniter\Session\Handlers\FileHandler' driver.
INFO - 2024-05-31 05:02:28 --> Session: Class initialized using 'CodeIgniter\Session\Handlers\FileHandler' driver.
INFO - 2024-05-31 05:02:35 --> Session: Class initialized using 'CodeIgniter\Session\Handlers\FileHandler' driver.
INFO - 2024-05-31 05:02:51 --> Session: Class initialized using 'CodeIgniter\Session\Handlers\FileHandler' driver.
INFO - 2024-05-31 05:02:56 --> Session: Class initialized using 'CodeIgniter\Session\Handlers\FileHandler' driver.
INFO - 2024-05-31 05:02:59 --> Session: Class initialized using 'CodeIgniter\Session\Handlers\FileHandler' driver.
INFO - 2024-05-31 05:03:03 --> Session: Class initialized using 'CodeIgniter\Session\Handlers\FileHandler' driver.
INFO - 2024-05-31 05:50:02 --> Session: Class initialized using 'CodeIgniter\Session\Handlers\FileHandler' driver.
INFO - 2024-05-31 05:50:04 --> Session: Class initialized using 'CodeIgniter\Session\Handlers\FileHandler' driver.
INFO - 2024-05-31 05:50:07 --> Session: Class initialized using 'CodeIgniter\Session\Handlers\FileHandler' driver.
INFO - 2024-05-31 05:50:14 --> Session: Class initialized using 'CodeIgniter\Session\Handlers\FileHandler' driver.
INFO - 2024-05-31 05:50:23 --> Session: Class initialized using 'CodeIgniter\Session\Handlers\FileHandler' driver.
INFO - 2024-05-31 05:51:39 --> Session: Class initialized using 'CodeIgniter\Session\Handlers\FileHandler' driver.
INFO - 2024-05-31 05:51:44 --> Session: Class initialized using 'CodeIgniter\Session\Handlers\FileHandler' driver.
INFO - 2024-05-31 05:52:01 --> Session: Class initialized using 'CodeIgniter\Session\Handlers\FileHandler' driver.
INFO - 2024-05-31 05:52:05 --> Session: Class initialized using 'CodeIgniter\Session\Handlers\FileHandler' driver.
INFO - 2024-05-31 05:53:33 --> Session: Class initialized using 'CodeIgniter\Session\Handlers\FileHandler' driver.
INFO - 2024-05-31 05:53:38 --> Session: Class initialized using 'CodeIgniter\Session\Handlers\FileHandler' driver.
INFO - 2024-05-31 05:53:48 --> Session: Class initialized using 'CodeIgniter\Session\Handlers\FileHandler' driver.
INFO - 2024-05-31 05:54:02 --> Session: Class initialized using 'CodeIgniter\Session\Handlers\FileHandler' driver.
INFO - 2024-05-31 05:54:06 --> Session: Class initialized using 'CodeIgniter\Session\Handlers\FileHandler' driver.
INFO - 2024-05-31 05:54:07 --> Session: Class initialized using 'CodeIgniter\Session\Handlers\FileHandler' driver.
INFO - 2024-05-31 05:54:07 --> Session: Class initialized using 'CodeIgniter\Session\Handlers\FileHandler' driver.
INFO - 2024-05-31 05:54:07 --> Session: Class initialized using 'CodeIgniter\Session\Handlers\FileHandler' driver.
INFO - 2024-05-31 05:54:11 --> Session: Class initialized using 'CodeIgniter\Session\Handlers\FileHandler' driver.
INFO - 2024-05-31 05:54:12 --> Session: Class initialized using 'CodeIgniter\Session\Handlers\FileHandler' driver.
INFO - 2024-05-31 05:54:12 --> Session: Class initialized using 'CodeIgniter\Session\Handlers\FileHandler' driver.
INFO - 2024-05-31 05:54:12 --> Session: Class initialized using 'CodeIgniter\Session\Handlers\FileHandler' driver.
INFO - 2024-05-31 05:54:17 --> Session: Class initialized using 'CodeIgniter\Session\Handlers\FileHandler' driver.
INFO - 2024-05-31 05:54:17 --> Session: Class initialized using 'CodeIgniter\Session\Handlers\FileHandler' driver.
INFO - 2024-05-31 05:54:17 --> Session: Class initialized using 'CodeIgniter\Session\Handlers\FileHandler' driver.
INFO - 2024-05-31 05:54:18 --> Session: Class initialized using 'CodeIgniter\Session\Handlers\FileHandler' driver.
INFO - 2024-05-31 05:58:38 --> Session: Class initialized using 'CodeIgniter\Session\Handlers\FileHandler' driver.
INFO - 2024-05-31 05:58:42 --> Session: Class initialized using 'CodeIgniter\Session\Handlers\FileHandler' driver.
INFO - 2024-05-31 05:59:01 --> Session: Class initialized using 'CodeIgniter\Session\Handlers\FileHandler' driver.
INFO - 2024-05-31 05:59:05 --> Session: Class initialized using 'CodeIgniter\Session\Handlers\FileHandler' driver.
INFO - 2024-05-31 06:03:07 --> Session: Class initialized using 'CodeIgniter\Session\Handlers\FileHandler' driver.
INFO - 2024-05-31 06:03:11 --> Session: Class initialized using 'CodeIgniter\Session\Handlers\FileHandler' driver.
INFO - 2024-05-31 06:03:15 --> Session: Class initialized using 'CodeIgniter\Session\Handlers\FileHandler' driver.
INFO - 2024-05-31 06:03:15 --> Session: Class initialized using 'CodeIgniter\Session\Handlers\FileHandler' driver.
INFO - 2024-05-31 06:03:15 --> Session: Class initialized using 'CodeIgniter\Session\Handlers\FileHandler' driver.
INFO - 2024-05-31 06:03:15 --> Session: Class initialized using 'CodeIgniter\Session\Handlers\FileHandler' driver.
INFO - 2024-05-31 06:03:20 --> Session: Class initialized using 'CodeIgniter\Session\Handlers\FileHandler' driver.
INFO - 2024-05-31 06:03:25 --> Session: Class initialized using 'CodeIgniter\Session\Handlers\FileHandler' driver.
INFO - 2024-05-31 06:03:29 --> Session: Class initialized using 'CodeIgniter\Session\Handlers\FileHandler' driver.
INFO - 2024-05-31 06:03:30 --> Session: Class initialized using 'CodeIgniter\Session\Handlers\FileHandler' driver.
INFO - 2024-05-31 06:03:30 --> Session: Class initialized using 'CodeIgniter\Session\Handlers\FileHandler' driver.
INFO - 2024-05-31 06:03:30 --> Session: Class initialized using 'CodeIgniter\Session\Handlers\FileHandler' driver.
INFO - 2024-05-31 06:03:35 --> Session: Class initialized using 'CodeIgniter\Session\Handlers\FileHandler' driver.
INFO - 2024-05-31 06:03:41 --> Session: Class initialized using 'CodeIgniter\Session\Handlers\FileHandler' driver.
INFO - 2024-05-31 06:03:48 --> Session: Class initialized using 'CodeIgniter\Session\Handlers\FileHandler' driver.
INFO - 2024-05-31 06:03:48 --> Session: Class initialized using 'CodeIgniter\Session\Handlers\FileHandler' driver.
INFO - 2024-05-31 06:03:53 --> Session: Class initialized using 'CodeIgniter\Session\Handlers\FileHandler' driver.
INFO - 2024-05-31 06:04:07 --> Session: Class initialized using 'CodeIgniter\Session\Handlers\FileHandler' driver.
INFO - 2024-05-31 06:04:07 --> Session: Class initialized using 'CodeIgniter\Session\Handlers\FileHandler' driver.
INFO - 2024-05-31 06:04:11 --> Session: Class initialized using 'CodeIgniter\Session\Handlers\FileHandler' driver.
INFO - 2024-05-31 06:04:43 --> Session: Class initialized using 'CodeIgniter\Session\Handlers\FileHandler' driver.
INFO - 2024-05-31 06:04:44 --> Session: Class initialized using 'CodeIgniter\Session\Handlers\FileHandler' driver.
INFO - 2024-05-31 06:04:46 --> Session: Class initialized using 'CodeIgniter\Session\Handlers\FileHandler' driver.
INFO - 2024-05-31 06:04:51 --> Session: Class initialized using 'CodeIgniter\Session\Handlers\FileHandler' driver.
INFO - 2024-05-31 06:04:54 --> Session: Class initialized using 'CodeIgniter\Session\Handlers\FileHandler' driver.
INFO - 2024-05-31 06:04:59 --> Session: Class initialized using 'CodeIgniter\Session\Handlers\FileHandler' driver.
INFO - 2024-05-31 06:05:01 --> Session: Class initialized using 'CodeIgniter\Session\Handlers\FileHandler' driver.
INFO - 2024-05-31 06:05:06 --> Session: Class initialized using 'CodeIgniter\Session\Handlers\FileHandler' driver.
INFO - 2024-05-31 06:05:06 --> Session: Class initialized using 'CodeIgniter\Session\Handlers\FileHandler' driver.
INFO - 2024-05-31 06:05:09 --> Session: Class initialized using 'CodeIgniter\Session\Handlers\FileHandler' driver.
INFO - 2024-05-31 06:05:20 --> Session: Class initialized using 'CodeIgniter\Session\Handlers\FileHandler' driver.
INFO - 2024-05-31 06:05:20 --> Session: Class initialized using 'CodeIgniter\Session\Handlers\FileHandler' driver.
INFO - 2024-05-31 06:05:24 --> Session: Class initialized using 'CodeIgniter\Session\Handlers\FileHandler' driver.
INFO - 2024-05-31 06:05:28 --> Session: Class initialized using 'CodeIgniter\Session\Handlers\FileHandler' driver.
INFO - 2024-05-31 06:05:30 --> Session: Class initialized using 'CodeIgniter\Session\Handlers\FileHandler' driver.
INFO - 2024-05-31 06:05:30 --> Session: Class initialized using 'CodeIgniter\Session\Handlers\FileHandler' driver.
INFO - 2024-05-31 06:05:31 --> Session: Class initialized using 'CodeIgniter\Session\Handlers\FileHandler' driver.
INFO - 2024-05-31 06:05:31 --> Session: Class initialized using 'CodeIgniter\Session\Handlers\FileHandler' driver.
INFO - 2024-05-31 06:05:36 --> Session: Class initialized using 'CodeIgniter\Session\Handlers\FileHandler' driver.
INFO - 2024-05-31 06:05:36 --> Session: Class initialized using 'CodeIgniter\Session\Handlers\FileHandler' driver.
INFO - 2024-05-31 06:05:37 --> Session: Class initialized using 'CodeIgniter\Session\Handlers\FileHandler' driver.
INFO - 2024-05-31 06:05:37 --> Session: Class initialized using 'CodeIgniter\Session\Handlers\FileHandler' driver.
INFO - 2024-05-31 06:05:37 --> Session: Class initialized using 'CodeIgniter\Session\Handlers\FileHandler' driver.
INFO - 2024-05-31 06:05:48 --> Session: Class initialized using 'CodeIgniter\Session\Handlers\FileHandler' driver.
INFO - 2024-05-31 06:05:48 --> Session: Class initialized using 'CodeIgniter\Session\Handlers\FileHandler' driver.
INFO - 2024-05-31 06:05:49 --> Session: Class initialized using 'CodeIgniter\Session\Handlers\FileHandler' driver.
ERROR - 2024-05-31 06:05:49 --> mysqli_sql_exception: Unknown column 'homepage_assets' in 'where clause' in D:\laragon\www\SchoolingTime\vendor\codeigniter4\framework\system\Database\MySQLi\Connection.php:306
Stack trace:
#0 D:\laragon\www\SchoolingTime\vendor\codeigniter4\framework\system\Database\MySQLi\Connection.php(306): mysqli->query('SELECT * FROM q...', 0)
#1 D:\laragon\www\SchoolingTime\vendor\codeigniter4\framework\system\Database\BaseConnection.php(693): CodeIgniter\Database\MySQLi\Connection->execute('SELECT * FROM q...')
#2 D:\laragon\www\SchoolingTime\vendor\codeigniter4\framework\system\Database\BaseConnection.php(607): CodeIgniter\Database\BaseConnection->simpleQuery('SELECT * FROM q...')
#3 D:\laragon\www\SchoolingTime\app\Controllers\QuestionAnswerController.php(30): CodeIgniter\Database\BaseConnection->query('SELECT * FROM q...')
#4 D:\laragon\www\SchoolingTime\vendor\codeigniter4\framework\system\CodeIgniter.php(942): App\Controllers\QuestionAnswerController->exam_result_show('STD241151D5C3', 'homepage_assets', 'img', 'logo.png')
#5 D:\laragon\www\SchoolingTime\vendor\codeigniter4\framework\system\CodeIgniter.php(502): CodeIgniter\CodeIgniter->runController(Object(App\Controllers\QuestionAnswerController))
#6 D:\laragon\www\SchoolingTime\vendor\codeigniter4\framework\system\CodeIgniter.php(361): CodeIgniter\CodeIgniter->handleRequest(NULL, Object(Config\Cache), false)
#7 D:\laragon\www\SchoolingTime\index.php(79): CodeIgniter\CodeIgniter->run()
#8 {main}
CRITICAL - 2024-05-31 06:05:49 --> Unknown column 'homepage_assets' in 'where clause'
in SYSTEMPATH\Database\BaseConnection.php on line 647.
 1 APPPATH\Controllers\QuestionAnswerController.php(30): CodeIgniter\Database\BaseConnection->query('SELECT * FROM question_answer 
                          WHERE id IN (homepage_assets) AND user_id = \'STD241151D5C3\' ')
 2 SYSTEMPATH\CodeIgniter.php(942): App\Controllers\QuestionAnswerController->exam_result_show('STD241151D5C3', 'homepage_assets', 'img', 'logo.png')
 3 SYSTEMPATH\CodeIgniter.php(502): CodeIgniter\CodeIgniter->runController(Object(App\Controllers\QuestionAnswerController))
 4 SYSTEMPATH\CodeIgniter.php(361): CodeIgniter\CodeIgniter->handleRequest(null, Object(Config\Cache), false)
 5 FCPATH\index.php(79): CodeIgniter\CodeIgniter->run()
INFO - 2024-05-31 06:05:49 --> Session: Class initialized using 'CodeIgniter\Session\Handlers\FileHandler' driver.
ERROR - 2024-05-31 06:05:49 --> mysqli_sql_exception: Unknown column 'homepage_assets' in 'where clause' in D:\laragon\www\SchoolingTime\vendor\codeigniter4\framework\system\Database\MySQLi\Connection.php:306
Stack trace:
#0 D:\laragon\www\SchoolingTime\vendor\codeigniter4\framework\system\Database\MySQLi\Connection.php(306): mysqli->query('SELECT * FROM q...', 0)
#1 D:\laragon\www\SchoolingTime\vendor\codeigniter4\framework\system\Database\BaseConnection.php(693): CodeIgniter\Database\MySQLi\Connection->execute('SELECT * FROM q...')
#2 D:\laragon\www\SchoolingTime\vendor\codeigniter4\framework\system\Database\BaseConnection.php(607): CodeIgniter\Database\BaseConnection->simpleQuery('SELECT * FROM q...')
#3 D:\laragon\www\SchoolingTime\app\Controllers\QuestionAnswerController.php(30): CodeIgniter\Database\BaseConnection->query('SELECT * FROM q...')
#4 D:\laragon\www\SchoolingTime\vendor\codeigniter4\framework\system\CodeIgniter.php(942): App\Controllers\QuestionAnswerController->exam_result_show('STD241151D5C3', 'homepage_assets', 'img', 'favicon.png')
#5 D:\laragon\www\SchoolingTime\vendor\codeigniter4\framework\system\CodeIgniter.php(502): CodeIgniter\CodeIgniter->runController(Object(App\Controllers\QuestionAnswerController))
#6 D:\laragon\www\SchoolingTime\vendor\codeigniter4\framework\system\CodeIgniter.php(361): CodeIgniter\CodeIgniter->handleRequest(NULL, Object(Config\Cache), false)
#7 D:\laragon\www\SchoolingTime\index.php(79): CodeIgniter\CodeIgniter->run()
#8 {main}
CRITICAL - 2024-05-31 06:05:49 --> Unknown column 'homepage_assets' in 'where clause'
in SYSTEMPATH\Database\BaseConnection.php on line 647.
 1 APPPATH\Controllers\QuestionAnswerController.php(30): CodeIgniter\Database\BaseConnection->query('SELECT * FROM question_answer 
                          WHERE id IN (homepage_assets) AND user_id = \'STD241151D5C3\' ')
 2 SYSTEMPATH\CodeIgniter.php(942): App\Controllers\QuestionAnswerController->exam_result_show('STD241151D5C3', 'homepage_assets', 'img', 'favicon.png')
 3 SYSTEMPATH\CodeIgniter.php(502): CodeIgniter\CodeIgniter->runController(Object(App\Controllers\QuestionAnswerController))
 4 SYSTEMPATH\CodeIgniter.php(361): CodeIgniter\CodeIgniter->handleRequest(null, Object(Config\Cache), false)
 5 FCPATH\index.php(79): CodeIgniter\CodeIgniter->run()
INFO - 2024-05-31 06:05:49 --> Session: Class initialized using 'CodeIgniter\Session\Handlers\FileHandler' driver.
ERROR - 2024-05-31 06:05:49 --> mysqli_sql_exception: Unknown column 'homepage_assets' in 'where clause' in D:\laragon\www\SchoolingTime\vendor\codeigniter4\framework\system\Database\MySQLi\Connection.php:306
Stack trace:
#0 D:\laragon\www\SchoolingTime\vendor\codeigniter4\framework\system\Database\MySQLi\Connection.php(306): mysqli->query('SELECT * FROM q...', 0)
#1 D:\laragon\www\SchoolingTime\vendor\codeigniter4\framework\system\Database\BaseConnection.php(693): CodeIgniter\Database\MySQLi\Connection->execute('SELECT * FROM q...')
#2 D:\laragon\www\SchoolingTime\vendor\codeigniter4\framework\system\Database\BaseConnection.php(607): CodeIgniter\Database\BaseConnection->simpleQuery('SELECT * FROM q...')
#3 D:\laragon\www\SchoolingTime\app\Controllers\QuestionAnswerController.php(30): CodeIgniter\Database\BaseConnection->query('SELECT * FROM q...')
#4 D:\laragon\www\SchoolingTime\vendor\codeigniter4\framework\system\CodeIgniter.php(942): App\Controllers\QuestionAnswerController->exam_result_show('STD241151D5C3', 'homepage_assets', 'img', 'apple-touch-ico...')
#5 D:\laragon\www\SchoolingTime\vendor\codeigniter4\framework\system\CodeIgniter.php(502): CodeIgniter\CodeIgniter->runController(Object(App\Controllers\QuestionAnswerController))
#6 D:\laragon\www\SchoolingTime\vendor\codeigniter4\framework\system\CodeIgniter.php(361): CodeIgniter\CodeIgniter->handleRequest(NULL, Object(Config\Cache), false)
#7 D:\laragon\www\SchoolingTime\index.php(79): CodeIgniter\CodeIgniter->run()
#8 {main}
CRITICAL - 2024-05-31 06:05:49 --> Unknown column 'homepage_assets' in 'where clause'
in SYSTEMPATH\Database\BaseConnection.php on line 647.
 1 APPPATH\Controllers\QuestionAnswerController.php(30): CodeIgniter\Database\BaseConnection->query('SELECT * FROM question_answer 
                          WHERE id IN (homepage_assets) AND user_id = \'STD241151D5C3\' ')
 2 SYSTEMPATH\CodeIgniter.php(942): App\Controllers\QuestionAnswerController->exam_result_show('STD241151D5C3', 'homepage_assets', 'img', 'apple-touch-icon.png')
 3 SYSTEMPATH\CodeIgniter.php(502): CodeIgniter\CodeIgniter->runController(Object(App\Controllers\QuestionAnswerController))
 4 SYSTEMPATH\CodeIgniter.php(361): CodeIgniter\CodeIgniter->handleRequest(null, Object(Config\Cache), false)
 5 FCPATH\index.php(79): CodeIgniter\CodeIgniter->run()
INFO - 2024-05-31 06:05:52 --> Session: Class initialized using 'CodeIgniter\Session\Handlers\FileHandler' driver.
INFO - 2024-05-31 06:05:52 --> Session: Class initialized using 'CodeIgniter\Session\Handlers\FileHandler' driver.
INFO - 2024-05-31 06:05:53 --> Session: Class initialized using 'CodeIgniter\Session\Handlers\FileHandler' driver.
INFO - 2024-05-31 06:05:53 --> Session: Class initialized using 'CodeIgniter\Session\Handlers\FileHandler' driver.
INFO - 2024-05-31 06:05:56 --> Session: Class initialized using 'CodeIgniter\Session\Handlers\FileHandler' driver.
INFO - 2024-05-31 06:06:00 --> Session: Class initialized using 'CodeIgniter\Session\Handlers\FileHandler' driver.
INFO - 2024-05-31 06:06:14 --> Session: Class initialized using 'CodeIgniter\Session\Handlers\FileHandler' driver.
INFO - 2024-05-31 06:06:14 --> Session: Class initialized using 'CodeIgniter\Session\Handlers\FileHandler' driver.
INFO - 2024-05-31 06:06:37 --> Session: Class initialized using 'CodeIgniter\Session\Handlers\FileHandler' driver.
INFO - 2024-05-31 06:08:57 --> Session: Class initialized using 'CodeIgniter\Session\Handlers\FileHandler' driver.
INFO - 2024-05-31 06:09:40 --> Session: Class initialized using 'CodeIgniter\Session\Handlers\FileHandler' driver.
INFO - 2024-05-31 06:09:41 --> Session: Class initialized using 'CodeIgniter\Session\Handlers\FileHandler' driver.
INFO - 2024-05-31 06:09:46 --> Session: Class initialized using 'CodeIgniter\Session\Handlers\FileHandler' driver.
INFO - 2024-05-31 06:09:50 --> Session: Class initialized using 'CodeIgniter\Session\Handlers\FileHandler' driver.
INFO - 2024-05-31 06:10:09 --> Session: Class initialized using 'CodeIgniter\Session\Handlers\FileHandler' driver.
INFO - 2024-05-31 06:10:10 --> Session: Class initialized using 'CodeIgniter\Session\Handlers\FileHandler' driver.
INFO - 2024-05-31 06:10:13 --> Session: Class initialized using 'CodeIgniter\Session\Handlers\FileHandler' driver.
INFO - 2024-05-31 06:10:21 --> Session: Class initialized using 'CodeIgniter\Session\Handlers\FileHandler' driver.
INFO - 2024-05-31 06:11:47 --> Session: Class initialized using 'CodeIgniter\Session\Handlers\FileHandler' driver.
INFO - 2024-05-31 06:11:53 --> Session: Class initialized using 'CodeIgniter\Session\Handlers\FileHandler' driver.
INFO - 2024-05-31 06:14:24 --> Session: Class initialized using 'CodeIgniter\Session\Handlers\FileHandler' driver.
INFO - 2024-05-31 06:14:24 --> Session: Class initialized using 'CodeIgniter\Session\Handlers\FileHandler' driver.
INFO - 2024-05-31 06:14:28 --> Session: Class initialized using 'CodeIgniter\Session\Handlers\FileHandler' driver.
INFO - 2024-05-31 06:14:32 --> Session: Class initialized using 'CodeIgniter\Session\Handlers\FileHandler' driver.
INFO - 2024-05-31 06:23:29 --> Session: Class initialized using 'CodeIgniter\Session\Handlers\FileHandler' driver.
INFO - 2024-05-31 06:23:33 --> Session: Class initialized using 'CodeIgniter\Session\Handlers\FileHandler' driver.
INFO - 2024-05-31 06:23:35 --> Session: Class initialized using 'CodeIgniter\Session\Handlers\FileHandler' driver.
INFO - 2024-05-31 06:23:35 --> Session: Class initialized using 'CodeIgniter\Session\Handlers\FileHandler' driver.
INFO - 2024-05-31 06:23:48 --> Session: Class initialized using 'CodeIgniter\Session\Handlers\FileHandler' driver.
INFO - 2024-05-31 06:23:48 --> Session: Class initialized using 'CodeIgniter\Session\Handlers\FileHandler' driver.
INFO - 2024-05-31 06:23:48 --> Session: Class initialized using 'CodeIgniter\Session\Handlers\FileHandler' driver.
INFO - 2024-05-31 06:23:50 --> Session: Class initialized using 'CodeIgniter\Session\Handlers\FileHandler' driver.
INFO - 2024-05-31 06:23:51 --> Session: Class initialized using 'CodeIgniter\Session\Handlers\FileHandler' driver.
INFO - 2024-05-31 06:23:51 --> Session: Class initialized using 'CodeIgniter\Session\Handlers\FileHandler' driver.
INFO - 2024-05-31 06:23:51 --> Session: Class initialized using 'CodeIgniter\Session\Handlers\FileHandler' driver.
INFO - 2024-05-31 06:24:00 --> Session: Class initialized using 'CodeIgniter\Session\Handlers\FileHandler' driver.
INFO - 2024-05-31 06:24:05 --> Session: Class initialized using 'CodeIgniter\Session\Handlers\FileHandler' driver.
INFO - 2024-05-31 06:24:07 --> Session: Class initialized using 'CodeIgniter\Session\Handlers\FileHandler' driver.
INFO - 2024-05-31 06:24:07 --> Session: Class initialized using 'CodeIgniter\Session\Handlers\FileHandler' driver.
INFO - 2024-05-31 06:24:24 --> Session: Class initialized using 'CodeIgniter\Session\Handlers\FileHandler' driver.
INFO - 2024-05-31 06:24:30 --> Session: Class initialized using 'CodeIgniter\Session\Handlers\FileHandler' driver.
INFO - 2024-05-31 06:24:33 --> Session: Class initialized using 'CodeIgniter\Session\Handlers\FileHandler' driver.
INFO - 2024-05-31 06:24:33 --> Session: Class initialized using 'CodeIgniter\Session\Handlers\FileHandler' driver.
INFO - 2024-05-31 06:24:36 --> Session: Class initialized using 'CodeIgniter\Session\Handlers\FileHandler' driver.
INFO - 2024-05-31 06:24:37 --> Session: Class initialized using 'CodeIgniter\Session\Handlers\FileHandler' driver.
INFO - 2024-05-31 06:24:37 --> Session: Class initialized using 'CodeIgniter\Session\Handlers\FileHandler' driver.
INFO - 2024-05-31 06:24:37 --> Session: Class initialized using 'CodeIgniter\Session\Handlers\FileHandler' driver.
INFO - 2024-05-31 06:24:37 --> Session: Class initialized using 'CodeIgniter\Session\Handlers\FileHandler' driver.
INFO - 2024-05-31 06:24:42 --> Session: Class initialized using 'CodeIgniter\Session\Handlers\FileHandler' driver.
INFO - 2024-05-31 06:24:42 --> Session: Class initialized using 'CodeIgniter\Session\Handlers\FileHandler' driver.
INFO - 2024-05-31 06:24:51 --> Session: Class initialized using 'CodeIgniter\Session\Handlers\FileHandler' driver.
INFO - 2024-05-31 06:24:52 --> Session: Class initialized using 'CodeIgniter\Session\Handlers\FileHandler' driver.
INFO - 2024-05-31 06:24:52 --> Session: Class initialized using 'CodeIgniter\Session\Handlers\FileHandler' driver.
INFO - 2024-05-31 06:30:24 --> Session: Class initialized using 'CodeIgniter\Session\Handlers\FileHandler' driver.
INFO - 2024-05-31 06:30:24 --> Session: Class initialized using 'CodeIgniter\Session\Handlers\FileHandler' driver.
INFO - 2024-05-31 06:30:27 --> Session: Class initialized using 'CodeIgniter\Session\Handlers\FileHandler' driver.
INFO - 2024-05-31 06:30:27 --> Session: Class initialized using 'CodeIgniter\Session\Handlers\FileHandler' driver.
INFO - 2024-05-31 06:30:29 --> Session: Class initialized using 'CodeIgniter\Session\Handlers\FileHandler' driver.
INFO - 2024-05-31 06:30:30 --> Session: Class initialized using 'CodeIgniter\Session\Handlers\FileHandler' driver.
INFO - 2024-05-31 06:30:30 --> Session: Class initialized using 'CodeIgniter\Session\Handlers\FileHandler' driver.
INFO - 2024-05-31 06:30:38 --> Session: Class initialized using 'CodeIgniter\Session\Handlers\FileHandler' driver.
INFO - 2024-05-31 06:30:38 --> Session: Class initialized using 'CodeIgniter\Session\Handlers\FileHandler' driver.
INFO - 2024-05-31 06:30:38 --> Session: Class initialized using 'CodeIgniter\Session\Handlers\FileHandler' driver.
ERROR - 2024-05-31 06:30:39 --> mysqli_sql_exception: Unknown column 'homepage_assets' in 'where clause' in D:\laragon\www\SchoolingTime\vendor\codeigniter4\framework\system\Database\MySQLi\Connection.php:306
Stack trace:
#0 D:\laragon\www\SchoolingTime\vendor\codeigniter4\framework\system\Database\MySQLi\Connection.php(306): mysqli->query('SELECT * FROM q...', 0)
#1 D:\laragon\www\SchoolingTime\vendor\codeigniter4\framework\system\Database\BaseConnection.php(693): CodeIgniter\Database\MySQLi\Connection->execute('SELECT * FROM q...')
#2 D:\laragon\www\SchoolingTime\vendor\codeigniter4\framework\system\Database\BaseConnection.php(607): CodeIgniter\Database\BaseConnection->simpleQuery('SELECT * FROM q...')
#3 D:\laragon\www\SchoolingTime\app\Controllers\QuestionAnswerController.php(30): CodeIgniter\Database\BaseConnection->query('SELECT * FROM q...')
#4 D:\laragon\www\SchoolingTime\vendor\codeigniter4\framework\system\CodeIgniter.php(942): App\Controllers\QuestionAnswerController->exam_result_show('STD241151D5C3', 'homepage_assets', 'img', 'logo.png')
#5 D:\laragon\www\SchoolingTime\vendor\codeigniter4\framework\system\CodeIgniter.php(502): CodeIgniter\CodeIgniter->runController(Object(App\Controllers\QuestionAnswerController))
#6 D:\laragon\www\SchoolingTime\vendor\codeigniter4\framework\system\CodeIgniter.php(361): CodeIgniter\CodeIgniter->handleRequest(NULL, Object(Config\Cache), false)
#7 D:\laragon\www\SchoolingTime\index.php(79): CodeIgniter\CodeIgniter->run()
#8 {main}
CRITICAL - 2024-05-31 06:30:39 --> Unknown column 'homepage_assets' in 'where clause'
in SYSTEMPATH\Database\BaseConnection.php on line 647.
 1 APPPATH\Controllers\QuestionAnswerController.php(30): CodeIgniter\Database\BaseConnection->query('SELECT * FROM question_answer 
                          WHERE id IN (homepage_assets) AND user_id = \'STD241151D5C3\' ')
 2 SYSTEMPATH\CodeIgniter.php(942): App\Controllers\QuestionAnswerController->exam_result_show('STD241151D5C3', 'homepage_assets', 'img', 'logo.png')
 3 SYSTEMPATH\CodeIgniter.php(502): CodeIgniter\CodeIgniter->runController(Object(App\Controllers\QuestionAnswerController))
 4 SYSTEMPATH\CodeIgniter.php(361): CodeIgniter\CodeIgniter->handleRequest(null, Object(Config\Cache), false)
 5 FCPATH\index.php(79): CodeIgniter\CodeIgniter->run()
INFO - 2024-05-31 06:30:39 --> Session: Class initialized using 'CodeIgniter\Session\Handlers\FileHandler' driver.
ERROR - 2024-05-31 06:30:39 --> mysqli_sql_exception: Unknown column 'homepage_assets' in 'where clause' in D:\laragon\www\SchoolingTime\vendor\codeigniter4\framework\system\Database\MySQLi\Connection.php:306
Stack trace:
#0 D:\laragon\www\SchoolingTime\vendor\codeigniter4\framework\system\Database\MySQLi\Connection.php(306): mysqli->query('SELECT * FROM q...', 0)
#1 D:\laragon\www\SchoolingTime\vendor\codeigniter4\framework\system\Database\BaseConnection.php(693): CodeIgniter\Database\MySQLi\Connection->execute('SELECT * FROM q...')
#2 D:\laragon\www\SchoolingTime\vendor\codeigniter4\framework\system\Database\BaseConnection.php(607): CodeIgniter\Database\BaseConnection->simpleQuery('SELECT * FROM q...')
#3 D:\laragon\www\SchoolingTime\app\Controllers\QuestionAnswerController.php(30): CodeIgniter\Database\BaseConnection->query('SELECT * FROM q...')
#4 D:\laragon\www\SchoolingTime\vendor\codeigniter4\framework\system\CodeIgniter.php(942): App\Controllers\QuestionAnswerController->exam_result_show('STD241151D5C3', 'homepage_assets', 'img', 'apple-touch-ico...')
#5 D:\laragon\www\SchoolingTime\vendor\codeigniter4\framework\system\CodeIgniter.php(502): CodeIgniter\CodeIgniter->runController(Object(App\Controllers\QuestionAnswerController))
#6 D:\laragon\www\SchoolingTime\vendor\codeigniter4\framework\system\CodeIgniter.php(361): CodeIgniter\CodeIgniter->handleRequest(NULL, Object(Config\Cache), false)
#7 D:\laragon\www\SchoolingTime\index.php(79): CodeIgniter\CodeIgniter->run()
#8 {main}
CRITICAL - 2024-05-31 06:30:39 --> Unknown column 'homepage_assets' in 'where clause'
in SYSTEMPATH\Database\BaseConnection.php on line 647.
 1 APPPATH\Controllers\QuestionAnswerController.php(30): CodeIgniter\Database\BaseConnection->query('SELECT * FROM question_answer 
                          WHERE id IN (homepage_assets) AND user_id = \'STD241151D5C3\' ')
 2 SYSTEMPATH\CodeIgniter.php(942): App\Controllers\QuestionAnswerController->exam_result_show('STD241151D5C3', 'homepage_assets', 'img', 'apple-touch-icon.png')
 3 SYSTEMPATH\CodeIgniter.php(502): CodeIgniter\CodeIgniter->runController(Object(App\Controllers\QuestionAnswerController))
 4 SYSTEMPATH\CodeIgniter.php(361): CodeIgniter\CodeIgniter->handleRequest(null, Object(Config\Cache), false)
 5 FCPATH\index.php(79): CodeIgniter\CodeIgniter->run()
INFO - 2024-05-31 06:30:39 --> Session: Class initialized using 'CodeIgniter\Session\Handlers\FileHandler' driver.
ERROR - 2024-05-31 06:30:39 --> mysqli_sql_exception: Unknown column 'homepage_assets' in 'where clause' in D:\laragon\www\SchoolingTime\vendor\codeigniter4\framework\system\Database\MySQLi\Connection.php:306
Stack trace:
#0 D:\laragon\www\SchoolingTime\vendor\codeigniter4\framework\system\Database\MySQLi\Connection.php(306): mysqli->query('SELECT * FROM q...', 0)
#1 D:\laragon\www\SchoolingTime\vendor\codeigniter4\framework\system\Database\BaseConnection.php(693): CodeIgniter\Database\MySQLi\Connection->execute('SELECT * FROM q...')
#2 D:\laragon\www\SchoolingTime\vendor\codeigniter4\framework\system\Database\BaseConnection.php(607): CodeIgniter\Database\BaseConnection->simpleQuery('SELECT * FROM q...')
#3 D:\laragon\www\SchoolingTime\app\Controllers\QuestionAnswerController.php(30): CodeIgniter\Database\BaseConnection->query('SELECT * FROM q...')
#4 D:\laragon\www\SchoolingTime\vendor\codeigniter4\framework\system\CodeIgniter.php(942): App\Controllers\QuestionAnswerController->exam_result_show('STD241151D5C3', 'homepage_assets', 'img', 'favicon.png')
#5 D:\laragon\www\SchoolingTime\vendor\codeigniter4\framework\system\CodeIgniter.php(502): CodeIgniter\CodeIgniter->runController(Object(App\Controllers\QuestionAnswerController))
#6 D:\laragon\www\SchoolingTime\vendor\codeigniter4\framework\system\CodeIgniter.php(361): CodeIgniter\CodeIgniter->handleRequest(NULL, Object(Config\Cache), false)
#7 D:\laragon\www\SchoolingTime\index.php(79): CodeIgniter\CodeIgniter->run()
#8 {main}
CRITICAL - 2024-05-31 06:30:39 --> Unknown column 'homepage_assets' in 'where clause'
in SYSTEMPATH\Database\BaseConnection.php on line 647.
 1 APPPATH\Controllers\QuestionAnswerController.php(30): CodeIgniter\Database\BaseConnection->query('SELECT * FROM question_answer 
                          WHERE id IN (homepage_assets) AND user_id = \'STD241151D5C3\' ')
 2 SYSTEMPATH\CodeIgniter.php(942): App\Controllers\QuestionAnswerController->exam_result_show('STD241151D5C3', 'homepage_assets', 'img', 'favicon.png')
 3 SYSTEMPATH\CodeIgniter.php(502): CodeIgniter\CodeIgniter->runController(Object(App\Controllers\QuestionAnswerController))
 4 SYSTEMPATH\CodeIgniter.php(361): CodeIgniter\CodeIgniter->handleRequest(null, Object(Config\Cache), false)
 5 FCPATH\index.php(79): CodeIgniter\CodeIgniter->run()
INFO - 2024-05-31 06:30:44 --> Session: Class initialized using 'CodeIgniter\Session\Handlers\FileHandler' driver.
INFO - 2024-05-31 06:30:44 --> Session: Class initialized using 'CodeIgniter\Session\Handlers\FileHandler' driver.
INFO - 2024-05-31 06:30:50 --> Session: Class initialized using 'CodeIgniter\Session\Handlers\FileHandler' driver.
INFO - 2024-05-31 06:30:54 --> Session: Class initialized using 'CodeIgniter\Session\Handlers\FileHandler' driver.
INFO - 2024-05-31 06:30:55 --> Session: Class initialized using 'CodeIgniter\Session\Handlers\FileHandler' driver.
INFO - 2024-05-31 06:30:56 --> Session: Class initialized using 'CodeIgniter\Session\Handlers\FileHandler' driver.
INFO - 2024-05-31 06:30:59 --> Session: Class initialized using 'CodeIgniter\Session\Handlers\FileHandler' driver.
INFO - 2024-05-31 06:30:59 --> Session: Class initialized using 'CodeIgniter\Session\Handlers\FileHandler' driver.
INFO - 2024-05-31 06:30:59 --> Session: Class initialized using 'CodeIgniter\Session\Handlers\FileHandler' driver.
INFO - 2024-05-31 06:31:09 --> Session: Class initialized using 'CodeIgniter\Session\Handlers\FileHandler' driver.
INFO - 2024-05-31 06:31:10 --> Session: Class initialized using 'CodeIgniter\Session\Handlers\FileHandler' driver.
INFO - 2024-05-31 06:31:10 --> Session: Class initialized using 'CodeIgniter\Session\Handlers\FileHandler' driver.
ERROR - 2024-05-31 06:31:10 --> mysqli_sql_exception: Unknown column 'homepage_assets' in 'where clause' in D:\laragon\www\SchoolingTime\vendor\codeigniter4\framework\system\Database\MySQLi\Connection.php:306
Stack trace:
#0 D:\laragon\www\SchoolingTime\vendor\codeigniter4\framework\system\Database\MySQLi\Connection.php(306): mysqli->query('SELECT * FROM q...', 0)
#1 D:\laragon\www\SchoolingTime\vendor\codeigniter4\framework\system\Database\BaseConnection.php(693): CodeIgniter\Database\MySQLi\Connection->execute('SELECT * FROM q...')
#2 D:\laragon\www\SchoolingTime\vendor\codeigniter4\framework\system\Database\BaseConnection.php(607): CodeIgniter\Database\BaseConnection->simpleQuery('SELECT * FROM q...')
#3 D:\laragon\www\SchoolingTime\app\Controllers\QuestionAnswerController.php(30): CodeIgniter\Database\BaseConnection->query('SELECT * FROM q...')
#4 D:\laragon\www\SchoolingTime\vendor\codeigniter4\framework\system\CodeIgniter.php(942): App\Controllers\QuestionAnswerController->exam_result_show('STD241151D5C3', 'homepage_assets', 'img', 'logo.png')
#5 D:\laragon\www\SchoolingTime\vendor\codeigniter4\framework\system\CodeIgniter.php(502): CodeIgniter\CodeIgniter->runController(Object(App\Controllers\QuestionAnswerController))
#6 D:\laragon\www\SchoolingTime\vendor\codeigniter4\framework\system\CodeIgniter.php(361): CodeIgniter\CodeIgniter->handleRequest(NULL, Object(Config\Cache), false)
#7 D:\laragon\www\SchoolingTime\index.php(79): CodeIgniter\CodeIgniter->run()
#8 {main}
CRITICAL - 2024-05-31 06:31:10 --> Unknown column 'homepage_assets' in 'where clause'
in SYSTEMPATH\Database\BaseConnection.php on line 647.
 1 APPPATH\Controllers\QuestionAnswerController.php(30): CodeIgniter\Database\BaseConnection->query('SELECT * FROM question_answer 
                          WHERE id IN (homepage_assets) AND user_id = \'STD241151D5C3\' ')
 2 SYSTEMPATH\CodeIgniter.php(942): App\Controllers\QuestionAnswerController->exam_result_show('STD241151D5C3', 'homepage_assets', 'img', 'logo.png')
 3 SYSTEMPATH\CodeIgniter.php(502): CodeIgniter\CodeIgniter->runController(Object(App\Controllers\QuestionAnswerController))
 4 SYSTEMPATH\CodeIgniter.php(361): CodeIgniter\CodeIgniter->handleRequest(null, Object(Config\Cache), false)
 5 FCPATH\index.php(79): CodeIgniter\CodeIgniter->run()
INFO - 2024-05-31 06:32:08 --> Session: Class initialized using 'CodeIgniter\Session\Handlers\FileHandler' driver.
INFO - 2024-05-31 06:32:09 --> Session: Class initialized using 'CodeIgniter\Session\Handlers\FileHandler' driver.
ERROR - 2024-05-31 06:32:09 --> mysqli_sql_exception: Unknown column 'homepage_assets' in 'where clause' in D:\laragon\www\SchoolingTime\vendor\codeigniter4\framework\system\Database\MySQLi\Connection.php:306
Stack trace:
#0 D:\laragon\www\SchoolingTime\vendor\codeigniter4\framework\system\Database\MySQLi\Connection.php(306): mysqli->query('SELECT * FROM q...', 0)
#1 D:\laragon\www\SchoolingTime\vendor\codeigniter4\framework\system\Database\BaseConnection.php(693): CodeIgniter\Database\MySQLi\Connection->execute('SELECT * FROM q...')
#2 D:\laragon\www\SchoolingTime\vendor\codeigniter4\framework\system\Database\BaseConnection.php(607): CodeIgniter\Database\BaseConnection->simpleQuery('SELECT * FROM q...')
#3 D:\laragon\www\SchoolingTime\app\Controllers\QuestionAnswerController.php(30): CodeIgniter\Database\BaseConnection->query('SELECT * FROM q...')
#4 D:\laragon\www\SchoolingTime\vendor\codeigniter4\framework\system\CodeIgniter.php(942): App\Controllers\QuestionAnswerController->exam_result_show('STD241151D5C3', 'homepage_assets', 'img', 'logo.png')
#5 D:\laragon\www\SchoolingTime\vendor\codeigniter4\framework\system\CodeIgniter.php(502): CodeIgniter\CodeIgniter->runController(Object(App\Controllers\QuestionAnswerController))
#6 D:\laragon\www\SchoolingTime\vendor\codeigniter4\framework\system\CodeIgniter.php(361): CodeIgniter\CodeIgniter->handleRequest(NULL, Object(Config\Cache), false)
#7 D:\laragon\www\SchoolingTime\index.php(79): CodeIgniter\CodeIgniter->run()
#8 {main}
CRITICAL - 2024-05-31 06:32:09 --> Unknown column 'homepage_assets' in 'where clause'
in SYSTEMPATH\Database\BaseConnection.php on line 647.
 1 APPPATH\Controllers\QuestionAnswerController.php(30): CodeIgniter\Database\BaseConnection->query('SELECT * FROM question_answer 
                          WHERE id IN (homepage_assets) AND user_id = \'STD241151D5C3\' ')
 2 SYSTEMPATH\CodeIgniter.php(942): App\Controllers\QuestionAnswerController->exam_result_show('STD241151D5C3', 'homepage_assets', 'img', 'logo.png')
 3 SYSTEMPATH\CodeIgniter.php(502): CodeIgniter\CodeIgniter->runController(Object(App\Controllers\QuestionAnswerController))
 4 SYSTEMPATH\CodeIgniter.php(361): CodeIgniter\CodeIgniter->handleRequest(null, Object(Config\Cache), false)
 5 FCPATH\index.php(79): CodeIgniter\CodeIgniter->run()
INFO - 2024-05-31 06:32:15 --> Session: Class initialized using 'CodeIgniter\Session\Handlers\FileHandler' driver.
INFO - 2024-05-31 06:32:19 --> Session: Class initialized using 'CodeIgniter\Session\Handlers\FileHandler' driver.
INFO - 2024-05-31 06:32:32 --> Session: Class initialized using 'CodeIgniter\Session\Handlers\FileHandler' driver.
INFO - 2024-05-31 06:32:33 --> Session: Class initialized using 'CodeIgniter\Session\Handlers\FileHandler' driver.
INFO - 2024-05-31 06:32:35 --> Session: Class initialized using 'CodeIgniter\Session\Handlers\FileHandler' driver.
INFO - 2024-05-31 06:32:35 --> Session: Class initialized using 'CodeIgniter\Session\Handlers\FileHandler' driver.
INFO - 2024-05-31 06:32:35 --> Session: Class initialized using 'CodeIgniter\Session\Handlers\FileHandler' driver.
INFO - 2024-05-31 08:16:07 --> Session: Class initialized using 'CodeIgniter\Session\Handlers\FileHandler' driver.
INFO - 2024-05-31 08:16:36 --> Session: Class initialized using 'CodeIgniter\Session\Handlers\FileHandler' driver.
INFO - 2024-05-31 08:16:39 --> Session: Class initialized using 'CodeIgniter\Session\Handlers\FileHandler' driver.
INFO - 2024-05-31 08:16:43 --> Session: Class initialized using 'CodeIgniter\Session\Handlers\FileHandler' driver.
INFO - 2024-05-31 08:16:45 --> Session: Class initialized using 'CodeIgniter\Session\Handlers\FileHandler' driver.
INFO - 2024-05-31 08:16:45 --> Session: Class initialized using 'CodeIgniter\Session\Handlers\FileHandler' driver.
INFO - 2024-05-31 08:16:46 --> Session: Class initialized using 'CodeIgniter\Session\Handlers\FileHandler' driver.
INFO - 2024-05-31 08:16:46 --> Session: Class initialized using 'CodeIgniter\Session\Handlers\FileHandler' driver.
INFO - 2024-05-31 08:16:59 --> Session: Class initialized using 'CodeIgniter\Session\Handlers\FileHandler' driver.
INFO - 2024-05-31 08:16:59 --> Session: Class initialized using 'CodeIgniter\Session\Handlers\FileHandler' driver.
INFO - 2024-05-31 08:17:00 --> Session: Class initialized using 'CodeIgniter\Session\Handlers\FileHandler' driver.
INFO - 2024-05-31 08:17:00 --> Session: Class initialized using 'CodeIgniter\Session\Handlers\FileHandler' driver.
INFO - 2024-05-31 08:17:00 --> Session: Class initialized using 'CodeIgniter\Session\Handlers\FileHandler' driver.
INFO - 2024-05-31 08:21:15 --> Session: Class initialized using 'CodeIgniter\Session\Handlers\FileHandler' driver.
INFO - 2024-05-31 08:21:15 --> Session: Class initialized using 'CodeIgniter\Session\Handlers\FileHandler' driver.
INFO - 2024-05-31 08:21:16 --> Session: Class initialized using 'CodeIgniter\Session\Handlers\FileHandler' driver.
INFO - 2024-05-31 08:21:16 --> Session: Class initialized using 'CodeIgniter\Session\Handlers\FileHandler' driver.
INFO - 2024-05-31 08:21:47 --> Session: Class initialized using 'CodeIgniter\Session\Handlers\FileHandler' driver.
INFO - 2024-05-31 08:21:53 --> Session: Class initialized using 'CodeIgniter\Session\Handlers\FileHandler' driver.
INFO - 2024-05-31 08:21:53 --> Session: Class initialized using 'CodeIgniter\Session\Handlers\FileHandler' driver.
CRITICAL - 2024-05-31 08:21:53 --> Undefined variable $course_teacher_id
in APPPATH\Controllers\HomepageController.php on line 39.
 1 APPPATH\Controllers\HomepageController.php(39): CodeIgniter\Debug\Exceptions->errorHandler(2, 'Undefined variable $course_teacher_id', 'D:\\laragon\\www\\SchoolingTime\\app\\Controllers\\HomepageController.php', 39)
 2 SYSTEMPATH\CodeIgniter.php(942): App\Controllers\HomepageController->Course_details_view('homepage_assets', 'img', 'testimonials', 'testimonials-1.jpg')
 3 SYSTEMPATH\CodeIgniter.php(502): CodeIgniter\CodeIgniter->runController(Object(App\Controllers\HomepageController))
 4 SYSTEMPATH\CodeIgniter.php(361): CodeIgniter\CodeIgniter->handleRequest(null, Object(Config\Cache), false)
 5 FCPATH\index.php(79): CodeIgniter\CodeIgniter->run()
INFO - 2024-05-31 08:21:53 --> Session: Class initialized using 'CodeIgniter\Session\Handlers\FileHandler' driver.
CRITICAL - 2024-05-31 08:21:53 --> Undefined variable $course_teacher_id
in APPPATH\Controllers\HomepageController.php on line 39.
 1 APPPATH\Controllers\HomepageController.php(39): CodeIgniter\Debug\Exceptions->errorHandler(2, 'Undefined variable $course_teacher_id', 'D:\\laragon\\www\\SchoolingTime\\app\\Controllers\\HomepageController.php', 39)
 2 SYSTEMPATH\CodeIgniter.php(942): App\Controllers\HomepageController->Course_details_view('homepage_assets', 'img', 'logo.png')
 3 SYSTEMPATH\CodeIgniter.php(502): CodeIgniter\CodeIgniter->runController(Object(App\Controllers\HomepageController))
 4 SYSTEMPATH\CodeIgniter.php(361): CodeIgniter\CodeIgniter->handleRequest(null, Object(Config\Cache), false)
 5 FCPATH\index.php(79): CodeIgniter\CodeIgniter->run()
INFO - 2024-05-31 08:21:54 --> Session: Class initialized using 'CodeIgniter\Session\Handlers\FileHandler' driver.
CRITICAL - 2024-05-31 08:21:54 --> Undefined variable $course_teacher_id
in APPPATH\Controllers\HomepageController.php on line 39.
 1 APPPATH\Controllers\HomepageController.php(39): CodeIgniter\Debug\Exceptions->errorHandler(2, 'Undefined variable $course_teacher_id', 'D:\\laragon\\www\\SchoolingTime\\app\\Controllers\\HomepageController.php', 39)
 2 SYSTEMPATH\CodeIgniter.php(942): App\Controllers\HomepageController->Course_details_view('homepage_assets', 'img', 'favicon.png')
 3 SYSTEMPATH\CodeIgniter.php(502): CodeIgniter\CodeIgniter->runController(Object(App\Controllers\HomepageController))
 4 SYSTEMPATH\CodeIgniter.php(361): CodeIgniter\CodeIgniter->handleRequest(null, Object(Config\Cache), false)
 5 FCPATH\index.php(79): CodeIgniter\CodeIgniter->run()
INFO - 2024-05-31 08:21:54 --> Session: Class initialized using 'CodeIgniter\Session\Handlers\FileHandler' driver.
CRITICAL - 2024-05-31 08:21:54 --> Undefined variable $course_teacher_id
in APPPATH\Controllers\HomepageController.php on line 39.
 1 APPPATH\Controllers\HomepageController.php(39): CodeIgniter\Debug\Exceptions->errorHandler(2, 'Undefined variable $course_teacher_id', 'D:\\laragon\\www\\SchoolingTime\\app\\Controllers\\HomepageController.php', 39)
 2 SYSTEMPATH\CodeIgniter.php(942): App\Controllers\HomepageController->Course_details_view('homepage_assets', 'img', 'apple-touch-icon.png')
 3 SYSTEMPATH\CodeIgniter.php(502): CodeIgniter\CodeIgniter->runController(Object(App\Controllers\HomepageController))
 4 SYSTEMPATH\CodeIgniter.php(361): CodeIgniter\CodeIgniter->handleRequest(null, Object(Config\Cache), false)
 5 FCPATH\index.php(79): CodeIgniter\CodeIgniter->run()
INFO - 2024-05-31 08:22:01 --> Session: Class initialized using 'CodeIgniter\Session\Handlers\FileHandler' driver.
INFO - 2024-05-31 08:22:05 --> Session: Class initialized using 'CodeIgniter\Session\Handlers\FileHandler' driver.
INFO - 2024-05-31 08:22:20 --> Session: Class initialized using 'CodeIgniter\Session\Handlers\FileHandler' driver.
INFO - 2024-05-31 08:22:20 --> Session: Class initialized using 'CodeIgniter\Session\Handlers\FileHandler' driver.
INFO - 2024-05-31 08:22:24 --> Session: Class initialized using 'CodeIgniter\Session\Handlers\FileHandler' driver.
INFO - 2024-05-31 08:29:34 --> Session: Class initialized using 'CodeIgniter\Session\Handlers\FileHandler' driver.
INFO - 2024-05-31 08:29:34 --> Session: Class initialized using 'CodeIgniter\Session\Handlers\FileHandler' driver.
INFO - 2024-05-31 08:29:45 --> Session: Class initialized using 'CodeIgniter\Session\Handlers\FileHandler' driver.
INFO - 2024-05-31 08:29:45 --> Session: Class initialized using 'CodeIgniter\Session\Handlers\FileHandler' driver.
INFO - 2024-05-31 08:29:46 --> Session: Class initialized using 'CodeIgniter\Session\Handlers\FileHandler' driver.
INFO - 2024-05-31 08:29:46 --> Session: Class initialized using 'CodeIgniter\Session\Handlers\FileHandler' driver.
INFO - 2024-05-31 08:29:47 --> Session: Class initialized using 'CodeIgniter\Session\Handlers\FileHandler' driver.
INFO - 2024-05-31 08:29:48 --> Session: Class initialized using 'CodeIgniter\Session\Handlers\FileHandler' driver.
INFO - 2024-05-31 08:29:50 --> Session: Class initialized using 'CodeIgniter\Session\Handlers\FileHandler' driver.
INFO - 2024-05-31 08:29:54 --> Session: Class initialized using 'CodeIgniter\Session\Handlers\FileHandler' driver.
INFO - 2024-05-31 08:29:56 --> Session: Class initialized using 'CodeIgniter\Session\Handlers\FileHandler' driver.
INFO - 2024-05-31 08:29:56 --> Session: Class initialized using 'CodeIgniter\Session\Handlers\FileHandler' driver.
INFO - 2024-05-31 08:29:56 --> Session: Class initialized using 'CodeIgniter\Session\Handlers\FileHandler' driver.
INFO - 2024-05-31 08:29:57 --> Session: Class initialized using 'CodeIgniter\Session\Handlers\FileHandler' driver.
INFO - 2024-05-31 08:29:58 --> Session: Class initialized using 'CodeIgniter\Session\Handlers\FileHandler' driver.
INFO - 2024-05-31 08:29:59 --> Session: Class initialized using 'CodeIgniter\Session\Handlers\FileHandler' driver.
INFO - 2024-05-31 08:29:59 --> Session: Class initialized using 'CodeIgniter\Session\Handlers\FileHandler' driver.
INFO - 2024-05-31 08:30:07 --> Session: Class initialized using 'CodeIgniter\Session\Handlers\FileHandler' driver.
INFO - 2024-05-31 08:30:13 --> Session: Class initialized using 'CodeIgniter\Session\Handlers\FileHandler' driver.
INFO - 2024-05-31 08:30:17 --> Session: Class initialized using 'CodeIgniter\Session\Handlers\FileHandler' driver.
INFO - 2024-05-31 08:30:29 --> Session: Class initialized using 'CodeIgniter\Session\Handlers\FileHandler' driver.
INFO - 2024-05-31 08:30:31 --> Session: Class initialized using 'CodeIgniter\Session\Handlers\FileHandler' driver.
INFO - 2024-05-31 08:30:34 --> Session: Class initialized using 'CodeIgniter\Session\Handlers\FileHandler' driver.
INFO - 2024-05-31 08:30:35 --> Session: Class initialized using 'CodeIgniter\Session\Handlers\FileHandler' driver.
INFO - 2024-05-31 08:36:29 --> Session: Class initialized using 'CodeIgniter\Session\Handlers\FileHandler' driver.
INFO - 2024-05-31 08:36:29 --> Session: Class initialized using 'CodeIgniter\Session\Handlers\FileHandler' driver.
INFO - 2024-05-31 08:36:30 --> Session: Class initialized using 'CodeIgniter\Session\Handlers\FileHandler' driver.
INFO - 2024-05-31 08:36:30 --> Session: Class initialized using 'CodeIgniter\Session\Handlers\FileHandler' driver.
INFO - 2024-05-31 08:53:01 --> Session: Class initialized using 'CodeIgniter\Session\Handlers\FileHandler' driver.
INFO - 2024-05-31 08:53:02 --> Session: Class initialized using 'CodeIgniter\Session\Handlers\FileHandler' driver.
INFO - 2024-05-31 08:58:43 --> Session: Class initialized using 'CodeIgniter\Session\Handlers\FileHandler' driver.
INFO - 2024-05-31 08:58:43 --> Session: Class initialized using 'CodeIgniter\Session\Handlers\FileHandler' driver.
INFO - 2024-05-31 08:58:44 --> Session: Class initialized using 'CodeIgniter\Session\Handlers\FileHandler' driver.
INFO - 2024-05-31 08:58:44 --> Session: Class initialized using 'CodeIgniter\Session\Handlers\FileHandler' driver.
INFO - 2024-05-31 09:00:01 --> Session: Class initialized using 'CodeIgniter\Session\Handlers\FileHandler' driver.
INFO - 2024-05-31 09:00:01 --> Session: Class initialized using 'CodeIgniter\Session\Handlers\FileHandler' driver.
INFO - 2024-05-31 09:00:02 --> Session: Class initialized using 'CodeIgniter\Session\Handlers\FileHandler' driver.
INFO - 2024-05-31 09:00:02 --> Session: Class initialized using 'CodeIgniter\Session\Handlers\FileHandler' driver.
INFO - 2024-05-31 09:00:38 --> Session: Class initialized using 'CodeIgniter\Session\Handlers\FileHandler' driver.
INFO - 2024-05-31 09:00:39 --> Session: Class initialized using 'CodeIgniter\Session\Handlers\FileHandler' driver.
INFO - 2024-05-31 09:01:21 --> Session: Class initialized using 'CodeIgniter\Session\Handlers\FileHandler' driver.
INFO - 2024-05-31 09:01:21 --> Session: Class initialized using 'CodeIgniter\Session\Handlers\FileHandler' driver.
INFO - 2024-05-31 09:01:22 --> Session: Class initialized using 'CodeIgniter\Session\Handlers\FileHandler' driver.
INFO - 2024-05-31 09:01:22 --> Session: Class initialized using 'CodeIgniter\Session\Handlers\FileHandler' driver.
INFO - 2024-05-31 09:05:51 --> Session: Class initialized using 'CodeIgniter\Session\Handlers\FileHandler' driver.
INFO - 2024-05-31 09:05:52 --> Session: Class initialized using 'CodeIgniter\Session\Handlers\FileHandler' driver.
INFO - 2024-05-31 09:05:53 --> Session: Class initialized using 'CodeIgniter\Session\Handlers\FileHandler' driver.
INFO - 2024-05-31 09:05:53 --> Session: Class initialized using 'CodeIgniter\Session\Handlers\FileHandler' driver.
INFO - 2024-05-31 09:06:38 --> Session: Class initialized using 'CodeIgniter\Session\Handlers\FileHandler' driver.
INFO - 2024-05-31 09:06:38 --> Session: Class initialized using 'CodeIgniter\Session\Handlers\FileHandler' driver.
INFO - 2024-05-31 09:06:38 --> Session: Class initialized using 'CodeIgniter\Session\Handlers\FileHandler' driver.
INFO - 2024-05-31 09:06:38 --> Session: Class initialized using 'CodeIgniter\Session\Handlers\FileHandler' driver.
INFO - 2024-05-31 09:06:43 --> Session: Class initialized using 'CodeIgniter\Session\Handlers\FileHandler' driver.
INFO - 2024-05-31 09:06:44 --> Session: Class initialized using 'CodeIgniter\Session\Handlers\FileHandler' driver.
INFO - 2024-05-31 09:06:56 --> Session: Class initialized using 'CodeIgniter\Session\Handlers\FileHandler' driver.
INFO - 2024-05-31 09:06:56 --> Session: Class initialized using 'CodeIgniter\Session\Handlers\FileHandler' driver.
INFO - 2024-05-31 09:07:46 --> Session: Class initialized using 'CodeIgniter\Session\Handlers\FileHandler' driver.
INFO - 2024-05-31 09:07:46 --> Session: Class initialized using 'CodeIgniter\Session\Handlers\FileHandler' driver.
INFO - 2024-05-31 09:09:51 --> Session: Class initialized using 'CodeIgniter\Session\Handlers\FileHandler' driver.
INFO - 2024-05-31 09:09:52 --> Session: Class initialized using 'CodeIgniter\Session\Handlers\FileHandler' driver.
INFO - 2024-05-31 09:09:52 --> Session: Class initialized using 'CodeIgniter\Session\Handlers\FileHandler' driver.
INFO - 2024-05-31 09:09:52 --> Session: Class initialized using 'CodeIgniter\Session\Handlers\FileHandler' driver.
INFO - 2024-05-31 09:09:55 --> Session: Class initialized using 'CodeIgniter\Session\Handlers\FileHandler' driver.
INFO - 2024-05-31 09:09:56 --> Session: Class initialized using 'CodeIgniter\Session\Handlers\FileHandler' driver.
INFO - 2024-05-31 09:09:56 --> Session: Class initialized using 'CodeIgniter\Session\Handlers\FileHandler' driver.
INFO - 2024-05-31 09:09:56 --> Session: Class initialized using 'CodeIgniter\Session\Handlers\FileHandler' driver.
INFO - 2024-05-31 09:11:37 --> Session: Class initialized using 'CodeIgniter\Session\Handlers\FileHandler' driver.
INFO - 2024-05-31 09:11:37 --> Session: Class initialized using 'CodeIgniter\Session\Handlers\FileHandler' driver.
INFO - 2024-05-31 09:11:38 --> Session: Class initialized using 'CodeIgniter\Session\Handlers\FileHandler' driver.
INFO - 2024-05-31 09:11:38 --> Session: Class initialized using 'CodeIgniter\Session\Handlers\FileHandler' driver.
INFO - 2024-05-31 09:11:57 --> Session: Class initialized using 'CodeIgniter\Session\Handlers\FileHandler' driver.
INFO - 2024-05-31 09:11:57 --> Session: Class initialized using 'CodeIgniter\Session\Handlers\FileHandler' driver.
INFO - 2024-05-31 09:11:58 --> Session: Class initialized using 'CodeIgniter\Session\Handlers\FileHandler' driver.
INFO - 2024-05-31 09:11:58 --> Session: Class initialized using 'CodeIgniter\Session\Handlers\FileHandler' driver.
INFO - 2024-05-31 09:12:45 --> Session: Class initialized using 'CodeIgniter\Session\Handlers\FileHandler' driver.
CRITICAL - 2024-05-31 09:12:45 --> foreach() argument must be of type array|object, null given
in APPPATH\Controllers\QuestionAnswerController.php on line 122.
 1 APPPATH\Controllers\QuestionAnswerController.php(122): CodeIgniter\Debug\Exceptions->errorHandler(2, 'foreach() argument must be of type array|object, null given', 'D:\\laragon\\www\\SchoolingTime\\app\\Controllers\\QuestionAnswerController.php', 122)
 2 SYSTEMPATH\CodeIgniter.php(942): App\Controllers\QuestionAnswerController->question_answer_insert()
 3 SYSTEMPATH\CodeIgniter.php(502): CodeIgniter\CodeIgniter->runController(Object(App\Controllers\QuestionAnswerController))
 4 SYSTEMPATH\CodeIgniter.php(361): CodeIgniter\CodeIgniter->handleRequest(null, Object(Config\Cache), false)
 5 FCPATH\index.php(79): CodeIgniter\CodeIgniter->run()
INFO - 2024-05-31 09:12:50 --> Session: Class initialized using 'CodeIgniter\Session\Handlers\FileHandler' driver.
INFO - 2024-05-31 09:12:50 --> Session: Class initialized using 'CodeIgniter\Session\Handlers\FileHandler' driver.
INFO - 2024-05-31 09:14:32 --> Session: Class initialized using 'CodeIgniter\Session\Handlers\FileHandler' driver.
INFO - 2024-05-31 09:14:32 --> Session: Class initialized using 'CodeIgniter\Session\Handlers\FileHandler' driver.
INFO - 2024-05-31 09:14:33 --> Session: Class initialized using 'CodeIgniter\Session\Handlers\FileHandler' driver.
ERROR - 2024-05-31 09:14:33 --> mysqli_sql_exception: Unknown column 'homepage_assets' in 'where clause' in D:\laragon\www\SchoolingTime\vendor\codeigniter4\framework\system\Database\MySQLi\Connection.php:306
Stack trace:
#0 D:\laragon\www\SchoolingTime\vendor\codeigniter4\framework\system\Database\MySQLi\Connection.php(306): mysqli->query('SELECT * FROM q...', 0)
#1 D:\laragon\www\SchoolingTime\vendor\codeigniter4\framework\system\Database\BaseConnection.php(693): CodeIgniter\Database\MySQLi\Connection->execute('SELECT * FROM q...')
#2 D:\laragon\www\SchoolingTime\vendor\codeigniter4\framework\system\Database\BaseConnection.php(607): CodeIgniter\Database\BaseConnection->simpleQuery('SELECT * FROM q...')
#3 D:\laragon\www\SchoolingTime\app\Controllers\QuestionAnswerController.php(30): CodeIgniter\Database\BaseConnection->query('SELECT * FROM q...')
#4 D:\laragon\www\SchoolingTime\vendor\codeigniter4\framework\system\CodeIgniter.php(942): App\Controllers\QuestionAnswerController->exam_result_show('STD241151D5C3', 'homepage_assets', 'img', 'logo.png')
#5 D:\laragon\www\SchoolingTime\vendor\codeigniter4\framework\system\CodeIgniter.php(502): CodeIgniter\CodeIgniter->runController(Object(App\Controllers\QuestionAnswerController))
#6 D:\laragon\www\SchoolingTime\vendor\codeigniter4\framework\system\CodeIgniter.php(361): CodeIgniter\CodeIgniter->handleRequest(NULL, Object(Config\Cache), false)
#7 D:\laragon\www\SchoolingTime\index.php(79): CodeIgniter\CodeIgniter->run()
#8 {main}
CRITICAL - 2024-05-31 09:14:33 --> Unknown column 'homepage_assets' in 'where clause'
in SYSTEMPATH\Database\BaseConnection.php on line 647.
 1 APPPATH\Controllers\QuestionAnswerController.php(30): CodeIgniter\Database\BaseConnection->query('SELECT * FROM question_answer 
                          WHERE id IN (homepage_assets) AND user_id = \'STD241151D5C3\' ')
 2 SYSTEMPATH\CodeIgniter.php(942): App\Controllers\QuestionAnswerController->exam_result_show('STD241151D5C3', 'homepage_assets', 'img', 'logo.png')
 3 SYSTEMPATH\CodeIgniter.php(502): CodeIgniter\CodeIgniter->runController(Object(App\Controllers\QuestionAnswerController))
 4 SYSTEMPATH\CodeIgniter.php(361): CodeIgniter\CodeIgniter->handleRequest(null, Object(Config\Cache), false)
 5 FCPATH\index.php(79): CodeIgniter\CodeIgniter->run()
INFO - 2024-05-31 09:14:33 --> Session: Class initialized using 'CodeIgniter\Session\Handlers\FileHandler' driver.
ERROR - 2024-05-31 09:14:33 --> mysqli_sql_exception: Unknown column 'homepage_assets' in 'where clause' in D:\laragon\www\SchoolingTime\vendor\codeigniter4\framework\system\Database\MySQLi\Connection.php:306
Stack trace:
#0 D:\laragon\www\SchoolingTime\vendor\codeigniter4\framework\system\Database\MySQLi\Connection.php(306): mysqli->query('SELECT * FROM q...', 0)
#1 D:\laragon\www\SchoolingTime\vendor\codeigniter4\framework\system\Database\BaseConnection.php(693): CodeIgniter\Database\MySQLi\Connection->execute('SELECT * FROM q...')
#2 D:\laragon\www\SchoolingTime\vendor\codeigniter4\framework\system\Database\BaseConnection.php(607): CodeIgniter\Database\BaseConnection->simpleQuery('SELECT * FROM q...')
#3 D:\laragon\www\SchoolingTime\app\Controllers\QuestionAnswerController.php(30): CodeIgniter\Database\BaseConnection->query('SELECT * FROM q...')
#4 D:\laragon\www\SchoolingTime\vendor\codeigniter4\framework\system\CodeIgniter.php(942): App\Controllers\QuestionAnswerController->exam_result_show('STD241151D5C3', 'homepage_assets', 'img', 'favicon.png')
#5 D:\laragon\www\SchoolingTime\vendor\codeigniter4\framework\system\CodeIgniter.php(502): CodeIgniter\CodeIgniter->runController(Object(App\Controllers\QuestionAnswerController))
#6 D:\laragon\www\SchoolingTime\vendor\codeigniter4\framework\system\CodeIgniter.php(361): CodeIgniter\CodeIgniter->handleRequest(NULL, Object(Config\Cache), false)
#7 D:\laragon\www\SchoolingTime\index.php(79): CodeIgniter\CodeIgniter->run()
#8 {main}
CRITICAL - 2024-05-31 09:14:33 --> Unknown column 'homepage_assets' in 'where clause'
in SYSTEMPATH\Database\BaseConnection.php on line 647.
 1 APPPATH\Controllers\QuestionAnswerController.php(30): CodeIgniter\Database\BaseConnection->query('SELECT * FROM question_answer 
                          WHERE id IN (homepage_assets) AND user_id = \'STD241151D5C3\' ')
 2 SYSTEMPATH\CodeIgniter.php(942): App\Controllers\QuestionAnswerController->exam_result_show('STD241151D5C3', 'homepage_assets', 'img', 'favicon.png')
 3 SYSTEMPATH\CodeIgniter.php(502): CodeIgniter\CodeIgniter->runController(Object(App\Controllers\QuestionAnswerController))
 4 SYSTEMPATH\CodeIgniter.php(361): CodeIgniter\CodeIgniter->handleRequest(null, Object(Config\Cache), false)
 5 FCPATH\index.php(79): CodeIgniter\CodeIgniter->run()
INFO - 2024-05-31 09:14:33 --> Session: Class initialized using 'CodeIgniter\Session\Handlers\FileHandler' driver.
ERROR - 2024-05-31 09:14:34 --> mysqli_sql_exception: Unknown column 'homepage_assets' in 'where clause' in D:\laragon\www\SchoolingTime\vendor\codeigniter4\framework\system\Database\MySQLi\Connection.php:306
Stack trace:
#0 D:\laragon\www\SchoolingTime\vendor\codeigniter4\framework\system\Database\MySQLi\Connection.php(306): mysqli->query('SELECT * FROM q...', 0)
#1 D:\laragon\www\SchoolingTime\vendor\codeigniter4\framework\system\Database\BaseConnection.php(693): CodeIgniter\Database\MySQLi\Connection->execute('SELECT * FROM q...')
#2 D:\laragon\www\SchoolingTime\vendor\codeigniter4\framework\system\Database\BaseConnection.php(607): CodeIgniter\Database\BaseConnection->simpleQuery('SELECT * FROM q...')
#3 D:\laragon\www\SchoolingTime\app\Controllers\QuestionAnswerController.php(30): CodeIgniter\Database\BaseConnection->query('SELECT * FROM q...')
#4 D:\laragon\www\SchoolingTime\vendor\codeigniter4\framework\system\CodeIgniter.php(942): App\Controllers\QuestionAnswerController->exam_result_show('STD241151D5C3', 'homepage_assets', 'img', 'apple-touch-ico...')
#5 D:\laragon\www\SchoolingTime\vendor\codeigniter4\framework\system\CodeIgniter.php(502): CodeIgniter\CodeIgniter->runController(Object(App\Controllers\QuestionAnswerController))
#6 D:\laragon\www\SchoolingTime\vendor\codeigniter4\framework\system\CodeIgniter.php(361): CodeIgniter\CodeIgniter->handleRequest(NULL, Object(Config\Cache), false)
#7 D:\laragon\www\SchoolingTime\index.php(79): CodeIgniter\CodeIgniter->run()
#8 {main}
CRITICAL - 2024-05-31 09:14:34 --> Unknown column 'homepage_assets' in 'where clause'
in SYSTEMPATH\Database\BaseConnection.php on line 647.
 1 APPPATH\Controllers\QuestionAnswerController.php(30): CodeIgniter\Database\BaseConnection->query('SELECT * FROM question_answer 
                          WHERE id IN (homepage_assets) AND user_id = \'STD241151D5C3\' ')
 2 SYSTEMPATH\CodeIgniter.php(942): App\Controllers\QuestionAnswerController->exam_result_show('STD241151D5C3', 'homepage_assets', 'img', 'apple-touch-icon.png')
 3 SYSTEMPATH\CodeIgniter.php(502): CodeIgniter\CodeIgniter->runController(Object(App\Controllers\QuestionAnswerController))
 4 SYSTEMPATH\CodeIgniter.php(361): CodeIgniter\CodeIgniter->handleRequest(null, Object(Config\Cache), false)
 5 FCPATH\index.php(79): CodeIgniter\CodeIgniter->run()
INFO - 2024-05-31 09:19:16 --> Session: Class initialized using 'CodeIgniter\Session\Handlers\FileHandler' driver.
INFO - 2024-05-31 09:19:17 --> Session: Class initialized using 'CodeIgniter\Session\Handlers\FileHandler' driver.
INFO - 2024-05-31 09:19:19 --> Session: Class initialized using 'CodeIgniter\Session\Handlers\FileHandler' driver.
INFO - 2024-05-31 09:19:19 --> Session: Class initialized using 'CodeIgniter\Session\Handlers\FileHandler' driver.
INFO - 2024-05-31 09:19:25 --> Session: Class initialized using 'CodeIgniter\Session\Handlers\FileHandler' driver.
INFO - 2024-05-31 09:19:25 --> Session: Class initialized using 'CodeIgniter\Session\Handlers\FileHandler' driver.
INFO - 2024-05-31 09:19:28 --> Session: Class initialized using 'CodeIgniter\Session\Handlers\FileHandler' driver.
INFO - 2024-05-31 09:19:28 --> Session: Class initialized using 'CodeIgniter\Session\Handlers\FileHandler' driver.
INFO - 2024-05-31 09:21:10 --> Session: Class initialized using 'CodeIgniter\Session\Handlers\FileHandler' driver.
CRITICAL - 2024-05-31 09:21:10 --> foreach() argument must be of type array|object, null given
in APPPATH\Controllers\QuestionAnswerController.php on line 122.
 1 APPPATH\Controllers\QuestionAnswerController.php(122): CodeIgniter\Debug\Exceptions->errorHandler(2, 'foreach() argument must be of type array|object, null given', 'D:\\laragon\\www\\SchoolingTime\\app\\Controllers\\QuestionAnswerController.php', 122)
 2 SYSTEMPATH\CodeIgniter.php(942): App\Controllers\QuestionAnswerController->question_answer_insert()
 3 SYSTEMPATH\CodeIgniter.php(502): CodeIgniter\CodeIgniter->runController(Object(App\Controllers\QuestionAnswerController))
 4 SYSTEMPATH\CodeIgniter.php(361): CodeIgniter\CodeIgniter->handleRequest(null, Object(Config\Cache), false)
 5 FCPATH\index.php(79): CodeIgniter\CodeIgniter->run()
INFO - 2024-05-31 09:21:13 --> Session: Class initialized using 'CodeIgniter\Session\Handlers\FileHandler' driver.
INFO - 2024-05-31 09:21:14 --> Session: Class initialized using 'CodeIgniter\Session\Handlers\FileHandler' driver.
INFO - 2024-05-31 09:21:15 --> Session: Class initialized using 'CodeIgniter\Session\Handlers\FileHandler' driver.
INFO - 2024-05-31 09:21:15 --> Session: Class initialized using 'CodeIgniter\Session\Handlers\FileHandler' driver.
INFO - 2024-05-31 09:21:32 --> Session: Class initialized using 'CodeIgniter\Session\Handlers\FileHandler' driver.
INFO - 2024-05-31 09:21:36 --> Session: Class initialized using 'CodeIgniter\Session\Handlers\FileHandler' driver.
INFO - 2024-05-31 09:21:38 --> Session: Class initialized using 'CodeIgniter\Session\Handlers\FileHandler' driver.
INFO - 2024-05-31 09:21:38 --> Session: Class initialized using 'CodeIgniter\Session\Handlers\FileHandler' driver.
INFO - 2024-05-31 09:21:39 --> Session: Class initialized using 'CodeIgniter\Session\Handlers\FileHandler' driver.
INFO - 2024-05-31 09:21:39 --> Session: Class initialized using 'CodeIgniter\Session\Handlers\FileHandler' driver.
INFO - 2024-05-31 09:21:41 --> Session: Class initialized using 'CodeIgniter\Session\Handlers\FileHandler' driver.
INFO - 2024-05-31 09:21:42 --> Session: Class initialized using 'CodeIgniter\Session\Handlers\FileHandler' driver.
INFO - 2024-05-31 09:21:42 --> Session: Class initialized using 'CodeIgniter\Session\Handlers\FileHandler' driver.
INFO - 2024-05-31 09:39:29 --> Session: Class initialized using 'CodeIgniter\Session\Handlers\FileHandler' driver.
INFO - 2024-05-31 09:39:29 --> Session: Class initialized using 'CodeIgniter\Session\Handlers\FileHandler' driver.
INFO - 2024-05-31 09:39:30 --> Session: Class initialized using 'CodeIgniter\Session\Handlers\FileHandler' driver.
INFO - 2024-05-31 09:39:30 --> Session: Class initialized using 'CodeIgniter\Session\Handlers\FileHandler' driver.
INFO - 2024-05-31 09:39:41 --> Session: Class initialized using 'CodeIgniter\Session\Handlers\FileHandler' driver.
INFO - 2024-05-31 09:39:46 --> Session: Class initialized using 'CodeIgniter\Session\Handlers\FileHandler' driver.
INFO - 2024-05-31 09:39:48 --> Session: Class initialized using 'CodeIgniter\Session\Handlers\FileHandler' driver.
INFO - 2024-05-31 09:39:48 --> Session: Class initialized using 'CodeIgniter\Session\Handlers\FileHandler' driver.
INFO - 2024-05-31 09:39:48 --> Session: Class initialized using 'CodeIgniter\Session\Handlers\FileHandler' driver.
INFO - 2024-05-31 09:39:49 --> Session: Class initialized using 'CodeIgniter\Session\Handlers\FileHandler' driver.
INFO - 2024-05-31 09:39:50 --> Session: Class initialized using 'CodeIgniter\Session\Handlers\FileHandler' driver.
INFO - 2024-05-31 09:39:51 --> Session: Class initialized using 'CodeIgniter\Session\Handlers\FileHandler' driver.
INFO - 2024-05-31 09:39:51 --> Session: Class initialized using 'CodeIgniter\Session\Handlers\FileHandler' driver.
INFO - 2024-05-31 10:10:10 --> Session: Class initialized using 'CodeIgniter\Session\Handlers\FileHandler' driver.
INFO - 2024-05-31 10:10:11 --> Session: Class initialized using 'CodeIgniter\Session\Handlers\FileHandler' driver.
INFO - 2024-05-31 10:10:13 --> Session: Class initialized using 'CodeIgniter\Session\Handlers\FileHandler' driver.
INFO - 2024-05-31 10:10:13 --> Session: Class initialized using 'CodeIgniter\Session\Handlers\FileHandler' driver.
INFO - 2024-05-31 10:10:13 --> Session: Class initialized using 'CodeIgniter\Session\Handlers\FileHandler' driver.
INFO - 2024-05-31 10:10:14 --> Session: Class initialized using 'CodeIgniter\Session\Handlers\FileHandler' driver.
INFO - 2024-05-31 10:10:15 --> Session: Class initialized using 'CodeIgniter\Session\Handlers\FileHandler' driver.
INFO - 2024-05-31 10:10:15 --> Session: Class initialized using 'CodeIgniter\Session\Handlers\FileHandler' driver.
INFO - 2024-05-31 10:10:28 --> Session: Class initialized using 'CodeIgniter\Session\Handlers\FileHandler' driver.
CRITICAL - 2024-05-31 10:10:28 --> foreach() argument must be of type array|object, null given
in APPPATH\Controllers\QuestionAnswerController.php on line 122.
 1 APPPATH\Controllers\QuestionAnswerController.php(122): CodeIgniter\Debug\Exceptions->errorHandler(2, 'foreach() argument must be of type array|object, null given', 'D:\\laragon\\www\\SchoolingTime\\app\\Controllers\\QuestionAnswerController.php', 122)
 2 SYSTEMPATH\CodeIgniter.php(942): App\Controllers\QuestionAnswerController->question_answer_insert()
 3 SYSTEMPATH\CodeIgniter.php(502): CodeIgniter\CodeIgniter->runController(Object(App\Controllers\QuestionAnswerController))
 4 SYSTEMPATH\CodeIgniter.php(361): CodeIgniter\CodeIgniter->handleRequest(null, Object(Config\Cache), false)
 5 FCPATH\index.php(79): CodeIgniter\CodeIgniter->run()
INFO - 2024-05-31 10:10:40 --> Session: Class initialized using 'CodeIgniter\Session\Handlers\FileHandler' driver.
INFO - 2024-05-31 10:10:40 --> Session: Class initialized using 'CodeIgniter\Session\Handlers\FileHandler' driver.
INFO - 2024-05-31 10:10:48 --> Session: Class initialized using 'CodeIgniter\Session\Handlers\FileHandler' driver.
INFO - 2024-05-31 10:10:48 --> Session: Class initialized using 'CodeIgniter\Session\Handlers\FileHandler' driver.
INFO - 2024-05-31 10:10:49 --> Session: Class initialized using 'CodeIgniter\Session\Handlers\FileHandler' driver.
ERROR - 2024-05-31 10:10:49 --> mysqli_sql_exception: Unknown column 'homepage_assets' in 'where clause' in D:\laragon\www\SchoolingTime\vendor\codeigniter4\framework\system\Database\MySQLi\Connection.php:306
Stack trace:
#0 D:\laragon\www\SchoolingTime\vendor\codeigniter4\framework\system\Database\MySQLi\Connection.php(306): mysqli->query('SELECT * FROM q...', 0)
#1 D:\laragon\www\SchoolingTime\vendor\codeigniter4\framework\system\Database\BaseConnection.php(693): CodeIgniter\Database\MySQLi\Connection->execute('SELECT * FROM q...')
#2 D:\laragon\www\SchoolingTime\vendor\codeigniter4\framework\system\Database\BaseConnection.php(607): CodeIgniter\Database\BaseConnection->simpleQuery('SELECT * FROM q...')
#3 D:\laragon\www\SchoolingTime\app\Controllers\QuestionAnswerController.php(30): CodeIgniter\Database\BaseConnection->query('SELECT * FROM q...')
#4 D:\laragon\www\SchoolingTime\vendor\codeigniter4\framework\system\CodeIgniter.php(942): App\Controllers\QuestionAnswerController->exam_result_show('STD241151D5C3', 'homepage_assets', 'img', 'logo.png')
#5 D:\laragon\www\SchoolingTime\vendor\codeigniter4\framework\system\CodeIgniter.php(502): CodeIgniter\CodeIgniter->runController(Object(App\Controllers\QuestionAnswerController))
#6 D:\laragon\www\SchoolingTime\vendor\codeigniter4\framework\system\CodeIgniter.php(361): CodeIgniter\CodeIgniter->handleRequest(NULL, Object(Config\Cache), false)
#7 D:\laragon\www\SchoolingTime\index.php(79): CodeIgniter\CodeIgniter->run()
#8 {main}
CRITICAL - 2024-05-31 10:10:49 --> Unknown column 'homepage_assets' in 'where clause'
in SYSTEMPATH\Database\BaseConnection.php on line 647.
 1 APPPATH\Controllers\QuestionAnswerController.php(30): CodeIgniter\Database\BaseConnection->query('SELECT * FROM question_answer 
                          WHERE id IN (homepage_assets) AND user_id = \'STD241151D5C3\' ')
 2 SYSTEMPATH\CodeIgniter.php(942): App\Controllers\QuestionAnswerController->exam_result_show('STD241151D5C3', 'homepage_assets', 'img', 'logo.png')
 3 SYSTEMPATH\CodeIgniter.php(502): CodeIgniter\CodeIgniter->runController(Object(App\Controllers\QuestionAnswerController))
 4 SYSTEMPATH\CodeIgniter.php(361): CodeIgniter\CodeIgniter->handleRequest(null, Object(Config\Cache), false)
 5 FCPATH\index.php(79): CodeIgniter\CodeIgniter->run()
INFO - 2024-05-31 10:10:49 --> Session: Class initialized using 'CodeIgniter\Session\Handlers\FileHandler' driver.
ERROR - 2024-05-31 10:10:49 --> mysqli_sql_exception: Unknown column 'homepage_assets' in 'where clause' in D:\laragon\www\SchoolingTime\vendor\codeigniter4\framework\system\Database\MySQLi\Connection.php:306
Stack trace:
#0 D:\laragon\www\SchoolingTime\vendor\codeigniter4\framework\system\Database\MySQLi\Connection.php(306): mysqli->query('SELECT * FROM q...', 0)
#1 D:\laragon\www\SchoolingTime\vendor\codeigniter4\framework\system\Database\BaseConnection.php(693): CodeIgniter\Database\MySQLi\Connection->execute('SELECT * FROM q...')
#2 D:\laragon\www\SchoolingTime\vendor\codeigniter4\framework\system\Database\BaseConnection.php(607): CodeIgniter\Database\BaseConnection->simpleQuery('SELECT * FROM q...')
#3 D:\laragon\www\SchoolingTime\app\Controllers\QuestionAnswerController.php(30): CodeIgniter\Database\BaseConnection->query('SELECT * FROM q...')
#4 D:\laragon\www\SchoolingTime\vendor\codeigniter4\framework\system\CodeIgniter.php(942): App\Controllers\QuestionAnswerController->exam_result_show('STD241151D5C3', 'homepage_assets', 'img', 'apple-touch-ico...')
#5 D:\laragon\www\SchoolingTime\vendor\codeigniter4\framework\system\CodeIgniter.php(502): CodeIgniter\CodeIgniter->runController(Object(App\Controllers\QuestionAnswerController))
#6 D:\laragon\www\SchoolingTime\vendor\codeigniter4\framework\system\CodeIgniter.php(361): CodeIgniter\CodeIgniter->handleRequest(NULL, Object(Config\Cache), false)
#7 D:\laragon\www\SchoolingTime\index.php(79): CodeIgniter\CodeIgniter->run()
#8 {main}
CRITICAL - 2024-05-31 10:10:49 --> Unknown column 'homepage_assets' in 'where clause'
in SYSTEMPATH\Database\BaseConnection.php on line 647.
 1 APPPATH\Controllers\QuestionAnswerController.php(30): CodeIgniter\Database\BaseConnection->query('SELECT * FROM question_answer 
                          WHERE id IN (homepage_assets) AND user_id = \'STD241151D5C3\' ')
 2 SYSTEMPATH\CodeIgniter.php(942): App\Controllers\QuestionAnswerController->exam_result_show('STD241151D5C3', 'homepage_assets', 'img', 'apple-touch-icon.png')
 3 SYSTEMPATH\CodeIgniter.php(502): CodeIgniter\CodeIgniter->runController(Object(App\Controllers\QuestionAnswerController))
 4 SYSTEMPATH\CodeIgniter.php(361): CodeIgniter\CodeIgniter->handleRequest(null, Object(Config\Cache), false)
 5 FCPATH\index.php(79): CodeIgniter\CodeIgniter->run()
INFO - 2024-05-31 10:10:49 --> Session: Class initialized using 'CodeIgniter\Session\Handlers\FileHandler' driver.
ERROR - 2024-05-31 10:10:49 --> mysqli_sql_exception: Unknown column 'homepage_assets' in 'where clause' in D:\laragon\www\SchoolingTime\vendor\codeigniter4\framework\system\Database\MySQLi\Connection.php:306
Stack trace:
#0 D:\laragon\www\SchoolingTime\vendor\codeigniter4\framework\system\Database\MySQLi\Connection.php(306): mysqli->query('SELECT * FROM q...', 0)
#1 D:\laragon\www\SchoolingTime\vendor\codeigniter4\framework\system\Database\BaseConnection.php(693): CodeIgniter\Database\MySQLi\Connection->execute('SELECT * FROM q...')
#2 D:\laragon\www\SchoolingTime\vendor\codeigniter4\framework\system\Database\BaseConnection.php(607): CodeIgniter\Database\BaseConnection->simpleQuery('SELECT * FROM q...')
#3 D:\laragon\www\SchoolingTime\app\Controllers\QuestionAnswerController.php(30): CodeIgniter\Database\BaseConnection->query('SELECT * FROM q...')
#4 D:\laragon\www\SchoolingTime\vendor\codeigniter4\framework\system\CodeIgniter.php(942): App\Controllers\QuestionAnswerController->exam_result_show('STD241151D5C3', 'homepage_assets', 'img', 'favicon.png')
#5 D:\laragon\www\SchoolingTime\vendor\codeigniter4\framework\system\CodeIgniter.php(502): CodeIgniter\CodeIgniter->runController(Object(App\Controllers\QuestionAnswerController))
#6 D:\laragon\www\SchoolingTime\vendor\codeigniter4\framework\system\CodeIgniter.php(361): CodeIgniter\CodeIgniter->handleRequest(NULL, Object(Config\Cache), false)
#7 D:\laragon\www\SchoolingTime\index.php(79): CodeIgniter\CodeIgniter->run()
#8 {main}
CRITICAL - 2024-05-31 10:10:49 --> Unknown column 'homepage_assets' in 'where clause'
in SYSTEMPATH\Database\BaseConnection.php on line 647.
 1 APPPATH\Controllers\QuestionAnswerController.php(30): CodeIgniter\Database\BaseConnection->query('SELECT * FROM question_answer 
                          WHERE id IN (homepage_assets) AND user_id = \'STD241151D5C3\' ')
 2 SYSTEMPATH\CodeIgniter.php(942): App\Controllers\QuestionAnswerController->exam_result_show('STD241151D5C3', 'homepage_assets', 'img', 'favicon.png')
 3 SYSTEMPATH\CodeIgniter.php(502): CodeIgniter\CodeIgniter->runController(Object(App\Controllers\QuestionAnswerController))
 4 SYSTEMPATH\CodeIgniter.php(361): CodeIgniter\CodeIgniter->handleRequest(null, Object(Config\Cache), false)
 5 FCPATH\index.php(79): CodeIgniter\CodeIgniter->run()
INFO - 2024-05-31 10:11:21 --> Session: Class initialized using 'CodeIgniter\Session\Handlers\FileHandler' driver.
INFO - 2024-05-31 10:11:21 --> Session: Class initialized using 'CodeIgniter\Session\Handlers\FileHandler' driver.
INFO - 2024-05-31 10:11:29 --> Session: Class initialized using 'CodeIgniter\Session\Handlers\FileHandler' driver.
CRITICAL - 2024-05-31 10:11:29 --> foreach() argument must be of type array|object, null given
in APPPATH\Controllers\QuestionAnswerController.php on line 122.
 1 APPPATH\Controllers\QuestionAnswerController.php(122): CodeIgniter\Debug\Exceptions->errorHandler(2, 'foreach() argument must be of type array|object, null given', 'D:\\laragon\\www\\SchoolingTime\\app\\Controllers\\QuestionAnswerController.php', 122)
 2 SYSTEMPATH\CodeIgniter.php(942): App\Controllers\QuestionAnswerController->question_answer_insert()
 3 SYSTEMPATH\CodeIgniter.php(502): CodeIgniter\CodeIgniter->runController(Object(App\Controllers\QuestionAnswerController))
 4 SYSTEMPATH\CodeIgniter.php(361): CodeIgniter\CodeIgniter->handleRequest(null, Object(Config\Cache), false)
 5 FCPATH\index.php(79): CodeIgniter\CodeIgniter->run()
INFO - 2024-05-31 10:11:38 --> Session: Class initialized using 'CodeIgniter\Session\Handlers\FileHandler' driver.
INFO - 2024-05-31 10:11:38 --> Session: Class initialized using 'CodeIgniter\Session\Handlers\FileHandler' driver.
INFO - 2024-05-31 10:11:39 --> Session: Class initialized using 'CodeIgniter\Session\Handlers\FileHandler' driver.
INFO - 2024-05-31 10:11:39 --> Session: Class initialized using 'CodeIgniter\Session\Handlers\FileHandler' driver.
INFO - 2024-05-31 10:11:40 --> Session: Class initialized using 'CodeIgniter\Session\Handlers\FileHandler' driver.
INFO - 2024-05-31 10:11:40 --> Session: Class initialized using 'CodeIgniter\Session\Handlers\FileHandler' driver.
INFO - 2024-05-31 10:11:43 --> Session: Class initialized using 'CodeIgniter\Session\Handlers\FileHandler' driver.
INFO - 2024-05-31 10:11:43 --> Session: Class initialized using 'CodeIgniter\Session\Handlers\FileHandler' driver.
INFO - 2024-05-31 10:11:44 --> Session: Class initialized using 'CodeIgniter\Session\Handlers\FileHandler' driver.
INFO - 2024-05-31 10:11:44 --> Session: Class initialized using 'CodeIgniter\Session\Handlers\FileHandler' driver.
INFO - 2024-05-31 10:11:44 --> Session: Class initialized using 'CodeIgniter\Session\Handlers\FileHandler' driver.
INFO - 2024-05-31 10:12:02 --> Session: Class initialized using 'CodeIgniter\Session\Handlers\FileHandler' driver.
INFO - 2024-05-31 10:12:02 --> Session: Class initialized using 'CodeIgniter\Session\Handlers\FileHandler' driver.
INFO - 2024-05-31 10:12:02 --> Session: Class initialized using 'CodeIgniter\Session\Handlers\FileHandler' driver.
ERROR - 2024-05-31 10:12:02 --> mysqli_sql_exception: Unknown column 'homepage_assets' in 'where clause' in D:\laragon\www\SchoolingTime\vendor\codeigniter4\framework\system\Database\MySQLi\Connection.php:306
Stack trace:
#0 D:\laragon\www\SchoolingTime\vendor\codeigniter4\framework\system\Database\MySQLi\Connection.php(306): mysqli->query('SELECT * FROM q...', 0)
#1 D:\laragon\www\SchoolingTime\vendor\codeigniter4\framework\system\Database\BaseConnection.php(693): CodeIgniter\Database\MySQLi\Connection->execute('SELECT * FROM q...')
#2 D:\laragon\www\SchoolingTime\vendor\codeigniter4\framework\system\Database\BaseConnection.php(607): CodeIgniter\Database\BaseConnection->simpleQuery('SELECT * FROM q...')
#3 D:\laragon\www\SchoolingTime\app\Controllers\QuestionAnswerController.php(30): CodeIgniter\Database\BaseConnection->query('SELECT * FROM q...')
#4 D:\laragon\www\SchoolingTime\vendor\codeigniter4\framework\system\CodeIgniter.php(942): App\Controllers\QuestionAnswerController->exam_result_show('STD241151D5C3', 'homepage_assets', 'img', 'logo.png')
#5 D:\laragon\www\SchoolingTime\vendor\codeigniter4\framework\system\CodeIgniter.php(502): CodeIgniter\CodeIgniter->runController(Object(App\Controllers\QuestionAnswerController))
#6 D:\laragon\www\SchoolingTime\vendor\codeigniter4\framework\system\CodeIgniter.php(361): CodeIgniter\CodeIgniter->handleRequest(NULL, Object(Config\Cache), false)
#7 D:\laragon\www\SchoolingTime\index.php(79): CodeIgniter\CodeIgniter->run()
#8 {main}
CRITICAL - 2024-05-31 10:12:02 --> Unknown column 'homepage_assets' in 'where clause'
in SYSTEMPATH\Database\BaseConnection.php on line 647.
 1 APPPATH\Controllers\QuestionAnswerController.php(30): CodeIgniter\Database\BaseConnection->query('SELECT * FROM question_answer 
                          WHERE id IN (homepage_assets) AND user_id = \'STD241151D5C3\' ')
 2 SYSTEMPATH\CodeIgniter.php(942): App\Controllers\QuestionAnswerController->exam_result_show('STD241151D5C3', 'homepage_assets', 'img', 'logo.png')
 3 SYSTEMPATH\CodeIgniter.php(502): CodeIgniter\CodeIgniter->runController(Object(App\Controllers\QuestionAnswerController))
 4 SYSTEMPATH\CodeIgniter.php(361): CodeIgniter\CodeIgniter->handleRequest(null, Object(Config\Cache), false)
 5 FCPATH\index.php(79): CodeIgniter\CodeIgniter->run()
INFO - 2024-05-31 10:12:03 --> Session: Class initialized using 'CodeIgniter\Session\Handlers\FileHandler' driver.
ERROR - 2024-05-31 10:12:03 --> mysqli_sql_exception: Unknown column 'homepage_assets' in 'where clause' in D:\laragon\www\SchoolingTime\vendor\codeigniter4\framework\system\Database\MySQLi\Connection.php:306
Stack trace:
#0 D:\laragon\www\SchoolingTime\vendor\codeigniter4\framework\system\Database\MySQLi\Connection.php(306): mysqli->query('SELECT * FROM q...', 0)
#1 D:\laragon\www\SchoolingTime\vendor\codeigniter4\framework\system\Database\BaseConnection.php(693): CodeIgniter\Database\MySQLi\Connection->execute('SELECT * FROM q...')
#2 D:\laragon\www\SchoolingTime\vendor\codeigniter4\framework\system\Database\BaseConnection.php(607): CodeIgniter\Database\BaseConnection->simpleQuery('SELECT * FROM q...')
#3 D:\laragon\www\SchoolingTime\app\Controllers\QuestionAnswerController.php(30): CodeIgniter\Database\BaseConnection->query('SELECT * FROM q...')
#4 D:\laragon\www\SchoolingTime\vendor\codeigniter4\framework\system\CodeIgniter.php(942): App\Controllers\QuestionAnswerController->exam_result_show('STD241151D5C3', 'homepage_assets', 'img', 'favicon.png')
#5 D:\laragon\www\SchoolingTime\vendor\codeigniter4\framework\system\CodeIgniter.php(502): CodeIgniter\CodeIgniter->runController(Object(App\Controllers\QuestionAnswerController))
#6 D:\laragon\www\SchoolingTime\vendor\codeigniter4\framework\system\CodeIgniter.php(361): CodeIgniter\CodeIgniter->handleRequest(NULL, Object(Config\Cache), false)
#7 D:\laragon\www\SchoolingTime\index.php(79): CodeIgniter\CodeIgniter->run()
#8 {main}
CRITICAL - 2024-05-31 10:12:03 --> Unknown column 'homepage_assets' in 'where clause'
in SYSTEMPATH\Database\BaseConnection.php on line 647.
 1 APPPATH\Controllers\QuestionAnswerController.php(30): CodeIgniter\Database\BaseConnection->query('SELECT * FROM question_answer 
                          WHERE id IN (homepage_assets) AND user_id = \'STD241151D5C3\' ')
 2 SYSTEMPATH\CodeIgniter.php(942): App\Controllers\QuestionAnswerController->exam_result_show('STD241151D5C3', 'homepage_assets', 'img', 'favicon.png')
 3 SYSTEMPATH\CodeIgniter.php(502): CodeIgniter\CodeIgniter->runController(Object(App\Controllers\QuestionAnswerController))
 4 SYSTEMPATH\CodeIgniter.php(361): CodeIgniter\CodeIgniter->handleRequest(null, Object(Config\Cache), false)
 5 FCPATH\index.php(79): CodeIgniter\CodeIgniter->run()
INFO - 2024-05-31 10:12:03 --> Session: Class initialized using 'CodeIgniter\Session\Handlers\FileHandler' driver.
ERROR - 2024-05-31 10:12:03 --> mysqli_sql_exception: Unknown column 'homepage_assets' in 'where clause' in D:\laragon\www\SchoolingTime\vendor\codeigniter4\framework\system\Database\MySQLi\Connection.php:306
Stack trace:
#0 D:\laragon\www\SchoolingTime\vendor\codeigniter4\framework\system\Database\MySQLi\Connection.php(306): mysqli->query('SELECT * FROM q...', 0)
#1 D:\laragon\www\SchoolingTime\vendor\codeigniter4\framework\system\Database\BaseConnection.php(693): CodeIgniter\Database\MySQLi\Connection->execute('SELECT * FROM q...')
#2 D:\laragon\www\SchoolingTime\vendor\codeigniter4\framework\system\Database\BaseConnection.php(607): CodeIgniter\Database\BaseConnection->simpleQuery('SELECT * FROM q...')
#3 D:\laragon\www\SchoolingTime\app\Controllers\QuestionAnswerController.php(30): CodeIgniter\Database\BaseConnection->query('SELECT * FROM q...')
#4 D:\laragon\www\SchoolingTime\vendor\codeigniter4\framework\system\CodeIgniter.php(942): App\Controllers\QuestionAnswerController->exam_result_show('STD241151D5C3', 'homepage_assets', 'img', 'apple-touch-ico...')
#5 D:\laragon\www\SchoolingTime\vendor\codeigniter4\framework\system\CodeIgniter.php(502): CodeIgniter\CodeIgniter->runController(Object(App\Controllers\QuestionAnswerController))
#6 D:\laragon\www\SchoolingTime\vendor\codeigniter4\framework\system\CodeIgniter.php(361): CodeIgniter\CodeIgniter->handleRequest(NULL, Object(Config\Cache), false)
#7 D:\laragon\www\SchoolingTime\index.php(79): CodeIgniter\CodeIgniter->run()
#8 {main}
CRITICAL - 2024-05-31 10:12:03 --> Unknown column 'homepage_assets' in 'where clause'
in SYSTEMPATH\Database\BaseConnection.php on line 647.
 1 APPPATH\Controllers\QuestionAnswerController.php(30): CodeIgniter\Database\BaseConnection->query('SELECT * FROM question_answer 
                          WHERE id IN (homepage_assets) AND user_id = \'STD241151D5C3\' ')
 2 SYSTEMPATH\CodeIgniter.php(942): App\Controllers\QuestionAnswerController->exam_result_show('STD241151D5C3', 'homepage_assets', 'img', 'apple-touch-icon.png')
 3 SYSTEMPATH\CodeIgniter.php(502): CodeIgniter\CodeIgniter->runController(Object(App\Controllers\QuestionAnswerController))
 4 SYSTEMPATH\CodeIgniter.php(361): CodeIgniter\CodeIgniter->handleRequest(null, Object(Config\Cache), false)
 5 FCPATH\index.php(79): CodeIgniter\CodeIgniter->run()
INFO - 2024-05-31 10:34:06 --> Session: Class initialized using 'CodeIgniter\Session\Handlers\FileHandler' driver.
INFO - 2024-05-31 10:34:10 --> Session: Class initialized using 'CodeIgniter\Session\Handlers\FileHandler' driver.
INFO - 2024-05-31 10:34:12 --> Session: Class initialized using 'CodeIgniter\Session\Handlers\FileHandler' driver.
INFO - 2024-05-31 10:34:13 --> Session: Class initialized using 'CodeIgniter\Session\Handlers\FileHandler' driver.
INFO - 2024-05-31 10:34:13 --> Session: Class initialized using 'CodeIgniter\Session\Handlers\FileHandler' driver.
INFO - 2024-05-31 10:34:13 --> Session: Class initialized using 'CodeIgniter\Session\Handlers\FileHandler' driver.
INFO - 2024-05-31 10:34:16 --> Session: Class initialized using 'CodeIgniter\Session\Handlers\FileHandler' driver.
INFO - 2024-05-31 10:34:16 --> Session: Class initialized using 'CodeIgniter\Session\Handlers\FileHandler' driver.
INFO - 2024-05-31 10:34:17 --> Session: Class initialized using 'CodeIgniter\Session\Handlers\FileHandler' driver.
INFO - 2024-05-31 10:34:18 --> Session: Class initialized using 'CodeIgniter\Session\Handlers\FileHandler' driver.
INFO - 2024-05-31 10:34:18 --> Session: Class initialized using 'CodeIgniter\Session\Handlers\FileHandler' driver.
INFO - 2024-05-31 10:49:26 --> Session: Class initialized using 'CodeIgniter\Session\Handlers\FileHandler' driver.
INFO - 2024-05-31 10:49:26 --> Session: Class initialized using 'CodeIgniter\Session\Handlers\FileHandler' driver.
INFO - 2024-05-31 10:49:32 --> Session: Class initialized using 'CodeIgniter\Session\Handlers\FileHandler' driver.
INFO - 2024-05-31 10:49:40 --> Session: Class initialized using 'CodeIgniter\Session\Handlers\FileHandler' driver.
INFO - 2024-05-31 10:49:40 --> Session: Class initialized using 'CodeIgniter\Session\Handlers\FileHandler' driver.
CRITICAL - 2024-05-31 10:49:40 --> Undefined variable $course_teacher_id
in APPPATH\Controllers\HomepageController.php on line 39.
 1 APPPATH\Controllers\HomepageController.php(39): CodeIgniter\Debug\Exceptions->errorHandler(2, 'Undefined variable $course_teacher_id', 'D:\\laragon\\www\\SchoolingTime\\app\\Controllers\\HomepageController.php', 39)
 2 SYSTEMPATH\CodeIgniter.php(942): App\Controllers\HomepageController->Course_details_view('homepage_assets', 'img', 'testimonials', 'testimonials-1.jpg')
 3 SYSTEMPATH\CodeIgniter.php(502): CodeIgniter\CodeIgniter->runController(Object(App\Controllers\HomepageController))
 4 SYSTEMPATH\CodeIgniter.php(361): CodeIgniter\CodeIgniter->handleRequest(null, Object(Config\Cache), false)
 5 FCPATH\index.php(79): CodeIgniter\CodeIgniter->run()
INFO - 2024-05-31 10:49:40 --> Session: Class initialized using 'CodeIgniter\Session\Handlers\FileHandler' driver.
CRITICAL - 2024-05-31 10:49:40 --> Undefined variable $course_teacher_id
in APPPATH\Controllers\HomepageController.php on line 39.
 1 APPPATH\Controllers\HomepageController.php(39): CodeIgniter\Debug\Exceptions->errorHandler(2, 'Undefined variable $course_teacher_id', 'D:\\laragon\\www\\SchoolingTime\\app\\Controllers\\HomepageController.php', 39)
 2 SYSTEMPATH\CodeIgniter.php(942): App\Controllers\HomepageController->Course_details_view('homepage_assets', 'img', 'logo.png')
 3 SYSTEMPATH\CodeIgniter.php(502): CodeIgniter\CodeIgniter->runController(Object(App\Controllers\HomepageController))
 4 SYSTEMPATH\CodeIgniter.php(361): CodeIgniter\CodeIgniter->handleRequest(null, Object(Config\Cache), false)
 5 FCPATH\index.php(79): CodeIgniter\CodeIgniter->run()
INFO - 2024-05-31 10:49:41 --> Session: Class initialized using 'CodeIgniter\Session\Handlers\FileHandler' driver.
CRITICAL - 2024-05-31 10:49:41 --> Undefined variable $course_teacher_id
in APPPATH\Controllers\HomepageController.php on line 39.
 1 APPPATH\Controllers\HomepageController.php(39): CodeIgniter\Debug\Exceptions->errorHandler(2, 'Undefined variable $course_teacher_id', 'D:\\laragon\\www\\SchoolingTime\\app\\Controllers\\HomepageController.php', 39)
 2 SYSTEMPATH\CodeIgniter.php(942): App\Controllers\HomepageController->Course_details_view('homepage_assets', 'img', 'testimonials', 'testimonials-1.jpg')
 3 SYSTEMPATH\CodeIgniter.php(502): CodeIgniter\CodeIgniter->runController(Object(App\Controllers\HomepageController))
 4 SYSTEMPATH\CodeIgniter.php(361): CodeIgniter\CodeIgniter->handleRequest(null, Object(Config\Cache), false)
 5 FCPATH\index.php(79): CodeIgniter\CodeIgniter->run()
INFO - 2024-05-31 10:49:41 --> Session: Class initialized using 'CodeIgniter\Session\Handlers\FileHandler' driver.
CRITICAL - 2024-05-31 10:49:41 --> Undefined variable $course_teacher_id
in APPPATH\Controllers\HomepageController.php on line 39.
 1 APPPATH\Controllers\HomepageController.php(39): CodeIgniter\Debug\Exceptions->errorHandler(2, 'Undefined variable $course_teacher_id', 'D:\\laragon\\www\\SchoolingTime\\app\\Controllers\\HomepageController.php', 39)
 2 SYSTEMPATH\CodeIgniter.php(942): App\Controllers\HomepageController->Course_details_view('homepage_assets', 'img', 'favicon.png')
 3 SYSTEMPATH\CodeIgniter.php(502): CodeIgniter\CodeIgniter->runController(Object(App\Controllers\HomepageController))
 4 SYSTEMPATH\CodeIgniter.php(361): CodeIgniter\CodeIgniter->handleRequest(null, Object(Config\Cache), false)
 5 FCPATH\index.php(79): CodeIgniter\CodeIgniter->run()
INFO - 2024-05-31 10:49:41 --> Session: Class initialized using 'CodeIgniter\Session\Handlers\FileHandler' driver.
CRITICAL - 2024-05-31 10:49:41 --> Undefined variable $course_teacher_id
in APPPATH\Controllers\HomepageController.php on line 39.
 1 APPPATH\Controllers\HomepageController.php(39): CodeIgniter\Debug\Exceptions->errorHandler(2, 'Undefined variable $course_teacher_id', 'D:\\laragon\\www\\SchoolingTime\\app\\Controllers\\HomepageController.php', 39)
 2 SYSTEMPATH\CodeIgniter.php(942): App\Controllers\HomepageController->Course_details_view('homepage_assets', 'img', 'apple-touch-icon.png')
 3 SYSTEMPATH\CodeIgniter.php(502): CodeIgniter\CodeIgniter->runController(Object(App\Controllers\HomepageController))
 4 SYSTEMPATH\CodeIgniter.php(361): CodeIgniter\CodeIgniter->handleRequest(null, Object(Config\Cache), false)
 5 FCPATH\index.php(79): CodeIgniter\CodeIgniter->run()
INFO - 2024-05-31 10:49:46 --> Session: Class initialized using 'CodeIgniter\Session\Handlers\FileHandler' driver.
INFO - 2024-05-31 10:49:46 --> Session: Class initialized using 'CodeIgniter\Session\Handlers\FileHandler' driver.
INFO - 2024-05-31 10:49:58 --> Session: Class initialized using 'CodeIgniter\Session\Handlers\FileHandler' driver.
INFO - 2024-05-31 10:49:58 --> Session: Class initialized using 'CodeIgniter\Session\Handlers\FileHandler' driver.
INFO - 2024-05-31 10:50:04 --> Session: Class initialized using 'CodeIgniter\Session\Handlers\FileHandler' driver.
INFO - 2024-05-31 10:50:08 --> Session: Class initialized using 'CodeIgniter\Session\Handlers\FileHandler' driver.
INFO - 2024-05-31 10:50:09 --> Session: Class initialized using 'CodeIgniter\Session\Handlers\FileHandler' driver.
INFO - 2024-05-31 10:50:17 --> Session: Class initialized using 'CodeIgniter\Session\Handlers\FileHandler' driver.
INFO - 2024-05-31 10:50:23 --> Session: Class initialized using 'CodeIgniter\Session\Handlers\FileHandler' driver.
INFO - 2024-05-31 10:50:54 --> Session: Class initialized using 'CodeIgniter\Session\Handlers\FileHandler' driver.
INFO - 2024-05-31 10:50:55 --> Session: Class initialized using 'CodeIgniter\Session\Handlers\FileHandler' driver.
INFO - 2024-05-31 10:50:58 --> Session: Class initialized using 'CodeIgniter\Session\Handlers\FileHandler' driver.
INFO - 2024-05-31 10:51:08 --> Session: Class initialized using 'CodeIgniter\Session\Handlers\FileHandler' driver.
INFO - 2024-05-31 10:51:12 --> Session: Class initialized using 'CodeIgniter\Session\Handlers\FileHandler' driver.
INFO - 2024-05-31 10:53:58 --> Session: Class initialized using 'CodeIgniter\Session\Handlers\FileHandler' driver.
INFO - 2024-05-31 10:54:38 --> Session: Class initialized using 'CodeIgniter\Session\Handlers\FileHandler' driver.
INFO - 2024-05-31 10:55:45 --> Session: Class initialized using 'CodeIgniter\Session\Handlers\FileHandler' driver.
INFO - 2024-05-31 10:56:16 --> Session: Class initialized using 'CodeIgniter\Session\Handlers\FileHandler' driver.
INFO - 2024-05-31 10:56:17 --> Session: Class initialized using 'CodeIgniter\Session\Handlers\FileHandler' driver.
INFO - 2024-05-31 10:57:02 --> Session: Class initialized using 'CodeIgniter\Session\Handlers\FileHandler' driver.
INFO - 2024-05-31 10:57:02 --> Session: Class initialized using 'CodeIgniter\Session\Handlers\FileHandler' driver.
INFO - 2024-05-31 10:57:17 --> Session: Class initialized using 'CodeIgniter\Session\Handlers\FileHandler' driver.
INFO - 2024-05-31 10:58:42 --> Session: Class initialized using 'CodeIgniter\Session\Handlers\FileHandler' driver.
INFO - 2024-05-31 10:58:42 --> Session: Class initialized using 'CodeIgniter\Session\Handlers\FileHandler' driver.
INFO - 2024-05-31 10:58:48 --> Session: Class initialized using 'CodeIgniter\Session\Handlers\FileHandler' driver.
INFO - 2024-05-31 11:01:00 --> Session: Class initialized using 'CodeIgniter\Session\Handlers\FileHandler' driver.
INFO - 2024-05-31 11:03:10 --> Session: Class initialized using 'CodeIgniter\Session\Handlers\FileHandler' driver.
INFO - 2024-05-31 11:03:21 --> Session: Class initialized using 'CodeIgniter\Session\Handlers\FileHandler' driver.
INFO - 2024-05-31 11:03:44 --> Session: Class initialized using 'CodeIgniter\Session\Handlers\FileHandler' driver.
INFO - 2024-05-31 11:03:49 --> Session: Class initialized using 'CodeIgniter\Session\Handlers\FileHandler' driver.
INFO - 2024-05-31 11:04:19 --> Session: Class initialized using 'CodeIgniter\Session\Handlers\FileHandler' driver.
INFO - 2024-05-31 11:04:19 --> Session: Class initialized using 'CodeIgniter\Session\Handlers\FileHandler' driver.
INFO - 2024-05-31 11:04:27 --> Session: Class initialized using 'CodeIgniter\Session\Handlers\FileHandler' driver.
INFO - 2024-05-31 11:04:42 --> Session: Class initialized using 'CodeIgniter\Session\Handlers\FileHandler' driver.
INFO - 2024-05-31 11:06:16 --> Session: Class initialized using 'CodeIgniter\Session\Handlers\FileHandler' driver.
INFO - 2024-05-31 11:40:43 --> Session: Class initialized using 'CodeIgniter\Session\Handlers\FileHandler' driver.
INFO - 2024-05-31 11:41:41 --> Session: Class initialized using 'CodeIgniter\Session\Handlers\FileHandler' driver.
INFO - 2024-05-31 11:41:52 --> Session: Class initialized using 'CodeIgniter\Session\Handlers\FileHandler' driver.
INFO - 2024-05-31 11:42:20 --> Session: Class initialized using 'CodeIgniter\Session\Handlers\FileHandler' driver.
INFO - 2024-05-31 11:42:20 --> Session: Class initialized using 'CodeIgniter\Session\Handlers\FileHandler' driver.
INFO - 2024-05-31 11:43:07 --> Session: Class initialized using 'CodeIgniter\Session\Handlers\FileHandler' driver.
INFO - 2024-05-31 11:46:01 --> Session: Class initialized using 'CodeIgniter\Session\Handlers\FileHandler' driver.
INFO - 2024-05-31 11:47:49 --> Session: Class initialized using 'CodeIgniter\Session\Handlers\FileHandler' driver.
INFO - 2024-05-31 11:48:30 --> Session: Class initialized using 'CodeIgniter\Session\Handlers\FileHandler' driver.
INFO - 2024-05-31 11:48:55 --> Session: Class initialized using 'CodeIgniter\Session\Handlers\FileHandler' driver.
INFO - 2024-05-31 11:52:02 --> Session: Class initialized using 'CodeIgniter\Session\Handlers\FileHandler' driver.
INFO - 2024-05-31 11:52:33 --> Session: Class initialized using 'CodeIgniter\Session\Handlers\FileHandler' driver.
INFO - 2024-05-31 11:52:33 --> Session: Class initialized using 'CodeIgniter\Session\Handlers\FileHandler' driver.
INFO - 2024-05-31 11:52:41 --> Session: Class initialized using 'CodeIgniter\Session\Handlers\FileHandler' driver.
INFO - 2024-05-31 11:53:10 --> Session: Class initialized using 'CodeIgniter\Session\Handlers\FileHandler' driver.
INFO - 2024-05-31 11:54:03 --> Session: Class initialized using 'CodeIgniter\Session\Handlers\FileHandler' driver.
INFO - 2024-05-31 11:54:03 --> Session: Class initialized using 'CodeIgniter\Session\Handlers\FileHandler' driver.
INFO - 2024-05-31 11:54:11 --> Session: Class initialized using 'CodeIgniter\Session\Handlers\FileHandler' driver.
INFO - 2024-05-31 11:54:37 --> Session: Class initialized using 'CodeIgniter\Session\Handlers\FileHandler' driver.
INFO - 2024-05-31 11:54:37 --> Session: Class initialized using 'CodeIgniter\Session\Handlers\FileHandler' driver.
INFO - 2024-05-31 11:54:48 --> Session: Class initialized using 'CodeIgniter\Session\Handlers\FileHandler' driver.
INFO - 2024-05-31 11:58:51 --> Session: Class initialized using 'CodeIgniter\Session\Handlers\FileHandler' driver.
INFO - 2024-05-31 12:11:20 --> Session: Class initialized using 'CodeIgniter\Session\Handlers\FileHandler' driver.
INFO - 2024-05-31 12:12:00 --> Session: Class initialized using 'CodeIgniter\Session\Handlers\FileHandler' driver.
INFO - 2024-05-31 12:12:00 --> Session: Class initialized using 'CodeIgniter\Session\Handlers\FileHandler' driver.
INFO - 2024-05-31 12:12:03 --> Session: Class initialized using 'CodeIgniter\Session\Handlers\FileHandler' driver.
INFO - 2024-05-31 12:12:04 --> Session: Class initialized using 'CodeIgniter\Session\Handlers\FileHandler' driver.
INFO - 2024-05-31 12:12:07 --> Session: Class initialized using 'CodeIgniter\Session\Handlers\FileHandler' driver.
INFO - 2024-05-31 12:12:20 --> Session: Class initialized using 'CodeIgniter\Session\Handlers\FileHandler' driver.
INFO - 2024-05-31 12:12:20 --> Session: Class initialized using 'CodeIgniter\Session\Handlers\FileHandler' driver.
CRITICAL - 2024-05-31 12:12:20 --> Undefined variable $course_teacher_id
in APPPATH\Controllers\HomepageController.php on line 39.
 1 APPPATH\Controllers\HomepageController.php(39): CodeIgniter\Debug\Exceptions->errorHandler(2, 'Undefined variable $course_teacher_id', 'D:\\laragon\\www\\SchoolingTime\\app\\Controllers\\HomepageController.php', 39)
 2 SYSTEMPATH\CodeIgniter.php(942): App\Controllers\HomepageController->Course_details_view('homepage_assets', 'img', 'logo.png')
 3 SYSTEMPATH\CodeIgniter.php(502): CodeIgniter\CodeIgniter->runController(Object(App\Controllers\HomepageController))
 4 SYSTEMPATH\CodeIgniter.php(361): CodeIgniter\CodeIgniter->handleRequest(null, Object(Config\Cache), false)
 5 FCPATH\index.php(79): CodeIgniter\CodeIgniter->run()
INFO - 2024-05-31 12:12:20 --> Session: Class initialized using 'CodeIgniter\Session\Handlers\FileHandler' driver.
CRITICAL - 2024-05-31 12:12:20 --> Undefined variable $course_teacher_id
in APPPATH\Controllers\HomepageController.php on line 39.
 1 APPPATH\Controllers\HomepageController.php(39): CodeIgniter\Debug\Exceptions->errorHandler(2, 'Undefined variable $course_teacher_id', 'D:\\laragon\\www\\SchoolingTime\\app\\Controllers\\HomepageController.php', 39)
 2 SYSTEMPATH\CodeIgniter.php(942): App\Controllers\HomepageController->Course_details_view('homepage_assets', 'img', 'testimonials', 'testimonials-1.jpg')
 3 SYSTEMPATH\CodeIgniter.php(502): CodeIgniter\CodeIgniter->runController(Object(App\Controllers\HomepageController))
 4 SYSTEMPATH\CodeIgniter.php(361): CodeIgniter\CodeIgniter->handleRequest(null, Object(Config\Cache), false)
 5 FCPATH\index.php(79): CodeIgniter\CodeIgniter->run()
INFO - 2024-05-31 12:12:21 --> Session: Class initialized using 'CodeIgniter\Session\Handlers\FileHandler' driver.
CRITICAL - 2024-05-31 12:12:21 --> Undefined variable $course_teacher_id
in APPPATH\Controllers\HomepageController.php on line 39.
 1 APPPATH\Controllers\HomepageController.php(39): CodeIgniter\Debug\Exceptions->errorHandler(2, 'Undefined variable $course_teacher_id', 'D:\\laragon\\www\\SchoolingTime\\app\\Controllers\\HomepageController.php', 39)
 2 SYSTEMPATH\CodeIgniter.php(942): App\Controllers\HomepageController->Course_details_view('homepage_assets', 'img', 'favicon.png')
 3 SYSTEMPATH\CodeIgniter.php(502): CodeIgniter\CodeIgniter->runController(Object(App\Controllers\HomepageController))
 4 SYSTEMPATH\CodeIgniter.php(361): CodeIgniter\CodeIgniter->handleRequest(null, Object(Config\Cache), false)
 5 FCPATH\index.php(79): CodeIgniter\CodeIgniter->run()
INFO - 2024-05-31 12:12:21 --> Session: Class initialized using 'CodeIgniter\Session\Handlers\FileHandler' driver.
CRITICAL - 2024-05-31 12:12:21 --> Undefined variable $course_teacher_id
in APPPATH\Controllers\HomepageController.php on line 39.
 1 APPPATH\Controllers\HomepageController.php(39): CodeIgniter\Debug\Exceptions->errorHandler(2, 'Undefined variable $course_teacher_id', 'D:\\laragon\\www\\SchoolingTime\\app\\Controllers\\HomepageController.php', 39)
 2 SYSTEMPATH\CodeIgniter.php(942): App\Controllers\HomepageController->Course_details_view('homepage_assets', 'img', 'apple-touch-icon.png')
 3 SYSTEMPATH\CodeIgniter.php(502): CodeIgniter\CodeIgniter->runController(Object(App\Controllers\HomepageController))
 4 SYSTEMPATH\CodeIgniter.php(361): CodeIgniter\CodeIgniter->handleRequest(null, Object(Config\Cache), false)
 5 FCPATH\index.php(79): CodeIgniter\CodeIgniter->run()
INFO - 2024-05-31 12:12:44 --> Session: Class initialized using 'CodeIgniter\Session\Handlers\FileHandler' driver.
INFO - 2024-05-31 12:12:44 --> Session: Class initialized using 'CodeIgniter\Session\Handlers\FileHandler' driver.
INFO - 2024-05-31 12:13:11 --> Session: Class initialized using 'CodeIgniter\Session\Handlers\FileHandler' driver.
INFO - 2024-05-31 12:13:11 --> Session: Class initialized using 'CodeIgniter\Session\Handlers\FileHandler' driver.
INFO - 2024-05-31 12:13:18 --> Session: Class initialized using 'CodeIgniter\Session\Handlers\FileHandler' driver.
INFO - 2024-05-31 12:13:22 --> Session: Class initialized using 'CodeIgniter\Session\Handlers\FileHandler' driver.
INFO - 2024-05-31 12:13:22 --> Session: Class initialized using 'CodeIgniter\Session\Handlers\FileHandler' driver.
INFO - 2024-05-31 12:13:27 --> Session: Class initialized using 'CodeIgniter\Session\Handlers\FileHandler' driver.
INFO - 2024-05-31 12:13:31 --> Session: Class initialized using 'CodeIgniter\Session\Handlers\FileHandler' driver.
INFO - 2024-05-31 12:13:40 --> Session: Class initialized using 'CodeIgniter\Session\Handlers\FileHandler' driver.
INFO - 2024-05-31 12:13:48 --> Session: Class initialized using 'CodeIgniter\Session\Handlers\FileHandler' driver.
INFO - 2024-05-31 12:14:33 --> Session: Class initialized using 'CodeIgniter\Session\Handlers\FileHandler' driver.
INFO - 2024-05-31 12:14:33 --> Session: Class initialized using 'CodeIgniter\Session\Handlers\FileHandler' driver.
INFO - 2024-05-31 12:14:39 --> Session: Class initialized using 'CodeIgniter\Session\Handlers\FileHandler' driver.
INFO - 2024-05-31 12:22:21 --> Session: Class initialized using 'CodeIgniter\Session\Handlers\FileHandler' driver.
INFO - 2024-05-31 12:22:21 --> Session: Class initialized using 'CodeIgniter\Session\Handlers\FileHandler' driver.
INFO - 2024-05-31 12:22:26 --> Session: Class initialized using 'CodeIgniter\Session\Handlers\FileHandler' driver.
INFO - 2024-05-31 12:22:29 --> Session: Class initialized using 'CodeIgniter\Session\Handlers\FileHandler' driver.
INFO - 2024-05-31 12:22:34 --> Session: Class initialized using 'CodeIgniter\Session\Handlers\FileHandler' driver.
INFO - 2024-05-31 12:22:34 --> Session: Class initialized using 'CodeIgniter\Session\Handlers\FileHandler' driver.
INFO - 2024-05-31 12:22:34 --> Session: Class initialized using 'CodeIgniter\Session\Handlers\FileHandler' driver.
INFO - 2024-05-31 12:22:34 --> Session: Class initialized using 'CodeIgniter\Session\Handlers\FileHandler' driver.
INFO - 2024-05-31 12:22:40 --> Session: Class initialized using 'CodeIgniter\Session\Handlers\FileHandler' driver.
INFO - 2024-05-31 12:22:43 --> Session: Class initialized using 'CodeIgniter\Session\Handlers\FileHandler' driver.
INFO - 2024-05-31 12:22:47 --> Session: Class initialized using 'CodeIgniter\Session\Handlers\FileHandler' driver.
INFO - 2024-05-31 12:23:15 --> Session: Class initialized using 'CodeIgniter\Session\Handlers\FileHandler' driver.
INFO - 2024-05-31 12:23:17 --> Session: Class initialized using 'CodeIgniter\Session\Handlers\FileHandler' driver.
INFO - 2024-05-31 12:23:20 --> Session: Class initialized using 'CodeIgniter\Session\Handlers\FileHandler' driver.
INFO - 2024-05-31 12:23:21 --> Session: Class initialized using 'CodeIgniter\Session\Handlers\FileHandler' driver.
INFO - 2024-05-31 12:23:21 --> Session: Class initialized using 'CodeIgniter\Session\Handlers\FileHandler' driver.
INFO - 2024-05-31 12:23:21 --> Session: Class initialized using 'CodeIgniter\Session\Handlers\FileHandler' driver.
INFO - 2024-05-31 12:23:24 --> Session: Class initialized using 'CodeIgniter\Session\Handlers\FileHandler' driver.
INFO - 2024-05-31 12:23:24 --> Session: Class initialized using 'CodeIgniter\Session\Handlers\FileHandler' driver.
INFO - 2024-05-31 12:23:24 --> Session: Class initialized using 'CodeIgniter\Session\Handlers\FileHandler' driver.
INFO - 2024-05-31 12:23:25 --> Session: Class initialized using 'CodeIgniter\Session\Handlers\FileHandler' driver.
INFO - 2024-05-31 12:23:25 --> Session: Class initialized using 'CodeIgniter\Session\Handlers\FileHandler' driver.
INFO - 2024-05-31 12:23:51 --> Session: Class initialized using 'CodeIgniter\Session\Handlers\FileHandler' driver.
INFO - 2024-05-31 12:23:51 --> Session: Class initialized using 'CodeIgniter\Session\Handlers\FileHandler' driver.
INFO - 2024-05-31 12:24:50 --> Session: Class initialized using 'CodeIgniter\Session\Handlers\FileHandler' driver.
INFO - 2024-05-31 12:24:50 --> Session: Class initialized using 'CodeIgniter\Session\Handlers\FileHandler' driver.
INFO - 2024-05-31 12:24:59 --> Session: Class initialized using 'CodeIgniter\Session\Handlers\FileHandler' driver.
INFO - 2024-05-31 12:24:59 --> Session: Class initialized using 'CodeIgniter\Session\Handlers\FileHandler' driver.
INFO - 2024-05-31 12:25:20 --> Session: Class initialized using 'CodeIgniter\Session\Handlers\FileHandler' driver.
INFO - 2024-05-31 12:25:20 --> Session: Class initialized using 'CodeIgniter\Session\Handlers\FileHandler' driver.
CRITICAL - 2024-05-31 12:25:20 --> Undefined variable $course_teacher_id
in APPPATH\Controllers\HomepageController.php on line 39.
 1 APPPATH\Controllers\HomepageController.php(39): CodeIgniter\Debug\Exceptions->errorHandler(2, 'Undefined variable $course_teacher_id', 'D:\\laragon\\www\\SchoolingTime\\app\\Controllers\\HomepageController.php', 39)
 2 SYSTEMPATH\CodeIgniter.php(942): App\Controllers\HomepageController->Course_details_view('homepage_assets', 'img', 'logo.png')
 3 SYSTEMPATH\CodeIgniter.php(502): CodeIgniter\CodeIgniter->runController(Object(App\Controllers\HomepageController))
 4 SYSTEMPATH\CodeIgniter.php(361): CodeIgniter\CodeIgniter->handleRequest(null, Object(Config\Cache), false)
 5 FCPATH\index.php(79): CodeIgniter\CodeIgniter->run()
INFO - 2024-05-31 12:25:20 --> Session: Class initialized using 'CodeIgniter\Session\Handlers\FileHandler' driver.
CRITICAL - 2024-05-31 12:25:20 --> Undefined variable $course_teacher_id
in APPPATH\Controllers\HomepageController.php on line 39.
 1 APPPATH\Controllers\HomepageController.php(39): CodeIgniter\Debug\Exceptions->errorHandler(2, 'Undefined variable $course_teacher_id', 'D:\\laragon\\www\\SchoolingTime\\app\\Controllers\\HomepageController.php', 39)
 2 SYSTEMPATH\CodeIgniter.php(942): App\Controllers\HomepageController->Course_details_view('homepage_assets', 'img', 'testimonials', 'testimonials-1.jpg')
 3 SYSTEMPATH\CodeIgniter.php(502): CodeIgniter\CodeIgniter->runController(Object(App\Controllers\HomepageController))
 4 SYSTEMPATH\CodeIgniter.php(361): CodeIgniter\CodeIgniter->handleRequest(null, Object(Config\Cache), false)
 5 FCPATH\index.php(79): CodeIgniter\CodeIgniter->run()
INFO - 2024-05-31 12:25:20 --> Session: Class initialized using 'CodeIgniter\Session\Handlers\FileHandler' driver.
CRITICAL - 2024-05-31 12:25:20 --> Undefined variable $course_teacher_id
in APPPATH\Controllers\HomepageController.php on line 39.
 1 APPPATH\Controllers\HomepageController.php(39): CodeIgniter\Debug\Exceptions->errorHandler(2, 'Undefined variable $course_teacher_id', 'D:\\laragon\\www\\SchoolingTime\\app\\Controllers\\HomepageController.php', 39)
 2 SYSTEMPATH\CodeIgniter.php(942): App\Controllers\HomepageController->Course_details_view('homepage_assets', 'img', 'favicon.png')
 3 SYSTEMPATH\CodeIgniter.php(502): CodeIgniter\CodeIgniter->runController(Object(App\Controllers\HomepageController))
 4 SYSTEMPATH\CodeIgniter.php(361): CodeIgniter\CodeIgniter->handleRequest(null, Object(Config\Cache), false)
 5 FCPATH\index.php(79): CodeIgniter\CodeIgniter->run()
INFO - 2024-05-31 12:25:20 --> Session: Class initialized using 'CodeIgniter\Session\Handlers\FileHandler' driver.
CRITICAL - 2024-05-31 12:25:20 --> Undefined variable $course_teacher_id
in APPPATH\Controllers\HomepageController.php on line 39.
 1 APPPATH\Controllers\HomepageController.php(39): CodeIgniter\Debug\Exceptions->errorHandler(2, 'Undefined variable $course_teacher_id', 'D:\\laragon\\www\\SchoolingTime\\app\\Controllers\\HomepageController.php', 39)
 2 SYSTEMPATH\CodeIgniter.php(942): App\Controllers\HomepageController->Course_details_view('homepage_assets', 'img', 'apple-touch-icon.png')
 3 SYSTEMPATH\CodeIgniter.php(502): CodeIgniter\CodeIgniter->runController(Object(App\Controllers\HomepageController))
 4 SYSTEMPATH\CodeIgniter.php(361): CodeIgniter\CodeIgniter->handleRequest(null, Object(Config\Cache), false)
 5 FCPATH\index.php(79): CodeIgniter\CodeIgniter->run()
INFO - 2024-05-31 12:25:35 --> Session: Class initialized using 'CodeIgniter\Session\Handlers\FileHandler' driver.
INFO - 2024-05-31 12:25:35 --> Session: Class initialized using 'CodeIgniter\Session\Handlers\FileHandler' driver.
INFO - 2024-05-31 12:25:41 --> Session: Class initialized using 'CodeIgniter\Session\Handlers\FileHandler' driver.
INFO - 2024-05-31 12:25:41 --> Session: Class initialized using 'CodeIgniter\Session\Handlers\FileHandler' driver.
CRITICAL - 2024-05-31 12:25:41 --> Undefined variable $course_teacher_id
in APPPATH\Controllers\HomepageController.php on line 39.
 1 APPPATH\Controllers\HomepageController.php(39): CodeIgniter\Debug\Exceptions->errorHandler(2, 'Undefined variable $course_teacher_id', 'D:\\laragon\\www\\SchoolingTime\\app\\Controllers\\HomepageController.php', 39)
 2 SYSTEMPATH\CodeIgniter.php(942): App\Controllers\HomepageController->Course_details_view('homepage_assets', 'img', 'logo.png')
 3 SYSTEMPATH\CodeIgniter.php(502): CodeIgniter\CodeIgniter->runController(Object(App\Controllers\HomepageController))
 4 SYSTEMPATH\CodeIgniter.php(361): CodeIgniter\CodeIgniter->handleRequest(null, Object(Config\Cache), false)
 5 FCPATH\index.php(79): CodeIgniter\CodeIgniter->run()
INFO - 2024-05-31 12:25:41 --> Session: Class initialized using 'CodeIgniter\Session\Handlers\FileHandler' driver.
CRITICAL - 2024-05-31 12:25:41 --> Undefined variable $course_teacher_id
in APPPATH\Controllers\HomepageController.php on line 39.
 1 APPPATH\Controllers\HomepageController.php(39): CodeIgniter\Debug\Exceptions->errorHandler(2, 'Undefined variable $course_teacher_id', 'D:\\laragon\\www\\SchoolingTime\\app\\Controllers\\HomepageController.php', 39)
 2 SYSTEMPATH\CodeIgniter.php(942): App\Controllers\HomepageController->Course_details_view('homepage_assets', 'img', 'testimonials', 'testimonials-1.jpg')
 3 SYSTEMPATH\CodeIgniter.php(502): CodeIgniter\CodeIgniter->runController(Object(App\Controllers\HomepageController))
 4 SYSTEMPATH\CodeIgniter.php(361): CodeIgniter\CodeIgniter->handleRequest(null, Object(Config\Cache), false)
 5 FCPATH\index.php(79): CodeIgniter\CodeIgniter->run()
INFO - 2024-05-31 12:25:42 --> Session: Class initialized using 'CodeIgniter\Session\Handlers\FileHandler' driver.
CRITICAL - 2024-05-31 12:25:42 --> Undefined variable $course_teacher_id
in APPPATH\Controllers\HomepageController.php on line 39.
 1 APPPATH\Controllers\HomepageController.php(39): CodeIgniter\Debug\Exceptions->errorHandler(2, 'Undefined variable $course_teacher_id', 'D:\\laragon\\www\\SchoolingTime\\app\\Controllers\\HomepageController.php', 39)
 2 SYSTEMPATH\CodeIgniter.php(942): App\Controllers\HomepageController->Course_details_view('homepage_assets', 'img', 'testimonials', 'testimonials-1.jpg')
 3 SYSTEMPATH\CodeIgniter.php(502): CodeIgniter\CodeIgniter->runController(Object(App\Controllers\HomepageController))
 4 SYSTEMPATH\CodeIgniter.php(361): CodeIgniter\CodeIgniter->handleRequest(null, Object(Config\Cache), false)
 5 FCPATH\index.php(79): CodeIgniter\CodeIgniter->run()
INFO - 2024-05-31 12:39:22 --> Session: Class initialized using 'CodeIgniter\Session\Handlers\FileHandler' driver.
INFO - 2024-05-31 12:39:23 --> Session: Class initialized using 'CodeIgniter\Session\Handlers\FileHandler' driver.
CRITICAL - 2024-05-31 12:39:23 --> Undefined variable $course_teacher_id
in APPPATH\Controllers\HomepageController.php on line 39.
 1 APPPATH\Controllers\HomepageController.php(39): CodeIgniter\Debug\Exceptions->errorHandler(2, 'Undefined variable $course_teacher_id', 'D:\\laragon\\www\\SchoolingTime\\app\\Controllers\\HomepageController.php', 39)
 2 SYSTEMPATH\CodeIgniter.php(942): App\Controllers\HomepageController->Course_details_view('homepage_assets', 'img', 'testimonials', 'testimonials-1.jpg')
 3 SYSTEMPATH\CodeIgniter.php(502): CodeIgniter\CodeIgniter->runController(Object(App\Controllers\HomepageController))
 4 SYSTEMPATH\CodeIgniter.php(361): CodeIgniter\CodeIgniter->handleRequest(null, Object(Config\Cache), false)
 5 FCPATH\index.php(79): CodeIgniter\CodeIgniter->run()
INFO - 2024-05-31 12:39:23 --> Session: Class initialized using 'CodeIgniter\Session\Handlers\FileHandler' driver.
CRITICAL - 2024-05-31 12:39:23 --> Undefined variable $course_teacher_id
in APPPATH\Controllers\HomepageController.php on line 39.
 1 APPPATH\Controllers\HomepageController.php(39): CodeIgniter\Debug\Exceptions->errorHandler(2, 'Undefined variable $course_teacher_id', 'D:\\laragon\\www\\SchoolingTime\\app\\Controllers\\HomepageController.php', 39)
 2 SYSTEMPATH\CodeIgniter.php(942): App\Controllers\HomepageController->Course_details_view('homepage_assets', 'img', 'logo.png')
 3 SYSTEMPATH\CodeIgniter.php(502): CodeIgniter\CodeIgniter->runController(Object(App\Controllers\HomepageController))
 4 SYSTEMPATH\CodeIgniter.php(361): CodeIgniter\CodeIgniter->handleRequest(null, Object(Config\Cache), false)
 5 FCPATH\index.php(79): CodeIgniter\CodeIgniter->run()
INFO - 2024-05-31 12:39:33 --> Session: Class initialized using 'CodeIgniter\Session\Handlers\FileHandler' driver.
INFO - 2024-05-31 12:39:33 --> Session: Class initialized using 'CodeIgniter\Session\Handlers\FileHandler' driver.
INFO - 2024-05-31 12:39:46 --> Session: Class initialized using 'CodeIgniter\Session\Handlers\FileHandler' driver.
INFO - 2024-05-31 12:39:58 --> Session: Class initialized using 'CodeIgniter\Session\Handlers\FileHandler' driver.
INFO - 2024-05-31 12:39:59 --> Session: Class initialized using 'CodeIgniter\Session\Handlers\FileHandler' driver.
CRITICAL - 2024-05-31 12:39:59 --> Undefined variable $course_teacher_id
in APPPATH\Controllers\HomepageController.php on line 39.
 1 APPPATH\Controllers\HomepageController.php(39): CodeIgniter\Debug\Exceptions->errorHandler(2, 'Undefined variable $course_teacher_id', 'D:\\laragon\\www\\SchoolingTime\\app\\Controllers\\HomepageController.php', 39)
 2 SYSTEMPATH\CodeIgniter.php(942): App\Controllers\HomepageController->Course_details_view('homepage_assets', 'img', 'logo.png')
 3 SYSTEMPATH\CodeIgniter.php(502): CodeIgniter\CodeIgniter->runController(Object(App\Controllers\HomepageController))
 4 SYSTEMPATH\CodeIgniter.php(361): CodeIgniter\CodeIgniter->handleRequest(null, Object(Config\Cache), false)
 5 FCPATH\index.php(79): CodeIgniter\CodeIgniter->run()
INFO - 2024-05-31 12:39:59 --> Session: Class initialized using 'CodeIgniter\Session\Handlers\FileHandler' driver.
CRITICAL - 2024-05-31 12:39:59 --> Undefined variable $course_teacher_id
in APPPATH\Controllers\HomepageController.php on line 39.
 1 APPPATH\Controllers\HomepageController.php(39): CodeIgniter\Debug\Exceptions->errorHandler(2, 'Undefined variable $course_teacher_id', 'D:\\laragon\\www\\SchoolingTime\\app\\Controllers\\HomepageController.php', 39)
 2 SYSTEMPATH\CodeIgniter.php(942): App\Controllers\HomepageController->Course_details_view('homepage_assets', 'img', 'testimonials', 'testimonials-1.jpg')
 3 SYSTEMPATH\CodeIgniter.php(502): CodeIgniter\CodeIgniter->runController(Object(App\Controllers\HomepageController))
 4 SYSTEMPATH\CodeIgniter.php(361): CodeIgniter\CodeIgniter->handleRequest(null, Object(Config\Cache), false)
 5 FCPATH\index.php(79): CodeIgniter\CodeIgniter->run()
INFO - 2024-05-31 12:39:59 --> Session: Class initialized using 'CodeIgniter\Session\Handlers\FileHandler' driver.
CRITICAL - 2024-05-31 12:39:59 --> Undefined variable $course_teacher_id
in APPPATH\Controllers\HomepageController.php on line 39.
 1 APPPATH\Controllers\HomepageController.php(39): CodeIgniter\Debug\Exceptions->errorHandler(2, 'Undefined variable $course_teacher_id', 'D:\\laragon\\www\\SchoolingTime\\app\\Controllers\\HomepageController.php', 39)
 2 SYSTEMPATH\CodeIgniter.php(942): App\Controllers\HomepageController->Course_details_view('homepage_assets', 'img', 'favicon.png')
 3 SYSTEMPATH\CodeIgniter.php(502): CodeIgniter\CodeIgniter->runController(Object(App\Controllers\HomepageController))
 4 SYSTEMPATH\CodeIgniter.php(361): CodeIgniter\CodeIgniter->handleRequest(null, Object(Config\Cache), false)
 5 FCPATH\index.php(79): CodeIgniter\CodeIgniter->run()
INFO - 2024-05-31 12:39:59 --> Session: Class initialized using 'CodeIgniter\Session\Handlers\FileHandler' driver.
CRITICAL - 2024-05-31 12:39:59 --> Undefined variable $course_teacher_id
in APPPATH\Controllers\HomepageController.php on line 39.
 1 APPPATH\Controllers\HomepageController.php(39): CodeIgniter\Debug\Exceptions->errorHandler(2, 'Undefined variable $course_teacher_id', 'D:\\laragon\\www\\SchoolingTime\\app\\Controllers\\HomepageController.php', 39)
 2 SYSTEMPATH\CodeIgniter.php(942): App\Controllers\HomepageController->Course_details_view('homepage_assets', 'img', 'apple-touch-icon.png')
 3 SYSTEMPATH\CodeIgniter.php(502): CodeIgniter\CodeIgniter->runController(Object(App\Controllers\HomepageController))
 4 SYSTEMPATH\CodeIgniter.php(361): CodeIgniter\CodeIgniter->handleRequest(null, Object(Config\Cache), false)
 5 FCPATH\index.php(79): CodeIgniter\CodeIgniter->run()
INFO - 2024-05-31 12:40:15 --> Session: Class initialized using 'CodeIgniter\Session\Handlers\FileHandler' driver.
INFO - 2024-05-31 12:40:15 --> Session: Class initialized using 'CodeIgniter\Session\Handlers\FileHandler' driver.
INFO - 2024-05-31 12:40:53 --> Session: Class initialized using 'CodeIgniter\Session\Handlers\FileHandler' driver.
INFO - 2024-05-31 12:41:01 --> Session: Class initialized using 'CodeIgniter\Session\Handlers\FileHandler' driver.
INFO - 2024-05-31 12:41:15 --> Session: Class initialized using 'CodeIgniter\Session\Handlers\FileHandler' driver.
INFO - 2024-05-31 12:41:15 --> Session: Class initialized using 'CodeIgniter\Session\Handlers\FileHandler' driver.
INFO - 2024-05-31 12:41:21 --> Session: Class initialized using 'CodeIgniter\Session\Handlers\FileHandler' driver.
INFO - 2024-05-31 12:41:25 --> Session: Class initialized using 'CodeIgniter\Session\Handlers\FileHandler' driver.
INFO - 2024-05-31 12:41:47 --> Session: Class initialized using 'CodeIgniter\Session\Handlers\FileHandler' driver.
INFO - 2024-05-31 14:21:10 --> Session: Class initialized using 'CodeIgniter\Session\Handlers\FileHandler' driver.
INFO - 2024-05-31 14:21:29 --> Session: Class initialized using 'CodeIgniter\Session\Handlers\FileHandler' driver.
INFO - 2024-05-31 14:21:44 --> Session: Class initialized using 'CodeIgniter\Session\Handlers\FileHandler' driver.
INFO - 2024-05-31 14:22:08 --> Session: Class initialized using 'CodeIgniter\Session\Handlers\FileHandler' driver.
INFO - 2024-05-31 14:22:12 --> Session: Class initialized using 'CodeIgniter\Session\Handlers\FileHandler' driver.
INFO - 2024-05-31 14:55:25 --> Session: Class initialized using 'CodeIgniter\Session\Handlers\FileHandler' driver.
INFO - 2024-05-31 14:55:41 --> Session: Class initialized using 'CodeIgniter\Session\Handlers\FileHandler' driver.
INFO - 2024-05-31 15:00:48 --> Session: Class initialized using 'CodeIgniter\Session\Handlers\FileHandler' driver.
INFO - 2024-05-31 15:00:56 --> Session: Class initialized using 'CodeIgniter\Session\Handlers\FileHandler' driver.
INFO - 2024-05-31 15:00:56 --> Session: Class initialized using 'CodeIgniter\Session\Handlers\FileHandler' driver.
CRITICAL - 2024-05-31 15:00:56 --> Undefined variable $course_teacher_id
in APPPATH\Controllers\HomepageController.php on line 39.
 1 APPPATH\Controllers\HomepageController.php(39): CodeIgniter\Debug\Exceptions->errorHandler(2, 'Undefined variable $course_teacher_id', 'D:\\laragon\\www\\SchoolingTime\\app\\Controllers\\HomepageController.php', 39)
 2 SYSTEMPATH\CodeIgniter.php(942): App\Controllers\HomepageController->Course_details_view('homepage_assets', 'img', 'testimonials', 'testimonials-1.jpg')
 3 SYSTEMPATH\CodeIgniter.php(502): CodeIgniter\CodeIgniter->runController(Object(App\Controllers\HomepageController))
 4 SYSTEMPATH\CodeIgniter.php(361): CodeIgniter\CodeIgniter->handleRequest(null, Object(Config\Cache), false)
 5 FCPATH\index.php(79): CodeIgniter\CodeIgniter->run()
INFO - 2024-05-31 15:00:56 --> Session: Class initialized using 'CodeIgniter\Session\Handlers\FileHandler' driver.
CRITICAL - 2024-05-31 15:00:56 --> Undefined variable $course_teacher_id
in APPPATH\Controllers\HomepageController.php on line 39.
 1 APPPATH\Controllers\HomepageController.php(39): CodeIgniter\Debug\Exceptions->errorHandler(2, 'Undefined variable $course_teacher_id', 'D:\\laragon\\www\\SchoolingTime\\app\\Controllers\\HomepageController.php', 39)
 2 SYSTEMPATH\CodeIgniter.php(942): App\Controllers\HomepageController->Course_details_view('homepage_assets', 'img', 'logo.png')
 3 SYSTEMPATH\CodeIgniter.php(502): CodeIgniter\CodeIgniter->runController(Object(App\Controllers\HomepageController))
 4 SYSTEMPATH\CodeIgniter.php(361): CodeIgniter\CodeIgniter->handleRequest(null, Object(Config\Cache), false)
 5 FCPATH\index.php(79): CodeIgniter\CodeIgniter->run()
INFO - 2024-05-31 15:00:57 --> Session: Class initialized using 'CodeIgniter\Session\Handlers\FileHandler' driver.
CRITICAL - 2024-05-31 15:00:57 --> Undefined variable $course_teacher_id
in APPPATH\Controllers\HomepageController.php on line 39.
 1 APPPATH\Controllers\HomepageController.php(39): CodeIgniter\Debug\Exceptions->errorHandler(2, 'Undefined variable $course_teacher_id', 'D:\\laragon\\www\\SchoolingTime\\app\\Controllers\\HomepageController.php', 39)
 2 SYSTEMPATH\CodeIgniter.php(942): App\Controllers\HomepageController->Course_details_view('homepage_assets', 'img', 'testimonials', 'testimonials-1.jpg')
 3 SYSTEMPATH\CodeIgniter.php(502): CodeIgniter\CodeIgniter->runController(Object(App\Controllers\HomepageController))
 4 SYSTEMPATH\CodeIgniter.php(361): CodeIgniter\CodeIgniter->handleRequest(null, Object(Config\Cache), false)
 5 FCPATH\index.php(79): CodeIgniter\CodeIgniter->run()
INFO - 2024-05-31 15:00:57 --> Session: Class initialized using 'CodeIgniter\Session\Handlers\FileHandler' driver.
CRITICAL - 2024-05-31 15:00:57 --> Undefined variable $course_teacher_id
in APPPATH\Controllers\HomepageController.php on line 39.
 1 APPPATH\Controllers\HomepageController.php(39): CodeIgniter\Debug\Exceptions->errorHandler(2, 'Undefined variable $course_teacher_id', 'D:\\laragon\\www\\SchoolingTime\\app\\Controllers\\HomepageController.php', 39)
 2 SYSTEMPATH\CodeIgniter.php(942): App\Controllers\HomepageController->Course_details_view('homepage_assets', 'img', 'favicon.png')
 3 SYSTEMPATH\CodeIgniter.php(502): CodeIgniter\CodeIgniter->runController(Object(App\Controllers\HomepageController))
 4 SYSTEMPATH\CodeIgniter.php(361): CodeIgniter\CodeIgniter->handleRequest(null, Object(Config\Cache), false)
 5 FCPATH\index.php(79): CodeIgniter\CodeIgniter->run()
INFO - 2024-05-31 15:00:57 --> Session: Class initialized using 'CodeIgniter\Session\Handlers\FileHandler' driver.
CRITICAL - 2024-05-31 15:00:57 --> Undefined variable $course_teacher_id
in APPPATH\Controllers\HomepageController.php on line 39.
 1 APPPATH\Controllers\HomepageController.php(39): CodeIgniter\Debug\Exceptions->errorHandler(2, 'Undefined variable $course_teacher_id', 'D:\\laragon\\www\\SchoolingTime\\app\\Controllers\\HomepageController.php', 39)
 2 SYSTEMPATH\CodeIgniter.php(942): App\Controllers\HomepageController->Course_details_view('homepage_assets', 'img', 'apple-touch-icon.png')
 3 SYSTEMPATH\CodeIgniter.php(502): CodeIgniter\CodeIgniter->runController(Object(App\Controllers\HomepageController))
 4 SYSTEMPATH\CodeIgniter.php(361): CodeIgniter\CodeIgniter->handleRequest(null, Object(Config\Cache), false)
 5 FCPATH\index.php(79): CodeIgniter\CodeIgniter->run()
INFO - 2024-05-31 15:01:03 --> Session: Class initialized using 'CodeIgniter\Session\Handlers\FileHandler' driver.
INFO - 2024-05-31 15:01:03 --> Session: Class initialized using 'CodeIgniter\Session\Handlers\FileHandler' driver.
INFO - 2024-05-31 15:01:04 --> Session: Class initialized using 'CodeIgniter\Session\Handlers\FileHandler' driver.
INFO - 2024-05-31 15:01:04 --> Session: Class initialized using 'CodeIgniter\Session\Handlers\FileHandler' driver.
INFO - 2024-05-31 15:01:48 --> Session: Class initialized using 'CodeIgniter\Session\Handlers\FileHandler' driver.
INFO - 2024-05-31 15:01:49 --> Session: Class initialized using 'CodeIgniter\Session\Handlers\FileHandler' driver.
INFO - 2024-05-31 15:01:49 --> Session: Class initialized using 'CodeIgniter\Session\Handlers\FileHandler' driver.
INFO - 2024-05-31 15:01:50 --> Session: Class initialized using 'CodeIgniter\Session\Handlers\FileHandler' driver.
INFO - 2024-05-31 15:01:50 --> Session: Class initialized using 'CodeIgniter\Session\Handlers\FileHandler' driver.
INFO - 2024-05-31 15:02:03 --> Session: Class initialized using 'CodeIgniter\Session\Handlers\FileHandler' driver.
INFO - 2024-05-31 15:02:42 --> Session: Class initialized using 'CodeIgniter\Session\Handlers\FileHandler' driver.
INFO - 2024-05-31 15:02:45 --> Session: Class initialized using 'CodeIgniter\Session\Handlers\FileHandler' driver.
INFO - 2024-05-31 15:02:48 --> Session: Class initialized using 'CodeIgniter\Session\Handlers\FileHandler' driver.
INFO - 2024-05-31 15:02:52 --> Session: Class initialized using 'CodeIgniter\Session\Handlers\FileHandler' driver.
INFO - 2024-05-31 15:02:54 --> Session: Class initialized using 'CodeIgniter\Session\Handlers\FileHandler' driver.
INFO - 2024-05-31 15:03:15 --> Session: Class initialized using 'CodeIgniter\Session\Handlers\FileHandler' driver.
INFO - 2024-05-31 15:03:15 --> Session: Class initialized using 'CodeIgniter\Session\Handlers\FileHandler' driver.
INFO - 2024-05-31 15:03:16 --> Session: Class initialized using 'CodeIgniter\Session\Handlers\FileHandler' driver.
INFO - 2024-05-31 15:03:16 --> Session: Class initialized using 'CodeIgniter\Session\Handlers\FileHandler' driver.
INFO - 2024-05-31 15:03:19 --> Session: Class initialized using 'CodeIgniter\Session\Handlers\FileHandler' driver.
INFO - 2024-05-31 15:03:19 --> Session: Class initialized using 'CodeIgniter\Session\Handlers\FileHandler' driver.
INFO - 2024-05-31 15:03:19 --> Session: Class initialized using 'CodeIgniter\Session\Handlers\FileHandler' driver.
INFO - 2024-05-31 15:03:20 --> Session: Class initialized using 'CodeIgniter\Session\Handlers\FileHandler' driver.
INFO - 2024-05-31 15:03:20 --> Session: Class initialized using 'CodeIgniter\Session\Handlers\FileHandler' driver.
INFO - 2024-05-31 15:03:27 --> Session: Class initialized using 'CodeIgniter\Session\Handlers\FileHandler' driver.
INFO - 2024-05-31 15:03:50 --> Session: Class initialized using 'CodeIgniter\Session\Handlers\FileHandler' driver.
INFO - 2024-05-31 15:03:55 --> Session: Class initialized using 'CodeIgniter\Session\Handlers\FileHandler' driver.
INFO - 2024-05-31 15:03:57 --> Session: Class initialized using 'CodeIgniter\Session\Handlers\FileHandler' driver.
INFO - 2024-05-31 15:04:10 --> Session: Class initialized using 'CodeIgniter\Session\Handlers\FileHandler' driver.
INFO - 2024-05-31 15:04:10 --> Session: Class initialized using 'CodeIgniter\Session\Handlers\FileHandler' driver.
INFO - 2024-05-31 15:04:14 --> Session: Class initialized using 'CodeIgniter\Session\Handlers\FileHandler' driver.
INFO - 2024-05-31 15:04:17 --> Session: Class initialized using 'CodeIgniter\Session\Handlers\FileHandler' driver.
INFO - 2024-05-31 15:04:22 --> Session: Class initialized using 'CodeIgniter\Session\Handlers\FileHandler' driver.
INFO - 2024-05-31 15:04:22 --> Session: Class initialized using 'CodeIgniter\Session\Handlers\FileHandler' driver.
CRITICAL - 2024-05-31 15:04:22 --> Undefined variable $course_teacher_id
in APPPATH\Controllers\HomepageController.php on line 39.
 1 APPPATH\Controllers\HomepageController.php(39): CodeIgniter\Debug\Exceptions->errorHandler(2, 'Undefined variable $course_teacher_id', 'D:\\laragon\\www\\SchoolingTime\\app\\Controllers\\HomepageController.php', 39)
 2 SYSTEMPATH\CodeIgniter.php(942): App\Controllers\HomepageController->Course_details_view('homepage_assets', 'img', 'testimonials', 'testimonials-1.jpg')
 3 SYSTEMPATH\CodeIgniter.php(502): CodeIgniter\CodeIgniter->runController(Object(App\Controllers\HomepageController))
 4 SYSTEMPATH\CodeIgniter.php(361): CodeIgniter\CodeIgniter->handleRequest(null, Object(Config\Cache), false)
 5 FCPATH\index.php(79): CodeIgniter\CodeIgniter->run()
INFO - 2024-05-31 15:04:22 --> Session: Class initialized using 'CodeIgniter\Session\Handlers\FileHandler' driver.
CRITICAL - 2024-05-31 15:04:22 --> Undefined variable $course_teacher_id
in APPPATH\Controllers\HomepageController.php on line 39.
 1 APPPATH\Controllers\HomepageController.php(39): CodeIgniter\Debug\Exceptions->errorHandler(2, 'Undefined variable $course_teacher_id', 'D:\\laragon\\www\\SchoolingTime\\app\\Controllers\\HomepageController.php', 39)
 2 SYSTEMPATH\CodeIgniter.php(942): App\Controllers\HomepageController->Course_details_view('homepage_assets', 'img', 'logo.png')
 3 SYSTEMPATH\CodeIgniter.php(502): CodeIgniter\CodeIgniter->runController(Object(App\Controllers\HomepageController))
 4 SYSTEMPATH\CodeIgniter.php(361): CodeIgniter\CodeIgniter->handleRequest(null, Object(Config\Cache), false)
 5 FCPATH\index.php(79): CodeIgniter\CodeIgniter->run()
INFO - 2024-05-31 15:04:22 --> Session: Class initialized using 'CodeIgniter\Session\Handlers\FileHandler' driver.
CRITICAL - 2024-05-31 15:04:22 --> Undefined variable $course_teacher_id
in APPPATH\Controllers\HomepageController.php on line 39.
 1 APPPATH\Controllers\HomepageController.php(39): CodeIgniter\Debug\Exceptions->errorHandler(2, 'Undefined variable $course_teacher_id', 'D:\\laragon\\www\\SchoolingTime\\app\\Controllers\\HomepageController.php', 39)
 2 SYSTEMPATH\CodeIgniter.php(942): App\Controllers\HomepageController->Course_details_view('homepage_assets', 'img', 'testimonials', 'testimonials-1.jpg')
 3 SYSTEMPATH\CodeIgniter.php(502): CodeIgniter\CodeIgniter->runController(Object(App\Controllers\HomepageController))
 4 SYSTEMPATH\CodeIgniter.php(361): CodeIgniter\CodeIgniter->handleRequest(null, Object(Config\Cache), false)
 5 FCPATH\index.php(79): CodeIgniter\CodeIgniter->run()
INFO - 2024-05-31 15:04:23 --> Session: Class initialized using 'CodeIgniter\Session\Handlers\FileHandler' driver.
CRITICAL - 2024-05-31 15:04:23 --> Undefined variable $course_teacher_id
in APPPATH\Controllers\HomepageController.php on line 39.
 1 APPPATH\Controllers\HomepageController.php(39): CodeIgniter\Debug\Exceptions->errorHandler(2, 'Undefined variable $course_teacher_id', 'D:\\laragon\\www\\SchoolingTime\\app\\Controllers\\HomepageController.php', 39)
 2 SYSTEMPATH\CodeIgniter.php(942): App\Controllers\HomepageController->Course_details_view('homepage_assets', 'img', 'apple-touch-icon.png')
 3 SYSTEMPATH\CodeIgniter.php(502): CodeIgniter\CodeIgniter->runController(Object(App\Controllers\HomepageController))
 4 SYSTEMPATH\CodeIgniter.php(361): CodeIgniter\CodeIgniter->handleRequest(null, Object(Config\Cache), false)
 5 FCPATH\index.php(79): CodeIgniter\CodeIgniter->run()
INFO - 2024-05-31 15:04:23 --> Session: Class initialized using 'CodeIgniter\Session\Handlers\FileHandler' driver.
CRITICAL - 2024-05-31 15:04:23 --> Undefined variable $course_teacher_id
in APPPATH\Controllers\HomepageController.php on line 39.
 1 APPPATH\Controllers\HomepageController.php(39): CodeIgniter\Debug\Exceptions->errorHandler(2, 'Undefined variable $course_teacher_id', 'D:\\laragon\\www\\SchoolingTime\\app\\Controllers\\HomepageController.php', 39)
 2 SYSTEMPATH\CodeIgniter.php(942): App\Controllers\HomepageController->Course_details_view('homepage_assets', 'img', 'favicon.png')
 3 SYSTEMPATH\CodeIgniter.php(502): CodeIgniter\CodeIgniter->runController(Object(App\Controllers\HomepageController))
 4 SYSTEMPATH\CodeIgniter.php(361): CodeIgniter\CodeIgniter->handleRequest(null, Object(Config\Cache), false)
 5 FCPATH\index.php(79): CodeIgniter\CodeIgniter->run()
INFO - 2024-05-31 15:04:32 --> Session: Class initialized using 'CodeIgniter\Session\Handlers\FileHandler' driver.
INFO - 2024-05-31 15:04:37 --> Session: Class initialized using 'CodeIgniter\Session\Handlers\FileHandler' driver.
INFO - 2024-05-31 15:04:37 --> Session: Class initialized using 'CodeIgniter\Session\Handlers\FileHandler' driver.
CRITICAL - 2024-05-31 15:04:37 --> Undefined variable $course_teacher_id
in APPPATH\Controllers\HomepageController.php on line 39.
 1 APPPATH\Controllers\HomepageController.php(39): CodeIgniter\Debug\Exceptions->errorHandler(2, 'Undefined variable $course_teacher_id', 'D:\\laragon\\www\\SchoolingTime\\app\\Controllers\\HomepageController.php', 39)
 2 SYSTEMPATH\CodeIgniter.php(942): App\Controllers\HomepageController->Course_details_view('homepage_assets', 'img', 'logo.png')
 3 SYSTEMPATH\CodeIgniter.php(502): CodeIgniter\CodeIgniter->runController(Object(App\Controllers\HomepageController))
 4 SYSTEMPATH\CodeIgniter.php(361): CodeIgniter\CodeIgniter->handleRequest(null, Object(Config\Cache), false)
 5 FCPATH\index.php(79): CodeIgniter\CodeIgniter->run()
INFO - 2024-05-31 15:04:37 --> Session: Class initialized using 'CodeIgniter\Session\Handlers\FileHandler' driver.
CRITICAL - 2024-05-31 15:04:37 --> Undefined variable $course_teacher_id
in APPPATH\Controllers\HomepageController.php on line 39.
 1 APPPATH\Controllers\HomepageController.php(39): CodeIgniter\Debug\Exceptions->errorHandler(2, 'Undefined variable $course_teacher_id', 'D:\\laragon\\www\\SchoolingTime\\app\\Controllers\\HomepageController.php', 39)
 2 SYSTEMPATH\CodeIgniter.php(942): App\Controllers\HomepageController->Course_details_view('homepage_assets', 'img', 'testimonials', 'testimonials-1.jpg')
 3 SYSTEMPATH\CodeIgniter.php(502): CodeIgniter\CodeIgniter->runController(Object(App\Controllers\HomepageController))
 4 SYSTEMPATH\CodeIgniter.php(361): CodeIgniter\CodeIgniter->handleRequest(null, Object(Config\Cache), false)
 5 FCPATH\index.php(79): CodeIgniter\CodeIgniter->run()
INFO - 2024-05-31 15:04:38 --> Session: Class initialized using 'CodeIgniter\Session\Handlers\FileHandler' driver.
CRITICAL - 2024-05-31 15:04:38 --> Undefined variable $course_teacher_id
in APPPATH\Controllers\HomepageController.php on line 39.
 1 APPPATH\Controllers\HomepageController.php(39): CodeIgniter\Debug\Exceptions->errorHandler(2, 'Undefined variable $course_teacher_id', 'D:\\laragon\\www\\SchoolingTime\\app\\Controllers\\HomepageController.php', 39)
 2 SYSTEMPATH\CodeIgniter.php(942): App\Controllers\HomepageController->Course_details_view('homepage_assets', 'img', 'testimonials', 'testimonials-1.jpg')
 3 SYSTEMPATH\CodeIgniter.php(502): CodeIgniter\CodeIgniter->runController(Object(App\Controllers\HomepageController))
 4 SYSTEMPATH\CodeIgniter.php(361): CodeIgniter\CodeIgniter->handleRequest(null, Object(Config\Cache), false)
 5 FCPATH\index.php(79): CodeIgniter\CodeIgniter->run()
INFO - 2024-05-31 15:04:38 --> Session: Class initialized using 'CodeIgniter\Session\Handlers\FileHandler' driver.
CRITICAL - 2024-05-31 15:04:38 --> Undefined variable $course_teacher_id
in APPPATH\Controllers\HomepageController.php on line 39.
 1 APPPATH\Controllers\HomepageController.php(39): CodeIgniter\Debug\Exceptions->errorHandler(2, 'Undefined variable $course_teacher_id', 'D:\\laragon\\www\\SchoolingTime\\app\\Controllers\\HomepageController.php', 39)
 2 SYSTEMPATH\CodeIgniter.php(942): App\Controllers\HomepageController->Course_details_view('homepage_assets', 'img', 'favicon.png')
 3 SYSTEMPATH\CodeIgniter.php(502): CodeIgniter\CodeIgniter->runController(Object(App\Controllers\HomepageController))
 4 SYSTEMPATH\CodeIgniter.php(361): CodeIgniter\CodeIgniter->handleRequest(null, Object(Config\Cache), false)
 5 FCPATH\index.php(79): CodeIgniter\CodeIgniter->run()
INFO - 2024-05-31 15:04:38 --> Session: Class initialized using 'CodeIgniter\Session\Handlers\FileHandler' driver.
CRITICAL - 2024-05-31 15:04:38 --> Undefined variable $course_teacher_id
in APPPATH\Controllers\HomepageController.php on line 39.
 1 APPPATH\Controllers\HomepageController.php(39): CodeIgniter\Debug\Exceptions->errorHandler(2, 'Undefined variable $course_teacher_id', 'D:\\laragon\\www\\SchoolingTime\\app\\Controllers\\HomepageController.php', 39)
 2 SYSTEMPATH\CodeIgniter.php(942): App\Controllers\HomepageController->Course_details_view('homepage_assets', 'img', 'apple-touch-icon.png')
 3 SYSTEMPATH\CodeIgniter.php(502): CodeIgniter\CodeIgniter->runController(Object(App\Controllers\HomepageController))
 4 SYSTEMPATH\CodeIgniter.php(361): CodeIgniter\CodeIgniter->handleRequest(null, Object(Config\Cache), false)
 5 FCPATH\index.php(79): CodeIgniter\CodeIgniter->run()
INFO - 2024-05-31 15:04:41 --> Session: Class initialized using 'CodeIgniter\Session\Handlers\FileHandler' driver.
INFO - 2024-05-31 15:04:41 --> Session: Class initialized using 'CodeIgniter\Session\Handlers\FileHandler' driver.
INFO - 2024-05-31 15:05:03 --> Session: Class initialized using 'CodeIgniter\Session\Handlers\FileHandler' driver.
INFO - 2024-05-31 15:05:03 --> Session: Class initialized using 'CodeIgniter\Session\Handlers\FileHandler' driver.
INFO - 2024-05-31 15:05:29 --> Session: Class initialized using 'CodeIgniter\Session\Handlers\FileHandler' driver.
INFO - 2024-05-31 15:05:32 --> Session: Class initialized using 'CodeIgniter\Session\Handlers\FileHandler' driver.
INFO - 2024-05-31 15:05:37 --> Session: Class initialized using 'CodeIgniter\Session\Handlers\FileHandler' driver.
INFO - 2024-05-31 15:05:37 --> Session: Class initialized using 'CodeIgniter\Session\Handlers\FileHandler' driver.
INFO - 2024-05-31 15:05:40 --> Session: Class initialized using 'CodeIgniter\Session\Handlers\FileHandler' driver.
INFO - 2024-05-31 15:05:45 --> Session: Class initialized using 'CodeIgniter\Session\Handlers\FileHandler' driver.
INFO - 2024-05-31 15:05:45 --> Session: Class initialized using 'CodeIgniter\Session\Handlers\FileHandler' driver.
CRITICAL - 2024-05-31 15:05:46 --> Undefined variable $course_teacher_id
in APPPATH\Controllers\HomepageController.php on line 39.
 1 APPPATH\Controllers\HomepageController.php(39): CodeIgniter\Debug\Exceptions->errorHandler(2, 'Undefined variable $course_teacher_id', 'D:\\laragon\\www\\SchoolingTime\\app\\Controllers\\HomepageController.php', 39)
 2 SYSTEMPATH\CodeIgniter.php(942): App\Controllers\HomepageController->Course_details_view('homepage_assets', 'img', 'logo.png')
 3 SYSTEMPATH\CodeIgniter.php(502): CodeIgniter\CodeIgniter->runController(Object(App\Controllers\HomepageController))
 4 SYSTEMPATH\CodeIgniter.php(361): CodeIgniter\CodeIgniter->handleRequest(null, Object(Config\Cache), false)
 5 FCPATH\index.php(79): CodeIgniter\CodeIgniter->run()
INFO - 2024-05-31 15:05:46 --> Session: Class initialized using 'CodeIgniter\Session\Handlers\FileHandler' driver.
CRITICAL - 2024-05-31 15:05:46 --> Undefined variable $course_teacher_id
in APPPATH\Controllers\HomepageController.php on line 39.
 1 APPPATH\Controllers\HomepageController.php(39): CodeIgniter\Debug\Exceptions->errorHandler(2, 'Undefined variable $course_teacher_id', 'D:\\laragon\\www\\SchoolingTime\\app\\Controllers\\HomepageController.php', 39)
 2 SYSTEMPATH\CodeIgniter.php(942): App\Controllers\HomepageController->Course_details_view('homepage_assets', 'img', 'testimonials', 'testimonials-1.jpg')
 3 SYSTEMPATH\CodeIgniter.php(502): CodeIgniter\CodeIgniter->runController(Object(App\Controllers\HomepageController))
 4 SYSTEMPATH\CodeIgniter.php(361): CodeIgniter\CodeIgniter->handleRequest(null, Object(Config\Cache), false)
 5 FCPATH\index.php(79): CodeIgniter\CodeIgniter->run()
INFO - 2024-05-31 15:05:46 --> Session: Class initialized using 'CodeIgniter\Session\Handlers\FileHandler' driver.
CRITICAL - 2024-05-31 15:05:46 --> Undefined variable $course_teacher_id
in APPPATH\Controllers\HomepageController.php on line 39.
 1 APPPATH\Controllers\HomepageController.php(39): CodeIgniter\Debug\Exceptions->errorHandler(2, 'Undefined variable $course_teacher_id', 'D:\\laragon\\www\\SchoolingTime\\app\\Controllers\\HomepageController.php', 39)
 2 SYSTEMPATH\CodeIgniter.php(942): App\Controllers\HomepageController->Course_details_view('homepage_assets', 'img', 'testimonials', 'testimonials-1.jpg')
 3 SYSTEMPATH\CodeIgniter.php(502): CodeIgniter\CodeIgniter->runController(Object(App\Controllers\HomepageController))
 4 SYSTEMPATH\CodeIgniter.php(361): CodeIgniter\CodeIgniter->handleRequest(null, Object(Config\Cache), false)
 5 FCPATH\index.php(79): CodeIgniter\CodeIgniter->run()
INFO - 2024-05-31 15:05:46 --> Session: Class initialized using 'CodeIgniter\Session\Handlers\FileHandler' driver.
CRITICAL - 2024-05-31 15:05:46 --> Undefined variable $course_teacher_id
in APPPATH\Controllers\HomepageController.php on line 39.
 1 APPPATH\Controllers\HomepageController.php(39): CodeIgniter\Debug\Exceptions->errorHandler(2, 'Undefined variable $course_teacher_id', 'D:\\laragon\\www\\SchoolingTime\\app\\Controllers\\HomepageController.php', 39)
 2 SYSTEMPATH\CodeIgniter.php(942): App\Controllers\HomepageController->Course_details_view('homepage_assets', 'img', 'apple-touch-icon.png')
 3 SYSTEMPATH\CodeIgniter.php(502): CodeIgniter\CodeIgniter->runController(Object(App\Controllers\HomepageController))
 4 SYSTEMPATH\CodeIgniter.php(361): CodeIgniter\CodeIgniter->handleRequest(null, Object(Config\Cache), false)
 5 FCPATH\index.php(79): CodeIgniter\CodeIgniter->run()
INFO - 2024-05-31 15:05:46 --> Session: Class initialized using 'CodeIgniter\Session\Handlers\FileHandler' driver.
CRITICAL - 2024-05-31 15:05:46 --> Undefined variable $course_teacher_id
in APPPATH\Controllers\HomepageController.php on line 39.
 1 APPPATH\Controllers\HomepageController.php(39): CodeIgniter\Debug\Exceptions->errorHandler(2, 'Undefined variable $course_teacher_id', 'D:\\laragon\\www\\SchoolingTime\\app\\Controllers\\HomepageController.php', 39)
 2 SYSTEMPATH\CodeIgniter.php(942): App\Controllers\HomepageController->Course_details_view('homepage_assets', 'img', 'favicon.png')
 3 SYSTEMPATH\CodeIgniter.php(502): CodeIgniter\CodeIgniter->runController(Object(App\Controllers\HomepageController))
 4 SYSTEMPATH\CodeIgniter.php(361): CodeIgniter\CodeIgniter->handleRequest(null, Object(Config\Cache), false)
 5 FCPATH\index.php(79): CodeIgniter\CodeIgniter->run()
INFO - 2024-05-31 15:05:52 --> Session: Class initialized using 'CodeIgniter\Session\Handlers\FileHandler' driver.
INFO - 2024-05-31 15:05:52 --> Session: Class initialized using 'CodeIgniter\Session\Handlers\FileHandler' driver.
INFO - 2024-05-31 15:06:09 --> Session: Class initialized using 'CodeIgniter\Session\Handlers\FileHandler' driver.
INFO - 2024-05-31 15:06:11 --> Session: Class initialized using 'CodeIgniter\Session\Handlers\FileHandler' driver.
INFO - 2024-05-31 15:06:15 --> Session: Class initialized using 'CodeIgniter\Session\Handlers\FileHandler' driver.
INFO - 2024-05-31 15:06:15 --> Session: Class initialized using 'CodeIgniter\Session\Handlers\FileHandler' driver.
CRITICAL - 2024-05-31 15:06:15 --> Undefined variable $course_teacher_id
in APPPATH\Controllers\HomepageController.php on line 39.
 1 APPPATH\Controllers\HomepageController.php(39): CodeIgniter\Debug\Exceptions->errorHandler(2, 'Undefined variable $course_teacher_id', 'D:\\laragon\\www\\SchoolingTime\\app\\Controllers\\HomepageController.php', 39)
 2 SYSTEMPATH\CodeIgniter.php(942): App\Controllers\HomepageController->Course_details_view('homepage_assets', 'img', 'testimonials', 'testimonials-1.jpg')
 3 SYSTEMPATH\CodeIgniter.php(502): CodeIgniter\CodeIgniter->runController(Object(App\Controllers\HomepageController))
 4 SYSTEMPATH\CodeIgniter.php(361): CodeIgniter\CodeIgniter->handleRequest(null, Object(Config\Cache), false)
 5 FCPATH\index.php(79): CodeIgniter\CodeIgniter->run()
INFO - 2024-05-31 15:06:15 --> Session: Class initialized using 'CodeIgniter\Session\Handlers\FileHandler' driver.
CRITICAL - 2024-05-31 15:06:15 --> Undefined variable $course_teacher_id
in APPPATH\Controllers\HomepageController.php on line 39.
 1 APPPATH\Controllers\HomepageController.php(39): CodeIgniter\Debug\Exceptions->errorHandler(2, 'Undefined variable $course_teacher_id', 'D:\\laragon\\www\\SchoolingTime\\app\\Controllers\\HomepageController.php', 39)
 2 SYSTEMPATH\CodeIgniter.php(942): App\Controllers\HomepageController->Course_details_view('homepage_assets', 'img', 'logo.png')
 3 SYSTEMPATH\CodeIgniter.php(502): CodeIgniter\CodeIgniter->runController(Object(App\Controllers\HomepageController))
 4 SYSTEMPATH\CodeIgniter.php(361): CodeIgniter\CodeIgniter->handleRequest(null, Object(Config\Cache), false)
 5 FCPATH\index.php(79): CodeIgniter\CodeIgniter->run()
INFO - 2024-05-31 15:06:16 --> Session: Class initialized using 'CodeIgniter\Session\Handlers\FileHandler' driver.
CRITICAL - 2024-05-31 15:06:16 --> Undefined variable $course_teacher_id
in APPPATH\Controllers\HomepageController.php on line 39.
 1 APPPATH\Controllers\HomepageController.php(39): CodeIgniter\Debug\Exceptions->errorHandler(2, 'Undefined variable $course_teacher_id', 'D:\\laragon\\www\\SchoolingTime\\app\\Controllers\\HomepageController.php', 39)
 2 SYSTEMPATH\CodeIgniter.php(942): App\Controllers\HomepageController->Course_details_view('homepage_assets', 'img', 'testimonials', 'testimonials-1.jpg')
 3 SYSTEMPATH\CodeIgniter.php(502): CodeIgniter\CodeIgniter->runController(Object(App\Controllers\HomepageController))
 4 SYSTEMPATH\CodeIgniter.php(361): CodeIgniter\CodeIgniter->handleRequest(null, Object(Config\Cache), false)
 5 FCPATH\index.php(79): CodeIgniter\CodeIgniter->run()
INFO - 2024-05-31 15:06:16 --> Session: Class initialized using 'CodeIgniter\Session\Handlers\FileHandler' driver.
CRITICAL - 2024-05-31 15:06:16 --> Undefined variable $course_teacher_id
in APPPATH\Controllers\HomepageController.php on line 39.
 1 APPPATH\Controllers\HomepageController.php(39): CodeIgniter\Debug\Exceptions->errorHandler(2, 'Undefined variable $course_teacher_id', 'D:\\laragon\\www\\SchoolingTime\\app\\Controllers\\HomepageController.php', 39)
 2 SYSTEMPATH\CodeIgniter.php(942): App\Controllers\HomepageController->Course_details_view('homepage_assets', 'img', 'favicon.png')
 3 SYSTEMPATH\CodeIgniter.php(502): CodeIgniter\CodeIgniter->runController(Object(App\Controllers\HomepageController))
 4 SYSTEMPATH\CodeIgniter.php(361): CodeIgniter\CodeIgniter->handleRequest(null, Object(Config\Cache), false)
 5 FCPATH\index.php(79): CodeIgniter\CodeIgniter->run()
INFO - 2024-05-31 15:06:16 --> Session: Class initialized using 'CodeIgniter\Session\Handlers\FileHandler' driver.
CRITICAL - 2024-05-31 15:06:16 --> Undefined variable $course_teacher_id
in APPPATH\Controllers\HomepageController.php on line 39.
 1 APPPATH\Controllers\HomepageController.php(39): CodeIgniter\Debug\Exceptions->errorHandler(2, 'Undefined variable $course_teacher_id', 'D:\\laragon\\www\\SchoolingTime\\app\\Controllers\\HomepageController.php', 39)
 2 SYSTEMPATH\CodeIgniter.php(942): App\Controllers\HomepageController->Course_details_view('homepage_assets', 'img', 'apple-touch-icon.png')
 3 SYSTEMPATH\CodeIgniter.php(502): CodeIgniter\CodeIgniter->runController(Object(App\Controllers\HomepageController))
 4 SYSTEMPATH\CodeIgniter.php(361): CodeIgniter\CodeIgniter->handleRequest(null, Object(Config\Cache), false)
 5 FCPATH\index.php(79): CodeIgniter\CodeIgniter->run()
INFO - 2024-05-31 15:06:20 --> Session: Class initialized using 'CodeIgniter\Session\Handlers\FileHandler' driver.
INFO - 2024-05-31 15:06:21 --> Session: Class initialized using 'CodeIgniter\Session\Handlers\FileHandler' driver.
INFO - 2024-05-31 15:06:57 --> Session: Class initialized using 'CodeIgniter\Session\Handlers\FileHandler' driver.
INFO - 2024-05-31 15:06:57 --> Session: Class initialized using 'CodeIgniter\Session\Handlers\FileHandler' driver.
CRITICAL - 2024-05-31 15:06:57 --> Undefined variable $course_teacher_id
in APPPATH\Controllers\HomepageController.php on line 39.
 1 APPPATH\Controllers\HomepageController.php(39): CodeIgniter\Debug\Exceptions->errorHandler(2, 'Undefined variable $course_teacher_id', 'D:\\laragon\\www\\SchoolingTime\\app\\Controllers\\HomepageController.php', 39)
 2 SYSTEMPATH\CodeIgniter.php(942): App\Controllers\HomepageController->Course_details_view('homepage_assets', 'img', 'logo.png')
 3 SYSTEMPATH\CodeIgniter.php(502): CodeIgniter\CodeIgniter->runController(Object(App\Controllers\HomepageController))
 4 SYSTEMPATH\CodeIgniter.php(361): CodeIgniter\CodeIgniter->handleRequest(null, Object(Config\Cache), false)
 5 FCPATH\index.php(79): CodeIgniter\CodeIgniter->run()
INFO - 2024-05-31 15:06:57 --> Session: Class initialized using 'CodeIgniter\Session\Handlers\FileHandler' driver.
CRITICAL - 2024-05-31 15:06:57 --> Undefined variable $course_teacher_id
in APPPATH\Controllers\HomepageController.php on line 39.
 1 APPPATH\Controllers\HomepageController.php(39): CodeIgniter\Debug\Exceptions->errorHandler(2, 'Undefined variable $course_teacher_id', 'D:\\laragon\\www\\SchoolingTime\\app\\Controllers\\HomepageController.php', 39)
 2 SYSTEMPATH\CodeIgniter.php(942): App\Controllers\HomepageController->Course_details_view('homepage_assets', 'img', 'testimonials', 'testimonials-1.jpg')
 3 SYSTEMPATH\CodeIgniter.php(502): CodeIgniter\CodeIgniter->runController(Object(App\Controllers\HomepageController))
 4 SYSTEMPATH\CodeIgniter.php(361): CodeIgniter\CodeIgniter->handleRequest(null, Object(Config\Cache), false)
 5 FCPATH\index.php(79): CodeIgniter\CodeIgniter->run()
INFO - 2024-05-31 15:06:58 --> Session: Class initialized using 'CodeIgniter\Session\Handlers\FileHandler' driver.
CRITICAL - 2024-05-31 15:06:58 --> Undefined variable $course_teacher_id
in APPPATH\Controllers\HomepageController.php on line 39.
 1 APPPATH\Controllers\HomepageController.php(39): CodeIgniter\Debug\Exceptions->errorHandler(2, 'Undefined variable $course_teacher_id', 'D:\\laragon\\www\\SchoolingTime\\app\\Controllers\\HomepageController.php', 39)
 2 SYSTEMPATH\CodeIgniter.php(942): App\Controllers\HomepageController->Course_details_view('homepage_assets', 'img', 'testimonials', 'testimonials-1.jpg')
 3 SYSTEMPATH\CodeIgniter.php(502): CodeIgniter\CodeIgniter->runController(Object(App\Controllers\HomepageController))
 4 SYSTEMPATH\CodeIgniter.php(361): CodeIgniter\CodeIgniter->handleRequest(null, Object(Config\Cache), false)
 5 FCPATH\index.php(79): CodeIgniter\CodeIgniter->run()
INFO - 2024-05-31 15:06:58 --> Session: Class initialized using 'CodeIgniter\Session\Handlers\FileHandler' driver.
CRITICAL - 2024-05-31 15:06:58 --> Undefined variable $course_teacher_id
in APPPATH\Controllers\HomepageController.php on line 39.
 1 APPPATH\Controllers\HomepageController.php(39): CodeIgniter\Debug\Exceptions->errorHandler(2, 'Undefined variable $course_teacher_id', 'D:\\laragon\\www\\SchoolingTime\\app\\Controllers\\HomepageController.php', 39)
 2 SYSTEMPATH\CodeIgniter.php(942): App\Controllers\HomepageController->Course_details_view('homepage_assets', 'img', 'favicon.png')
 3 SYSTEMPATH\CodeIgniter.php(502): CodeIgniter\CodeIgniter->runController(Object(App\Controllers\HomepageController))
 4 SYSTEMPATH\CodeIgniter.php(361): CodeIgniter\CodeIgniter->handleRequest(null, Object(Config\Cache), false)
 5 FCPATH\index.php(79): CodeIgniter\CodeIgniter->run()
INFO - 2024-05-31 15:06:58 --> Session: Class initialized using 'CodeIgniter\Session\Handlers\FileHandler' driver.
CRITICAL - 2024-05-31 15:06:58 --> Undefined variable $course_teacher_id
in APPPATH\Controllers\HomepageController.php on line 39.
 1 APPPATH\Controllers\HomepageController.php(39): CodeIgniter\Debug\Exceptions->errorHandler(2, 'Undefined variable $course_teacher_id', 'D:\\laragon\\www\\SchoolingTime\\app\\Controllers\\HomepageController.php', 39)
 2 SYSTEMPATH\CodeIgniter.php(942): App\Controllers\HomepageController->Course_details_view('homepage_assets', 'img', 'apple-touch-icon.png')
 3 SYSTEMPATH\CodeIgniter.php(502): CodeIgniter\CodeIgniter->runController(Object(App\Controllers\HomepageController))
 4 SYSTEMPATH\CodeIgniter.php(361): CodeIgniter\CodeIgniter->handleRequest(null, Object(Config\Cache), false)
 5 FCPATH\index.php(79): CodeIgniter\CodeIgniter->run()
INFO - 2024-05-31 15:07:03 --> Session: Class initialized using 'CodeIgniter\Session\Handlers\FileHandler' driver.
INFO - 2024-05-31 15:07:03 --> Session: Class initialized using 'CodeIgniter\Session\Handlers\FileHandler' driver.
INFO - 2024-05-31 15:07:27 --> Session: Class initialized using 'CodeIgniter\Session\Handlers\FileHandler' driver.
INFO - 2024-05-31 15:07:27 --> Session: Class initialized using 'CodeIgniter\Session\Handlers\FileHandler' driver.
CRITICAL - 2024-05-31 15:07:27 --> Undefined variable $course_teacher_id
in APPPATH\Controllers\HomepageController.php on line 39.
 1 APPPATH\Controllers\HomepageController.php(39): CodeIgniter\Debug\Exceptions->errorHandler(2, 'Undefined variable $course_teacher_id', 'D:\\laragon\\www\\SchoolingTime\\app\\Controllers\\HomepageController.php', 39)
 2 SYSTEMPATH\CodeIgniter.php(942): App\Controllers\HomepageController->Course_details_view('homepage_assets', 'img', 'testimonials', 'testimonials-1.jpg')
 3 SYSTEMPATH\CodeIgniter.php(502): CodeIgniter\CodeIgniter->runController(Object(App\Controllers\HomepageController))
 4 SYSTEMPATH\CodeIgniter.php(361): CodeIgniter\CodeIgniter->handleRequest(null, Object(Config\Cache), false)
 5 FCPATH\index.php(79): CodeIgniter\CodeIgniter->run()
INFO - 2024-05-31 15:07:27 --> Session: Class initialized using 'CodeIgniter\Session\Handlers\FileHandler' driver.
CRITICAL - 2024-05-31 15:07:27 --> Undefined variable $course_teacher_id
in APPPATH\Controllers\HomepageController.php on line 39.
 1 APPPATH\Controllers\HomepageController.php(39): CodeIgniter\Debug\Exceptions->errorHandler(2, 'Undefined variable $course_teacher_id', 'D:\\laragon\\www\\SchoolingTime\\app\\Controllers\\HomepageController.php', 39)
 2 SYSTEMPATH\CodeIgniter.php(942): App\Controllers\HomepageController->Course_details_view('homepage_assets', 'img', 'logo.png')
 3 SYSTEMPATH\CodeIgniter.php(502): CodeIgniter\CodeIgniter->runController(Object(App\Controllers\HomepageController))
 4 SYSTEMPATH\CodeIgniter.php(361): CodeIgniter\CodeIgniter->handleRequest(null, Object(Config\Cache), false)
 5 FCPATH\index.php(79): CodeIgniter\CodeIgniter->run()
INFO - 2024-05-31 15:07:28 --> Session: Class initialized using 'CodeIgniter\Session\Handlers\FileHandler' driver.
CRITICAL - 2024-05-31 15:07:28 --> Undefined variable $course_teacher_id
in APPPATH\Controllers\HomepageController.php on line 39.
 1 APPPATH\Controllers\HomepageController.php(39): CodeIgniter\Debug\Exceptions->errorHandler(2, 'Undefined variable $course_teacher_id', 'D:\\laragon\\www\\SchoolingTime\\app\\Controllers\\HomepageController.php', 39)
 2 SYSTEMPATH\CodeIgniter.php(942): App\Controllers\HomepageController->Course_details_view('homepage_assets', 'img', 'testimonials', 'testimonials-1.jpg')
 3 SYSTEMPATH\CodeIgniter.php(502): CodeIgniter\CodeIgniter->runController(Object(App\Controllers\HomepageController))
 4 SYSTEMPATH\CodeIgniter.php(361): CodeIgniter\CodeIgniter->handleRequest(null, Object(Config\Cache), false)
 5 FCPATH\index.php(79): CodeIgniter\CodeIgniter->run()
INFO - 2024-05-31 15:07:28 --> Session: Class initialized using 'CodeIgniter\Session\Handlers\FileHandler' driver.
CRITICAL - 2024-05-31 15:07:28 --> Undefined variable $course_teacher_id
in APPPATH\Controllers\HomepageController.php on line 39.
 1 APPPATH\Controllers\HomepageController.php(39): CodeIgniter\Debug\Exceptions->errorHandler(2, 'Undefined variable $course_teacher_id', 'D:\\laragon\\www\\SchoolingTime\\app\\Controllers\\HomepageController.php', 39)
 2 SYSTEMPATH\CodeIgniter.php(942): App\Controllers\HomepageController->Course_details_view('homepage_assets', 'img', 'apple-touch-icon.png')
 3 SYSTEMPATH\CodeIgniter.php(502): CodeIgniter\CodeIgniter->runController(Object(App\Controllers\HomepageController))
 4 SYSTEMPATH\CodeIgniter.php(361): CodeIgniter\CodeIgniter->handleRequest(null, Object(Config\Cache), false)
 5 FCPATH\index.php(79): CodeIgniter\CodeIgniter->run()
INFO - 2024-05-31 15:07:28 --> Session: Class initialized using 'CodeIgniter\Session\Handlers\FileHandler' driver.
CRITICAL - 2024-05-31 15:07:28 --> Undefined variable $course_teacher_id
in APPPATH\Controllers\HomepageController.php on line 39.
 1 APPPATH\Controllers\HomepageController.php(39): CodeIgniter\Debug\Exceptions->errorHandler(2, 'Undefined variable $course_teacher_id', 'D:\\laragon\\www\\SchoolingTime\\app\\Controllers\\HomepageController.php', 39)
 2 SYSTEMPATH\CodeIgniter.php(942): App\Controllers\HomepageController->Course_details_view('homepage_assets', 'img', 'favicon.png')
 3 SYSTEMPATH\CodeIgniter.php(502): CodeIgniter\CodeIgniter->runController(Object(App\Controllers\HomepageController))
 4 SYSTEMPATH\CodeIgniter.php(361): CodeIgniter\CodeIgniter->handleRequest(null, Object(Config\Cache), false)
 5 FCPATH\index.php(79): CodeIgniter\CodeIgniter->run()
INFO - 2024-05-31 15:07:30 --> Session: Class initialized using 'CodeIgniter\Session\Handlers\FileHandler' driver.
INFO - 2024-05-31 15:07:30 --> Session: Class initialized using 'CodeIgniter\Session\Handlers\FileHandler' driver.
INFO - 2024-05-31 15:07:35 --> Session: Class initialized using 'CodeIgniter\Session\Handlers\FileHandler' driver.
INFO - 2024-05-31 15:07:35 --> Session: Class initialized using 'CodeIgniter\Session\Handlers\FileHandler' driver.
CRITICAL - 2024-05-31 15:07:35 --> Undefined variable $course_teacher_id
in APPPATH\Controllers\HomepageController.php on line 39.
 1 APPPATH\Controllers\HomepageController.php(39): CodeIgniter\Debug\Exceptions->errorHandler(2, 'Undefined variable $course_teacher_id', 'D:\\laragon\\www\\SchoolingTime\\app\\Controllers\\HomepageController.php', 39)
 2 SYSTEMPATH\CodeIgniter.php(942): App\Controllers\HomepageController->Course_details_view('homepage_assets', 'img', 'logo.png')
 3 SYSTEMPATH\CodeIgniter.php(502): CodeIgniter\CodeIgniter->runController(Object(App\Controllers\HomepageController))
 4 SYSTEMPATH\CodeIgniter.php(361): CodeIgniter\CodeIgniter->handleRequest(null, Object(Config\Cache), false)
 5 FCPATH\index.php(79): CodeIgniter\CodeIgniter->run()
INFO - 2024-05-31 15:07:35 --> Session: Class initialized using 'CodeIgniter\Session\Handlers\FileHandler' driver.
CRITICAL - 2024-05-31 15:07:35 --> Undefined variable $course_teacher_id
in APPPATH\Controllers\HomepageController.php on line 39.
 1 APPPATH\Controllers\HomepageController.php(39): CodeIgniter\Debug\Exceptions->errorHandler(2, 'Undefined variable $course_teacher_id', 'D:\\laragon\\www\\SchoolingTime\\app\\Controllers\\HomepageController.php', 39)
 2 SYSTEMPATH\CodeIgniter.php(942): App\Controllers\HomepageController->Course_details_view('homepage_assets', 'img', 'testimonials', 'testimonials-1.jpg')
 3 SYSTEMPATH\CodeIgniter.php(502): CodeIgniter\CodeIgniter->runController(Object(App\Controllers\HomepageController))
 4 SYSTEMPATH\CodeIgniter.php(361): CodeIgniter\CodeIgniter->handleRequest(null, Object(Config\Cache), false)
 5 FCPATH\index.php(79): CodeIgniter\CodeIgniter->run()
INFO - 2024-05-31 15:07:36 --> Session: Class initialized using 'CodeIgniter\Session\Handlers\FileHandler' driver.
CRITICAL - 2024-05-31 15:07:36 --> Undefined variable $course_teacher_id
in APPPATH\Controllers\HomepageController.php on line 39.
 1 APPPATH\Controllers\HomepageController.php(39): CodeIgniter\Debug\Exceptions->errorHandler(2, 'Undefined variable $course_teacher_id', 'D:\\laragon\\www\\SchoolingTime\\app\\Controllers\\HomepageController.php', 39)
 2 SYSTEMPATH\CodeIgniter.php(942): App\Controllers\HomepageController->Course_details_view('homepage_assets', 'img', 'testimonials', 'testimonials-1.jpg')
 3 SYSTEMPATH\CodeIgniter.php(502): CodeIgniter\CodeIgniter->runController(Object(App\Controllers\HomepageController))
 4 SYSTEMPATH\CodeIgniter.php(361): CodeIgniter\CodeIgniter->handleRequest(null, Object(Config\Cache), false)
 5 FCPATH\index.php(79): CodeIgniter\CodeIgniter->run()
INFO - 2024-05-31 15:07:36 --> Session: Class initialized using 'CodeIgniter\Session\Handlers\FileHandler' driver.
CRITICAL - 2024-05-31 15:07:36 --> Undefined variable $course_teacher_id
in APPPATH\Controllers\HomepageController.php on line 39.
 1 APPPATH\Controllers\HomepageController.php(39): CodeIgniter\Debug\Exceptions->errorHandler(2, 'Undefined variable $course_teacher_id', 'D:\\laragon\\www\\SchoolingTime\\app\\Controllers\\HomepageController.php', 39)
 2 SYSTEMPATH\CodeIgniter.php(942): App\Controllers\HomepageController->Course_details_view('homepage_assets', 'img', 'favicon.png')
 3 SYSTEMPATH\CodeIgniter.php(502): CodeIgniter\CodeIgniter->runController(Object(App\Controllers\HomepageController))
 4 SYSTEMPATH\CodeIgniter.php(361): CodeIgniter\CodeIgniter->handleRequest(null, Object(Config\Cache), false)
 5 FCPATH\index.php(79): CodeIgniter\CodeIgniter->run()
INFO - 2024-05-31 15:07:36 --> Session: Class initialized using 'CodeIgniter\Session\Handlers\FileHandler' driver.
CRITICAL - 2024-05-31 15:07:36 --> Undefined variable $course_teacher_id
in APPPATH\Controllers\HomepageController.php on line 39.
 1 APPPATH\Controllers\HomepageController.php(39): CodeIgniter\Debug\Exceptions->errorHandler(2, 'Undefined variable $course_teacher_id', 'D:\\laragon\\www\\SchoolingTime\\app\\Controllers\\HomepageController.php', 39)
 2 SYSTEMPATH\CodeIgniter.php(942): App\Controllers\HomepageController->Course_details_view('homepage_assets', 'img', 'apple-touch-icon.png')
 3 SYSTEMPATH\CodeIgniter.php(502): CodeIgniter\CodeIgniter->runController(Object(App\Controllers\HomepageController))
 4 SYSTEMPATH\CodeIgniter.php(361): CodeIgniter\CodeIgniter->handleRequest(null, Object(Config\Cache), false)
 5 FCPATH\index.php(79): CodeIgniter\CodeIgniter->run()
INFO - 2024-05-31 15:07:39 --> Session: Class initialized using 'CodeIgniter\Session\Handlers\FileHandler' driver.
INFO - 2024-05-31 15:07:47 --> Session: Class initialized using 'CodeIgniter\Session\Handlers\FileHandler' driver.
INFO - 2024-05-31 15:07:51 --> Session: Class initialized using 'CodeIgniter\Session\Handlers\FileHandler' driver.
INFO - 2024-05-31 15:07:52 --> Session: Class initialized using 'CodeIgniter\Session\Handlers\FileHandler' driver.
INFO - 2024-05-31 15:08:03 --> Session: Class initialized using 'CodeIgniter\Session\Handlers\FileHandler' driver.
INFO - 2024-05-31 15:08:03 --> Session: Class initialized using 'CodeIgniter\Session\Handlers\FileHandler' driver.
CRITICAL - 2024-05-31 15:08:03 --> Undefined variable $course_teacher_id
in APPPATH\Controllers\HomepageController.php on line 39.
 1 APPPATH\Controllers\HomepageController.php(39): CodeIgniter\Debug\Exceptions->errorHandler(2, 'Undefined variable $course_teacher_id', 'D:\\laragon\\www\\SchoolingTime\\app\\Controllers\\HomepageController.php', 39)
 2 SYSTEMPATH\CodeIgniter.php(942): App\Controllers\HomepageController->Course_details_view('homepage_assets', 'img', 'testimonials', 'testimonials-1.jpg')
 3 SYSTEMPATH\CodeIgniter.php(502): CodeIgniter\CodeIgniter->runController(Object(App\Controllers\HomepageController))
 4 SYSTEMPATH\CodeIgniter.php(361): CodeIgniter\CodeIgniter->handleRequest(null, Object(Config\Cache), false)
 5 FCPATH\index.php(79): CodeIgniter\CodeIgniter->run()
INFO - 2024-05-31 15:08:03 --> Session: Class initialized using 'CodeIgniter\Session\Handlers\FileHandler' driver.
CRITICAL - 2024-05-31 15:08:03 --> Undefined variable $course_teacher_id
in APPPATH\Controllers\HomepageController.php on line 39.
 1 APPPATH\Controllers\HomepageController.php(39): CodeIgniter\Debug\Exceptions->errorHandler(2, 'Undefined variable $course_teacher_id', 'D:\\laragon\\www\\SchoolingTime\\app\\Controllers\\HomepageController.php', 39)
 2 SYSTEMPATH\CodeIgniter.php(942): App\Controllers\HomepageController->Course_details_view('homepage_assets', 'img', 'logo.png')
 3 SYSTEMPATH\CodeIgniter.php(502): CodeIgniter\CodeIgniter->runController(Object(App\Controllers\HomepageController))
 4 SYSTEMPATH\CodeIgniter.php(361): CodeIgniter\CodeIgniter->handleRequest(null, Object(Config\Cache), false)
 5 FCPATH\index.php(79): CodeIgniter\CodeIgniter->run()
INFO - 2024-05-31 15:08:03 --> Session: Class initialized using 'CodeIgniter\Session\Handlers\FileHandler' driver.
CRITICAL - 2024-05-31 15:08:04 --> Undefined variable $course_teacher_id
in APPPATH\Controllers\HomepageController.php on line 39.
 1 APPPATH\Controllers\HomepageController.php(39): CodeIgniter\Debug\Exceptions->errorHandler(2, 'Undefined variable $course_teacher_id', 'D:\\laragon\\www\\SchoolingTime\\app\\Controllers\\HomepageController.php', 39)
 2 SYSTEMPATH\CodeIgniter.php(942): App\Controllers\HomepageController->Course_details_view('homepage_assets', 'img', 'testimonials', 'testimonials-1.jpg')
 3 SYSTEMPATH\CodeIgniter.php(502): CodeIgniter\CodeIgniter->runController(Object(App\Controllers\HomepageController))
 4 SYSTEMPATH\CodeIgniter.php(361): CodeIgniter\CodeIgniter->handleRequest(null, Object(Config\Cache), false)
 5 FCPATH\index.php(79): CodeIgniter\CodeIgniter->run()
INFO - 2024-05-31 15:08:04 --> Session: Class initialized using 'CodeIgniter\Session\Handlers\FileHandler' driver.
CRITICAL - 2024-05-31 15:08:04 --> Undefined variable $course_teacher_id
in APPPATH\Controllers\HomepageController.php on line 39.
 1 APPPATH\Controllers\HomepageController.php(39): CodeIgniter\Debug\Exceptions->errorHandler(2, 'Undefined variable $course_teacher_id', 'D:\\laragon\\www\\SchoolingTime\\app\\Controllers\\HomepageController.php', 39)
 2 SYSTEMPATH\CodeIgniter.php(942): App\Controllers\HomepageController->Course_details_view('homepage_assets', 'img', 'favicon.png')
 3 SYSTEMPATH\CodeIgniter.php(502): CodeIgniter\CodeIgniter->runController(Object(App\Controllers\HomepageController))
 4 SYSTEMPATH\CodeIgniter.php(361): CodeIgniter\CodeIgniter->handleRequest(null, Object(Config\Cache), false)
 5 FCPATH\index.php(79): CodeIgniter\CodeIgniter->run()
INFO - 2024-05-31 15:08:04 --> Session: Class initialized using 'CodeIgniter\Session\Handlers\FileHandler' driver.
CRITICAL - 2024-05-31 15:08:04 --> Undefined variable $course_teacher_id
in APPPATH\Controllers\HomepageController.php on line 39.
 1 APPPATH\Controllers\HomepageController.php(39): CodeIgniter\Debug\Exceptions->errorHandler(2, 'Undefined variable $course_teacher_id', 'D:\\laragon\\www\\SchoolingTime\\app\\Controllers\\HomepageController.php', 39)
 2 SYSTEMPATH\CodeIgniter.php(942): App\Controllers\HomepageController->Course_details_view('homepage_assets', 'img', 'apple-touch-icon.png')
 3 SYSTEMPATH\CodeIgniter.php(502): CodeIgniter\CodeIgniter->runController(Object(App\Controllers\HomepageController))
 4 SYSTEMPATH\CodeIgniter.php(361): CodeIgniter\CodeIgniter->handleRequest(null, Object(Config\Cache), false)
 5 FCPATH\index.php(79): CodeIgniter\CodeIgniter->run()
INFO - 2024-05-31 15:08:09 --> Session: Class initialized using 'CodeIgniter\Session\Handlers\FileHandler' driver.
INFO - 2024-05-31 15:08:10 --> Session: Class initialized using 'CodeIgniter\Session\Handlers\FileHandler' driver.
INFO - 2024-05-31 15:26:33 --> Session: Class initialized using 'CodeIgniter\Session\Handlers\FileHandler' driver.
INFO - 2024-05-31 15:40:14 --> Session: Class initialized using 'CodeIgniter\Session\Handlers\FileHandler' driver.
INFO - 2024-05-31 15:40:23 --> Session: Class initialized using 'CodeIgniter\Session\Handlers\FileHandler' driver.
INFO - 2024-05-31 15:40:23 --> Session: Class initialized using 'CodeIgniter\Session\Handlers\FileHandler' driver.
CRITICAL - 2024-05-31 15:40:23 --> Undefined variable $course_teacher_id
in APPPATH\Controllers\HomepageController.php on line 39.
 1 APPPATH\Controllers\HomepageController.php(39): CodeIgniter\Debug\Exceptions->errorHandler(2, 'Undefined variable $course_teacher_id', 'D:\\laragon\\www\\SchoolingTime\\app\\Controllers\\HomepageController.php', 39)
 2 SYSTEMPATH\CodeIgniter.php(942): App\Controllers\HomepageController->Course_details_view('homepage_assets', 'img', 'logo.png')
 3 SYSTEMPATH\CodeIgniter.php(502): CodeIgniter\CodeIgniter->runController(Object(App\Controllers\HomepageController))
 4 SYSTEMPATH\CodeIgniter.php(361): CodeIgniter\CodeIgniter->handleRequest(null, Object(Config\Cache), false)
 5 FCPATH\index.php(79): CodeIgniter\CodeIgniter->run()
INFO - 2024-05-31 15:40:23 --> Session: Class initialized using 'CodeIgniter\Session\Handlers\FileHandler' driver.
CRITICAL - 2024-05-31 15:40:23 --> Undefined variable $course_teacher_id
in APPPATH\Controllers\HomepageController.php on line 39.
 1 APPPATH\Controllers\HomepageController.php(39): CodeIgniter\Debug\Exceptions->errorHandler(2, 'Undefined variable $course_teacher_id', 'D:\\laragon\\www\\SchoolingTime\\app\\Controllers\\HomepageController.php', 39)
 2 SYSTEMPATH\CodeIgniter.php(942): App\Controllers\HomepageController->Course_details_view('homepage_assets', 'img', 'testimonials', 'testimonials-1.jpg')
 3 SYSTEMPATH\CodeIgniter.php(502): CodeIgniter\CodeIgniter->runController(Object(App\Controllers\HomepageController))
 4 SYSTEMPATH\CodeIgniter.php(361): CodeIgniter\CodeIgniter->handleRequest(null, Object(Config\Cache), false)
 5 FCPATH\index.php(79): CodeIgniter\CodeIgniter->run()
INFO - 2024-05-31 15:40:24 --> Session: Class initialized using 'CodeIgniter\Session\Handlers\FileHandler' driver.
CRITICAL - 2024-05-31 15:40:24 --> Undefined variable $course_teacher_id
in APPPATH\Controllers\HomepageController.php on line 39.
 1 APPPATH\Controllers\HomepageController.php(39): CodeIgniter\Debug\Exceptions->errorHandler(2, 'Undefined variable $course_teacher_id', 'D:\\laragon\\www\\SchoolingTime\\app\\Controllers\\HomepageController.php', 39)
 2 SYSTEMPATH\CodeIgniter.php(942): App\Controllers\HomepageController->Course_details_view('homepage_assets', 'img', 'favicon.png')
 3 SYSTEMPATH\CodeIgniter.php(502): CodeIgniter\CodeIgniter->runController(Object(App\Controllers\HomepageController))
 4 SYSTEMPATH\CodeIgniter.php(361): CodeIgniter\CodeIgniter->handleRequest(null, Object(Config\Cache), false)
 5 FCPATH\index.php(79): CodeIgniter\CodeIgniter->run()
INFO - 2024-05-31 15:40:24 --> Session: Class initialized using 'CodeIgniter\Session\Handlers\FileHandler' driver.
CRITICAL - 2024-05-31 15:40:24 --> Undefined variable $course_teacher_id
in APPPATH\Controllers\HomepageController.php on line 39.
 1 APPPATH\Controllers\HomepageController.php(39): CodeIgniter\Debug\Exceptions->errorHandler(2, 'Undefined variable $course_teacher_id', 'D:\\laragon\\www\\SchoolingTime\\app\\Controllers\\HomepageController.php', 39)
 2 SYSTEMPATH\CodeIgniter.php(942): App\Controllers\HomepageController->Course_details_view('homepage_assets', 'img', 'apple-touch-icon.png')
 3 SYSTEMPATH\CodeIgniter.php(502): CodeIgniter\CodeIgniter->runController(Object(App\Controllers\HomepageController))
 4 SYSTEMPATH\CodeIgniter.php(361): CodeIgniter\CodeIgniter->handleRequest(null, Object(Config\Cache), false)
 5 FCPATH\index.php(79): CodeIgniter\CodeIgniter->run()
INFO - 2024-05-31 15:40:31 --> Session: Class initialized using 'CodeIgniter\Session\Handlers\FileHandler' driver.
INFO - 2024-05-31 15:40:32 --> Session: Class initialized using 'CodeIgniter\Session\Handlers\FileHandler' driver.
INFO - 2024-05-31 15:40:39 --> Session: Class initialized using 'CodeIgniter\Session\Handlers\FileHandler' driver.
INFO - 2024-05-31 15:40:43 --> Session: Class initialized using 'CodeIgniter\Session\Handlers\FileHandler' driver.
INFO - 2024-05-31 15:40:43 --> Session: Class initialized using 'CodeIgniter\Session\Handlers\FileHandler' driver.
INFO - 2024-05-31 15:40:44 --> Session: Class initialized using 'CodeIgniter\Session\Handlers\FileHandler' driver.
INFO - 2024-05-31 15:40:44 --> Session: Class initialized using 'CodeIgniter\Session\Handlers\FileHandler' driver.
INFO - 2024-05-31 15:40:44 --> Session: Class initialized using 'CodeIgniter\Session\Handlers\FileHandler' driver.
INFO - 2024-05-31 15:40:44 --> Session: Class initialized using 'CodeIgniter\Session\Handlers\FileHandler' driver.
INFO - 2024-05-31 15:40:44 --> Session: Class initialized using 'CodeIgniter\Session\Handlers\FileHandler' driver.
INFO - 2024-05-31 15:40:44 --> Session: Class initialized using 'CodeIgniter\Session\Handlers\FileHandler' driver.
INFO - 2024-05-31 15:40:44 --> Session: Class initialized using 'CodeIgniter\Session\Handlers\FileHandler' driver.
INFO - 2024-05-31 15:40:44 --> Session: Class initialized using 'CodeIgniter\Session\Handlers\FileHandler' driver.
INFO - 2024-05-31 15:40:45 --> Session: Class initialized using 'CodeIgniter\Session\Handlers\FileHandler' driver.
INFO - 2024-05-31 15:40:45 --> Session: Class initialized using 'CodeIgniter\Session\Handlers\FileHandler' driver.
INFO - 2024-05-31 15:40:45 --> Session: Class initialized using 'CodeIgniter\Session\Handlers\FileHandler' driver.
INFO - 2024-05-31 15:40:45 --> Session: Class initialized using 'CodeIgniter\Session\Handlers\FileHandler' driver.
INFO - 2024-05-31 15:40:45 --> Session: Class initialized using 'CodeIgniter\Session\Handlers\FileHandler' driver.
INFO - 2024-05-31 15:40:45 --> Session: Class initialized using 'CodeIgniter\Session\Handlers\FileHandler' driver.
INFO - 2024-05-31 15:40:45 --> Session: Class initialized using 'CodeIgniter\Session\Handlers\FileHandler' driver.
INFO - 2024-05-31 15:40:45 --> Session: Class initialized using 'CodeIgniter\Session\Handlers\FileHandler' driver.
INFO - 2024-05-31 15:40:45 --> Session: Class initialized using 'CodeIgniter\Session\Handlers\FileHandler' driver.
INFO - 2024-05-31 15:40:46 --> Session: Class initialized using 'CodeIgniter\Session\Handlers\FileHandler' driver.
INFO - 2024-05-31 15:40:46 --> Session: Class initialized using 'CodeIgniter\Session\Handlers\FileHandler' driver.
INFO - 2024-05-31 15:40:46 --> Session: Class initialized using 'CodeIgniter\Session\Handlers\FileHandler' driver.
INFO - 2024-05-31 15:40:46 --> Session: Class initialized using 'CodeIgniter\Session\Handlers\FileHandler' driver.
INFO - 2024-05-31 15:40:46 --> Session: Class initialized using 'CodeIgniter\Session\Handlers\FileHandler' driver.
INFO - 2024-05-31 15:40:46 --> Session: Class initialized using 'CodeIgniter\Session\Handlers\FileHandler' driver.
INFO - 2024-05-31 15:40:46 --> Session: Class initialized using 'CodeIgniter\Session\Handlers\FileHandler' driver.
INFO - 2024-05-31 15:40:46 --> Session: Class initialized using 'CodeIgniter\Session\Handlers\FileHandler' driver.
INFO - 2024-05-31 15:40:47 --> Session: Class initialized using 'CodeIgniter\Session\Handlers\FileHandler' driver.
INFO - 2024-05-31 15:40:47 --> Session: Class initialized using 'CodeIgniter\Session\Handlers\FileHandler' driver.
INFO - 2024-05-31 15:40:47 --> Session: Class initialized using 'CodeIgniter\Session\Handlers\FileHandler' driver.
INFO - 2024-05-31 15:40:47 --> Session: Class initialized using 'CodeIgniter\Session\Handlers\FileHandler' driver.
INFO - 2024-05-31 15:40:47 --> Session: Class initialized using 'CodeIgniter\Session\Handlers\FileHandler' driver.
INFO - 2024-05-31 15:40:47 --> Session: Class initialized using 'CodeIgniter\Session\Handlers\FileHandler' driver.
INFO - 2024-05-31 15:40:47 --> Session: Class initialized using 'CodeIgniter\Session\Handlers\FileHandler' driver.
INFO - 2024-05-31 15:40:48 --> Session: Class initialized using 'CodeIgniter\Session\Handlers\FileHandler' driver.
INFO - 2024-05-31 15:40:48 --> Session: Class initialized using 'CodeIgniter\Session\Handlers\FileHandler' driver.
INFO - 2024-05-31 15:40:48 --> Session: Class initialized using 'CodeIgniter\Session\Handlers\FileHandler' driver.
INFO - 2024-05-31 15:40:48 --> Session: Class initialized using 'CodeIgniter\Session\Handlers\FileHandler' driver.
INFO - 2024-05-31 15:40:48 --> Session: Class initialized using 'CodeIgniter\Session\Handlers\FileHandler' driver.
INFO - 2024-05-31 15:40:48 --> Session: Class initialized using 'CodeIgniter\Session\Handlers\FileHandler' driver.
INFO - 2024-05-31 15:40:48 --> Session: Class initialized using 'CodeIgniter\Session\Handlers\FileHandler' driver.
INFO - 2024-05-31 15:40:48 --> Session: Class initialized using 'CodeIgniter\Session\Handlers\FileHandler' driver.
INFO - 2024-05-31 15:40:49 --> Session: Class initialized using 'CodeIgniter\Session\Handlers\FileHandler' driver.
INFO - 2024-05-31 15:40:49 --> Session: Class initialized using 'CodeIgniter\Session\Handlers\FileHandler' driver.
INFO - 2024-05-31 15:40:49 --> Session: Class initialized using 'CodeIgniter\Session\Handlers\FileHandler' driver.
INFO - 2024-05-31 15:40:49 --> Session: Class initialized using 'CodeIgniter\Session\Handlers\FileHandler' driver.
INFO - 2024-05-31 15:40:49 --> Session: Class initialized using 'CodeIgniter\Session\Handlers\FileHandler' driver.
INFO - 2024-05-31 15:40:49 --> Session: Class initialized using 'CodeIgniter\Session\Handlers\FileHandler' driver.
INFO - 2024-05-31 15:40:49 --> Session: Class initialized using 'CodeIgniter\Session\Handlers\FileHandler' driver.
INFO - 2024-05-31 15:40:50 --> Session: Class initialized using 'CodeIgniter\Session\Handlers\FileHandler' driver.
INFO - 2024-05-31 15:40:50 --> Session: Class initialized using 'CodeIgniter\Session\Handlers\FileHandler' driver.
INFO - 2024-05-31 15:40:50 --> Session: Class initialized using 'CodeIgniter\Session\Handlers\FileHandler' driver.
INFO - 2024-05-31 15:40:50 --> Session: Class initialized using 'CodeIgniter\Session\Handlers\FileHandler' driver.
INFO - 2024-05-31 15:40:50 --> Session: Class initialized using 'CodeIgniter\Session\Handlers\FileHandler' driver.
INFO - 2024-05-31 15:40:50 --> Session: Class initialized using 'CodeIgniter\Session\Handlers\FileHandler' driver.
INFO - 2024-05-31 15:40:50 --> Session: Class initialized using 'CodeIgniter\Session\Handlers\FileHandler' driver.
INFO - 2024-05-31 15:40:51 --> Session: Class initialized using 'CodeIgniter\Session\Handlers\FileHandler' driver.
INFO - 2024-05-31 15:40:51 --> Session: Class initialized using 'CodeIgniter\Session\Handlers\FileHandler' driver.
INFO - 2024-05-31 15:40:51 --> Session: Class initialized using 'CodeIgniter\Session\Handlers\FileHandler' driver.
INFO - 2024-05-31 15:40:51 --> Session: Class initialized using 'CodeIgniter\Session\Handlers\FileHandler' driver.
INFO - 2024-05-31 15:40:51 --> Session: Class initialized using 'CodeIgniter\Session\Handlers\FileHandler' driver.
INFO - 2024-05-31 15:40:51 --> Session: Class initialized using 'CodeIgniter\Session\Handlers\FileHandler' driver.
INFO - 2024-05-31 15:40:51 --> Session: Class initialized using 'CodeIgniter\Session\Handlers\FileHandler' driver.
INFO - 2024-05-31 15:40:51 --> Session: Class initialized using 'CodeIgniter\Session\Handlers\FileHandler' driver.
INFO - 2024-05-31 15:40:51 --> Session: Class initialized using 'CodeIgniter\Session\Handlers\FileHandler' driver.
INFO - 2024-05-31 15:40:51 --> Session: Class initialized using 'CodeIgniter\Session\Handlers\FileHandler' driver.
INFO - 2024-05-31 15:40:52 --> Session: Class initialized using 'CodeIgniter\Session\Handlers\FileHandler' driver.
INFO - 2024-05-31 15:40:52 --> Session: Class initialized using 'CodeIgniter\Session\Handlers\FileHandler' driver.
INFO - 2024-05-31 15:40:52 --> Session: Class initialized using 'CodeIgniter\Session\Handlers\FileHandler' driver.
INFO - 2024-05-31 15:40:52 --> Session: Class initialized using 'CodeIgniter\Session\Handlers\FileHandler' driver.
INFO - 2024-05-31 15:40:52 --> Session: Class initialized using 'CodeIgniter\Session\Handlers\FileHandler' driver.
INFO - 2024-05-31 15:40:52 --> Session: Class initialized using 'CodeIgniter\Session\Handlers\FileHandler' driver.
INFO - 2024-05-31 15:40:52 --> Session: Class initialized using 'CodeIgniter\Session\Handlers\FileHandler' driver.
INFO - 2024-05-31 15:40:52 --> Session: Class initialized using 'CodeIgniter\Session\Handlers\FileHandler' driver.
INFO - 2024-05-31 15:40:52 --> Session: Class initialized using 'CodeIgniter\Session\Handlers\FileHandler' driver.
INFO - 2024-05-31 15:40:53 --> Session: Class initialized using 'CodeIgniter\Session\Handlers\FileHandler' driver.
INFO - 2024-05-31 15:40:53 --> Session: Class initialized using 'CodeIgniter\Session\Handlers\FileHandler' driver.
INFO - 2024-05-31 15:40:53 --> Session: Class initialized using 'CodeIgniter\Session\Handlers\FileHandler' driver.
INFO - 2024-05-31 15:40:53 --> Session: Class initialized using 'CodeIgniter\Session\Handlers\FileHandler' driver.
INFO - 2024-05-31 15:40:53 --> Session: Class initialized using 'CodeIgniter\Session\Handlers\FileHandler' driver.
INFO - 2024-05-31 15:40:53 --> Session: Class initialized using 'CodeIgniter\Session\Handlers\FileHandler' driver.
INFO - 2024-05-31 15:40:53 --> Session: Class initialized using 'CodeIgniter\Session\Handlers\FileHandler' driver.
INFO - 2024-05-31 15:40:53 --> Session: Class initialized using 'CodeIgniter\Session\Handlers\FileHandler' driver.
INFO - 2024-05-31 15:40:53 --> Session: Class initialized using 'CodeIgniter\Session\Handlers\FileHandler' driver.
INFO - 2024-05-31 15:40:53 --> Session: Class initialized using 'CodeIgniter\Session\Handlers\FileHandler' driver.
INFO - 2024-05-31 15:40:54 --> Session: Class initialized using 'CodeIgniter\Session\Handlers\FileHandler' driver.
INFO - 2024-05-31 15:40:54 --> Session: Class initialized using 'CodeIgniter\Session\Handlers\FileHandler' driver.
INFO - 2024-05-31 15:40:54 --> Session: Class initialized using 'CodeIgniter\Session\Handlers\FileHandler' driver.
INFO - 2024-05-31 15:40:54 --> Session: Class initialized using 'CodeIgniter\Session\Handlers\FileHandler' driver.
INFO - 2024-05-31 15:40:54 --> Session: Class initialized using 'CodeIgniter\Session\Handlers\FileHandler' driver.
INFO - 2024-05-31 15:40:54 --> Session: Class initialized using 'CodeIgniter\Session\Handlers\FileHandler' driver.
INFO - 2024-05-31 15:40:54 --> Session: Class initialized using 'CodeIgniter\Session\Handlers\FileHandler' driver.
INFO - 2024-05-31 15:40:54 --> Session: Class initialized using 'CodeIgniter\Session\Handlers\FileHandler' driver.
INFO - 2024-05-31 15:40:54 --> Session: Class initialized using 'CodeIgniter\Session\Handlers\FileHandler' driver.
INFO - 2024-05-31 15:40:54 --> Session: Class initialized using 'CodeIgniter\Session\Handlers\FileHandler' driver.
INFO - 2024-05-31 15:40:55 --> Session: Class initialized using 'CodeIgniter\Session\Handlers\FileHandler' driver.
INFO - 2024-05-31 15:40:55 --> Session: Class initialized using 'CodeIgniter\Session\Handlers\FileHandler' driver.
INFO - 2024-05-31 15:40:55 --> Session: Class initialized using 'CodeIgniter\Session\Handlers\FileHandler' driver.
INFO - 2024-05-31 15:40:55 --> Session: Class initialized using 'CodeIgniter\Session\Handlers\FileHandler' driver.
INFO - 2024-05-31 15:40:55 --> Session: Class initialized using 'CodeIgniter\Session\Handlers\FileHandler' driver.
INFO - 2024-05-31 15:40:55 --> Session: Class initialized using 'CodeIgniter\Session\Handlers\FileHandler' driver.
INFO - 2024-05-31 15:40:55 --> Session: Class initialized using 'CodeIgniter\Session\Handlers\FileHandler' driver.
INFO - 2024-05-31 15:40:55 --> Session: Class initialized using 'CodeIgniter\Session\Handlers\FileHandler' driver.
INFO - 2024-05-31 15:40:55 --> Session: Class initialized using 'CodeIgniter\Session\Handlers\FileHandler' driver.
INFO - 2024-05-31 15:40:55 --> Session: Class initialized using 'CodeIgniter\Session\Handlers\FileHandler' driver.
INFO - 2024-05-31 15:40:56 --> Session: Class initialized using 'CodeIgniter\Session\Handlers\FileHandler' driver.
INFO - 2024-05-31 15:40:56 --> Session: Class initialized using 'CodeIgniter\Session\Handlers\FileHandler' driver.
INFO - 2024-05-31 15:40:56 --> Session: Class initialized using 'CodeIgniter\Session\Handlers\FileHandler' driver.
INFO - 2024-05-31 15:40:56 --> Session: Class initialized using 'CodeIgniter\Session\Handlers\FileHandler' driver.
INFO - 2024-05-31 15:40:56 --> Session: Class initialized using 'CodeIgniter\Session\Handlers\FileHandler' driver.
INFO - 2024-05-31 15:40:56 --> Session: Class initialized using 'CodeIgniter\Session\Handlers\FileHandler' driver.
INFO - 2024-05-31 15:40:56 --> Session: Class initialized using 'CodeIgniter\Session\Handlers\FileHandler' driver.
INFO - 2024-05-31 15:40:56 --> Session: Class initialized using 'CodeIgniter\Session\Handlers\FileHandler' driver.
INFO - 2024-05-31 15:40:56 --> Session: Class initialized using 'CodeIgniter\Session\Handlers\FileHandler' driver.
INFO - 2024-05-31 15:40:56 --> Session: Class initialized using 'CodeIgniter\Session\Handlers\FileHandler' driver.
INFO - 2024-05-31 15:40:57 --> Session: Class initialized using 'CodeIgniter\Session\Handlers\FileHandler' driver.
INFO - 2024-05-31 15:40:57 --> Session: Class initialized using 'CodeIgniter\Session\Handlers\FileHandler' driver.
INFO - 2024-05-31 15:40:57 --> Session: Class initialized using 'CodeIgniter\Session\Handlers\FileHandler' driver.
INFO - 2024-05-31 15:40:57 --> Session: Class initialized using 'CodeIgniter\Session\Handlers\FileHandler' driver.
INFO - 2024-05-31 15:40:57 --> Session: Class initialized using 'CodeIgniter\Session\Handlers\FileHandler' driver.
INFO - 2024-05-31 15:41:11 --> Session: Class initialized using 'CodeIgniter\Session\Handlers\FileHandler' driver.
INFO - 2024-05-31 15:41:12 --> Session: Class initialized using 'CodeIgniter\Session\Handlers\FileHandler' driver.
CRITICAL - 2024-05-31 15:41:12 --> Undefined variable $course_teacher_id
in APPPATH\Controllers\HomepageController.php on line 39.
 1 APPPATH\Controllers\HomepageController.php(39): CodeIgniter\Debug\Exceptions->errorHandler(2, 'Undefined variable $course_teacher_id', 'D:\\laragon\\www\\SchoolingTime\\app\\Controllers\\HomepageController.php', 39)
 2 SYSTEMPATH\CodeIgniter.php(942): App\Controllers\HomepageController->Course_details_view('homepage_assets', 'img', 'logo.png')
 3 SYSTEMPATH\CodeIgniter.php(502): CodeIgniter\CodeIgniter->runController(Object(App\Controllers\HomepageController))
 4 SYSTEMPATH\CodeIgniter.php(361): CodeIgniter\CodeIgniter->handleRequest(null, Object(Config\Cache), false)
 5 FCPATH\index.php(79): CodeIgniter\CodeIgniter->run()
INFO - 2024-05-31 15:41:12 --> Session: Class initialized using 'CodeIgniter\Session\Handlers\FileHandler' driver.
CRITICAL - 2024-05-31 15:41:12 --> Undefined variable $course_teacher_id
in APPPATH\Controllers\HomepageController.php on line 39.
 1 APPPATH\Controllers\HomepageController.php(39): CodeIgniter\Debug\Exceptions->errorHandler(2, 'Undefined variable $course_teacher_id', 'D:\\laragon\\www\\SchoolingTime\\app\\Controllers\\HomepageController.php', 39)
 2 SYSTEMPATH\CodeIgniter.php(942): App\Controllers\HomepageController->Course_details_view('homepage_assets', 'img', 'testimonials', 'testimonials-1.jpg')
 3 SYSTEMPATH\CodeIgniter.php(502): CodeIgniter\CodeIgniter->runController(Object(App\Controllers\HomepageController))
 4 SYSTEMPATH\CodeIgniter.php(361): CodeIgniter\CodeIgniter->handleRequest(null, Object(Config\Cache), false)
 5 FCPATH\index.php(79): CodeIgniter\CodeIgniter->run()
INFO - 2024-05-31 15:41:13 --> Session: Class initialized using 'CodeIgniter\Session\Handlers\FileHandler' driver.
CRITICAL - 2024-05-31 15:41:13 --> Undefined variable $course_teacher_id
in APPPATH\Controllers\HomepageController.php on line 39.
 1 APPPATH\Controllers\HomepageController.php(39): CodeIgniter\Debug\Exceptions->errorHandler(2, 'Undefined variable $course_teacher_id', 'D:\\laragon\\www\\SchoolingTime\\app\\Controllers\\HomepageController.php', 39)
 2 SYSTEMPATH\CodeIgniter.php(942): App\Controllers\HomepageController->Course_details_view('homepage_assets', 'img', 'favicon.png')
 3 SYSTEMPATH\CodeIgniter.php(502): CodeIgniter\CodeIgniter->runController(Object(App\Controllers\HomepageController))
 4 SYSTEMPATH\CodeIgniter.php(361): CodeIgniter\CodeIgniter->handleRequest(null, Object(Config\Cache), false)
 5 FCPATH\index.php(79): CodeIgniter\CodeIgniter->run()
INFO - 2024-05-31 15:41:13 --> Session: Class initialized using 'CodeIgniter\Session\Handlers\FileHandler' driver.
CRITICAL - 2024-05-31 15:41:13 --> Undefined variable $course_teacher_id
in APPPATH\Controllers\HomepageController.php on line 39.
 1 APPPATH\Controllers\HomepageController.php(39): CodeIgniter\Debug\Exceptions->errorHandler(2, 'Undefined variable $course_teacher_id', 'D:\\laragon\\www\\SchoolingTime\\app\\Controllers\\HomepageController.php', 39)
 2 SYSTEMPATH\CodeIgniter.php(942): App\Controllers\HomepageController->Course_details_view('homepage_assets', 'img', 'apple-touch-icon.png')
 3 SYSTEMPATH\CodeIgniter.php(502): CodeIgniter\CodeIgniter->runController(Object(App\Controllers\HomepageController))
 4 SYSTEMPATH\CodeIgniter.php(361): CodeIgniter\CodeIgniter->handleRequest(null, Object(Config\Cache), false)
 5 FCPATH\index.php(79): CodeIgniter\CodeIgniter->run()
INFO - 2024-05-31 15:41:24 --> Session: Class initialized using 'CodeIgniter\Session\Handlers\FileHandler' driver.
INFO - 2024-05-31 15:41:24 --> Session: Class initialized using 'CodeIgniter\Session\Handlers\FileHandler' driver.
INFO - 2024-05-31 15:41:33 --> Session: Class initialized using 'CodeIgniter\Session\Handlers\FileHandler' driver.
INFO - 2024-05-31 15:41:33 --> Session: Class initialized using 'CodeIgniter\Session\Handlers\FileHandler' driver.
CRITICAL - 2024-05-31 15:41:33 --> Undefined variable $course_teacher_id
in APPPATH\Controllers\HomepageController.php on line 39.
 1 APPPATH\Controllers\HomepageController.php(39): CodeIgniter\Debug\Exceptions->errorHandler(2, 'Undefined variable $course_teacher_id', 'D:\\laragon\\www\\SchoolingTime\\app\\Controllers\\HomepageController.php', 39)
 2 SYSTEMPATH\CodeIgniter.php(942): App\Controllers\HomepageController->Course_details_view('homepage_assets', 'img', 'logo.png')
 3 SYSTEMPATH\CodeIgniter.php(502): CodeIgniter\CodeIgniter->runController(Object(App\Controllers\HomepageController))
 4 SYSTEMPATH\CodeIgniter.php(361): CodeIgniter\CodeIgniter->handleRequest(null, Object(Config\Cache), false)
 5 FCPATH\index.php(79): CodeIgniter\CodeIgniter->run()
INFO - 2024-05-31 15:41:33 --> Session: Class initialized using 'CodeIgniter\Session\Handlers\FileHandler' driver.
CRITICAL - 2024-05-31 15:41:33 --> Undefined variable $course_teacher_id
in APPPATH\Controllers\HomepageController.php on line 39.
 1 APPPATH\Controllers\HomepageController.php(39): CodeIgniter\Debug\Exceptions->errorHandler(2, 'Undefined variable $course_teacher_id', 'D:\\laragon\\www\\SchoolingTime\\app\\Controllers\\HomepageController.php', 39)
 2 SYSTEMPATH\CodeIgniter.php(942): App\Controllers\HomepageController->Course_details_view('homepage_assets', 'img', 'testimonials', 'testimonials-1.jpg')
 3 SYSTEMPATH\CodeIgniter.php(502): CodeIgniter\CodeIgniter->runController(Object(App\Controllers\HomepageController))
 4 SYSTEMPATH\CodeIgniter.php(361): CodeIgniter\CodeIgniter->handleRequest(null, Object(Config\Cache), false)
 5 FCPATH\index.php(79): CodeIgniter\CodeIgniter->run()
INFO - 2024-05-31 15:41:34 --> Session: Class initialized using 'CodeIgniter\Session\Handlers\FileHandler' driver.
CRITICAL - 2024-05-31 15:41:34 --> Undefined variable $course_teacher_id
in APPPATH\Controllers\HomepageController.php on line 39.
 1 APPPATH\Controllers\HomepageController.php(39): CodeIgniter\Debug\Exceptions->errorHandler(2, 'Undefined variable $course_teacher_id', 'D:\\laragon\\www\\SchoolingTime\\app\\Controllers\\HomepageController.php', 39)
 2 SYSTEMPATH\CodeIgniter.php(942): App\Controllers\HomepageController->Course_details_view('homepage_assets', 'img', 'testimonials', 'testimonials-1.jpg')
 3 SYSTEMPATH\CodeIgniter.php(502): CodeIgniter\CodeIgniter->runController(Object(App\Controllers\HomepageController))
 4 SYSTEMPATH\CodeIgniter.php(361): CodeIgniter\CodeIgniter->handleRequest(null, Object(Config\Cache), false)
 5 FCPATH\index.php(79): CodeIgniter\CodeIgniter->run()
INFO - 2024-05-31 15:41:34 --> Session: Class initialized using 'CodeIgniter\Session\Handlers\FileHandler' driver.
CRITICAL - 2024-05-31 15:41:34 --> Undefined variable $course_teacher_id
in APPPATH\Controllers\HomepageController.php on line 39.
 1 APPPATH\Controllers\HomepageController.php(39): CodeIgniter\Debug\Exceptions->errorHandler(2, 'Undefined variable $course_teacher_id', 'D:\\laragon\\www\\SchoolingTime\\app\\Controllers\\HomepageController.php', 39)
 2 SYSTEMPATH\CodeIgniter.php(942): App\Controllers\HomepageController->Course_details_view('homepage_assets', 'img', 'apple-touch-icon.png')
 3 SYSTEMPATH\CodeIgniter.php(502): CodeIgniter\CodeIgniter->runController(Object(App\Controllers\HomepageController))
 4 SYSTEMPATH\CodeIgniter.php(361): CodeIgniter\CodeIgniter->handleRequest(null, Object(Config\Cache), false)
 5 FCPATH\index.php(79): CodeIgniter\CodeIgniter->run()
INFO - 2024-05-31 15:41:34 --> Session: Class initialized using 'CodeIgniter\Session\Handlers\FileHandler' driver.
CRITICAL - 2024-05-31 15:41:34 --> Undefined variable $course_teacher_id
in APPPATH\Controllers\HomepageController.php on line 39.
 1 APPPATH\Controllers\HomepageController.php(39): CodeIgniter\Debug\Exceptions->errorHandler(2, 'Undefined variable $course_teacher_id', 'D:\\laragon\\www\\SchoolingTime\\app\\Controllers\\HomepageController.php', 39)
 2 SYSTEMPATH\CodeIgniter.php(942): App\Controllers\HomepageController->Course_details_view('homepage_assets', 'img', 'favicon.png')
 3 SYSTEMPATH\CodeIgniter.php(502): CodeIgniter\CodeIgniter->runController(Object(App\Controllers\HomepageController))
 4 SYSTEMPATH\CodeIgniter.php(361): CodeIgniter\CodeIgniter->handleRequest(null, Object(Config\Cache), false)
 5 FCPATH\index.php(79): CodeIgniter\CodeIgniter->run()
INFO - 2024-05-31 15:41:42 --> Session: Class initialized using 'CodeIgniter\Session\Handlers\FileHandler' driver.
INFO - 2024-05-31 15:41:42 --> Session: Class initialized using 'CodeIgniter\Session\Handlers\FileHandler' driver.
INFO - 2024-05-31 15:41:53 --> Session: Class initialized using 'CodeIgniter\Session\Handlers\FileHandler' driver.
INFO - 2024-05-31 15:41:54 --> Session: Class initialized using 'CodeIgniter\Session\Handlers\FileHandler' driver.
CRITICAL - 2024-05-31 15:41:54 --> Undefined variable $course_teacher_id
in APPPATH\Controllers\HomepageController.php on line 39.
 1 APPPATH\Controllers\HomepageController.php(39): CodeIgniter\Debug\Exceptions->errorHandler(2, 'Undefined variable $course_teacher_id', 'D:\\laragon\\www\\SchoolingTime\\app\\Controllers\\HomepageController.php', 39)
 2 SYSTEMPATH\CodeIgniter.php(942): App\Controllers\HomepageController->Course_details_view('homepage_assets', 'img', 'testimonials', 'testimonials-1.jpg')
 3 SYSTEMPATH\CodeIgniter.php(502): CodeIgniter\CodeIgniter->runController(Object(App\Controllers\HomepageController))
 4 SYSTEMPATH\CodeIgniter.php(361): CodeIgniter\CodeIgniter->handleRequest(null, Object(Config\Cache), false)
 5 FCPATH\index.php(79): CodeIgniter\CodeIgniter->run()
INFO - 2024-05-31 15:41:54 --> Session: Class initialized using 'CodeIgniter\Session\Handlers\FileHandler' driver.
CRITICAL - 2024-05-31 15:41:54 --> Undefined variable $course_teacher_id
in APPPATH\Controllers\HomepageController.php on line 39.
 1 APPPATH\Controllers\HomepageController.php(39): CodeIgniter\Debug\Exceptions->errorHandler(2, 'Undefined variable $course_teacher_id', 'D:\\laragon\\www\\SchoolingTime\\app\\Controllers\\HomepageController.php', 39)
 2 SYSTEMPATH\CodeIgniter.php(942): App\Controllers\HomepageController->Course_details_view('homepage_assets', 'img', 'logo.png')
 3 SYSTEMPATH\CodeIgniter.php(502): CodeIgniter\CodeIgniter->runController(Object(App\Controllers\HomepageController))
 4 SYSTEMPATH\CodeIgniter.php(361): CodeIgniter\CodeIgniter->handleRequest(null, Object(Config\Cache), false)
 5 FCPATH\index.php(79): CodeIgniter\CodeIgniter->run()
INFO - 2024-05-31 15:41:55 --> Session: Class initialized using 'CodeIgniter\Session\Handlers\FileHandler' driver.
CRITICAL - 2024-05-31 15:41:55 --> Undefined variable $course_teacher_id
in APPPATH\Controllers\HomepageController.php on line 39.
 1 APPPATH\Controllers\HomepageController.php(39): CodeIgniter\Debug\Exceptions->errorHandler(2, 'Undefined variable $course_teacher_id', 'D:\\laragon\\www\\SchoolingTime\\app\\Controllers\\HomepageController.php', 39)
 2 SYSTEMPATH\CodeIgniter.php(942): App\Controllers\HomepageController->Course_details_view('homepage_assets', 'img', 'apple-touch-icon.png')
 3 SYSTEMPATH\CodeIgniter.php(502): CodeIgniter\CodeIgniter->runController(Object(App\Controllers\HomepageController))
 4 SYSTEMPATH\CodeIgniter.php(361): CodeIgniter\CodeIgniter->handleRequest(null, Object(Config\Cache), false)
 5 FCPATH\index.php(79): CodeIgniter\CodeIgniter->run()
INFO - 2024-05-31 15:41:55 --> Session: Class initialized using 'CodeIgniter\Session\Handlers\FileHandler' driver.
CRITICAL - 2024-05-31 15:41:55 --> Undefined variable $course_teacher_id
in APPPATH\Controllers\HomepageController.php on line 39.
 1 APPPATH\Controllers\HomepageController.php(39): CodeIgniter\Debug\Exceptions->errorHandler(2, 'Undefined variable $course_teacher_id', 'D:\\laragon\\www\\SchoolingTime\\app\\Controllers\\HomepageController.php', 39)
 2 SYSTEMPATH\CodeIgniter.php(942): App\Controllers\HomepageController->Course_details_view('homepage_assets', 'img', 'favicon.png')
 3 SYSTEMPATH\CodeIgniter.php(502): CodeIgniter\CodeIgniter->runController(Object(App\Controllers\HomepageController))
 4 SYSTEMPATH\CodeIgniter.php(361): CodeIgniter\CodeIgniter->handleRequest(null, Object(Config\Cache), false)
 5 FCPATH\index.php(79): CodeIgniter\CodeIgniter->run()
INFO - 2024-05-31 15:42:11 --> Session: Class initialized using 'CodeIgniter\Session\Handlers\FileHandler' driver.
CRITICAL - 2024-05-31 15:42:11 --> Undefined variable $course_teacher_id
in APPPATH\Controllers\HomepageController.php on line 39.
 1 APPPATH\Controllers\HomepageController.php(39): CodeIgniter\Debug\Exceptions->errorHandler(2, 'Undefined variable $course_teacher_id', 'D:\\laragon\\www\\SchoolingTime\\app\\Controllers\\HomepageController.php', 39)
 2 SYSTEMPATH\CodeIgniter.php(942): App\Controllers\HomepageController->Course_details_view('homepage_assets', 'img', 'testimonials', 'testimonials-1.jpg')
 3 SYSTEMPATH\CodeIgniter.php(502): CodeIgniter\CodeIgniter->runController(Object(App\Controllers\HomepageController))
 4 SYSTEMPATH\CodeIgniter.php(361): CodeIgniter\CodeIgniter->handleRequest(null, Object(Config\Cache), false)
 5 FCPATH\index.php(79): CodeIgniter\CodeIgniter->run()
INFO - 2024-05-31 15:47:02 --> Session: Class initialized using 'CodeIgniter\Session\Handlers\FileHandler' driver.
INFO - 2024-05-31 15:47:07 --> Session: Class initialized using 'CodeIgniter\Session\Handlers\FileHandler' driver.
INFO - 2024-05-31 15:47:08 --> Session: Class initialized using 'CodeIgniter\Session\Handlers\FileHandler' driver.
CRITICAL - 2024-05-31 15:47:08 --> Undefined variable $course_teacher_id
in APPPATH\Controllers\HomepageController.php on line 39.
 1 APPPATH\Controllers\HomepageController.php(39): CodeIgniter\Debug\Exceptions->errorHandler(2, 'Undefined variable $course_teacher_id', 'D:\\laragon\\www\\SchoolingTime\\app\\Controllers\\HomepageController.php', 39)
 2 SYSTEMPATH\CodeIgniter.php(942): App\Controllers\HomepageController->Course_details_view('homepage_assets', 'img', 'logo.png')
 3 SYSTEMPATH\CodeIgniter.php(502): CodeIgniter\CodeIgniter->runController(Object(App\Controllers\HomepageController))
 4 SYSTEMPATH\CodeIgniter.php(361): CodeIgniter\CodeIgniter->handleRequest(null, Object(Config\Cache), false)
 5 FCPATH\index.php(79): CodeIgniter\CodeIgniter->run()
INFO - 2024-05-31 15:47:08 --> Session: Class initialized using 'CodeIgniter\Session\Handlers\FileHandler' driver.
CRITICAL - 2024-05-31 15:47:08 --> Undefined variable $course_teacher_id
in APPPATH\Controllers\HomepageController.php on line 39.
 1 APPPATH\Controllers\HomepageController.php(39): CodeIgniter\Debug\Exceptions->errorHandler(2, 'Undefined variable $course_teacher_id', 'D:\\laragon\\www\\SchoolingTime\\app\\Controllers\\HomepageController.php', 39)
 2 SYSTEMPATH\CodeIgniter.php(942): App\Controllers\HomepageController->Course_details_view('homepage_assets', 'img', 'testimonials', 'testimonials-1.jpg')
 3 SYSTEMPATH\CodeIgniter.php(502): CodeIgniter\CodeIgniter->runController(Object(App\Controllers\HomepageController))
 4 SYSTEMPATH\CodeIgniter.php(361): CodeIgniter\CodeIgniter->handleRequest(null, Object(Config\Cache), false)
 5 FCPATH\index.php(79): CodeIgniter\CodeIgniter->run()
INFO - 2024-05-31 15:47:08 --> Session: Class initialized using 'CodeIgniter\Session\Handlers\FileHandler' driver.
CRITICAL - 2024-05-31 15:47:08 --> Undefined variable $course_teacher_id
in APPPATH\Controllers\HomepageController.php on line 39.
 1 APPPATH\Controllers\HomepageController.php(39): CodeIgniter\Debug\Exceptions->errorHandler(2, 'Undefined variable $course_teacher_id', 'D:\\laragon\\www\\SchoolingTime\\app\\Controllers\\HomepageController.php', 39)
 2 SYSTEMPATH\CodeIgniter.php(942): App\Controllers\HomepageController->Course_details_view('homepage_assets', 'img', 'apple-touch-icon.png')
 3 SYSTEMPATH\CodeIgniter.php(502): CodeIgniter\CodeIgniter->runController(Object(App\Controllers\HomepageController))
 4 SYSTEMPATH\CodeIgniter.php(361): CodeIgniter\CodeIgniter->handleRequest(null, Object(Config\Cache), false)
 5 FCPATH\index.php(79): CodeIgniter\CodeIgniter->run()
INFO - 2024-05-31 15:47:08 --> Session: Class initialized using 'CodeIgniter\Session\Handlers\FileHandler' driver.
CRITICAL - 2024-05-31 15:47:08 --> Undefined variable $course_teacher_id
in APPPATH\Controllers\HomepageController.php on line 39.
 1 APPPATH\Controllers\HomepageController.php(39): CodeIgniter\Debug\Exceptions->errorHandler(2, 'Undefined variable $course_teacher_id', 'D:\\laragon\\www\\SchoolingTime\\app\\Controllers\\HomepageController.php', 39)
 2 SYSTEMPATH\CodeIgniter.php(942): App\Controllers\HomepageController->Course_details_view('homepage_assets', 'img', 'favicon.png')
 3 SYSTEMPATH\CodeIgniter.php(502): CodeIgniter\CodeIgniter->runController(Object(App\Controllers\HomepageController))
 4 SYSTEMPATH\CodeIgniter.php(361): CodeIgniter\CodeIgniter->handleRequest(null, Object(Config\Cache), false)
 5 FCPATH\index.php(79): CodeIgniter\CodeIgniter->run()
INFO - 2024-05-31 15:47:13 --> Session: Class initialized using 'CodeIgniter\Session\Handlers\FileHandler' driver.
INFO - 2024-05-31 15:47:13 --> Session: Class initialized using 'CodeIgniter\Session\Handlers\FileHandler' driver.
INFO - 2024-05-31 15:47:22 --> Session: Class initialized using 'CodeIgniter\Session\Handlers\FileHandler' driver.
INFO - 2024-05-31 15:47:22 --> Session: Class initialized using 'CodeIgniter\Session\Handlers\FileHandler' driver.
CRITICAL - 2024-05-31 15:47:22 --> Undefined variable $course_teacher_id
in APPPATH\Controllers\HomepageController.php on line 39.
 1 APPPATH\Controllers\HomepageController.php(39): CodeIgniter\Debug\Exceptions->errorHandler(2, 'Undefined variable $course_teacher_id', 'D:\\laragon\\www\\SchoolingTime\\app\\Controllers\\HomepageController.php', 39)
 2 SYSTEMPATH\CodeIgniter.php(942): App\Controllers\HomepageController->Course_details_view('homepage_assets', 'img', 'logo.png')
 3 SYSTEMPATH\CodeIgniter.php(502): CodeIgniter\CodeIgniter->runController(Object(App\Controllers\HomepageController))
 4 SYSTEMPATH\CodeIgniter.php(361): CodeIgniter\CodeIgniter->handleRequest(null, Object(Config\Cache), false)
 5 FCPATH\index.php(79): CodeIgniter\CodeIgniter->run()
INFO - 2024-05-31 15:47:22 --> Session: Class initialized using 'CodeIgniter\Session\Handlers\FileHandler' driver.
CRITICAL - 2024-05-31 15:47:22 --> Undefined variable $course_teacher_id
in APPPATH\Controllers\HomepageController.php on line 39.
 1 APPPATH\Controllers\HomepageController.php(39): CodeIgniter\Debug\Exceptions->errorHandler(2, 'Undefined variable $course_teacher_id', 'D:\\laragon\\www\\SchoolingTime\\app\\Controllers\\HomepageController.php', 39)
 2 SYSTEMPATH\CodeIgniter.php(942): App\Controllers\HomepageController->Course_details_view('homepage_assets', 'img', 'testimonials', 'testimonials-1.jpg')
 3 SYSTEMPATH\CodeIgniter.php(502): CodeIgniter\CodeIgniter->runController(Object(App\Controllers\HomepageController))
 4 SYSTEMPATH\CodeIgniter.php(361): CodeIgniter\CodeIgniter->handleRequest(null, Object(Config\Cache), false)
 5 FCPATH\index.php(79): CodeIgniter\CodeIgniter->run()
INFO - 2024-05-31 15:47:23 --> Session: Class initialized using 'CodeIgniter\Session\Handlers\FileHandler' driver.
CRITICAL - 2024-05-31 15:47:23 --> Undefined variable $course_teacher_id
in APPPATH\Controllers\HomepageController.php on line 39.
 1 APPPATH\Controllers\HomepageController.php(39): CodeIgniter\Debug\Exceptions->errorHandler(2, 'Undefined variable $course_teacher_id', 'D:\\laragon\\www\\SchoolingTime\\app\\Controllers\\HomepageController.php', 39)
 2 SYSTEMPATH\CodeIgniter.php(942): App\Controllers\HomepageController->Course_details_view('homepage_assets', 'img', 'apple-touch-icon.png')
 3 SYSTEMPATH\CodeIgniter.php(502): CodeIgniter\CodeIgniter->runController(Object(App\Controllers\HomepageController))
 4 SYSTEMPATH\CodeIgniter.php(361): CodeIgniter\CodeIgniter->handleRequest(null, Object(Config\Cache), false)
 5 FCPATH\index.php(79): CodeIgniter\CodeIgniter->run()
INFO - 2024-05-31 15:47:23 --> Session: Class initialized using 'CodeIgniter\Session\Handlers\FileHandler' driver.
CRITICAL - 2024-05-31 15:47:23 --> Undefined variable $course_teacher_id
in APPPATH\Controllers\HomepageController.php on line 39.
 1 APPPATH\Controllers\HomepageController.php(39): CodeIgniter\Debug\Exceptions->errorHandler(2, 'Undefined variable $course_teacher_id', 'D:\\laragon\\www\\SchoolingTime\\app\\Controllers\\HomepageController.php', 39)
 2 SYSTEMPATH\CodeIgniter.php(942): App\Controllers\HomepageController->Course_details_view('homepage_assets', 'img', 'favicon.png')
 3 SYSTEMPATH\CodeIgniter.php(502): CodeIgniter\CodeIgniter->runController(Object(App\Controllers\HomepageController))
 4 SYSTEMPATH\CodeIgniter.php(361): CodeIgniter\CodeIgniter->handleRequest(null, Object(Config\Cache), false)
 5 FCPATH\index.php(79): CodeIgniter\CodeIgniter->run()
INFO - 2024-05-31 15:51:07 --> Session: Class initialized using 'CodeIgniter\Session\Handlers\FileHandler' driver.
INFO - 2024-05-31 15:51:08 --> Session: Class initialized using 'CodeIgniter\Session\Handlers\FileHandler' driver.
CRITICAL - 2024-05-31 15:51:08 --> Undefined variable $course_teacher_id
in APPPATH\Controllers\HomepageController.php on line 39.
 1 APPPATH\Controllers\HomepageController.php(39): CodeIgniter\Debug\Exceptions->errorHandler(2, 'Undefined variable $course_teacher_id', 'D:\\laragon\\www\\SchoolingTime\\app\\Controllers\\HomepageController.php', 39)
 2 SYSTEMPATH\CodeIgniter.php(942): App\Controllers\HomepageController->Course_details_view('homepage_assets', 'img', 'logo.png')
 3 SYSTEMPATH\CodeIgniter.php(502): CodeIgniter\CodeIgniter->runController(Object(App\Controllers\HomepageController))
 4 SYSTEMPATH\CodeIgniter.php(361): CodeIgniter\CodeIgniter->handleRequest(null, Object(Config\Cache), false)
 5 FCPATH\index.php(79): CodeIgniter\CodeIgniter->run()
INFO - 2024-05-31 15:51:08 --> Session: Class initialized using 'CodeIgniter\Session\Handlers\FileHandler' driver.
CRITICAL - 2024-05-31 15:51:08 --> Undefined variable $course_teacher_id
in APPPATH\Controllers\HomepageController.php on line 39.
 1 APPPATH\Controllers\HomepageController.php(39): CodeIgniter\Debug\Exceptions->errorHandler(2, 'Undefined variable $course_teacher_id', 'D:\\laragon\\www\\SchoolingTime\\app\\Controllers\\HomepageController.php', 39)
 2 SYSTEMPATH\CodeIgniter.php(942): App\Controllers\HomepageController->Course_details_view('homepage_assets', 'img', 'testimonials', 'testimonials-1.jpg')
 3 SYSTEMPATH\CodeIgniter.php(502): CodeIgniter\CodeIgniter->runController(Object(App\Controllers\HomepageController))
 4 SYSTEMPATH\CodeIgniter.php(361): CodeIgniter\CodeIgniter->handleRequest(null, Object(Config\Cache), false)
 5 FCPATH\index.php(79): CodeIgniter\CodeIgniter->run()
INFO - 2024-05-31 15:51:09 --> Session: Class initialized using 'CodeIgniter\Session\Handlers\FileHandler' driver.
CRITICAL - 2024-05-31 15:51:09 --> Undefined variable $course_teacher_id
in APPPATH\Controllers\HomepageController.php on line 39.
 1 APPPATH\Controllers\HomepageController.php(39): CodeIgniter\Debug\Exceptions->errorHandler(2, 'Undefined variable $course_teacher_id', 'D:\\laragon\\www\\SchoolingTime\\app\\Controllers\\HomepageController.php', 39)
 2 SYSTEMPATH\CodeIgniter.php(942): App\Controllers\HomepageController->Course_details_view('homepage_assets', 'img', 'favicon.png')
 3 SYSTEMPATH\CodeIgniter.php(502): CodeIgniter\CodeIgniter->runController(Object(App\Controllers\HomepageController))
 4 SYSTEMPATH\CodeIgniter.php(361): CodeIgniter\CodeIgniter->handleRequest(null, Object(Config\Cache), false)
 5 FCPATH\index.php(79): CodeIgniter\CodeIgniter->run()
INFO - 2024-05-31 15:51:09 --> Session: Class initialized using 'CodeIgniter\Session\Handlers\FileHandler' driver.
CRITICAL - 2024-05-31 15:51:09 --> Undefined variable $course_teacher_id
in APPPATH\Controllers\HomepageController.php on line 39.
 1 APPPATH\Controllers\HomepageController.php(39): CodeIgniter\Debug\Exceptions->errorHandler(2, 'Undefined variable $course_teacher_id', 'D:\\laragon\\www\\SchoolingTime\\app\\Controllers\\HomepageController.php', 39)
 2 SYSTEMPATH\CodeIgniter.php(942): App\Controllers\HomepageController->Course_details_view('homepage_assets', 'img', 'apple-touch-icon.png')
 3 SYSTEMPATH\CodeIgniter.php(502): CodeIgniter\CodeIgniter->runController(Object(App\Controllers\HomepageController))
 4 SYSTEMPATH\CodeIgniter.php(361): CodeIgniter\CodeIgniter->handleRequest(null, Object(Config\Cache), false)
 5 FCPATH\index.php(79): CodeIgniter\CodeIgniter->run()
INFO - 2024-05-31 15:51:19 --> Session: Class initialized using 'CodeIgniter\Session\Handlers\FileHandler' driver.
INFO - 2024-05-31 15:51:20 --> Session: Class initialized using 'CodeIgniter\Session\Handlers\FileHandler' driver.
INFO - 2024-05-31 15:52:05 --> Session: Class initialized using 'CodeIgniter\Session\Handlers\FileHandler' driver.
INFO - 2024-05-31 15:52:26 --> Session: Class initialized using 'CodeIgniter\Session\Handlers\FileHandler' driver.
INFO - 2024-05-31 15:52:26 --> Session: Class initialized using 'CodeIgniter\Session\Handlers\FileHandler' driver.
CRITICAL - 2024-05-31 15:52:26 --> Undefined variable $course_teacher_id
in APPPATH\Controllers\HomepageController.php on line 39.
 1 APPPATH\Controllers\HomepageController.php(39): CodeIgniter\Debug\Exceptions->errorHandler(2, 'Undefined variable $course_teacher_id', 'D:\\laragon\\www\\SchoolingTime\\app\\Controllers\\HomepageController.php', 39)
 2 SYSTEMPATH\CodeIgniter.php(942): App\Controllers\HomepageController->Course_details_view('homepage_assets', 'img', 'logo.png')
 3 SYSTEMPATH\CodeIgniter.php(502): CodeIgniter\CodeIgniter->runController(Object(App\Controllers\HomepageController))
 4 SYSTEMPATH\CodeIgniter.php(361): CodeIgniter\CodeIgniter->handleRequest(null, Object(Config\Cache), false)
 5 FCPATH\index.php(79): CodeIgniter\CodeIgniter->run()
INFO - 2024-05-31 15:52:26 --> Session: Class initialized using 'CodeIgniter\Session\Handlers\FileHandler' driver.
CRITICAL - 2024-05-31 15:52:26 --> Undefined variable $course_teacher_id
in APPPATH\Controllers\HomepageController.php on line 39.
 1 APPPATH\Controllers\HomepageController.php(39): CodeIgniter\Debug\Exceptions->errorHandler(2, 'Undefined variable $course_teacher_id', 'D:\\laragon\\www\\SchoolingTime\\app\\Controllers\\HomepageController.php', 39)
 2 SYSTEMPATH\CodeIgniter.php(942): App\Controllers\HomepageController->Course_details_view('homepage_assets', 'img', 'testimonials', 'testimonials-1.jpg')
 3 SYSTEMPATH\CodeIgniter.php(502): CodeIgniter\CodeIgniter->runController(Object(App\Controllers\HomepageController))
 4 SYSTEMPATH\CodeIgniter.php(361): CodeIgniter\CodeIgniter->handleRequest(null, Object(Config\Cache), false)
 5 FCPATH\index.php(79): CodeIgniter\CodeIgniter->run()
INFO - 2024-05-31 15:52:27 --> Session: Class initialized using 'CodeIgniter\Session\Handlers\FileHandler' driver.
CRITICAL - 2024-05-31 15:52:27 --> Undefined variable $course_teacher_id
in APPPATH\Controllers\HomepageController.php on line 39.
 1 APPPATH\Controllers\HomepageController.php(39): CodeIgniter\Debug\Exceptions->errorHandler(2, 'Undefined variable $course_teacher_id', 'D:\\laragon\\www\\SchoolingTime\\app\\Controllers\\HomepageController.php', 39)
 2 SYSTEMPATH\CodeIgniter.php(942): App\Controllers\HomepageController->Course_details_view('homepage_assets', 'img', 'favicon.png')
 3 SYSTEMPATH\CodeIgniter.php(502): CodeIgniter\CodeIgniter->runController(Object(App\Controllers\HomepageController))
 4 SYSTEMPATH\CodeIgniter.php(361): CodeIgniter\CodeIgniter->handleRequest(null, Object(Config\Cache), false)
 5 FCPATH\index.php(79): CodeIgniter\CodeIgniter->run()
INFO - 2024-05-31 15:52:27 --> Session: Class initialized using 'CodeIgniter\Session\Handlers\FileHandler' driver.
CRITICAL - 2024-05-31 15:52:27 --> Undefined variable $course_teacher_id
in APPPATH\Controllers\HomepageController.php on line 39.
 1 APPPATH\Controllers\HomepageController.php(39): CodeIgniter\Debug\Exceptions->errorHandler(2, 'Undefined variable $course_teacher_id', 'D:\\laragon\\www\\SchoolingTime\\app\\Controllers\\HomepageController.php', 39)
 2 SYSTEMPATH\CodeIgniter.php(942): App\Controllers\HomepageController->Course_details_view('homepage_assets', 'img', 'apple-touch-icon.png')
 3 SYSTEMPATH\CodeIgniter.php(502): CodeIgniter\CodeIgniter->runController(Object(App\Controllers\HomepageController))
 4 SYSTEMPATH\CodeIgniter.php(361): CodeIgniter\CodeIgniter->handleRequest(null, Object(Config\Cache), false)
 5 FCPATH\index.php(79): CodeIgniter\CodeIgniter->run()
INFO - 2024-05-31 15:54:04 --> Session: Class initialized using 'CodeIgniter\Session\Handlers\FileHandler' driver.
INFO - 2024-05-31 15:54:05 --> Session: Class initialized using 'CodeIgniter\Session\Handlers\FileHandler' driver.
CRITICAL - 2024-05-31 15:54:05 --> Undefined variable $course_teacher_id
in APPPATH\Controllers\HomepageController.php on line 39.
 1 APPPATH\Controllers\HomepageController.php(39): CodeIgniter\Debug\Exceptions->errorHandler(2, 'Undefined variable $course_teacher_id', 'D:\\laragon\\www\\SchoolingTime\\app\\Controllers\\HomepageController.php', 39)
 2 SYSTEMPATH\CodeIgniter.php(942): App\Controllers\HomepageController->Course_details_view('homepage_assets', 'img', 'logo.png')
 3 SYSTEMPATH\CodeIgniter.php(502): CodeIgniter\CodeIgniter->runController(Object(App\Controllers\HomepageController))
 4 SYSTEMPATH\CodeIgniter.php(361): CodeIgniter\CodeIgniter->handleRequest(null, Object(Config\Cache), false)
 5 FCPATH\index.php(79): CodeIgniter\CodeIgniter->run()
INFO - 2024-05-31 15:54:05 --> Session: Class initialized using 'CodeIgniter\Session\Handlers\FileHandler' driver.
CRITICAL - 2024-05-31 15:54:05 --> Undefined variable $course_teacher_id
in APPPATH\Controllers\HomepageController.php on line 39.
 1 APPPATH\Controllers\HomepageController.php(39): CodeIgniter\Debug\Exceptions->errorHandler(2, 'Undefined variable $course_teacher_id', 'D:\\laragon\\www\\SchoolingTime\\app\\Controllers\\HomepageController.php', 39)
 2 SYSTEMPATH\CodeIgniter.php(942): App\Controllers\HomepageController->Course_details_view('homepage_assets', 'img', 'testimonials', 'testimonials-1.jpg')
 3 SYSTEMPATH\CodeIgniter.php(502): CodeIgniter\CodeIgniter->runController(Object(App\Controllers\HomepageController))
 4 SYSTEMPATH\CodeIgniter.php(361): CodeIgniter\CodeIgniter->handleRequest(null, Object(Config\Cache), false)
 5 FCPATH\index.php(79): CodeIgniter\CodeIgniter->run()
INFO - 2024-05-31 15:54:07 --> Session: Class initialized using 'CodeIgniter\Session\Handlers\FileHandler' driver.
CRITICAL - 2024-05-31 15:54:07 --> Undefined variable $course_teacher_id
in APPPATH\Controllers\HomepageController.php on line 39.
 1 APPPATH\Controllers\HomepageController.php(39): CodeIgniter\Debug\Exceptions->errorHandler(2, 'Undefined variable $course_teacher_id', 'D:\\laragon\\www\\SchoolingTime\\app\\Controllers\\HomepageController.php', 39)
 2 SYSTEMPATH\CodeIgniter.php(942): App\Controllers\HomepageController->Course_details_view('homepage_assets', 'img', 'favicon.png')
 3 SYSTEMPATH\CodeIgniter.php(502): CodeIgniter\CodeIgniter->runController(Object(App\Controllers\HomepageController))
 4 SYSTEMPATH\CodeIgniter.php(361): CodeIgniter\CodeIgniter->handleRequest(null, Object(Config\Cache), false)
 5 FCPATH\index.php(79): CodeIgniter\CodeIgniter->run()
INFO - 2024-05-31 15:54:07 --> Session: Class initialized using 'CodeIgniter\Session\Handlers\FileHandler' driver.
CRITICAL - 2024-05-31 15:54:07 --> Undefined variable $course_teacher_id
in APPPATH\Controllers\HomepageController.php on line 39.
 1 APPPATH\Controllers\HomepageController.php(39): CodeIgniter\Debug\Exceptions->errorHandler(2, 'Undefined variable $course_teacher_id', 'D:\\laragon\\www\\SchoolingTime\\app\\Controllers\\HomepageController.php', 39)
 2 SYSTEMPATH\CodeIgniter.php(942): App\Controllers\HomepageController->Course_details_view('homepage_assets', 'img', 'apple-touch-icon.png')
 3 SYSTEMPATH\CodeIgniter.php(502): CodeIgniter\CodeIgniter->runController(Object(App\Controllers\HomepageController))
 4 SYSTEMPATH\CodeIgniter.php(361): CodeIgniter\CodeIgniter->handleRequest(null, Object(Config\Cache), false)
 5 FCPATH\index.php(79): CodeIgniter\CodeIgniter->run()
INFO - 2024-05-31 15:54:17 --> Session: Class initialized using 'CodeIgniter\Session\Handlers\FileHandler' driver.
CRITICAL - 2024-05-31 15:54:17 --> Undefined variable $course_teacher_id
in APPPATH\Controllers\HomepageController.php on line 39.
 1 APPPATH\Controllers\HomepageController.php(39): CodeIgniter\Debug\Exceptions->errorHandler(2, 'Undefined variable $course_teacher_id', 'D:\\laragon\\www\\SchoolingTime\\app\\Controllers\\HomepageController.php', 39)
 2 SYSTEMPATH\CodeIgniter.php(942): App\Controllers\HomepageController->Course_details_view('homepage_assets', 'img', 'testimonials', 'testimonials-1.jpg')
 3 SYSTEMPATH\CodeIgniter.php(502): CodeIgniter\CodeIgniter->runController(Object(App\Controllers\HomepageController))
 4 SYSTEMPATH\CodeIgniter.php(361): CodeIgniter\CodeIgniter->handleRequest(null, Object(Config\Cache), false)
 5 FCPATH\index.php(79): CodeIgniter\CodeIgniter->run()
INFO - 2024-05-31 15:58:09 --> Session: Class initialized using 'CodeIgniter\Session\Handlers\FileHandler' driver.
INFO - 2024-05-31 15:58:11 --> Session: Class initialized using 'CodeIgniter\Session\Handlers\FileHandler' driver.
CRITICAL - 2024-05-31 15:58:11 --> Undefined variable $course_teacher_id
in APPPATH\Controllers\HomepageController.php on line 39.
 1 APPPATH\Controllers\HomepageController.php(39): CodeIgniter\Debug\Exceptions->errorHandler(2, 'Undefined variable $course_teacher_id', 'D:\\laragon\\www\\SchoolingTime\\app\\Controllers\\HomepageController.php', 39)
 2 SYSTEMPATH\CodeIgniter.php(942): App\Controllers\HomepageController->Course_details_view('homepage_assets', 'img', 'testimonials', 'testimonials-1.jpg')
 3 SYSTEMPATH\CodeIgniter.php(502): CodeIgniter\CodeIgniter->runController(Object(App\Controllers\HomepageController))
 4 SYSTEMPATH\CodeIgniter.php(361): CodeIgniter\CodeIgniter->handleRequest(null, Object(Config\Cache), false)
 5 FCPATH\index.php(79): CodeIgniter\CodeIgniter->run()
INFO - 2024-05-31 15:58:11 --> Session: Class initialized using 'CodeIgniter\Session\Handlers\FileHandler' driver.
CRITICAL - 2024-05-31 15:58:11 --> Undefined variable $course_teacher_id
in APPPATH\Controllers\HomepageController.php on line 39.
 1 APPPATH\Controllers\HomepageController.php(39): CodeIgniter\Debug\Exceptions->errorHandler(2, 'Undefined variable $course_teacher_id', 'D:\\laragon\\www\\SchoolingTime\\app\\Controllers\\HomepageController.php', 39)
 2 SYSTEMPATH\CodeIgniter.php(942): App\Controllers\HomepageController->Course_details_view('homepage_assets', 'img', 'logo.png')
 3 SYSTEMPATH\CodeIgniter.php(502): CodeIgniter\CodeIgniter->runController(Object(App\Controllers\HomepageController))
 4 SYSTEMPATH\CodeIgniter.php(361): CodeIgniter\CodeIgniter->handleRequest(null, Object(Config\Cache), false)
 5 FCPATH\index.php(79): CodeIgniter\CodeIgniter->run()
INFO - 2024-05-31 15:58:11 --> Session: Class initialized using 'CodeIgniter\Session\Handlers\FileHandler' driver.
CRITICAL - 2024-05-31 15:58:11 --> Undefined variable $course_teacher_id
in APPPATH\Controllers\HomepageController.php on line 39.
 1 APPPATH\Controllers\HomepageController.php(39): CodeIgniter\Debug\Exceptions->errorHandler(2, 'Undefined variable $course_teacher_id', 'D:\\laragon\\www\\SchoolingTime\\app\\Controllers\\HomepageController.php', 39)
 2 SYSTEMPATH\CodeIgniter.php(942): App\Controllers\HomepageController->Course_details_view('homepage_assets', 'img', 'apple-touch-icon.png')
 3 SYSTEMPATH\CodeIgniter.php(502): CodeIgniter\CodeIgniter->runController(Object(App\Controllers\HomepageController))
 4 SYSTEMPATH\CodeIgniter.php(361): CodeIgniter\CodeIgniter->handleRequest(null, Object(Config\Cache), false)
 5 FCPATH\index.php(79): CodeIgniter\CodeIgniter->run()
INFO - 2024-05-31 15:58:11 --> Session: Class initialized using 'CodeIgniter\Session\Handlers\FileHandler' driver.
CRITICAL - 2024-05-31 15:58:11 --> Undefined variable $course_teacher_id
in APPPATH\Controllers\HomepageController.php on line 39.
 1 APPPATH\Controllers\HomepageController.php(39): CodeIgniter\Debug\Exceptions->errorHandler(2, 'Undefined variable $course_teacher_id', 'D:\\laragon\\www\\SchoolingTime\\app\\Controllers\\HomepageController.php', 39)
 2 SYSTEMPATH\CodeIgniter.php(942): App\Controllers\HomepageController->Course_details_view('homepage_assets', 'img', 'favicon.png')
 3 SYSTEMPATH\CodeIgniter.php(502): CodeIgniter\CodeIgniter->runController(Object(App\Controllers\HomepageController))
 4 SYSTEMPATH\CodeIgniter.php(361): CodeIgniter\CodeIgniter->handleRequest(null, Object(Config\Cache), false)
 5 FCPATH\index.php(79): CodeIgniter\CodeIgniter->run()
INFO - 2024-05-31 15:58:15 --> Session: Class initialized using 'CodeIgniter\Session\Handlers\FileHandler' driver.
INFO - 2024-05-31 15:59:56 --> Session: Class initialized using 'CodeIgniter\Session\Handlers\FileHandler' driver.
INFO - 2024-05-31 15:59:56 --> Session: Class initialized using 'CodeIgniter\Session\Handlers\FileHandler' driver.
INFO - 2024-05-31 16:00:07 --> Session: Class initialized using 'CodeIgniter\Session\Handlers\FileHandler' driver.
INFO - 2024-05-31 16:00:08 --> Session: Class initialized using 'CodeIgniter\Session\Handlers\FileHandler' driver.
