CRITICAL - 2024-06-12 04:08:11 --> Use of undefined constant MYSQLI_STORE_RESULT - assumed 'MYSQLI_STORE_RESULT' (this will throw an Error in a future version of PHP)
in SYSTEMPATH/Database/Database.php on line 137.
 1 SYSTEMPATH/Database/Database.php(137): CodeIgniter\Debug\Exceptions->errorHandler(2, 'Use of undefined constant MYSQLI_STORE_RESULT - assumed \'MYSQLI_STORE_RESULT\' (this will throw an Error in a future version of PHP)', '/var/www/html/vendor/codeigniter4/framework/system/Database/Database.php', 137, [...])
 2 SYSTEMPATH/Database/Database.php(55): CodeIgniter\Database\Database->initDriver('MySQLi', 'Connection', [...])
 3 SYSTEMPATH/Database/Config.php(83): CodeIgniter\Database\Database->load([...], 'default')
 4 APPPATH/Controllers/HomepageController.php(10): CodeIgniter\Database\Config::connect()
 5 SYSTEMPATH/CodeIgniter.php(914): App\Controllers\HomepageController->__construct()
 6 SYSTEMPATH/CodeIgniter.php(493): CodeIgniter\CodeIgniter->createController()
 7 SYSTEMPATH/CodeIgniter.php(361): CodeIgniter\CodeIgniter->handleRequest(null, Object(Config\Cache), false)
 8 FCPATH/index.php(80): CodeIgniter\CodeIgniter->run()
CRITICAL - 2024-06-12 04:10:30 --> Use of undefined constant MYSQLI_STORE_RESULT - assumed 'MYSQLI_STORE_RESULT' (this will throw an Error in a future version of PHP)
in SYSTEMPATH/Database/Database.php on line 137.
 1 SYSTEMPATH/Database/Database.php(137): CodeIgniter\Debug\Exceptions->errorHandler(2, 'Use of undefined constant MYSQLI_STORE_RESULT - assumed \'MYSQLI_STORE_RESULT\' (this will throw an Error in a future version of PHP)', '/var/www/html/vendor/codeigniter4/framework/system/Database/Database.php', 137, [...])
 2 SYSTEMPATH/Database/Database.php(55): CodeIgniter\Database\Database->initDriver('MySQLi', 'Connection', [...])
 3 SYSTEMPATH/Database/Config.php(83): CodeIgniter\Database\Database->load([...], 'default')
 4 APPPATH/Controllers/HomepageController.php(10): CodeIgniter\Database\Config::connect()
 5 SYSTEMPATH/CodeIgniter.php(914): App\Controllers\HomepageController->__construct()
 6 SYSTEMPATH/CodeIgniter.php(493): CodeIgniter\CodeIgniter->createController()
 7 SYSTEMPATH/CodeIgniter.php(361): CodeIgniter\CodeIgniter->handleRequest(null, Object(Config\Cache), false)
 8 FCPATH/index.php(80): CodeIgniter\CodeIgniter->run()
CRITICAL - 2024-06-12 04:19:57 --> Use of undefined constant MYSQLI_STORE_RESULT - assumed 'MYSQLI_STORE_RESULT' (this will throw an Error in a future version of PHP)
in SYSTEMPATH/Database/Database.php on line 137.
 1 SYSTEMPATH/Database/Database.php(137): CodeIgniter\Debug\Exceptions->errorHandler(2, 'Use of undefined constant MYSQLI_STORE_RESULT - assumed \'MYSQLI_STORE_RESULT\' (this will throw an Error in a future version of PHP)', '/var/www/html/vendor/codeigniter4/framework/system/Database/Database.php', 137, [...])
 2 SYSTEMPATH/Database/Database.php(55): CodeIgniter\Database\Database->initDriver('MySQLi', 'Connection', [...])
 3 SYSTEMPATH/Database/Config.php(83): CodeIgniter\Database\Database->load([...], 'default')
 4 APPPATH/Controllers/HomepageController.php(10): CodeIgniter\Database\Config::connect()
 5 SYSTEMPATH/CodeIgniter.php(914): App\Controllers\HomepageController->__construct()
 6 SYSTEMPATH/CodeIgniter.php(493): CodeIgniter\CodeIgniter->createController()
 7 SYSTEMPATH/CodeIgniter.php(361): CodeIgniter\CodeIgniter->handleRequest(null, Object(Config\Cache), false)
 8 FCPATH/index.php(80): CodeIgniter\CodeIgniter->run()
CRITICAL - 2024-06-12 04:23:07 --> Use of undefined constant MYSQLI_STORE_RESULT - assumed 'MYSQLI_STORE_RESULT' (this will throw an Error in a future version of PHP)
in SYSTEMPATH/Database/Database.php on line 137.
 1 SYSTEMPATH/Database/Database.php(137): CodeIgniter\Debug\Exceptions->errorHandler(2, 'Use of undefined constant MYSQLI_STORE_RESULT - assumed \'MYSQLI_STORE_RESULT\' (this will throw an Error in a future version of PHP)', '/var/www/html/vendor/codeigniter4/framework/system/Database/Database.php', 137, [...])
 2 SYSTEMPATH/Database/Database.php(55): CodeIgniter\Database\Database->initDriver('MySQLi', 'Connection', [...])
 3 SYSTEMPATH/Database/Config.php(83): CodeIgniter\Database\Database->load([...], 'default')
 4 APPPATH/Controllers/HomepageController.php(10): CodeIgniter\Database\Config::connect()
 5 SYSTEMPATH/CodeIgniter.php(914): App\Controllers\HomepageController->__construct()
 6 SYSTEMPATH/CodeIgniter.php(493): CodeIgniter\CodeIgniter->createController()
 7 SYSTEMPATH/CodeIgniter.php(361): CodeIgniter\CodeIgniter->handleRequest(null, Object(Config\Cache), false)
 8 FCPATH/index.php(80): CodeIgniter\CodeIgniter->run()
CRITICAL - 2024-06-12 04:28:34 --> Use of undefined constant MYSQLI_STORE_RESULT - assumed 'MYSQLI_STORE_RESULT' (this will throw an Error in a future version of PHP)
in SYSTEMPATH/Database/Database.php on line 137.
 1 SYSTEMPATH/Database/Database.php(137): CodeIgniter\Debug\Exceptions->errorHandler(2, 'Use of undefined constant MYSQLI_STORE_RESULT - assumed \'MYSQLI_STORE_RESULT\' (this will throw an Error in a future version of PHP)', '/var/www/html/vendor/codeigniter4/framework/system/Database/Database.php', 137, [...])
 2 SYSTEMPATH/Database/Database.php(55): CodeIgniter\Database\Database->initDriver('MySQLi', 'Connection', [...])
 3 SYSTEMPATH/Database/Config.php(83): CodeIgniter\Database\Database->load([...], 'default')
 4 APPPATH/Controllers/HomepageController.php(10): CodeIgniter\Database\Config::connect()
 5 SYSTEMPATH/CodeIgniter.php(914): App\Controllers\HomepageController->__construct()
 6 SYSTEMPATH/CodeIgniter.php(493): CodeIgniter\CodeIgniter->createController()
 7 SYSTEMPATH/CodeIgniter.php(361): CodeIgniter\CodeIgniter->handleRequest(null, Object(Config\Cache), false)
 8 FCPATH/index.php(80): CodeIgniter\CodeIgniter->run()
CRITICAL - 2024-06-12 04:28:42 --> Use of undefined constant MYSQLI_STORE_RESULT - assumed 'MYSQLI_STORE_RESULT' (this will throw an Error in a future version of PHP)
in SYSTEMPATH/Database/Database.php on line 137.
 1 SYSTEMPATH/Database/Database.php(137): CodeIgniter\Debug\Exceptions->errorHandler(2, 'Use of undefined constant MYSQLI_STORE_RESULT - assumed \'MYSQLI_STORE_RESULT\' (this will throw an Error in a future version of PHP)', '/var/www/html/vendor/codeigniter4/framework/system/Database/Database.php', 137, [...])
 2 SYSTEMPATH/Database/Database.php(55): CodeIgniter\Database\Database->initDriver('MySQLi', 'Connection', [...])
 3 SYSTEMPATH/Database/Config.php(83): CodeIgniter\Database\Database->load([...], 'default')
 4 APPPATH/Controllers/HomepageController.php(10): CodeIgniter\Database\Config::connect()
 5 SYSTEMPATH/CodeIgniter.php(914): App\Controllers\HomepageController->__construct()
 6 SYSTEMPATH/CodeIgniter.php(493): CodeIgniter\CodeIgniter->createController()
 7 SYSTEMPATH/CodeIgniter.php(361): CodeIgniter\CodeIgniter->handleRequest(null, Object(Config\Cache), false)
 8 FCPATH/index.php(80): CodeIgniter\CodeIgniter->run()
CRITICAL - 2024-06-12 04:28:43 --> Use of undefined constant MYSQLI_STORE_RESULT - assumed 'MYSQLI_STORE_RESULT' (this will throw an Error in a future version of PHP)
in SYSTEMPATH/Database/Database.php on line 137.
 1 SYSTEMPATH/Database/Database.php(137): CodeIgniter\Debug\Exceptions->errorHandler(2, 'Use of undefined constant MYSQLI_STORE_RESULT - assumed \'MYSQLI_STORE_RESULT\' (this will throw an Error in a future version of PHP)', '/var/www/html/vendor/codeigniter4/framework/system/Database/Database.php', 137, [...])
 2 SYSTEMPATH/Database/Database.php(55): CodeIgniter\Database\Database->initDriver('MySQLi', 'Connection', [...])
 3 SYSTEMPATH/Database/Config.php(83): CodeIgniter\Database\Database->load([...], 'default')
 4 APPPATH/Controllers/HomepageController.php(10): CodeIgniter\Database\Config::connect()
 5 SYSTEMPATH/CodeIgniter.php(914): App\Controllers\HomepageController->__construct()
 6 SYSTEMPATH/CodeIgniter.php(493): CodeIgniter\CodeIgniter->createController()
 7 SYSTEMPATH/CodeIgniter.php(361): CodeIgniter\CodeIgniter->handleRequest(null, Object(Config\Cache), false)
 8 FCPATH/index.php(80): CodeIgniter\CodeIgniter->run()
CRITICAL - 2024-06-12 04:28:44 --> Use of undefined constant MYSQLI_STORE_RESULT - assumed 'MYSQLI_STORE_RESULT' (this will throw an Error in a future version of PHP)
in SYSTEMPATH/Database/Database.php on line 137.
 1 SYSTEMPATH/Database/Database.php(137): CodeIgniter\Debug\Exceptions->errorHandler(2, 'Use of undefined constant MYSQLI_STORE_RESULT - assumed \'MYSQLI_STORE_RESULT\' (this will throw an Error in a future version of PHP)', '/var/www/html/vendor/codeigniter4/framework/system/Database/Database.php', 137, [...])
 2 SYSTEMPATH/Database/Database.php(55): CodeIgniter\Database\Database->initDriver('MySQLi', 'Connection', [...])
 3 SYSTEMPATH/Database/Config.php(83): CodeIgniter\Database\Database->load([...], 'default')
 4 APPPATH/Controllers/HomepageController.php(10): CodeIgniter\Database\Config::connect()
 5 SYSTEMPATH/CodeIgniter.php(914): App\Controllers\HomepageController->__construct()
 6 SYSTEMPATH/CodeIgniter.php(493): CodeIgniter\CodeIgniter->createController()
 7 SYSTEMPATH/CodeIgniter.php(361): CodeIgniter\CodeIgniter->handleRequest(null, Object(Config\Cache), false)
 8 FCPATH/index.php(80): CodeIgniter\CodeIgniter->run()
CRITICAL - 2024-06-12 04:28:45 --> Use of undefined constant MYSQLI_STORE_RESULT - assumed 'MYSQLI_STORE_RESULT' (this will throw an Error in a future version of PHP)
in SYSTEMPATH/Database/Database.php on line 137.
 1 SYSTEMPATH/Database/Database.php(137): CodeIgniter\Debug\Exceptions->errorHandler(2, 'Use of undefined constant MYSQLI_STORE_RESULT - assumed \'MYSQLI_STORE_RESULT\' (this will throw an Error in a future version of PHP)', '/var/www/html/vendor/codeigniter4/framework/system/Database/Database.php', 137, [...])
 2 SYSTEMPATH/Database/Database.php(55): CodeIgniter\Database\Database->initDriver('MySQLi', 'Connection', [...])
 3 SYSTEMPATH/Database/Config.php(83): CodeIgniter\Database\Database->load([...], 'default')
 4 APPPATH/Controllers/HomepageController.php(10): CodeIgniter\Database\Config::connect()
 5 SYSTEMPATH/CodeIgniter.php(914): App\Controllers\HomepageController->__construct()
 6 SYSTEMPATH/CodeIgniter.php(493): CodeIgniter\CodeIgniter->createController()
 7 SYSTEMPATH/CodeIgniter.php(361): CodeIgniter\CodeIgniter->handleRequest(null, Object(Config\Cache), false)
 8 FCPATH/index.php(80): CodeIgniter\CodeIgniter->run()
CRITICAL - 2024-06-12 04:38:15 --> Use of undefined constant MYSQLI_STORE_RESULT - assumed 'MYSQLI_STORE_RESULT' (this will throw an Error in a future version of PHP)
in SYSTEMPATH/Database/Database.php on line 137.
 1 SYSTEMPATH/Database/Database.php(137): CodeIgniter\Debug\Exceptions->errorHandler(2, 'Use of undefined constant MYSQLI_STORE_RESULT - assumed \'MYSQLI_STORE_RESULT\' (this will throw an Error in a future version of PHP)', '/var/www/html/vendor/codeigniter4/framework/system/Database/Database.php', 137, [...])
 2 SYSTEMPATH/Database/Database.php(55): CodeIgniter\Database\Database->initDriver('MySQLi', 'Connection', [...])
 3 SYSTEMPATH/Database/Config.php(83): CodeIgniter\Database\Database->load([...], 'default')
 4 APPPATH/Controllers/HomepageController.php(10): CodeIgniter\Database\Config::connect()
 5 SYSTEMPATH/CodeIgniter.php(914): App\Controllers\HomepageController->__construct()
 6 SYSTEMPATH/CodeIgniter.php(493): CodeIgniter\CodeIgniter->createController()
 7 SYSTEMPATH/CodeIgniter.php(361): CodeIgniter\CodeIgniter->handleRequest(null, Object(Config\Cache), false)
 8 FCPATH/index.php(80): CodeIgniter\CodeIgniter->run()
CRITICAL - 2024-06-12 04:42:48 --> Class 'CodeIgniter\Database\MySQL\Connection' not found
in SYSTEMPATH/Database/Database.php on line 137.
 1 SYSTEMPATH/Database/Database.php(55): CodeIgniter\Database\Database->initDriver('MySQL', 'Connection', [...])
 2 SYSTEMPATH/Database/Config.php(83): CodeIgniter\Database\Database->load([...], 'default')
 3 APPPATH/Controllers/HomepageController.php(10): CodeIgniter\Database\Config::connect()
 4 SYSTEMPATH/CodeIgniter.php(914): App\Controllers\HomepageController->__construct()
 5 SYSTEMPATH/CodeIgniter.php(493): CodeIgniter\CodeIgniter->createController()
 6 SYSTEMPATH/CodeIgniter.php(361): CodeIgniter\CodeIgniter->handleRequest(null, Object(Config\Cache), false)
 7 FCPATH/index.php(80): CodeIgniter\CodeIgniter->run()
CRITICAL - 2024-06-12 04:56:38 --> Class 'Locale' not found
in SYSTEMPATH/CodeIgniter.php on line 218.
 1 FCPATH/index.php(68): CodeIgniter\CodeIgniter->initialize()
CRITICAL - 2024-06-12 04:56:38 --> Uncaught Error: Class 'Locale' not found in /var/www/html/vendor/codeigniter4/framework/system/Helpers/number_helper.php:136
Stack trace:
#0 /var/www/html/vendor/codeigniter4/framework/system/Helpers/number_helper.php(55): format_number(22, 2, NULL, Array)
#1 /var/www/html/vendor/codeigniter4/framework/system/Debug/BaseExceptionHandler.php(145): number_to_size(22, 2)
#2 /var/www/html/app/Views/errors/html/error_exception.php(360): CodeIgniter\Debug\BaseExceptionHandler::describeMemory(23068672)
#3 /var/www/html/vendor/codeigniter4/framework/system/Debug/BaseExceptionHandler.php(241): include('/var/www/html/a...')
#4 /var/www/html/vendor/codeigniter4/framework/system/Debug/BaseExceptionHandler.php(244): CodeIgniter\Debug\BaseExceptionHandler->CodeIgniter\Debug\{closure}()
#5 /var/www/html/vendor/codeigniter4/framework/system/Debug/ExceptionHandler.php(112): CodeIgniter\Debug\BaseExceptionHandler->render(Object(Error), 500, '/var/www/html/a...')
#6 /var/www/html/vendor/codeigniter4/framework/system/Debug/Except
【Previous Exception】
Error
Class 'Locale' not found
#0 /var/www/html/public/index.php(68): CodeIgniter\CodeIgniter->initialize()
#1 {main}
in SYSTEMPATH/Helpers/number_helper.php on line 136.
 1 [internal function]: CodeIgniter\Debug\Exceptions->shutdownHandler()
INFO - 2024-06-12 05:02:49 --> Session: Class initialized using 'CodeIgniter\Session\Handlers\FileHandler' driver.
ERROR - 2024-06-12 05:02:49 --> Error connecting to the database: mysqli_sql_exception: No such file or directory in /var/www/html/vendor/codeigniter4/framework/system/Database/MySQLi/Connection.php:185
Stack trace:
#0 /var/www/html/vendor/codeigniter4/framework/system/Database/MySQLi/Connection.php(185): mysqli->real_connect('localhost', 'root', 'root', 'school_tutor_db', 3306, '', 0)
#1 /var/www/html/vendor/codeigniter4/framework/system/Database/BaseConnection.php(392): CodeIgniter\Database\MySQLi\Connection->connect(false)
#2 /var/www/html/vendor/codeigniter4/framework/system/Database/BaseConnection.php(575): CodeIgniter\Database\BaseConnection->initialize()
#3 /var/www/html/app/Controllers/HomepageController.php(24): CodeIgniter\Database\BaseConnection->query(' SELECT tc.*, r...')
#4 /var/www/html/vendor/codeigniter4/framework/system/CodeIgniter.php(942): App\Controllers\HomepageController->index()
#5 /var/www/html/vendor/codeigniter4/framework/system/CodeIgniter.php(502): CodeIgniter\CodeIgniter->runController(Object(App\Controllers\HomepageController))
#6 /var/www/html/vendor/codeigniter4/framework/system/CodeIgniter.php(361): CodeIgniter\CodeIgniter->handleRequest(NULL, Object(Config\Cache), false)
#7 /var/www/html/public/index.php(80): CodeIgniter\CodeIgniter->run()
#8 {main}

Next CodeIgniter\Database\Exceptions\DatabaseException: No such file or directory in /var/www/html/vendor/codeigniter4/framework/system/Database/MySQLi/Connection.php:229
Stack trace:
#0 /var/www/html/vendor/codeigniter4/framework/system/Database/BaseConnection.php(392): CodeIgniter\Database\MySQLi\Connection->connect(false)
#1 /var/www/html/vendor/codeigniter4/framework/system/Database/BaseConnection.php(575): CodeIgniter\Database\BaseConnection->initialize()
#2 /var/www/html/app/Controllers/HomepageController.php(24): CodeIgniter\Database\BaseConnection->query(' SELECT tc.*, r...')
#3 /var/www/html/vendor/codeigniter4/framework/system/CodeIgniter.php(942): App\Controllers\HomepageController->index()
#4 /var/www/html/vendor/codeigniter4/framework/system/CodeIgniter.php(502): CodeIgniter\CodeIgniter->runController(Object(App\Controllers\HomepageController))
#5 /var/www/html/vendor/codeigniter4/framework/system/CodeIgniter.php(361): CodeIgniter\CodeIgniter->handleRequest(NULL, Object(Config\Cache), false)
#6 /var/www/html/public/index.php(80): CodeIgniter\CodeIgniter->run()
#7 {main}
CRITICAL - 2024-06-12 05:02:49 --> Unable to connect to the database.
Main connection [MySQLi]: No such file or directory
in SYSTEMPATH/Database/BaseConnection.php on line 428.
 1 SYSTEMPATH/Database/BaseConnection.php(575): CodeIgniter\Database\BaseConnection->initialize()
 2 APPPATH/Controllers/HomepageController.php(24): CodeIgniter\Database\BaseConnection->query(' SELECT tc.*, rt.feedback_rating,rt.number_of_student,tr.teacher_name,tr.last_educational_institute,tr.teacher_pro_his
        FROM teacher_course AS tc
        LEFT JOIN (SELECT AVG(feedback_rating) AS feedback_rating, COUNT(student_id) AS number_of_student,course_id FROM course_feedback GROUP BY teacher_course_id
        ) AS rt
        ON  rt.course_id = tc.course_id 
        LEFT JOIN ( SELECT teacher_registration.teacher_name, teacher_profile.last_educational_institute,teacher_profile.teacher_pro_his, teacher_registration.teacher_id FROM teacher_registration 
            LEFT JOIN teacher_profile ON teacher_registration.teacher_id = teacher_profile.teacher_id 
        ) AS tr
        ON  tr.teacher_id = tc.course_teacher_id
        WHERE tc.course_status !=\'pending\' AND tc.course_type_name = \'Online_Live_Coaching\'')
 3 SYSTEMPATH/CodeIgniter.php(942): App\Controllers\HomepageController->index()
 4 SYSTEMPATH/CodeIgniter.php(502): CodeIgniter\CodeIgniter->runController(Object(App\Controllers\HomepageController))
 5 SYSTEMPATH/CodeIgniter.php(361): CodeIgniter\CodeIgniter->handleRequest(null, Object(Config\Cache), false)
 6 FCPATH/index.php(80): CodeIgniter\CodeIgniter->run()
INFO - 2024-06-12 05:07:18 --> Session: Class initialized using 'CodeIgniter\Session\Handlers\FileHandler' driver.
ERROR - 2024-06-12 05:07:18 --> mysqli_sql_exception: Expression #3 of SELECT list is not in GROUP BY clause and contains nonaggregated column 'school_tutor_db.course_feedback.course_id' which is not functionally dependent on columns in GROUP BY clause; this is incompatible with sql_mode=only_full_group_by in /var/www/html/vendor/codeigniter4/framework/system/Database/MySQLi/Connection.php:306
Stack trace:
#0 /var/www/html/vendor/codeigniter4/framework/system/Database/MySQLi/Connection.php(306): mysqli->query(' SELECT tc.*, r...', 0)
#1 /var/www/html/vendor/codeigniter4/framework/system/Database/BaseConnection.php(693): CodeIgniter\Database\MySQLi\Connection->execute(' SELECT tc.*, r...')
#2 /var/www/html/vendor/codeigniter4/framework/system/Database/BaseConnection.php(607): CodeIgniter\Database\BaseConnection->simpleQuery(' SELECT tc.*, r...')
#3 /var/www/html/app/Controllers/HomepageController.php(24): CodeIgniter\Database\BaseConnection->query(' SELECT tc.*, r...')
#4 /var/www/html/vendor/codeigniter4/framework/system/CodeIgniter.php(942): App\Controllers\HomepageController->index()
#5 /var/www/html/vendor/codeigniter4/framework/system/CodeIgniter.php(502): CodeIgniter\CodeIgniter->runController(Object(App\Controllers\HomepageController))
#6 /var/www/html/vendor/codeigniter4/framework/system/CodeIgniter.php(361): CodeIgniter\CodeIgniter->handleRequest(NULL, Object(Config\Cache), false)
#7 /var/www/html/public/index.php(80): CodeIgniter\CodeIgniter->run()
#8 {main}
CRITICAL - 2024-06-12 05:07:18 --> Expression #3 of SELECT list is not in GROUP BY clause and contains nonaggregated column 'school_tutor_db.course_feedback.course_id' which is not functionally dependent on columns in GROUP BY clause; this is incompatible with sql_mode=only_full_group_by
in SYSTEMPATH/Database/BaseConnection.php on line 647.
 1 APPPATH/Controllers/HomepageController.php(24): CodeIgniter\Database\BaseConnection->query(' SELECT tc.*, rt.feedback_rating,rt.number_of_student,tr.teacher_name,tr.last_educational_institute,tr.teacher_pro_his
        FROM teacher_course AS tc
        LEFT JOIN (SELECT AVG(feedback_rating) AS feedback_rating, COUNT(student_id) AS number_of_student,course_id FROM course_feedback GROUP BY teacher_course_id
        ) AS rt
        ON  rt.course_id = tc.course_id 
        LEFT JOIN ( SELECT teacher_registration.teacher_name, teacher_profile.last_educational_institute,teacher_profile.teacher_pro_his, teacher_registration.teacher_id FROM teacher_registration 
            LEFT JOIN teacher_profile ON teacher_registration.teacher_id = teacher_profile.teacher_id 
        ) AS tr
        ON  tr.teacher_id = tc.course_teacher_id
        WHERE tc.course_status !=\'pending\' AND tc.course_type_name = \'Online_Live_Coaching\'')
 2 SYSTEMPATH/CodeIgniter.php(942): App\Controllers\HomepageController->index()
 3 SYSTEMPATH/CodeIgniter.php(502): CodeIgniter\CodeIgniter->runController(Object(App\Controllers\HomepageController))
 4 SYSTEMPATH/CodeIgniter.php(361): CodeIgniter\CodeIgniter->handleRequest(null, Object(Config\Cache), false)
 5 FCPATH/index.php(80): CodeIgniter\CodeIgniter->run()
INFO - 2024-06-12 05:08:10 --> Session: Class initialized using 'CodeIgniter\Session\Handlers\FileHandler' driver.
INFO - 2024-06-12 05:09:58 --> Session: Class initialized using 'CodeIgniter\Session\Handlers\FileHandler' driver.
INFO - 2024-06-12 05:10:32 --> Session: Class initialized using 'CodeIgniter\Session\Handlers\FileHandler' driver.
INFO - 2024-06-12 05:10:42 --> Session: Class initialized using 'CodeIgniter\Session\Handlers\FileHandler' driver.
INFO - 2024-06-12 05:11:41 --> Session: Class initialized using 'CodeIgniter\Session\Handlers\FileHandler' driver.
INFO - 2024-06-12 05:15:32 --> Session: Class initialized using 'CodeIgniter\Session\Handlers\FileHandler' driver.
INFO - 2024-06-12 05:20:21 --> Session: Class initialized using 'CodeIgniter\Session\Handlers\FileHandler' driver.
INFO - 2024-06-12 05:20:31 --> Session: Class initialized using 'CodeIgniter\Session\Handlers\FileHandler' driver.
INFO - 2024-06-12 05:20:36 --> Session: Class initialized using 'CodeIgniter\Session\Handlers\FileHandler' driver.
INFO - 2024-06-12 05:20:39 --> Session: Class initialized using 'CodeIgniter\Session\Handlers\FileHandler' driver.
INFO - 2024-06-12 05:20:45 --> Session: Class initialized using 'CodeIgniter\Session\Handlers\FileHandler' driver.
INFO - 2024-06-12 05:20:50 --> Session: Class initialized using 'CodeIgniter\Session\Handlers\FileHandler' driver.
INFO - 2024-06-12 05:20:51 --> Session: Class initialized using 'CodeIgniter\Session\Handlers\FileHandler' driver.
CRITICAL - 2024-06-12 05:20:51 --> Undefined variable: course_teacher_id
in APPPATH/Controllers/HomepageController.php on line 83.
 1 APPPATH/Controllers/HomepageController.php(83): CodeIgniter\Debug\Exceptions->errorHandler(8, 'Undefined variable: course_teacher_id', '/var/www/html/app/Controllers/HomepageController.php', 83, [...])
 2 SYSTEMPATH/CodeIgniter.php(942): App\Controllers\HomepageController->Course_details_view('homepage_assets', 'img', 'logo.png')
 3 SYSTEMPATH/CodeIgniter.php(502): CodeIgniter\CodeIgniter->runController(Object(App\Controllers\HomepageController))
 4 SYSTEMPATH/CodeIgniter.php(361): CodeIgniter\CodeIgniter->handleRequest(null, Object(Config\Cache), false)
 5 FCPATH/index.php(79): CodeIgniter\CodeIgniter->run()
INFO - 2024-06-12 05:20:52 --> Session: Class initialized using 'CodeIgniter\Session\Handlers\FileHandler' driver.
CRITICAL - 2024-06-12 05:20:52 --> Undefined variable: course_teacher_id
in APPPATH/Controllers/HomepageController.php on line 83.
 1 APPPATH/Controllers/HomepageController.php(83): CodeIgniter\Debug\Exceptions->errorHandler(8, 'Undefined variable: course_teacher_id', '/var/www/html/app/Controllers/HomepageController.php', 83, [...])
 2 SYSTEMPATH/CodeIgniter.php(942): App\Controllers\HomepageController->Course_details_view('homepage_assets', 'img', 'favicon.png')
 3 SYSTEMPATH/CodeIgniter.php(502): CodeIgniter\CodeIgniter->runController(Object(App\Controllers\HomepageController))
 4 SYSTEMPATH/CodeIgniter.php(361): CodeIgniter\CodeIgniter->handleRequest(null, Object(Config\Cache), false)
 5 FCPATH/index.php(79): CodeIgniter\CodeIgniter->run()
INFO - 2024-06-12 05:21:01 --> Session: Class initialized using 'CodeIgniter\Session\Handlers\FileHandler' driver.
INFO - 2024-06-12 05:21:11 --> Session: Class initialized using 'CodeIgniter\Session\Handlers\FileHandler' driver.
INFO - 2024-06-12 05:21:12 --> Session: Class initialized using 'CodeIgniter\Session\Handlers\FileHandler' driver.
CRITICAL - 2024-06-12 05:21:12 --> Undefined variable: course_teacher_id
in APPPATH/Controllers/HomepageController.php on line 83.
 1 APPPATH/Controllers/HomepageController.php(83): CodeIgniter\Debug\Exceptions->errorHandler(8, 'Undefined variable: course_teacher_id', '/var/www/html/app/Controllers/HomepageController.php', 83, [...])
 2 SYSTEMPATH/CodeIgniter.php(942): App\Controllers\HomepageController->Course_details_view('homepage_assets', 'img', 'logo.png')
 3 SYSTEMPATH/CodeIgniter.php(502): CodeIgniter\CodeIgniter->runController(Object(App\Controllers\HomepageController))
 4 SYSTEMPATH/CodeIgniter.php(361): CodeIgniter\CodeIgniter->handleRequest(null, Object(Config\Cache), false)
 5 FCPATH/index.php(79): CodeIgniter\CodeIgniter->run()
INFO - 2024-06-12 05:21:12 --> Session: Class initialized using 'CodeIgniter\Session\Handlers\FileHandler' driver.
CRITICAL - 2024-06-12 05:21:12 --> Undefined variable: course_teacher_id
in APPPATH/Controllers/HomepageController.php on line 83.
 1 APPPATH/Controllers/HomepageController.php(83): CodeIgniter\Debug\Exceptions->errorHandler(8, 'Undefined variable: course_teacher_id', '/var/www/html/app/Controllers/HomepageController.php', 83, [...])
 2 SYSTEMPATH/CodeIgniter.php(942): App\Controllers\HomepageController->Course_details_view('homepage_assets', 'img', 'favicon.png')
 3 SYSTEMPATH/CodeIgniter.php(502): CodeIgniter\CodeIgniter->runController(Object(App\Controllers\HomepageController))
 4 SYSTEMPATH/CodeIgniter.php(361): CodeIgniter\CodeIgniter->handleRequest(null, Object(Config\Cache), false)
 5 FCPATH/index.php(79): CodeIgniter\CodeIgniter->run()
INFO - 2024-06-12 05:21:18 --> Session: Class initialized using 'CodeIgniter\Session\Handlers\FileHandler' driver.
INFO - 2024-06-12 05:21:18 --> Session: Class initialized using 'CodeIgniter\Session\Handlers\FileHandler' driver.
INFO - 2024-06-12 05:21:19 --> Session: Class initialized using 'CodeIgniter\Session\Handlers\FileHandler' driver.
CRITICAL - 2024-06-12 05:21:19 --> Undefined variable: course_teacher_id
in APPPATH/Controllers/HomepageController.php on line 83.
 1 APPPATH/Controllers/HomepageController.php(83): CodeIgniter\Debug\Exceptions->errorHandler(8, 'Undefined variable: course_teacher_id', '/var/www/html/app/Controllers/HomepageController.php', 83, [...])
 2 SYSTEMPATH/CodeIgniter.php(942): App\Controllers\HomepageController->Course_details_view('homepage_assets', 'img', 'logo.png')
 3 SYSTEMPATH/CodeIgniter.php(502): CodeIgniter\CodeIgniter->runController(Object(App\Controllers\HomepageController))
 4 SYSTEMPATH/CodeIgniter.php(361): CodeIgniter\CodeIgniter->handleRequest(null, Object(Config\Cache), false)
 5 FCPATH/index.php(79): CodeIgniter\CodeIgniter->run()
INFO - 2024-06-12 05:21:21 --> Session: Class initialized using 'CodeIgniter\Session\Handlers\FileHandler' driver.
INFO - 2024-06-12 05:21:35 --> Session: Class initialized using 'CodeIgniter\Session\Handlers\FileHandler' driver.
INFO - 2024-06-12 05:21:36 --> Session: Class initialized using 'CodeIgniter\Session\Handlers\FileHandler' driver.
CRITICAL - 2024-06-12 05:21:36 --> Undefined variable: course_teacher_id
in APPPATH/Controllers/HomepageController.php on line 83.
 1 APPPATH/Controllers/HomepageController.php(83): CodeIgniter\Debug\Exceptions->errorHandler(8, 'Undefined variable: course_teacher_id', '/var/www/html/app/Controllers/HomepageController.php', 83, [...])
 2 SYSTEMPATH/CodeIgniter.php(942): App\Controllers\HomepageController->Course_details_view('homepage_assets', 'img', 'logo.png')
 3 SYSTEMPATH/CodeIgniter.php(502): CodeIgniter\CodeIgniter->runController(Object(App\Controllers\HomepageController))
 4 SYSTEMPATH/CodeIgniter.php(361): CodeIgniter\CodeIgniter->handleRequest(null, Object(Config\Cache), false)
 5 FCPATH/index.php(79): CodeIgniter\CodeIgniter->run()
INFO - 2024-06-12 05:21:38 --> Session: Class initialized using 'CodeIgniter\Session\Handlers\FileHandler' driver.
CRITICAL - 2024-06-12 05:21:38 --> Undefined variable: course_teacher_id
in APPPATH/Controllers/HomepageController.php on line 83.
 1 APPPATH/Controllers/HomepageController.php(83): CodeIgniter\Debug\Exceptions->errorHandler(8, 'Undefined variable: course_teacher_id', '/var/www/html/app/Controllers/HomepageController.php', 83, [...])
 2 SYSTEMPATH/CodeIgniter.php(942): App\Controllers\HomepageController->Course_details_view('homepage_assets', 'img', 'favicon.png')
 3 SYSTEMPATH/CodeIgniter.php(502): CodeIgniter\CodeIgniter->runController(Object(App\Controllers\HomepageController))
 4 SYSTEMPATH/CodeIgniter.php(361): CodeIgniter\CodeIgniter->handleRequest(null, Object(Config\Cache), false)
 5 FCPATH/index.php(79): CodeIgniter\CodeIgniter->run()
INFO - 2024-06-12 05:21:50 --> Session: Class initialized using 'CodeIgniter\Session\Handlers\FileHandler' driver.
INFO - 2024-06-12 05:22:16 --> Session: Class initialized using 'CodeIgniter\Session\Handlers\FileHandler' driver.
INFO - 2024-06-12 05:22:24 --> Session: Class initialized using 'CodeIgniter\Session\Handlers\FileHandler' driver.
INFO - 2024-06-12 05:22:26 --> Session: Class initialized using 'CodeIgniter\Session\Handlers\FileHandler' driver.
INFO - 2024-06-12 05:23:01 --> Session: Class initialized using 'CodeIgniter\Session\Handlers\FileHandler' driver.
INFO - 2024-06-12 05:23:05 --> Session: Class initialized using 'CodeIgniter\Session\Handlers\FileHandler' driver.
INFO - 2024-06-12 05:23:06 --> Session: Class initialized using 'CodeIgniter\Session\Handlers\FileHandler' driver.
CRITICAL - 2024-06-12 05:23:06 --> Undefined variable: course_teacher_id
in APPPATH/Controllers/HomepageController.php on line 83.
 1 APPPATH/Controllers/HomepageController.php(83): CodeIgniter\Debug\Exceptions->errorHandler(8, 'Undefined variable: course_teacher_id', '/var/www/html/app/Controllers/HomepageController.php', 83, [...])
 2 SYSTEMPATH/CodeIgniter.php(942): App\Controllers\HomepageController->Course_details_view('homepage_assets', 'img', 'logo.png')
 3 SYSTEMPATH/CodeIgniter.php(502): CodeIgniter\CodeIgniter->runController(Object(App\Controllers\HomepageController))
 4 SYSTEMPATH/CodeIgniter.php(361): CodeIgniter\CodeIgniter->handleRequest(null, Object(Config\Cache), false)
 5 FCPATH/index.php(79): CodeIgniter\CodeIgniter->run()
INFO - 2024-06-12 05:23:06 --> Session: Class initialized using 'CodeIgniter\Session\Handlers\FileHandler' driver.
CRITICAL - 2024-06-12 05:23:06 --> Undefined variable: course_teacher_id
in APPPATH/Controllers/HomepageController.php on line 83.
 1 APPPATH/Controllers/HomepageController.php(83): CodeIgniter\Debug\Exceptions->errorHandler(8, 'Undefined variable: course_teacher_id', '/var/www/html/app/Controllers/HomepageController.php', 83, [...])
 2 SYSTEMPATH/CodeIgniter.php(942): App\Controllers\HomepageController->Course_details_view('homepage_assets', 'img', 'favicon.png')
 3 SYSTEMPATH/CodeIgniter.php(502): CodeIgniter\CodeIgniter->runController(Object(App\Controllers\HomepageController))
 4 SYSTEMPATH/CodeIgniter.php(361): CodeIgniter\CodeIgniter->handleRequest(null, Object(Config\Cache), false)
 5 FCPATH/index.php(79): CodeIgniter\CodeIgniter->run()
INFO - 2024-06-12 05:23:13 --> Session: Class initialized using 'CodeIgniter\Session\Handlers\FileHandler' driver.
INFO - 2024-06-12 05:23:17 --> Session: Class initialized using 'CodeIgniter\Session\Handlers\FileHandler' driver.
INFO - 2024-06-12 05:23:24 --> Session: Class initialized using 'CodeIgniter\Session\Handlers\FileHandler' driver.
INFO - 2024-06-12 05:26:11 --> Session: Class initialized using 'CodeIgniter\Session\Handlers\FileHandler' driver.
INFO - 2024-06-12 06:03:21 --> Session: Class initialized using 'CodeIgniter\Session\Handlers\FileHandler' driver.
INFO - 2024-06-12 06:09:33 --> Session: Class initialized using 'CodeIgniter\Session\Handlers\FileHandler' driver.
INFO - 2024-06-12 06:13:52 --> Session: Class initialized using 'CodeIgniter\Session\Handlers\FileHandler' driver.
INFO - 2024-06-12 06:14:56 --> Session: Class initialized using 'CodeIgniter\Session\Handlers\FileHandler' driver.
INFO - 2024-06-12 06:47:27 --> Session: Class initialized using 'CodeIgniter\Session\Handlers\FileHandler' driver.
INFO - 2024-06-12 06:48:01 --> Session: Class initialized using 'CodeIgniter\Session\Handlers\FileHandler' driver.
INFO - 2024-06-12 06:48:12 --> Session: Class initialized using 'CodeIgniter\Session\Handlers\FileHandler' driver.
INFO - 2024-06-12 06:48:25 --> Session: Class initialized using 'CodeIgniter\Session\Handlers\FileHandler' driver.
INFO - 2024-06-12 06:48:30 --> Session: Class initialized using 'CodeIgniter\Session\Handlers\FileHandler' driver.
INFO - 2024-06-12 06:48:40 --> Session: Class initialized using 'CodeIgniter\Session\Handlers\FileHandler' driver.
INFO - 2024-06-12 06:48:42 --> Session: Class initialized using 'CodeIgniter\Session\Handlers\FileHandler' driver.
CRITICAL - 2024-06-12 06:48:42 --> Undefined variable: course_teacher_id
in APPPATH/Controllers/HomepageController.php on line 83.
 1 APPPATH/Controllers/HomepageController.php(83): CodeIgniter\Debug\Exceptions->errorHandler(8, 'Undefined variable: course_teacher_id', '/var/www/html/app/Controllers/HomepageController.php', 83, [...])
 2 SYSTEMPATH/CodeIgniter.php(942): App\Controllers\HomepageController->Course_details_view('homepage_assets', 'img', 'logo.png')
 3 SYSTEMPATH/CodeIgniter.php(502): CodeIgniter\CodeIgniter->runController(Object(App\Controllers\HomepageController))
 4 SYSTEMPATH/CodeIgniter.php(361): CodeIgniter\CodeIgniter->handleRequest(null, Object(Config\Cache), false)
 5 FCPATH/index.php(79): CodeIgniter\CodeIgniter->run()
INFO - 2024-06-12 06:48:43 --> Session: Class initialized using 'CodeIgniter\Session\Handlers\FileHandler' driver.
CRITICAL - 2024-06-12 06:48:43 --> Undefined variable: course_teacher_id
in APPPATH/Controllers/HomepageController.php on line 83.
 1 APPPATH/Controllers/HomepageController.php(83): CodeIgniter\Debug\Exceptions->errorHandler(8, 'Undefined variable: course_teacher_id', '/var/www/html/app/Controllers/HomepageController.php', 83, [...])
 2 SYSTEMPATH/CodeIgniter.php(942): App\Controllers\HomepageController->Course_details_view('homepage_assets', 'img', 'apple-touch-icon.png')
 3 SYSTEMPATH/CodeIgniter.php(502): CodeIgniter\CodeIgniter->runController(Object(App\Controllers\HomepageController))
 4 SYSTEMPATH/CodeIgniter.php(361): CodeIgniter\CodeIgniter->handleRequest(null, Object(Config\Cache), false)
 5 FCPATH/index.php(79): CodeIgniter\CodeIgniter->run()
INFO - 2024-06-12 06:48:43 --> Session: Class initialized using 'CodeIgniter\Session\Handlers\FileHandler' driver.
CRITICAL - 2024-06-12 06:48:43 --> Undefined variable: course_teacher_id
in APPPATH/Controllers/HomepageController.php on line 83.
 1 APPPATH/Controllers/HomepageController.php(83): CodeIgniter\Debug\Exceptions->errorHandler(8, 'Undefined variable: course_teacher_id', '/var/www/html/app/Controllers/HomepageController.php', 83, [...])
 2 SYSTEMPATH/CodeIgniter.php(942): App\Controllers\HomepageController->Course_details_view('homepage_assets', 'img', 'favicon.png')
 3 SYSTEMPATH/CodeIgniter.php(502): CodeIgniter\CodeIgniter->runController(Object(App\Controllers\HomepageController))
 4 SYSTEMPATH/CodeIgniter.php(361): CodeIgniter\CodeIgniter->handleRequest(null, Object(Config\Cache), false)
 5 FCPATH/index.php(79): CodeIgniter\CodeIgniter->run()
INFO - 2024-06-12 06:48:46 --> Session: Class initialized using 'CodeIgniter\Session\Handlers\FileHandler' driver.
INFO - 2024-06-12 06:48:47 --> Session: Class initialized using 'CodeIgniter\Session\Handlers\FileHandler' driver.
INFO - 2024-06-12 06:48:49 --> Session: Class initialized using 'CodeIgniter\Session\Handlers\FileHandler' driver.
INFO - 2024-06-12 06:48:49 --> Session: Class initialized using 'CodeIgniter\Session\Handlers\FileHandler' driver.
INFO - 2024-06-12 06:48:49 --> Session: Class initialized using 'CodeIgniter\Session\Handlers\FileHandler' driver.
INFO - 2024-06-12 06:48:54 --> Session: Class initialized using 'CodeIgniter\Session\Handlers\FileHandler' driver.
INFO - 2024-06-12 06:49:23 --> Session: Class initialized using 'CodeIgniter\Session\Handlers\FileHandler' driver.
INFO - 2024-06-12 06:49:34 --> Session: Class initialized using 'CodeIgniter\Session\Handlers\FileHandler' driver.
INFO - 2024-06-12 06:49:41 --> Session: Class initialized using 'CodeIgniter\Session\Handlers\FileHandler' driver.
INFO - 2024-06-12 06:49:46 --> Session: Class initialized using 'CodeIgniter\Session\Handlers\FileHandler' driver.
INFO - 2024-06-12 06:49:52 --> Session: Class initialized using 'CodeIgniter\Session\Handlers\FileHandler' driver.
INFO - 2024-06-12 06:49:56 --> Session: Class initialized using 'CodeIgniter\Session\Handlers\FileHandler' driver.
INFO - 2024-06-12 06:50:02 --> Session: Class initialized using 'CodeIgniter\Session\Handlers\FileHandler' driver.
INFO - 2024-06-12 06:50:06 --> Session: Class initialized using 'CodeIgniter\Session\Handlers\FileHandler' driver.
INFO - 2024-06-12 06:50:10 --> Session: Class initialized using 'CodeIgniter\Session\Handlers\FileHandler' driver.
INFO - 2024-06-12 06:50:47 --> Session: Class initialized using 'CodeIgniter\Session\Handlers\FileHandler' driver.
INFO - 2024-06-12 06:51:19 --> Session: Class initialized using 'CodeIgniter\Session\Handlers\FileHandler' driver.
INFO - 2024-06-12 06:52:50 --> Session: Class initialized using 'CodeIgniter\Session\Handlers\FileHandler' driver.
INFO - 2024-06-12 06:52:50 --> Session: Class initialized using 'CodeIgniter\Session\Handlers\FileHandler' driver.
INFO - 2024-06-12 06:52:55 --> Session: Class initialized using 'CodeIgniter\Session\Handlers\FileHandler' driver.
INFO - 2024-06-12 06:52:59 --> Session: Class initialized using 'CodeIgniter\Session\Handlers\FileHandler' driver.
INFO - 2024-06-12 06:53:02 --> Session: Class initialized using 'CodeIgniter\Session\Handlers\FileHandler' driver.
INFO - 2024-06-12 06:53:08 --> Session: Class initialized using 'CodeIgniter\Session\Handlers\FileHandler' driver.
INFO - 2024-06-12 06:53:10 --> Session: Class initialized using 'CodeIgniter\Session\Handlers\FileHandler' driver.
INFO - 2024-06-12 07:01:13 --> Session: Class initialized using 'CodeIgniter\Session\Handlers\FileHandler' driver.
INFO - 2024-06-12 07:13:21 --> Session: Class initialized using 'CodeIgniter\Session\Handlers\FileHandler' driver.
INFO - 2024-06-12 07:13:30 --> Session: Class initialized using 'CodeIgniter\Session\Handlers\FileHandler' driver.
INFO - 2024-06-12 07:13:32 --> Session: Class initialized using 'CodeIgniter\Session\Handlers\FileHandler' driver.
CRITICAL - 2024-06-12 07:13:32 --> Undefined variable: course_teacher_id
in APPPATH/Controllers/HomepageController.php on line 83.
 1 APPPATH/Controllers/HomepageController.php(83): CodeIgniter\Debug\Exceptions->errorHandler(8, 'Undefined variable: course_teacher_id', '/var/www/html/app/Controllers/HomepageController.php', 83, [...])
 2 SYSTEMPATH/CodeIgniter.php(942): App\Controllers\HomepageController->Course_details_view('homepage_assets', 'img', 'logo.png')
 3 SYSTEMPATH/CodeIgniter.php(502): CodeIgniter\CodeIgniter->runController(Object(App\Controllers\HomepageController))
 4 SYSTEMPATH/CodeIgniter.php(361): CodeIgniter\CodeIgniter->handleRequest(null, Object(Config\Cache), false)
 5 FCPATH/index.php(79): CodeIgniter\CodeIgniter->run()
INFO - 2024-06-12 07:13:32 --> Session: Class initialized using 'CodeIgniter\Session\Handlers\FileHandler' driver.
CRITICAL - 2024-06-12 07:13:32 --> Undefined variable: course_teacher_id
in APPPATH/Controllers/HomepageController.php on line 83.
 1 APPPATH/Controllers/HomepageController.php(83): CodeIgniter\Debug\Exceptions->errorHandler(8, 'Undefined variable: course_teacher_id', '/var/www/html/app/Controllers/HomepageController.php', 83, [...])
 2 SYSTEMPATH/CodeIgniter.php(942): App\Controllers\HomepageController->Course_details_view('homepage_assets', 'img', 'apple-touch-icon.png')
 3 SYSTEMPATH/CodeIgniter.php(502): CodeIgniter\CodeIgniter->runController(Object(App\Controllers\HomepageController))
 4 SYSTEMPATH/CodeIgniter.php(361): CodeIgniter\CodeIgniter->handleRequest(null, Object(Config\Cache), false)
 5 FCPATH/index.php(79): CodeIgniter\CodeIgniter->run()
INFO - 2024-06-12 07:13:33 --> Session: Class initialized using 'CodeIgniter\Session\Handlers\FileHandler' driver.
CRITICAL - 2024-06-12 07:13:33 --> Undefined variable: course_teacher_id
in APPPATH/Controllers/HomepageController.php on line 83.
 1 APPPATH/Controllers/HomepageController.php(83): CodeIgniter\Debug\Exceptions->errorHandler(8, 'Undefined variable: course_teacher_id', '/var/www/html/app/Controllers/HomepageController.php', 83, [...])
 2 SYSTEMPATH/CodeIgniter.php(942): App\Controllers\HomepageController->Course_details_view('homepage_assets', 'img', 'favicon.png')
 3 SYSTEMPATH/CodeIgniter.php(502): CodeIgniter\CodeIgniter->runController(Object(App\Controllers\HomepageController))
 4 SYSTEMPATH/CodeIgniter.php(361): CodeIgniter\CodeIgniter->handleRequest(null, Object(Config\Cache), false)
 5 FCPATH/index.php(79): CodeIgniter\CodeIgniter->run()
INFO - 2024-06-12 07:14:08 --> Session: Class initialized using 'CodeIgniter\Session\Handlers\FileHandler' driver.
INFO - 2024-06-12 07:14:11 --> Session: Class initialized using 'CodeIgniter\Session\Handlers\FileHandler' driver.
INFO - 2024-06-12 07:14:13 --> Session: Class initialized using 'CodeIgniter\Session\Handlers\FileHandler' driver.
CRITICAL - 2024-06-12 07:14:13 --> Undefined variable: course_teacher_id
in APPPATH/Controllers/HomepageController.php on line 83.
 1 APPPATH/Controllers/HomepageController.php(83): CodeIgniter\Debug\Exceptions->errorHandler(8, 'Undefined variable: course_teacher_id', '/var/www/html/app/Controllers/HomepageController.php', 83, [...])
 2 SYSTEMPATH/CodeIgniter.php(942): App\Controllers\HomepageController->Course_details_view('homepage_assets', 'img', 'logo.png')
 3 SYSTEMPATH/CodeIgniter.php(502): CodeIgniter\CodeIgniter->runController(Object(App\Controllers\HomepageController))
 4 SYSTEMPATH/CodeIgniter.php(361): CodeIgniter\CodeIgniter->handleRequest(null, Object(Config\Cache), false)
 5 FCPATH/index.php(79): CodeIgniter\CodeIgniter->run()
INFO - 2024-06-12 07:14:33 --> Session: Class initialized using 'CodeIgniter\Session\Handlers\FileHandler' driver.
INFO - 2024-06-12 07:14:35 --> Session: Class initialized using 'CodeIgniter\Session\Handlers\FileHandler' driver.
CRITICAL - 2024-06-12 07:14:35 --> Undefined variable: course_teacher_id
in APPPATH/Controllers/HomepageController.php on line 83.
 1 APPPATH/Controllers/HomepageController.php(83): CodeIgniter\Debug\Exceptions->errorHandler(8, 'Undefined variable: course_teacher_id', '/var/www/html/app/Controllers/HomepageController.php', 83, [...])
 2 SYSTEMPATH/CodeIgniter.php(942): App\Controllers\HomepageController->Course_details_view('homepage_assets', 'img', 'logo.png')
 3 SYSTEMPATH/CodeIgniter.php(502): CodeIgniter\CodeIgniter->runController(Object(App\Controllers\HomepageController))
 4 SYSTEMPATH/CodeIgniter.php(361): CodeIgniter\CodeIgniter->handleRequest(null, Object(Config\Cache), false)
 5 FCPATH/index.php(79): CodeIgniter\CodeIgniter->run()
INFO - 2024-06-12 07:14:38 --> Session: Class initialized using 'CodeIgniter\Session\Handlers\FileHandler' driver.
INFO - 2024-06-12 07:15:43 --> Session: Class initialized using 'CodeIgniter\Session\Handlers\FileHandler' driver.
INFO - 2024-06-12 07:15:45 --> Session: Class initialized using 'CodeIgniter\Session\Handlers\FileHandler' driver.
INFO - 2024-06-12 07:15:46 --> Session: Class initialized using 'CodeIgniter\Session\Handlers\FileHandler' driver.
INFO - 2024-06-12 07:15:46 --> Session: Class initialized using 'CodeIgniter\Session\Handlers\FileHandler' driver.
INFO - 2024-06-12 07:16:04 --> Session: Class initialized using 'CodeIgniter\Session\Handlers\FileHandler' driver.
INFO - 2024-06-12 08:26:15 --> Session: Class initialized using 'CodeIgniter\Session\Handlers\FileHandler' driver.
INFO - 2024-06-12 08:26:18 --> Session: Class initialized using 'CodeIgniter\Session\Handlers\FileHandler' driver.
INFO - 2024-06-12 08:28:05 --> Session: Class initialized using 'CodeIgniter\Session\Handlers\FileHandler' driver.
INFO - 2024-06-12 08:31:17 --> Session: Class initialized using 'CodeIgniter\Session\Handlers\FileHandler' driver.
INFO - 2024-06-12 08:31:18 --> Session: Class initialized using 'CodeIgniter\Session\Handlers\FileHandler' driver.
INFO - 2024-06-12 08:33:06 --> Session: Class initialized using 'CodeIgniter\Session\Handlers\FileHandler' driver.
INFO - 2024-06-12 08:55:59 --> Session: Class initialized using 'CodeIgniter\Session\Handlers\FileHandler' driver.
INFO - 2024-06-12 08:56:32 --> Session: Class initialized using 'CodeIgniter\Session\Handlers\FileHandler' driver.
INFO - 2024-06-12 08:56:40 --> Session: Class initialized using 'CodeIgniter\Session\Handlers\FileHandler' driver.
INFO - 2024-06-12 08:56:42 --> Session: Class initialized using 'CodeIgniter\Session\Handlers\FileHandler' driver.
CRITICAL - 2024-06-12 08:56:42 --> Undefined variable: course_teacher_id
in APPPATH/Controllers/HomepageController.php on line 83.
 1 APPPATH/Controllers/HomepageController.php(83): CodeIgniter\Debug\Exceptions->errorHandler(8, 'Undefined variable: course_teacher_id', '/var/www/html/app/Controllers/HomepageController.php', 83, [...])
 2 SYSTEMPATH/CodeIgniter.php(942): App\Controllers\HomepageController->Course_details_view('homepage_assets', 'img', 'logo.png')
 3 SYSTEMPATH/CodeIgniter.php(502): CodeIgniter\CodeIgniter->runController(Object(App\Controllers\HomepageController))
 4 SYSTEMPATH/CodeIgniter.php(361): CodeIgniter\CodeIgniter->handleRequest(null, Object(Config\Cache), false)
 5 FCPATH/index.php(79): CodeIgniter\CodeIgniter->run()
INFO - 2024-06-12 08:56:43 --> Session: Class initialized using 'CodeIgniter\Session\Handlers\FileHandler' driver.
CRITICAL - 2024-06-12 08:56:43 --> Undefined variable: course_teacher_id
in APPPATH/Controllers/HomepageController.php on line 83.
 1 APPPATH/Controllers/HomepageController.php(83): CodeIgniter\Debug\Exceptions->errorHandler(8, 'Undefined variable: course_teacher_id', '/var/www/html/app/Controllers/HomepageController.php', 83, [...])
 2 SYSTEMPATH/CodeIgniter.php(942): App\Controllers\HomepageController->Course_details_view('homepage_assets', 'img', 'favicon.png')
 3 SYSTEMPATH/CodeIgniter.php(502): CodeIgniter\CodeIgniter->runController(Object(App\Controllers\HomepageController))
 4 SYSTEMPATH/CodeIgniter.php(361): CodeIgniter\CodeIgniter->handleRequest(null, Object(Config\Cache), false)
 5 FCPATH/index.php(79): CodeIgniter\CodeIgniter->run()
INFO - 2024-06-12 08:56:43 --> Session: Class initialized using 'CodeIgniter\Session\Handlers\FileHandler' driver.
CRITICAL - 2024-06-12 08:56:43 --> Undefined variable: course_teacher_id
in APPPATH/Controllers/HomepageController.php on line 83.
 1 APPPATH/Controllers/HomepageController.php(83): CodeIgniter\Debug\Exceptions->errorHandler(8, 'Undefined variable: course_teacher_id', '/var/www/html/app/Controllers/HomepageController.php', 83, [...])
 2 SYSTEMPATH/CodeIgniter.php(942): App\Controllers\HomepageController->Course_details_view('homepage_assets', 'img', 'apple-touch-icon.png')
 3 SYSTEMPATH/CodeIgniter.php(502): CodeIgniter\CodeIgniter->runController(Object(App\Controllers\HomepageController))
 4 SYSTEMPATH/CodeIgniter.php(361): CodeIgniter\CodeIgniter->handleRequest(null, Object(Config\Cache), false)
 5 FCPATH/index.php(79): CodeIgniter\CodeIgniter->run()
INFO - 2024-06-12 08:57:37 --> Session: Class initialized using 'CodeIgniter\Session\Handlers\FileHandler' driver.
INFO - 2024-06-12 09:02:51 --> Session: Class initialized using 'CodeIgniter\Session\Handlers\FileHandler' driver.
INFO - 2024-06-12 09:10:05 --> Session: Class initialized using 'CodeIgniter\Session\Handlers\FileHandler' driver.
INFO - 2024-06-12 09:29:38 --> Session: Class initialized using 'CodeIgniter\Session\Handlers\FileHandler' driver.
INFO - 2024-06-12 09:29:42 --> Session: Class initialized using 'CodeIgniter\Session\Handlers\FileHandler' driver.
INFO - 2024-06-12 09:48:53 --> Session: Class initialized using 'CodeIgniter\Session\Handlers\FileHandler' driver.
INFO - 2024-06-12 09:55:29 --> Session: Class initialized using 'CodeIgniter\Session\Handlers\FileHandler' driver.
INFO - 2024-06-12 09:55:32 --> Session: Class initialized using 'CodeIgniter\Session\Handlers\FileHandler' driver.
INFO - 2024-06-12 10:00:15 --> Session: Class initialized using 'CodeIgniter\Session\Handlers\FileHandler' driver.
INFO - 2024-06-12 10:00:24 --> Session: Class initialized using 'CodeIgniter\Session\Handlers\FileHandler' driver.
INFO - 2024-06-12 10:00:27 --> Session: Class initialized using 'CodeIgniter\Session\Handlers\FileHandler' driver.
INFO - 2024-06-12 10:03:34 --> Session: Class initialized using 'CodeIgniter\Session\Handlers\FileHandler' driver.
INFO - 2024-06-12 10:05:41 --> Session: Class initialized using 'CodeIgniter\Session\Handlers\FileHandler' driver.
INFO - 2024-06-12 10:05:48 --> Session: Class initialized using 'CodeIgniter\Session\Handlers\FileHandler' driver.
INFO - 2024-06-12 10:05:49 --> Session: Class initialized using 'CodeIgniter\Session\Handlers\FileHandler' driver.
INFO - 2024-06-12 10:05:49 --> Session: Class initialized using 'CodeIgniter\Session\Handlers\FileHandler' driver.
INFO - 2024-06-12 10:05:56 --> Session: Class initialized using 'CodeIgniter\Session\Handlers\FileHandler' driver.
INFO - 2024-06-12 10:06:08 --> Session: Class initialized using 'CodeIgniter\Session\Handlers\FileHandler' driver.
INFO - 2024-06-12 10:06:11 --> Session: Class initialized using 'CodeIgniter\Session\Handlers\FileHandler' driver.
INFO - 2024-06-12 10:06:16 --> Session: Class initialized using 'CodeIgniter\Session\Handlers\FileHandler' driver.
INFO - 2024-06-12 10:06:18 --> Session: Class initialized using 'CodeIgniter\Session\Handlers\FileHandler' driver.
INFO - 2024-06-12 10:06:21 --> Session: Class initialized using 'CodeIgniter\Session\Handlers\FileHandler' driver.
INFO - 2024-06-12 10:06:24 --> Session: Class initialized using 'CodeIgniter\Session\Handlers\FileHandler' driver.
INFO - 2024-06-12 10:06:26 --> Session: Class initialized using 'CodeIgniter\Session\Handlers\FileHandler' driver.
INFO - 2024-06-12 10:06:56 --> Session: Class initialized using 'CodeIgniter\Session\Handlers\FileHandler' driver.
INFO - 2024-06-12 10:06:57 --> Session: Class initialized using 'CodeIgniter\Session\Handlers\FileHandler' driver.
CRITICAL - 2024-06-12 10:06:57 --> Undefined variable: course_teacher_id
in APPPATH/Controllers/HomepageController.php on line 83.
 1 APPPATH/Controllers/HomepageController.php(83): CodeIgniter\Debug\Exceptions->errorHandler(8, 'Undefined variable: course_teacher_id', '/var/www/html/app/Controllers/HomepageController.php', 83, [...])
 2 SYSTEMPATH/CodeIgniter.php(942): App\Controllers\HomepageController->Course_details_view('homepage_assets', 'img', 'logo.png')
 3 SYSTEMPATH/CodeIgniter.php(502): CodeIgniter\CodeIgniter->runController(Object(App\Controllers\HomepageController))
 4 SYSTEMPATH/CodeIgniter.php(361): CodeIgniter\CodeIgniter->handleRequest(null, Object(Config\Cache), false)
 5 FCPATH/index.php(79): CodeIgniter\CodeIgniter->run()
INFO - 2024-06-12 10:06:58 --> Session: Class initialized using 'CodeIgniter\Session\Handlers\FileHandler' driver.
CRITICAL - 2024-06-12 10:06:58 --> Undefined variable: course_teacher_id
in APPPATH/Controllers/HomepageController.php on line 83.
 1 APPPATH/Controllers/HomepageController.php(83): CodeIgniter\Debug\Exceptions->errorHandler(8, 'Undefined variable: course_teacher_id', '/var/www/html/app/Controllers/HomepageController.php', 83, [...])
 2 SYSTEMPATH/CodeIgniter.php(942): App\Controllers\HomepageController->Course_details_view('homepage_assets', 'img', 'favicon.png')
 3 SYSTEMPATH/CodeIgniter.php(502): CodeIgniter\CodeIgniter->runController(Object(App\Controllers\HomepageController))
 4 SYSTEMPATH/CodeIgniter.php(361): CodeIgniter\CodeIgniter->handleRequest(null, Object(Config\Cache), false)
 5 FCPATH/index.php(79): CodeIgniter\CodeIgniter->run()
INFO - 2024-06-12 10:07:04 --> Session: Class initialized using 'CodeIgniter\Session\Handlers\FileHandler' driver.
INFO - 2024-06-12 10:07:10 --> Session: Class initialized using 'CodeIgniter\Session\Handlers\FileHandler' driver.
INFO - 2024-06-12 10:07:16 --> Session: Class initialized using 'CodeIgniter\Session\Handlers\FileHandler' driver.
INFO - 2024-06-12 10:07:16 --> Session: Class initialized using 'CodeIgniter\Session\Handlers\FileHandler' driver.
CRITICAL - 2024-06-12 10:07:16 --> Undefined variable: course_teacher_id
in APPPATH/Controllers/HomepageController.php on line 83.
 1 APPPATH/Controllers/HomepageController.php(83): CodeIgniter\Debug\Exceptions->errorHandler(8, 'Undefined variable: course_teacher_id', '/var/www/html/app/Controllers/HomepageController.php', 83, [...])
 2 SYSTEMPATH/CodeIgniter.php(942): App\Controllers\HomepageController->Course_details_view('homepage_assets', 'img', 'logo.png')
 3 SYSTEMPATH/CodeIgniter.php(502): CodeIgniter\CodeIgniter->runController(Object(App\Controllers\HomepageController))
 4 SYSTEMPATH/CodeIgniter.php(361): CodeIgniter\CodeIgniter->handleRequest(null, Object(Config\Cache), false)
 5 FCPATH/index.php(79): CodeIgniter\CodeIgniter->run()
INFO - 2024-06-12 10:07:18 --> Session: Class initialized using 'CodeIgniter\Session\Handlers\FileHandler' driver.
CRITICAL - 2024-06-12 10:07:18 --> Undefined variable: course_teacher_id
in APPPATH/Controllers/HomepageController.php on line 83.
 1 APPPATH/Controllers/HomepageController.php(83): CodeIgniter\Debug\Exceptions->errorHandler(8, 'Undefined variable: course_teacher_id', '/var/www/html/app/Controllers/HomepageController.php', 83, [...])
 2 SYSTEMPATH/CodeIgniter.php(942): App\Controllers\HomepageController->Course_details_view('homepage_assets', 'img', 'favicon.png')
 3 SYSTEMPATH/CodeIgniter.php(502): CodeIgniter\CodeIgniter->runController(Object(App\Controllers\HomepageController))
 4 SYSTEMPATH/CodeIgniter.php(361): CodeIgniter\CodeIgniter->handleRequest(null, Object(Config\Cache), false)
 5 FCPATH/index.php(79): CodeIgniter\CodeIgniter->run()
INFO - 2024-06-12 10:07:20 --> Session: Class initialized using 'CodeIgniter\Session\Handlers\FileHandler' driver.
INFO - 2024-06-12 10:32:06 --> Session: Class initialized using 'CodeIgniter\Session\Handlers\FileHandler' driver.
INFO - 2024-06-12 10:32:14 --> Session: Class initialized using 'CodeIgniter\Session\Handlers\FileHandler' driver.
INFO - 2024-06-12 10:32:17 --> Session: Class initialized using 'CodeIgniter\Session\Handlers\FileHandler' driver.
INFO - 2024-06-12 10:32:18 --> Session: Class initialized using 'CodeIgniter\Session\Handlers\FileHandler' driver.
INFO - 2024-06-12 10:32:18 --> Session: Class initialized using 'CodeIgniter\Session\Handlers\FileHandler' driver.
INFO - 2024-06-12 10:32:20 --> Session: Class initialized using 'CodeIgniter\Session\Handlers\FileHandler' driver.
INFO - 2024-06-12 10:32:20 --> Session: Class initialized using 'CodeIgniter\Session\Handlers\FileHandler' driver.
INFO - 2024-06-12 10:32:21 --> Session: Class initialized using 'CodeIgniter\Session\Handlers\FileHandler' driver.
INFO - 2024-06-12 10:32:55 --> Session: Class initialized using 'CodeIgniter\Session\Handlers\FileHandler' driver.
INFO - 2024-06-12 10:32:55 --> Session: Class initialized using 'CodeIgniter\Session\Handlers\FileHandler' driver.
INFO - 2024-06-12 10:32:56 --> Session: Class initialized using 'CodeIgniter\Session\Handlers\FileHandler' driver.
INFO - 2024-06-12 10:33:02 --> Session: Class initialized using 'CodeIgniter\Session\Handlers\FileHandler' driver.
INFO - 2024-06-12 10:34:41 --> Session: Class initialized using 'CodeIgniter\Session\Handlers\FileHandler' driver.
INFO - 2024-06-12 10:35:17 --> Session: Class initialized using 'CodeIgniter\Session\Handlers\FileHandler' driver.
INFO - 2024-06-12 10:36:58 --> Session: Class initialized using 'CodeIgniter\Session\Handlers\FileHandler' driver.
INFO - 2024-06-12 10:37:50 --> Session: Class initialized using 'CodeIgniter\Session\Handlers\FileHandler' driver.
INFO - 2024-06-12 10:38:09 --> Session: Class initialized using 'CodeIgniter\Session\Handlers\FileHandler' driver.
INFO - 2024-06-12 10:38:15 --> Session: Class initialized using 'CodeIgniter\Session\Handlers\FileHandler' driver.
INFO - 2024-06-12 10:38:22 --> Session: Class initialized using 'CodeIgniter\Session\Handlers\FileHandler' driver.
INFO - 2024-06-12 10:38:30 --> Session: Class initialized using 'CodeIgniter\Session\Handlers\FileHandler' driver.
INFO - 2024-06-12 10:38:52 --> Session: Class initialized using 'CodeIgniter\Session\Handlers\FileHandler' driver.
INFO - 2024-06-12 10:39:03 --> Session: Class initialized using 'CodeIgniter\Session\Handlers\FileHandler' driver.
INFO - 2024-06-12 10:39:11 --> Session: Class initialized using 'CodeIgniter\Session\Handlers\FileHandler' driver.
INFO - 2024-06-12 10:39:21 --> Session: Class initialized using 'CodeIgniter\Session\Handlers\FileHandler' driver.
INFO - 2024-06-12 10:39:27 --> Session: Class initialized using 'CodeIgniter\Session\Handlers\FileHandler' driver.
INFO - 2024-06-12 10:39:34 --> Session: Class initialized using 'CodeIgniter\Session\Handlers\FileHandler' driver.
INFO - 2024-06-12 10:39:35 --> Session: Class initialized using 'CodeIgniter\Session\Handlers\FileHandler' driver.
INFO - 2024-06-12 10:39:39 --> Session: Class initialized using 'CodeIgniter\Session\Handlers\FileHandler' driver.
INFO - 2024-06-12 10:40:38 --> Session: Class initialized using 'CodeIgniter\Session\Handlers\FileHandler' driver.
INFO - 2024-06-12 10:40:40 --> Session: Class initialized using 'CodeIgniter\Session\Handlers\FileHandler' driver.
INFO - 2024-06-12 10:40:41 --> Session: Class initialized using 'CodeIgniter\Session\Handlers\FileHandler' driver.
INFO - 2024-06-12 10:40:41 --> Session: Class initialized using 'CodeIgniter\Session\Handlers\FileHandler' driver.
INFO - 2024-06-12 10:40:47 --> Session: Class initialized using 'CodeIgniter\Session\Handlers\FileHandler' driver.
INFO - 2024-06-12 10:41:08 --> Session: Class initialized using 'CodeIgniter\Session\Handlers\FileHandler' driver.
INFO - 2024-06-12 10:56:04 --> Session: Class initialized using 'CodeIgniter\Session\Handlers\FileHandler' driver.
INFO - 2024-06-12 11:00:32 --> Session: Class initialized using 'CodeIgniter\Session\Handlers\FileHandler' driver.
INFO - 2024-06-12 11:00:39 --> Session: Class initialized using 'CodeIgniter\Session\Handlers\FileHandler' driver.
INFO - 2024-06-12 11:00:46 --> Session: Class initialized using 'CodeIgniter\Session\Handlers\FileHandler' driver.
INFO - 2024-06-12 11:00:51 --> Session: Class initialized using 'CodeIgniter\Session\Handlers\FileHandler' driver.
INFO - 2024-06-12 11:05:03 --> Session: Class initialized using 'CodeIgniter\Session\Handlers\FileHandler' driver.
INFO - 2024-06-12 11:05:09 --> Session: Class initialized using 'CodeIgniter\Session\Handlers\FileHandler' driver.
INFO - 2024-06-12 11:05:13 --> Session: Class initialized using 'CodeIgniter\Session\Handlers\FileHandler' driver.
INFO - 2024-06-12 11:07:22 --> Session: Class initialized using 'CodeIgniter\Session\Handlers\FileHandler' driver.
INFO - 2024-06-12 11:11:14 --> Session: Class initialized using 'CodeIgniter\Session\Handlers\FileHandler' driver.
INFO - 2024-06-12 11:11:15 --> Session: Class initialized using 'CodeIgniter\Session\Handlers\FileHandler' driver.
CRITICAL - 2024-06-12 11:11:15 --> Undefined variable: course_teacher_id
in APPPATH/Controllers/HomepageController.php on line 83.
 1 APPPATH/Controllers/HomepageController.php(83): CodeIgniter\Debug\Exceptions->errorHandler(8, 'Undefined variable: course_teacher_id', '/var/www/html/app/Controllers/HomepageController.php', 83, [...])
 2 SYSTEMPATH/CodeIgniter.php(942): App\Controllers\HomepageController->Course_details_view('homepage_assets', 'img', 'logo.png')
 3 SYSTEMPATH/CodeIgniter.php(502): CodeIgniter\CodeIgniter->runController(Object(App\Controllers\HomepageController))
 4 SYSTEMPATH/CodeIgniter.php(361): CodeIgniter\CodeIgniter->handleRequest(null, Object(Config\Cache), false)
 5 FCPATH/index.php(79): CodeIgniter\CodeIgniter->run()
INFO - 2024-06-12 11:11:22 --> Session: Class initialized using 'CodeIgniter\Session\Handlers\FileHandler' driver.
CRITICAL - 2024-06-12 11:11:22 --> Undefined variable: course_teacher_id
in APPPATH/Controllers/HomepageController.php on line 83.
 1 APPPATH/Controllers/HomepageController.php(83): CodeIgniter\Debug\Exceptions->errorHandler(8, 'Undefined variable: course_teacher_id', '/var/www/html/app/Controllers/HomepageController.php', 83, [...])
 2 SYSTEMPATH/CodeIgniter.php(942): App\Controllers\HomepageController->Course_details_view('homepage_assets', 'img', 'favicon.png')
 3 SYSTEMPATH/CodeIgniter.php(502): CodeIgniter\CodeIgniter->runController(Object(App\Controllers\HomepageController))
 4 SYSTEMPATH/CodeIgniter.php(361): CodeIgniter\CodeIgniter->handleRequest(null, Object(Config\Cache), false)
 5 FCPATH/index.php(79): CodeIgniter\CodeIgniter->run()
INFO - 2024-06-12 11:40:32 --> Session: Class initialized using 'CodeIgniter\Session\Handlers\FileHandler' driver.
INFO - 2024-06-12 12:08:15 --> Session: Class initialized using 'CodeIgniter\Session\Handlers\FileHandler' driver.
INFO - 2024-06-12 12:28:35 --> Session: Class initialized using 'CodeIgniter\Session\Handlers\FileHandler' driver.
INFO - 2024-06-12 13:12:04 --> Session: Class initialized using 'CodeIgniter\Session\Handlers\FileHandler' driver.
INFO - 2024-06-12 13:32:57 --> Session: Class initialized using 'CodeIgniter\Session\Handlers\FileHandler' driver.
INFO - 2024-06-12 13:54:03 --> Session: Class initialized using 'CodeIgniter\Session\Handlers\FileHandler' driver.
INFO - 2024-06-12 14:01:39 --> Session: Class initialized using 'CodeIgniter\Session\Handlers\FileHandler' driver.
INFO - 2024-06-12 14:09:57 --> Session: Class initialized using 'CodeIgniter\Session\Handlers\FileHandler' driver.
INFO - 2024-06-12 14:10:29 --> Session: Class initialized using 'CodeIgniter\Session\Handlers\FileHandler' driver.
INFO - 2024-06-12 14:10:43 --> Session: Class initialized using 'CodeIgniter\Session\Handlers\FileHandler' driver.
INFO - 2024-06-12 14:10:47 --> Session: Class initialized using 'CodeIgniter\Session\Handlers\FileHandler' driver.
INFO - 2024-06-12 14:30:01 --> Session: Class initialized using 'CodeIgniter\Session\Handlers\FileHandler' driver.
INFO - 2024-06-12 14:30:45 --> Session: Class initialized using 'CodeIgniter\Session\Handlers\FileHandler' driver.
INFO - 2024-06-12 14:30:58 --> Session: Class initialized using 'CodeIgniter\Session\Handlers\FileHandler' driver.
INFO - 2024-06-12 14:31:10 --> Session: Class initialized using 'CodeIgniter\Session\Handlers\FileHandler' driver.
INFO - 2024-06-12 14:31:26 --> Session: Class initialized using 'CodeIgniter\Session\Handlers\FileHandler' driver.
INFO - 2024-06-12 14:31:35 --> Session: Class initialized using 'CodeIgniter\Session\Handlers\FileHandler' driver.
INFO - 2024-06-12 14:31:35 --> Session: Class initialized using 'CodeIgniter\Session\Handlers\FileHandler' driver.
CRITICAL - 2024-06-12 14:31:35 --> Undefined variable: course_teacher_id
in APPPATH/Controllers/HomepageController.php on line 83.
 1 APPPATH/Controllers/HomepageController.php(83): CodeIgniter\Debug\Exceptions->errorHandler(8, 'Undefined variable: course_teacher_id', '/var/www/html/app/Controllers/HomepageController.php', 83, [...])
 2 SYSTEMPATH/CodeIgniter.php(942): App\Controllers\HomepageController->Course_details_view('homepage_assets', 'img', 'logo.png')
 3 SYSTEMPATH/CodeIgniter.php(502): CodeIgniter\CodeIgniter->runController(Object(App\Controllers\HomepageController))
 4 SYSTEMPATH/CodeIgniter.php(361): CodeIgniter\CodeIgniter->handleRequest(null, Object(Config\Cache), false)
 5 FCPATH/index.php(79): CodeIgniter\CodeIgniter->run()
INFO - 2024-06-12 14:31:36 --> Session: Class initialized using 'CodeIgniter\Session\Handlers\FileHandler' driver.
CRITICAL - 2024-06-12 14:31:36 --> Undefined variable: course_teacher_id
in APPPATH/Controllers/HomepageController.php on line 83.
 1 APPPATH/Controllers/HomepageController.php(83): CodeIgniter\Debug\Exceptions->errorHandler(8, 'Undefined variable: course_teacher_id', '/var/www/html/app/Controllers/HomepageController.php', 83, [...])
 2 SYSTEMPATH/CodeIgniter.php(942): App\Controllers\HomepageController->Course_details_view('homepage_assets', 'img', 'apple-touch-icon.png')
 3 SYSTEMPATH/CodeIgniter.php(502): CodeIgniter\CodeIgniter->runController(Object(App\Controllers\HomepageController))
 4 SYSTEMPATH/CodeIgniter.php(361): CodeIgniter\CodeIgniter->handleRequest(null, Object(Config\Cache), false)
 5 FCPATH/index.php(79): CodeIgniter\CodeIgniter->run()
INFO - 2024-06-12 14:31:36 --> Session: Class initialized using 'CodeIgniter\Session\Handlers\FileHandler' driver.
CRITICAL - 2024-06-12 14:31:36 --> Undefined variable: course_teacher_id
in APPPATH/Controllers/HomepageController.php on line 83.
 1 APPPATH/Controllers/HomepageController.php(83): CodeIgniter\Debug\Exceptions->errorHandler(8, 'Undefined variable: course_teacher_id', '/var/www/html/app/Controllers/HomepageController.php', 83, [...])
 2 SYSTEMPATH/CodeIgniter.php(942): App\Controllers\HomepageController->Course_details_view('homepage_assets', 'img', 'favicon.png')
 3 SYSTEMPATH/CodeIgniter.php(502): CodeIgniter\CodeIgniter->runController(Object(App\Controllers\HomepageController))
 4 SYSTEMPATH/CodeIgniter.php(361): CodeIgniter\CodeIgniter->handleRequest(null, Object(Config\Cache), false)
 5 FCPATH/index.php(79): CodeIgniter\CodeIgniter->run()
INFO - 2024-06-12 14:31:47 --> Session: Class initialized using 'CodeIgniter\Session\Handlers\FileHandler' driver.
INFO - 2024-06-12 14:31:48 --> Session: Class initialized using 'CodeIgniter\Session\Handlers\FileHandler' driver.
CRITICAL - 2024-06-12 14:31:48 --> Undefined variable: course_teacher_id
in APPPATH/Controllers/HomepageController.php on line 83.
 1 APPPATH/Controllers/HomepageController.php(83): CodeIgniter\Debug\Exceptions->errorHandler(8, 'Undefined variable: course_teacher_id', '/var/www/html/app/Controllers/HomepageController.php', 83, [...])
 2 SYSTEMPATH/CodeIgniter.php(942): App\Controllers\HomepageController->Course_details_view('homepage_assets', 'img', 'logo.png')
 3 SYSTEMPATH/CodeIgniter.php(502): CodeIgniter\CodeIgniter->runController(Object(App\Controllers\HomepageController))
 4 SYSTEMPATH/CodeIgniter.php(361): CodeIgniter\CodeIgniter->handleRequest(null, Object(Config\Cache), false)
 5 FCPATH/index.php(79): CodeIgniter\CodeIgniter->run()
INFO - 2024-06-12 14:31:49 --> Session: Class initialized using 'CodeIgniter\Session\Handlers\FileHandler' driver.
CRITICAL - 2024-06-12 14:31:49 --> Undefined variable: course_teacher_id
in APPPATH/Controllers/HomepageController.php on line 83.
 1 APPPATH/Controllers/HomepageController.php(83): CodeIgniter\Debug\Exceptions->errorHandler(8, 'Undefined variable: course_teacher_id', '/var/www/html/app/Controllers/HomepageController.php', 83, [...])
 2 SYSTEMPATH/CodeIgniter.php(942): App\Controllers\HomepageController->Course_details_view('homepage_assets', 'img', 'logo.png')
 3 SYSTEMPATH/CodeIgniter.php(502): CodeIgniter\CodeIgniter->runController(Object(App\Controllers\HomepageController))
 4 SYSTEMPATH/CodeIgniter.php(361): CodeIgniter\CodeIgniter->handleRequest(null, Object(Config\Cache), false)
 5 FCPATH/index.php(79): CodeIgniter\CodeIgniter->run()
INFO - 2024-06-12 14:31:50 --> Session: Class initialized using 'CodeIgniter\Session\Handlers\FileHandler' driver.
INFO - 2024-06-12 14:31:50 --> Session: Class initialized using 'CodeIgniter\Session\Handlers\FileHandler' driver.
INFO - 2024-06-12 14:31:56 --> Session: Class initialized using 'CodeIgniter\Session\Handlers\FileHandler' driver.
INFO - 2024-06-12 14:32:32 --> Session: Class initialized using 'CodeIgniter\Session\Handlers\FileHandler' driver.
CRITICAL - 2024-06-12 14:32:32 --> Undefined variable: course_teacher_id
in APPPATH/Controllers/HomepageController.php on line 83.
 1 APPPATH/Controllers/HomepageController.php(83): CodeIgniter\Debug\Exceptions->errorHandler(8, 'Undefined variable: course_teacher_id', '/var/www/html/app/Controllers/HomepageController.php', 83, [...])
 2 SYSTEMPATH/CodeIgniter.php(942): App\Controllers\HomepageController->Course_details_view('homepage_assets', 'img', 'logo.png')
 3 SYSTEMPATH/CodeIgniter.php(502): CodeIgniter\CodeIgniter->runController(Object(App\Controllers\HomepageController))
 4 SYSTEMPATH/CodeIgniter.php(361): CodeIgniter\CodeIgniter->handleRequest(null, Object(Config\Cache), false)
 5 FCPATH/index.php(79): CodeIgniter\CodeIgniter->run()
INFO - 2024-06-12 14:32:32 --> Session: Class initialized using 'CodeIgniter\Session\Handlers\FileHandler' driver.
CRITICAL - 2024-06-12 14:32:32 --> Undefined variable: course_teacher_id
in APPPATH/Controllers/HomepageController.php on line 83.
 1 APPPATH/Controllers/HomepageController.php(83): CodeIgniter\Debug\Exceptions->errorHandler(8, 'Undefined variable: course_teacher_id', '/var/www/html/app/Controllers/HomepageController.php', 83, [...])
 2 SYSTEMPATH/CodeIgniter.php(942): App\Controllers\HomepageController->Course_details_view('homepage_assets', 'img', 'logo.png')
 3 SYSTEMPATH/CodeIgniter.php(502): CodeIgniter\CodeIgniter->runController(Object(App\Controllers\HomepageController))
 4 SYSTEMPATH/CodeIgniter.php(361): CodeIgniter\CodeIgniter->handleRequest(null, Object(Config\Cache), false)
 5 FCPATH/index.php(79): CodeIgniter\CodeIgniter->run()
INFO - 2024-06-12 14:32:33 --> Session: Class initialized using 'CodeIgniter\Session\Handlers\FileHandler' driver.
CRITICAL - 2024-06-12 14:32:33 --> Undefined variable: course_teacher_id
in APPPATH/Controllers/HomepageController.php on line 83.
 1 APPPATH/Controllers/HomepageController.php(83): CodeIgniter\Debug\Exceptions->errorHandler(8, 'Undefined variable: course_teacher_id', '/var/www/html/app/Controllers/HomepageController.php', 83, [...])
 2 SYSTEMPATH/CodeIgniter.php(942): App\Controllers\HomepageController->Course_details_view('homepage_assets', 'img', 'logo.png')
 3 SYSTEMPATH/CodeIgniter.php(502): CodeIgniter\CodeIgniter->runController(Object(App\Controllers\HomepageController))
 4 SYSTEMPATH/CodeIgniter.php(361): CodeIgniter\CodeIgniter->handleRequest(null, Object(Config\Cache), false)
 5 FCPATH/index.php(79): CodeIgniter\CodeIgniter->run()
INFO - 2024-06-12 14:32:34 --> Session: Class initialized using 'CodeIgniter\Session\Handlers\FileHandler' driver.
CRITICAL - 2024-06-12 14:32:34 --> Undefined variable: course_teacher_id
in APPPATH/Controllers/HomepageController.php on line 83.
 1 APPPATH/Controllers/HomepageController.php(83): CodeIgniter\Debug\Exceptions->errorHandler(8, 'Undefined variable: course_teacher_id', '/var/www/html/app/Controllers/HomepageController.php', 83, [...])
 2 SYSTEMPATH/CodeIgniter.php(942): App\Controllers\HomepageController->Course_details_view('homepage_assets', 'img', 'logo.png')
 3 SYSTEMPATH/CodeIgniter.php(502): CodeIgniter\CodeIgniter->runController(Object(App\Controllers\HomepageController))
 4 SYSTEMPATH/CodeIgniter.php(361): CodeIgniter\CodeIgniter->handleRequest(null, Object(Config\Cache), false)
 5 FCPATH/index.php(79): CodeIgniter\CodeIgniter->run()
INFO - 2024-06-12 14:32:34 --> Session: Class initialized using 'CodeIgniter\Session\Handlers\FileHandler' driver.
CRITICAL - 2024-06-12 14:32:34 --> Undefined variable: course_teacher_id
in APPPATH/Controllers/HomepageController.php on line 83.
 1 APPPATH/Controllers/HomepageController.php(83): CodeIgniter\Debug\Exceptions->errorHandler(8, 'Undefined variable: course_teacher_id', '/var/www/html/app/Controllers/HomepageController.php', 83, [...])
 2 SYSTEMPATH/CodeIgniter.php(942): App\Controllers\HomepageController->Course_details_view('homepage_assets', 'img', 'logo.png')
 3 SYSTEMPATH/CodeIgniter.php(502): CodeIgniter\CodeIgniter->runController(Object(App\Controllers\HomepageController))
 4 SYSTEMPATH/CodeIgniter.php(361): CodeIgniter\CodeIgniter->handleRequest(null, Object(Config\Cache), false)
 5 FCPATH/index.php(79): CodeIgniter\CodeIgniter->run()
INFO - 2024-06-12 14:32:35 --> Session: Class initialized using 'CodeIgniter\Session\Handlers\FileHandler' driver.
CRITICAL - 2024-06-12 14:32:35 --> Undefined variable: course_teacher_id
in APPPATH/Controllers/HomepageController.php on line 83.
 1 APPPATH/Controllers/HomepageController.php(83): CodeIgniter\Debug\Exceptions->errorHandler(8, 'Undefined variable: course_teacher_id', '/var/www/html/app/Controllers/HomepageController.php', 83, [...])
 2 SYSTEMPATH/CodeIgniter.php(942): App\Controllers\HomepageController->Course_details_view('homepage_assets', 'img', 'logo.png')
 3 SYSTEMPATH/CodeIgniter.php(502): CodeIgniter\CodeIgniter->runController(Object(App\Controllers\HomepageController))
 4 SYSTEMPATH/CodeIgniter.php(361): CodeIgniter\CodeIgniter->handleRequest(null, Object(Config\Cache), false)
 5 FCPATH/index.php(79): CodeIgniter\CodeIgniter->run()
INFO - 2024-06-12 14:32:35 --> Session: Class initialized using 'CodeIgniter\Session\Handlers\FileHandler' driver.
CRITICAL - 2024-06-12 14:32:35 --> Undefined variable: course_teacher_id
in APPPATH/Controllers/HomepageController.php on line 83.
 1 APPPATH/Controllers/HomepageController.php(83): CodeIgniter\Debug\Exceptions->errorHandler(8, 'Undefined variable: course_teacher_id', '/var/www/html/app/Controllers/HomepageController.php', 83, [...])
 2 SYSTEMPATH/CodeIgniter.php(942): App\Controllers\HomepageController->Course_details_view('homepage_assets', 'img', 'logo.png')
 3 SYSTEMPATH/CodeIgniter.php(502): CodeIgniter\CodeIgniter->runController(Object(App\Controllers\HomepageController))
 4 SYSTEMPATH/CodeIgniter.php(361): CodeIgniter\CodeIgniter->handleRequest(null, Object(Config\Cache), false)
 5 FCPATH/index.php(79): CodeIgniter\CodeIgniter->run()
INFO - 2024-06-12 14:32:39 --> Session: Class initialized using 'CodeIgniter\Session\Handlers\FileHandler' driver.
CRITICAL - 2024-06-12 14:32:39 --> Undefined variable: course_teacher_id
in APPPATH/Controllers/HomepageController.php on line 83.
 1 APPPATH/Controllers/HomepageController.php(83): CodeIgniter\Debug\Exceptions->errorHandler(8, 'Undefined variable: course_teacher_id', '/var/www/html/app/Controllers/HomepageController.php', 83, [...])
 2 SYSTEMPATH/CodeIgniter.php(942): App\Controllers\HomepageController->Course_details_view('homepage_assets', 'img', 'logo.png')
 3 SYSTEMPATH/CodeIgniter.php(502): CodeIgniter\CodeIgniter->runController(Object(App\Controllers\HomepageController))
 4 SYSTEMPATH/CodeIgniter.php(361): CodeIgniter\CodeIgniter->handleRequest(null, Object(Config\Cache), false)
 5 FCPATH/index.php(79): CodeIgniter\CodeIgniter->run()
INFO - 2024-06-12 14:32:44 --> Session: Class initialized using 'CodeIgniter\Session\Handlers\FileHandler' driver.
INFO - 2024-06-12 14:32:52 --> Session: Class initialized using 'CodeIgniter\Session\Handlers\FileHandler' driver.
CRITICAL - 2024-06-12 14:32:52 --> Undefined variable: course_teacher_id
in APPPATH/Controllers/HomepageController.php on line 83.
 1 APPPATH/Controllers/HomepageController.php(83): CodeIgniter\Debug\Exceptions->errorHandler(8, 'Undefined variable: course_teacher_id', '/var/www/html/app/Controllers/HomepageController.php', 83, [...])
 2 SYSTEMPATH/CodeIgniter.php(942): App\Controllers\HomepageController->Course_details_view('homepage_assets', 'img', 'logo.png')
 3 SYSTEMPATH/CodeIgniter.php(502): CodeIgniter\CodeIgniter->runController(Object(App\Controllers\HomepageController))
 4 SYSTEMPATH/CodeIgniter.php(361): CodeIgniter\CodeIgniter->handleRequest(null, Object(Config\Cache), false)
 5 FCPATH/index.php(79): CodeIgniter\CodeIgniter->run()
INFO - 2024-06-12 14:32:53 --> Session: Class initialized using 'CodeIgniter\Session\Handlers\FileHandler' driver.
CRITICAL - 2024-06-12 14:32:53 --> Undefined variable: course_teacher_id
in APPPATH/Controllers/HomepageController.php on line 83.
 1 APPPATH/Controllers/HomepageController.php(83): CodeIgniter\Debug\Exceptions->errorHandler(8, 'Undefined variable: course_teacher_id', '/var/www/html/app/Controllers/HomepageController.php', 83, [...])
 2 SYSTEMPATH/CodeIgniter.php(942): App\Controllers\HomepageController->Course_details_view('homepage_assets', 'img', 'logo.png')
 3 SYSTEMPATH/CodeIgniter.php(502): CodeIgniter\CodeIgniter->runController(Object(App\Controllers\HomepageController))
 4 SYSTEMPATH/CodeIgniter.php(361): CodeIgniter\CodeIgniter->handleRequest(null, Object(Config\Cache), false)
 5 FCPATH/index.php(79): CodeIgniter\CodeIgniter->run()
INFO - 2024-06-12 14:32:55 --> Session: Class initialized using 'CodeIgniter\Session\Handlers\FileHandler' driver.
CRITICAL - 2024-06-12 14:32:55 --> Undefined variable: course_teacher_id
in APPPATH/Controllers/HomepageController.php on line 83.
 1 APPPATH/Controllers/HomepageController.php(83): CodeIgniter\Debug\Exceptions->errorHandler(8, 'Undefined variable: course_teacher_id', '/var/www/html/app/Controllers/HomepageController.php', 83, [...])
 2 SYSTEMPATH/CodeIgniter.php(942): App\Controllers\HomepageController->Course_details_view('homepage_assets', 'img', 'logo.png')
 3 SYSTEMPATH/CodeIgniter.php(502): CodeIgniter\CodeIgniter->runController(Object(App\Controllers\HomepageController))
 4 SYSTEMPATH/CodeIgniter.php(361): CodeIgniter\CodeIgniter->handleRequest(null, Object(Config\Cache), false)
 5 FCPATH/index.php(79): CodeIgniter\CodeIgniter->run()
INFO - 2024-06-12 14:33:00 --> Session: Class initialized using 'CodeIgniter\Session\Handlers\FileHandler' driver.
CRITICAL - 2024-06-12 14:33:00 --> Undefined variable: course_teacher_id
in APPPATH/Controllers/HomepageController.php on line 83.
 1 APPPATH/Controllers/HomepageController.php(83): CodeIgniter\Debug\Exceptions->errorHandler(8, 'Undefined variable: course_teacher_id', '/var/www/html/app/Controllers/HomepageController.php', 83, [...])
 2 SYSTEMPATH/CodeIgniter.php(942): App\Controllers\HomepageController->Course_details_view('homepage_assets', 'img', 'logo.png')
 3 SYSTEMPATH/CodeIgniter.php(502): CodeIgniter\CodeIgniter->runController(Object(App\Controllers\HomepageController))
 4 SYSTEMPATH/CodeIgniter.php(361): CodeIgniter\CodeIgniter->handleRequest(null, Object(Config\Cache), false)
 5 FCPATH/index.php(79): CodeIgniter\CodeIgniter->run()
INFO - 2024-06-12 14:33:13 --> Session: Class initialized using 'CodeIgniter\Session\Handlers\FileHandler' driver.
CRITICAL - 2024-06-12 14:33:13 --> Undefined variable: course_teacher_id
in APPPATH/Controllers/HomepageController.php on line 83.
 1 APPPATH/Controllers/HomepageController.php(83): CodeIgniter\Debug\Exceptions->errorHandler(8, 'Undefined variable: course_teacher_id', '/var/www/html/app/Controllers/HomepageController.php', 83, [...])
 2 SYSTEMPATH/CodeIgniter.php(942): App\Controllers\HomepageController->Course_details_view('homepage_assets', 'img', 'logo.png')
 3 SYSTEMPATH/CodeIgniter.php(502): CodeIgniter\CodeIgniter->runController(Object(App\Controllers\HomepageController))
 4 SYSTEMPATH/CodeIgniter.php(361): CodeIgniter\CodeIgniter->handleRequest(null, Object(Config\Cache), false)
 5 FCPATH/index.php(79): CodeIgniter\CodeIgniter->run()
INFO - 2024-06-12 14:33:13 --> Session: Class initialized using 'CodeIgniter\Session\Handlers\FileHandler' driver.
CRITICAL - 2024-06-12 14:33:13 --> Undefined variable: course_teacher_id
in APPPATH/Controllers/HomepageController.php on line 83.
 1 APPPATH/Controllers/HomepageController.php(83): CodeIgniter\Debug\Exceptions->errorHandler(8, 'Undefined variable: course_teacher_id', '/var/www/html/app/Controllers/HomepageController.php', 83, [...])
 2 SYSTEMPATH/CodeIgniter.php(942): App\Controllers\HomepageController->Course_details_view('homepage_assets', 'img', 'logo.png')
 3 SYSTEMPATH/CodeIgniter.php(502): CodeIgniter\CodeIgniter->runController(Object(App\Controllers\HomepageController))
 4 SYSTEMPATH/CodeIgniter.php(361): CodeIgniter\CodeIgniter->handleRequest(null, Object(Config\Cache), false)
 5 FCPATH/index.php(79): CodeIgniter\CodeIgniter->run()
INFO - 2024-06-12 14:33:15 --> Session: Class initialized using 'CodeIgniter\Session\Handlers\FileHandler' driver.
CRITICAL - 2024-06-12 14:33:15 --> Undefined variable: course_teacher_id
in APPPATH/Controllers/HomepageController.php on line 83.
 1 APPPATH/Controllers/HomepageController.php(83): CodeIgniter\Debug\Exceptions->errorHandler(8, 'Undefined variable: course_teacher_id', '/var/www/html/app/Controllers/HomepageController.php', 83, [...])
 2 SYSTEMPATH/CodeIgniter.php(942): App\Controllers\HomepageController->Course_details_view('homepage_assets', 'img', 'logo.png')
 3 SYSTEMPATH/CodeIgniter.php(502): CodeIgniter\CodeIgniter->runController(Object(App\Controllers\HomepageController))
 4 SYSTEMPATH/CodeIgniter.php(361): CodeIgniter\CodeIgniter->handleRequest(null, Object(Config\Cache), false)
 5 FCPATH/index.php(79): CodeIgniter\CodeIgniter->run()
INFO - 2024-06-12 14:33:15 --> Session: Class initialized using 'CodeIgniter\Session\Handlers\FileHandler' driver.
CRITICAL - 2024-06-12 14:33:15 --> Undefined variable: course_teacher_id
in APPPATH/Controllers/HomepageController.php on line 83.
 1 APPPATH/Controllers/HomepageController.php(83): CodeIgniter\Debug\Exceptions->errorHandler(8, 'Undefined variable: course_teacher_id', '/var/www/html/app/Controllers/HomepageController.php', 83, [...])
 2 SYSTEMPATH/CodeIgniter.php(942): App\Controllers\HomepageController->Course_details_view('homepage_assets', 'img', 'logo.png')
 3 SYSTEMPATH/CodeIgniter.php(502): CodeIgniter\CodeIgniter->runController(Object(App\Controllers\HomepageController))
 4 SYSTEMPATH/CodeIgniter.php(361): CodeIgniter\CodeIgniter->handleRequest(null, Object(Config\Cache), false)
 5 FCPATH/index.php(79): CodeIgniter\CodeIgniter->run()
INFO - 2024-06-12 14:33:16 --> Session: Class initialized using 'CodeIgniter\Session\Handlers\FileHandler' driver.
CRITICAL - 2024-06-12 14:33:16 --> Undefined variable: course_teacher_id
in APPPATH/Controllers/HomepageController.php on line 83.
 1 APPPATH/Controllers/HomepageController.php(83): CodeIgniter\Debug\Exceptions->errorHandler(8, 'Undefined variable: course_teacher_id', '/var/www/html/app/Controllers/HomepageController.php', 83, [...])
 2 SYSTEMPATH/CodeIgniter.php(942): App\Controllers\HomepageController->Course_details_view('homepage_assets', 'img', 'logo.png')
 3 SYSTEMPATH/CodeIgniter.php(502): CodeIgniter\CodeIgniter->runController(Object(App\Controllers\HomepageController))
 4 SYSTEMPATH/CodeIgniter.php(361): CodeIgniter\CodeIgniter->handleRequest(null, Object(Config\Cache), false)
 5 FCPATH/index.php(79): CodeIgniter\CodeIgniter->run()
INFO - 2024-06-12 14:33:20 --> Session: Class initialized using 'CodeIgniter\Session\Handlers\FileHandler' driver.
CRITICAL - 2024-06-12 14:33:20 --> Undefined variable: course_teacher_id
in APPPATH/Controllers/HomepageController.php on line 83.
 1 APPPATH/Controllers/HomepageController.php(83): CodeIgniter\Debug\Exceptions->errorHandler(8, 'Undefined variable: course_teacher_id', '/var/www/html/app/Controllers/HomepageController.php', 83, [...])
 2 SYSTEMPATH/CodeIgniter.php(942): App\Controllers\HomepageController->Course_details_view('homepage_assets', 'img', 'logo.png')
 3 SYSTEMPATH/CodeIgniter.php(502): CodeIgniter\CodeIgniter->runController(Object(App\Controllers\HomepageController))
 4 SYSTEMPATH/CodeIgniter.php(361): CodeIgniter\CodeIgniter->handleRequest(null, Object(Config\Cache), false)
 5 FCPATH/index.php(79): CodeIgniter\CodeIgniter->run()
INFO - 2024-06-12 14:33:23 --> Session: Class initialized using 'CodeIgniter\Session\Handlers\FileHandler' driver.
INFO - 2024-06-12 14:33:23 --> Session: Class initialized using 'CodeIgniter\Session\Handlers\FileHandler' driver.
CRITICAL - 2024-06-12 14:33:23 --> Undefined variable: course_teacher_id
in APPPATH/Controllers/HomepageController.php on line 83.
 1 APPPATH/Controllers/HomepageController.php(83): CodeIgniter\Debug\Exceptions->errorHandler(8, 'Undefined variable: course_teacher_id', '/var/www/html/app/Controllers/HomepageController.php', 83, [...])
 2 SYSTEMPATH/CodeIgniter.php(942): App\Controllers\HomepageController->Course_details_view('homepage_assets', 'img', 'logo.png')
 3 SYSTEMPATH/CodeIgniter.php(502): CodeIgniter\CodeIgniter->runController(Object(App\Controllers\HomepageController))
 4 SYSTEMPATH/CodeIgniter.php(361): CodeIgniter\CodeIgniter->handleRequest(null, Object(Config\Cache), false)
 5 FCPATH/index.php(79): CodeIgniter\CodeIgniter->run()
INFO - 2024-06-12 14:33:23 --> Session: Class initialized using 'CodeIgniter\Session\Handlers\FileHandler' driver.
CRITICAL - 2024-06-12 14:33:23 --> Undefined variable: course_teacher_id
in APPPATH/Controllers/HomepageController.php on line 83.
 1 APPPATH/Controllers/HomepageController.php(83): CodeIgniter\Debug\Exceptions->errorHandler(8, 'Undefined variable: course_teacher_id', '/var/www/html/app/Controllers/HomepageController.php', 83, [...])
 2 SYSTEMPATH/CodeIgniter.php(942): App\Controllers\HomepageController->Course_details_view('homepage_assets', 'img', 'logo.png')
 3 SYSTEMPATH/CodeIgniter.php(502): CodeIgniter\CodeIgniter->runController(Object(App\Controllers\HomepageController))
 4 SYSTEMPATH/CodeIgniter.php(361): CodeIgniter\CodeIgniter->handleRequest(null, Object(Config\Cache), false)
 5 FCPATH/index.php(79): CodeIgniter\CodeIgniter->run()
INFO - 2024-06-12 14:33:26 --> Session: Class initialized using 'CodeIgniter\Session\Handlers\FileHandler' driver.
INFO - 2024-06-12 14:33:26 --> Session: Class initialized using 'CodeIgniter\Session\Handlers\FileHandler' driver.
CRITICAL - 2024-06-12 14:33:26 --> Undefined variable: course_teacher_id
in APPPATH/Controllers/HomepageController.php on line 83.
 1 APPPATH/Controllers/HomepageController.php(83): CodeIgniter\Debug\Exceptions->errorHandler(8, 'Undefined variable: course_teacher_id', '/var/www/html/app/Controllers/HomepageController.php', 83, [...])
 2 SYSTEMPATH/CodeIgniter.php(942): App\Controllers\HomepageController->Course_details_view('homepage_assets', 'img', 'logo.png')
 3 SYSTEMPATH/CodeIgniter.php(502): CodeIgniter\CodeIgniter->runController(Object(App\Controllers\HomepageController))
 4 SYSTEMPATH/CodeIgniter.php(361): CodeIgniter\CodeIgniter->handleRequest(null, Object(Config\Cache), false)
 5 FCPATH/index.php(79): CodeIgniter\CodeIgniter->run()
INFO - 2024-06-12 14:33:26 --> Session: Class initialized using 'CodeIgniter\Session\Handlers\FileHandler' driver.
CRITICAL - 2024-06-12 14:33:26 --> Undefined variable: course_teacher_id
in APPPATH/Controllers/HomepageController.php on line 83.
 1 APPPATH/Controllers/HomepageController.php(83): CodeIgniter\Debug\Exceptions->errorHandler(8, 'Undefined variable: course_teacher_id', '/var/www/html/app/Controllers/HomepageController.php', 83, [...])
 2 SYSTEMPATH/CodeIgniter.php(942): App\Controllers\HomepageController->Course_details_view('homepage_assets', 'img', 'logo.png')
 3 SYSTEMPATH/CodeIgniter.php(502): CodeIgniter\CodeIgniter->runController(Object(App\Controllers\HomepageController))
 4 SYSTEMPATH/CodeIgniter.php(361): CodeIgniter\CodeIgniter->handleRequest(null, Object(Config\Cache), false)
 5 FCPATH/index.php(79): CodeIgniter\CodeIgniter->run()
INFO - 2024-06-12 14:33:27 --> Session: Class initialized using 'CodeIgniter\Session\Handlers\FileHandler' driver.
CRITICAL - 2024-06-12 14:33:27 --> Undefined variable: course_teacher_id
in APPPATH/Controllers/HomepageController.php on line 83.
 1 APPPATH/Controllers/HomepageController.php(83): CodeIgniter\Debug\Exceptions->errorHandler(8, 'Undefined variable: course_teacher_id', '/var/www/html/app/Controllers/HomepageController.php', 83, [...])
 2 SYSTEMPATH/CodeIgniter.php(942): App\Controllers\HomepageController->Course_details_view('homepage_assets', 'img', 'logo.png')
 3 SYSTEMPATH/CodeIgniter.php(502): CodeIgniter\CodeIgniter->runController(Object(App\Controllers\HomepageController))
 4 SYSTEMPATH/CodeIgniter.php(361): CodeIgniter\CodeIgniter->handleRequest(null, Object(Config\Cache), false)
 5 FCPATH/index.php(79): CodeIgniter\CodeIgniter->run()
INFO - 2024-06-12 14:33:27 --> Session: Class initialized using 'CodeIgniter\Session\Handlers\FileHandler' driver.
CRITICAL - 2024-06-12 14:33:27 --> Undefined variable: course_teacher_id
in APPPATH/Controllers/HomepageController.php on line 83.
 1 APPPATH/Controllers/HomepageController.php(83): CodeIgniter\Debug\Exceptions->errorHandler(8, 'Undefined variable: course_teacher_id', '/var/www/html/app/Controllers/HomepageController.php', 83, [...])
 2 SYSTEMPATH/CodeIgniter.php(942): App\Controllers\HomepageController->Course_details_view('homepage_assets', 'img', 'favicon.png')
 3 SYSTEMPATH/CodeIgniter.php(502): CodeIgniter\CodeIgniter->runController(Object(App\Controllers\HomepageController))
 4 SYSTEMPATH/CodeIgniter.php(361): CodeIgniter\CodeIgniter->handleRequest(null, Object(Config\Cache), false)
 5 FCPATH/index.php(79): CodeIgniter\CodeIgniter->run()
INFO - 2024-06-12 14:33:27 --> Session: Class initialized using 'CodeIgniter\Session\Handlers\FileHandler' driver.
CRITICAL - 2024-06-12 14:33:27 --> Undefined variable: course_teacher_id
in APPPATH/Controllers/HomepageController.php on line 83.
 1 APPPATH/Controllers/HomepageController.php(83): CodeIgniter\Debug\Exceptions->errorHandler(8, 'Undefined variable: course_teacher_id', '/var/www/html/app/Controllers/HomepageController.php', 83, [...])
 2 SYSTEMPATH/CodeIgniter.php(942): App\Controllers\HomepageController->Course_details_view('homepage_assets', 'img', 'apple-touch-icon.png')
 3 SYSTEMPATH/CodeIgniter.php(502): CodeIgniter\CodeIgniter->runController(Object(App\Controllers\HomepageController))
 4 SYSTEMPATH/CodeIgniter.php(361): CodeIgniter\CodeIgniter->handleRequest(null, Object(Config\Cache), false)
 5 FCPATH/index.php(79): CodeIgniter\CodeIgniter->run()
INFO - 2024-06-12 14:33:29 --> Session: Class initialized using 'CodeIgniter\Session\Handlers\FileHandler' driver.
INFO - 2024-06-12 14:33:30 --> Session: Class initialized using 'CodeIgniter\Session\Handlers\FileHandler' driver.
CRITICAL - 2024-06-12 14:33:30 --> Undefined variable: course_teacher_id
in APPPATH/Controllers/HomepageController.php on line 83.
 1 APPPATH/Controllers/HomepageController.php(83): CodeIgniter\Debug\Exceptions->errorHandler(8, 'Undefined variable: course_teacher_id', '/var/www/html/app/Controllers/HomepageController.php', 83, [...])
 2 SYSTEMPATH/CodeIgniter.php(942): App\Controllers\HomepageController->Course_details_view('homepage_assets', 'img', 'logo.png')
 3 SYSTEMPATH/CodeIgniter.php(502): CodeIgniter\CodeIgniter->runController(Object(App\Controllers\HomepageController))
 4 SYSTEMPATH/CodeIgniter.php(361): CodeIgniter\CodeIgniter->handleRequest(null, Object(Config\Cache), false)
 5 FCPATH/index.php(79): CodeIgniter\CodeIgniter->run()
INFO - 2024-06-12 14:33:32 --> Session: Class initialized using 'CodeIgniter\Session\Handlers\FileHandler' driver.
INFO - 2024-06-12 14:33:32 --> Session: Class initialized using 'CodeIgniter\Session\Handlers\FileHandler' driver.
CRITICAL - 2024-06-12 14:33:32 --> Undefined variable: course_teacher_id
in APPPATH/Controllers/HomepageController.php on line 83.
 1 APPPATH/Controllers/HomepageController.php(83): CodeIgniter\Debug\Exceptions->errorHandler(8, 'Undefined variable: course_teacher_id', '/var/www/html/app/Controllers/HomepageController.php', 83, [...])
 2 SYSTEMPATH/CodeIgniter.php(942): App\Controllers\HomepageController->Course_details_view('homepage_assets', 'img', 'logo.png')
 3 SYSTEMPATH/CodeIgniter.php(502): CodeIgniter\CodeIgniter->runController(Object(App\Controllers\HomepageController))
 4 SYSTEMPATH/CodeIgniter.php(361): CodeIgniter\CodeIgniter->handleRequest(null, Object(Config\Cache), false)
 5 FCPATH/index.php(79): CodeIgniter\CodeIgniter->run()
INFO - 2024-06-12 14:33:33 --> Session: Class initialized using 'CodeIgniter\Session\Handlers\FileHandler' driver.
CRITICAL - 2024-06-12 14:33:33 --> Undefined variable: course_teacher_id
in APPPATH/Controllers/HomepageController.php on line 83.
 1 APPPATH/Controllers/HomepageController.php(83): CodeIgniter\Debug\Exceptions->errorHandler(8, 'Undefined variable: course_teacher_id', '/var/www/html/app/Controllers/HomepageController.php', 83, [...])
 2 SYSTEMPATH/CodeIgniter.php(942): App\Controllers\HomepageController->Course_details_view('homepage_assets', 'img', 'logo.png')
 3 SYSTEMPATH/CodeIgniter.php(502): CodeIgniter\CodeIgniter->runController(Object(App\Controllers\HomepageController))
 4 SYSTEMPATH/CodeIgniter.php(361): CodeIgniter\CodeIgniter->handleRequest(null, Object(Config\Cache), false)
 5 FCPATH/index.php(79): CodeIgniter\CodeIgniter->run()
INFO - 2024-06-12 14:33:33 --> Session: Class initialized using 'CodeIgniter\Session\Handlers\FileHandler' driver.
CRITICAL - 2024-06-12 14:33:33 --> Undefined variable: course_teacher_id
in APPPATH/Controllers/HomepageController.php on line 83.
 1 APPPATH/Controllers/HomepageController.php(83): CodeIgniter\Debug\Exceptions->errorHandler(8, 'Undefined variable: course_teacher_id', '/var/www/html/app/Controllers/HomepageController.php', 83, [...])
 2 SYSTEMPATH/CodeIgniter.php(942): App\Controllers\HomepageController->Course_details_view('homepage_assets', 'img', 'logo.png')
 3 SYSTEMPATH/CodeIgniter.php(502): CodeIgniter\CodeIgniter->runController(Object(App\Controllers\HomepageController))
 4 SYSTEMPATH/CodeIgniter.php(361): CodeIgniter\CodeIgniter->handleRequest(null, Object(Config\Cache), false)
 5 FCPATH/index.php(79): CodeIgniter\CodeIgniter->run()
INFO - 2024-06-12 14:33:35 --> Session: Class initialized using 'CodeIgniter\Session\Handlers\FileHandler' driver.
CRITICAL - 2024-06-12 14:33:35 --> Undefined variable: course_teacher_id
in APPPATH/Controllers/HomepageController.php on line 83.
 1 APPPATH/Controllers/HomepageController.php(83): CodeIgniter\Debug\Exceptions->errorHandler(8, 'Undefined variable: course_teacher_id', '/var/www/html/app/Controllers/HomepageController.php', 83, [...])
 2 SYSTEMPATH/CodeIgniter.php(942): App\Controllers\HomepageController->Course_details_view('homepage_assets', 'img', 'logo.png')
 3 SYSTEMPATH/CodeIgniter.php(502): CodeIgniter\CodeIgniter->runController(Object(App\Controllers\HomepageController))
 4 SYSTEMPATH/CodeIgniter.php(361): CodeIgniter\CodeIgniter->handleRequest(null, Object(Config\Cache), false)
 5 FCPATH/index.php(79): CodeIgniter\CodeIgniter->run()
INFO - 2024-06-12 14:33:40 --> Session: Class initialized using 'CodeIgniter\Session\Handlers\FileHandler' driver.
CRITICAL - 2024-06-12 14:33:40 --> Undefined variable: course_teacher_id
in APPPATH/Controllers/HomepageController.php on line 83.
 1 APPPATH/Controllers/HomepageController.php(83): CodeIgniter\Debug\Exceptions->errorHandler(8, 'Undefined variable: course_teacher_id', '/var/www/html/app/Controllers/HomepageController.php', 83, [...])
 2 SYSTEMPATH/CodeIgniter.php(942): App\Controllers\HomepageController->Course_details_view('homepage_assets', 'img', 'logo.png')
 3 SYSTEMPATH/CodeIgniter.php(502): CodeIgniter\CodeIgniter->runController(Object(App\Controllers\HomepageController))
 4 SYSTEMPATH/CodeIgniter.php(361): CodeIgniter\CodeIgniter->handleRequest(null, Object(Config\Cache), false)
 5 FCPATH/index.php(79): CodeIgniter\CodeIgniter->run()
INFO - 2024-06-12 14:33:53 --> Session: Class initialized using 'CodeIgniter\Session\Handlers\FileHandler' driver.
CRITICAL - 2024-06-12 14:33:53 --> Undefined variable: course_teacher_id
in APPPATH/Controllers/HomepageController.php on line 83.
 1 APPPATH/Controllers/HomepageController.php(83): CodeIgniter\Debug\Exceptions->errorHandler(8, 'Undefined variable: course_teacher_id', '/var/www/html/app/Controllers/HomepageController.php', 83, [...])
 2 SYSTEMPATH/CodeIgniter.php(942): App\Controllers\HomepageController->Course_details_view('homepage_assets', 'img', 'logo.png')
 3 SYSTEMPATH/CodeIgniter.php(502): CodeIgniter\CodeIgniter->runController(Object(App\Controllers\HomepageController))
 4 SYSTEMPATH/CodeIgniter.php(361): CodeIgniter\CodeIgniter->handleRequest(null, Object(Config\Cache), false)
 5 FCPATH/index.php(79): CodeIgniter\CodeIgniter->run()
INFO - 2024-06-12 14:33:53 --> Session: Class initialized using 'CodeIgniter\Session\Handlers\FileHandler' driver.
CRITICAL - 2024-06-12 14:33:53 --> Undefined variable: course_teacher_id
in APPPATH/Controllers/HomepageController.php on line 83.
 1 APPPATH/Controllers/HomepageController.php(83): CodeIgniter\Debug\Exceptions->errorHandler(8, 'Undefined variable: course_teacher_id', '/var/www/html/app/Controllers/HomepageController.php', 83, [...])
 2 SYSTEMPATH/CodeIgniter.php(942): App\Controllers\HomepageController->Course_details_view('homepage_assets', 'img', 'logo.png')
 3 SYSTEMPATH/CodeIgniter.php(502): CodeIgniter\CodeIgniter->runController(Object(App\Controllers\HomepageController))
 4 SYSTEMPATH/CodeIgniter.php(361): CodeIgniter\CodeIgniter->handleRequest(null, Object(Config\Cache), false)
 5 FCPATH/index.php(79): CodeIgniter\CodeIgniter->run()
INFO - 2024-06-12 14:33:55 --> Session: Class initialized using 'CodeIgniter\Session\Handlers\FileHandler' driver.
CRITICAL - 2024-06-12 14:33:55 --> Undefined variable: course_teacher_id
in APPPATH/Controllers/HomepageController.php on line 83.
 1 APPPATH/Controllers/HomepageController.php(83): CodeIgniter\Debug\Exceptions->errorHandler(8, 'Undefined variable: course_teacher_id', '/var/www/html/app/Controllers/HomepageController.php', 83, [...])
 2 SYSTEMPATH/CodeIgniter.php(942): App\Controllers\HomepageController->Course_details_view('homepage_assets', 'img', 'logo.png')
 3 SYSTEMPATH/CodeIgniter.php(502): CodeIgniter\CodeIgniter->runController(Object(App\Controllers\HomepageController))
 4 SYSTEMPATH/CodeIgniter.php(361): CodeIgniter\CodeIgniter->handleRequest(null, Object(Config\Cache), false)
 5 FCPATH/index.php(79): CodeIgniter\CodeIgniter->run()
INFO - 2024-06-12 14:33:59 --> Session: Class initialized using 'CodeIgniter\Session\Handlers\FileHandler' driver.
CRITICAL - 2024-06-12 14:33:59 --> Undefined variable: course_teacher_id
in APPPATH/Controllers/HomepageController.php on line 83.
 1 APPPATH/Controllers/HomepageController.php(83): CodeIgniter\Debug\Exceptions->errorHandler(8, 'Undefined variable: course_teacher_id', '/var/www/html/app/Controllers/HomepageController.php', 83, [...])
 2 SYSTEMPATH/CodeIgniter.php(942): App\Controllers\HomepageController->Course_details_view('homepage_assets', 'img', 'logo.png')
 3 SYSTEMPATH/CodeIgniter.php(502): CodeIgniter\CodeIgniter->runController(Object(App\Controllers\HomepageController))
 4 SYSTEMPATH/CodeIgniter.php(361): CodeIgniter\CodeIgniter->handleRequest(null, Object(Config\Cache), false)
 5 FCPATH/index.php(79): CodeIgniter\CodeIgniter->run()
INFO - 2024-06-12 14:34:12 --> Session: Class initialized using 'CodeIgniter\Session\Handlers\FileHandler' driver.
CRITICAL - 2024-06-12 14:34:12 --> Undefined variable: course_teacher_id
in APPPATH/Controllers/HomepageController.php on line 83.
 1 APPPATH/Controllers/HomepageController.php(83): CodeIgniter\Debug\Exceptions->errorHandler(8, 'Undefined variable: course_teacher_id', '/var/www/html/app/Controllers/HomepageController.php', 83, [...])
 2 SYSTEMPATH/CodeIgniter.php(942): App\Controllers\HomepageController->Course_details_view('homepage_assets', 'img', 'logo.png')
 3 SYSTEMPATH/CodeIgniter.php(502): CodeIgniter\CodeIgniter->runController(Object(App\Controllers\HomepageController))
 4 SYSTEMPATH/CodeIgniter.php(361): CodeIgniter\CodeIgniter->handleRequest(null, Object(Config\Cache), false)
 5 FCPATH/index.php(79): CodeIgniter\CodeIgniter->run()
INFO - 2024-06-12 14:34:12 --> Session: Class initialized using 'CodeIgniter\Session\Handlers\FileHandler' driver.
CRITICAL - 2024-06-12 14:34:12 --> Undefined variable: course_teacher_id
in APPPATH/Controllers/HomepageController.php on line 83.
 1 APPPATH/Controllers/HomepageController.php(83): CodeIgniter\Debug\Exceptions->errorHandler(8, 'Undefined variable: course_teacher_id', '/var/www/html/app/Controllers/HomepageController.php', 83, [...])
 2 SYSTEMPATH/CodeIgniter.php(942): App\Controllers\HomepageController->Course_details_view('homepage_assets', 'img', 'logo.png')
 3 SYSTEMPATH/CodeIgniter.php(502): CodeIgniter\CodeIgniter->runController(Object(App\Controllers\HomepageController))
 4 SYSTEMPATH/CodeIgniter.php(361): CodeIgniter\CodeIgniter->handleRequest(null, Object(Config\Cache), false)
 5 FCPATH/index.php(79): CodeIgniter\CodeIgniter->run()
INFO - 2024-06-12 14:34:14 --> Session: Class initialized using 'CodeIgniter\Session\Handlers\FileHandler' driver.
CRITICAL - 2024-06-12 14:34:14 --> Undefined variable: course_teacher_id
in APPPATH/Controllers/HomepageController.php on line 83.
 1 APPPATH/Controllers/HomepageController.php(83): CodeIgniter\Debug\Exceptions->errorHandler(8, 'Undefined variable: course_teacher_id', '/var/www/html/app/Controllers/HomepageController.php', 83, [...])
 2 SYSTEMPATH/CodeIgniter.php(942): App\Controllers\HomepageController->Course_details_view('homepage_assets', 'img', 'logo.png')
 3 SYSTEMPATH/CodeIgniter.php(502): CodeIgniter\CodeIgniter->runController(Object(App\Controllers\HomepageController))
 4 SYSTEMPATH/CodeIgniter.php(361): CodeIgniter\CodeIgniter->handleRequest(null, Object(Config\Cache), false)
 5 FCPATH/index.php(79): CodeIgniter\CodeIgniter->run()
INFO - 2024-06-12 14:34:19 --> Session: Class initialized using 'CodeIgniter\Session\Handlers\FileHandler' driver.
CRITICAL - 2024-06-12 14:34:19 --> Undefined variable: course_teacher_id
in APPPATH/Controllers/HomepageController.php on line 83.
 1 APPPATH/Controllers/HomepageController.php(83): CodeIgniter\Debug\Exceptions->errorHandler(8, 'Undefined variable: course_teacher_id', '/var/www/html/app/Controllers/HomepageController.php', 83, [...])
 2 SYSTEMPATH/CodeIgniter.php(942): App\Controllers\HomepageController->Course_details_view('homepage_assets', 'img', 'logo.png')
 3 SYSTEMPATH/CodeIgniter.php(502): CodeIgniter\CodeIgniter->runController(Object(App\Controllers\HomepageController))
 4 SYSTEMPATH/CodeIgniter.php(361): CodeIgniter\CodeIgniter->handleRequest(null, Object(Config\Cache), false)
 5 FCPATH/index.php(79): CodeIgniter\CodeIgniter->run()
INFO - 2024-06-12 14:34:29 --> Session: Class initialized using 'CodeIgniter\Session\Handlers\FileHandler' driver.
INFO - 2024-06-12 14:34:30 --> Session: Class initialized using 'CodeIgniter\Session\Handlers\FileHandler' driver.
CRITICAL - 2024-06-12 14:34:30 --> Undefined variable: course_teacher_id
in APPPATH/Controllers/HomepageController.php on line 83.
 1 APPPATH/Controllers/HomepageController.php(83): CodeIgniter\Debug\Exceptions->errorHandler(8, 'Undefined variable: course_teacher_id', '/var/www/html/app/Controllers/HomepageController.php', 83, [...])
 2 SYSTEMPATH/CodeIgniter.php(942): App\Controllers\HomepageController->Course_details_view('homepage_assets', 'img', 'logo.png')
 3 SYSTEMPATH/CodeIgniter.php(502): CodeIgniter\CodeIgniter->runController(Object(App\Controllers\HomepageController))
 4 SYSTEMPATH/CodeIgniter.php(361): CodeIgniter\CodeIgniter->handleRequest(null, Object(Config\Cache), false)
 5 FCPATH/index.php(79): CodeIgniter\CodeIgniter->run()
INFO - 2024-06-12 14:34:30 --> Session: Class initialized using 'CodeIgniter\Session\Handlers\FileHandler' driver.
CRITICAL - 2024-06-12 14:34:30 --> Undefined variable: course_teacher_id
in APPPATH/Controllers/HomepageController.php on line 83.
 1 APPPATH/Controllers/HomepageController.php(83): CodeIgniter\Debug\Exceptions->errorHandler(8, 'Undefined variable: course_teacher_id', '/var/www/html/app/Controllers/HomepageController.php', 83, [...])
 2 SYSTEMPATH/CodeIgniter.php(942): App\Controllers\HomepageController->Course_details_view('homepage_assets', 'img', 'logo.png')
 3 SYSTEMPATH/CodeIgniter.php(502): CodeIgniter\CodeIgniter->runController(Object(App\Controllers\HomepageController))
 4 SYSTEMPATH/CodeIgniter.php(361): CodeIgniter\CodeIgniter->handleRequest(null, Object(Config\Cache), false)
 5 FCPATH/index.php(79): CodeIgniter\CodeIgniter->run()
INFO - 2024-06-12 14:34:31 --> Session: Class initialized using 'CodeIgniter\Session\Handlers\FileHandler' driver.
CRITICAL - 2024-06-12 14:34:31 --> Undefined variable: course_teacher_id
in APPPATH/Controllers/HomepageController.php on line 83.
 1 APPPATH/Controllers/HomepageController.php(83): CodeIgniter\Debug\Exceptions->errorHandler(8, 'Undefined variable: course_teacher_id', '/var/www/html/app/Controllers/HomepageController.php', 83, [...])
 2 SYSTEMPATH/CodeIgniter.php(942): App\Controllers\HomepageController->Course_details_view('homepage_assets', 'img', 'apple-touch-icon.png')
 3 SYSTEMPATH/CodeIgniter.php(502): CodeIgniter\CodeIgniter->runController(Object(App\Controllers\HomepageController))
 4 SYSTEMPATH/CodeIgniter.php(361): CodeIgniter\CodeIgniter->handleRequest(null, Object(Config\Cache), false)
 5 FCPATH/index.php(79): CodeIgniter\CodeIgniter->run()
INFO - 2024-06-12 14:34:31 --> Session: Class initialized using 'CodeIgniter\Session\Handlers\FileHandler' driver.
CRITICAL - 2024-06-12 14:34:31 --> Undefined variable: course_teacher_id
in APPPATH/Controllers/HomepageController.php on line 83.
 1 APPPATH/Controllers/HomepageController.php(83): CodeIgniter\Debug\Exceptions->errorHandler(8, 'Undefined variable: course_teacher_id', '/var/www/html/app/Controllers/HomepageController.php', 83, [...])
 2 SYSTEMPATH/CodeIgniter.php(942): App\Controllers\HomepageController->Course_details_view('homepage_assets', 'img', 'favicon.png')
 3 SYSTEMPATH/CodeIgniter.php(502): CodeIgniter\CodeIgniter->runController(Object(App\Controllers\HomepageController))
 4 SYSTEMPATH/CodeIgniter.php(361): CodeIgniter\CodeIgniter->handleRequest(null, Object(Config\Cache), false)
 5 FCPATH/index.php(79): CodeIgniter\CodeIgniter->run()
INFO - 2024-06-12 14:34:32 --> Session: Class initialized using 'CodeIgniter\Session\Handlers\FileHandler' driver.
CRITICAL - 2024-06-12 14:34:32 --> Undefined variable: course_teacher_id
in APPPATH/Controllers/HomepageController.php on line 83.
 1 APPPATH/Controllers/HomepageController.php(83): CodeIgniter\Debug\Exceptions->errorHandler(8, 'Undefined variable: course_teacher_id', '/var/www/html/app/Controllers/HomepageController.php', 83, [...])
 2 SYSTEMPATH/CodeIgniter.php(942): App\Controllers\HomepageController->Course_details_view('homepage_assets', 'img', 'logo.png')
 3 SYSTEMPATH/CodeIgniter.php(502): CodeIgniter\CodeIgniter->runController(Object(App\Controllers\HomepageController))
 4 SYSTEMPATH/CodeIgniter.php(361): CodeIgniter\CodeIgniter->handleRequest(null, Object(Config\Cache), false)
 5 FCPATH/index.php(79): CodeIgniter\CodeIgniter->run()
INFO - 2024-06-12 14:34:32 --> Session: Class initialized using 'CodeIgniter\Session\Handlers\FileHandler' driver.
CRITICAL - 2024-06-12 14:34:32 --> Undefined variable: course_teacher_id
in APPPATH/Controllers/HomepageController.php on line 83.
 1 APPPATH/Controllers/HomepageController.php(83): CodeIgniter\Debug\Exceptions->errorHandler(8, 'Undefined variable: course_teacher_id', '/var/www/html/app/Controllers/HomepageController.php', 83, [...])
 2 SYSTEMPATH/CodeIgniter.php(942): App\Controllers\HomepageController->Course_details_view('homepage_assets', 'img', 'logo.png')
 3 SYSTEMPATH/CodeIgniter.php(502): CodeIgniter\CodeIgniter->runController(Object(App\Controllers\HomepageController))
 4 SYSTEMPATH/CodeIgniter.php(361): CodeIgniter\CodeIgniter->handleRequest(null, Object(Config\Cache), false)
 5 FCPATH/index.php(79): CodeIgniter\CodeIgniter->run()
INFO - 2024-06-12 14:34:34 --> Session: Class initialized using 'CodeIgniter\Session\Handlers\FileHandler' driver.
CRITICAL - 2024-06-12 14:34:34 --> Undefined variable: course_teacher_id
in APPPATH/Controllers/HomepageController.php on line 83.
 1 APPPATH/Controllers/HomepageController.php(83): CodeIgniter\Debug\Exceptions->errorHandler(8, 'Undefined variable: course_teacher_id', '/var/www/html/app/Controllers/HomepageController.php', 83, [...])
 2 SYSTEMPATH/CodeIgniter.php(942): App\Controllers\HomepageController->Course_details_view('homepage_assets', 'img', 'logo.png')
 3 SYSTEMPATH/CodeIgniter.php(502): CodeIgniter\CodeIgniter->runController(Object(App\Controllers\HomepageController))
 4 SYSTEMPATH/CodeIgniter.php(361): CodeIgniter\CodeIgniter->handleRequest(null, Object(Config\Cache), false)
 5 FCPATH/index.php(79): CodeIgniter\CodeIgniter->run()
INFO - 2024-06-12 14:34:38 --> Session: Class initialized using 'CodeIgniter\Session\Handlers\FileHandler' driver.
CRITICAL - 2024-06-12 14:34:38 --> Undefined variable: course_teacher_id
in APPPATH/Controllers/HomepageController.php on line 83.
 1 APPPATH/Controllers/HomepageController.php(83): CodeIgniter\Debug\Exceptions->errorHandler(8, 'Undefined variable: course_teacher_id', '/var/www/html/app/Controllers/HomepageController.php', 83, [...])
 2 SYSTEMPATH/CodeIgniter.php(942): App\Controllers\HomepageController->Course_details_view('homepage_assets', 'img', 'logo.png')
 3 SYSTEMPATH/CodeIgniter.php(502): CodeIgniter\CodeIgniter->runController(Object(App\Controllers\HomepageController))
 4 SYSTEMPATH/CodeIgniter.php(361): CodeIgniter\CodeIgniter->handleRequest(null, Object(Config\Cache), false)
 5 FCPATH/index.php(79): CodeIgniter\CodeIgniter->run()
INFO - 2024-06-12 14:34:52 --> Session: Class initialized using 'CodeIgniter\Session\Handlers\FileHandler' driver.
CRITICAL - 2024-06-12 14:34:52 --> Undefined variable: course_teacher_id
in APPPATH/Controllers/HomepageController.php on line 83.
 1 APPPATH/Controllers/HomepageController.php(83): CodeIgniter\Debug\Exceptions->errorHandler(8, 'Undefined variable: course_teacher_id', '/var/www/html/app/Controllers/HomepageController.php', 83, [...])
 2 SYSTEMPATH/CodeIgniter.php(942): App\Controllers\HomepageController->Course_details_view('homepage_assets', 'img', 'logo.png')
 3 SYSTEMPATH/CodeIgniter.php(502): CodeIgniter\CodeIgniter->runController(Object(App\Controllers\HomepageController))
 4 SYSTEMPATH/CodeIgniter.php(361): CodeIgniter\CodeIgniter->handleRequest(null, Object(Config\Cache), false)
 5 FCPATH/index.php(79): CodeIgniter\CodeIgniter->run()
INFO - 2024-06-12 14:34:54 --> Session: Class initialized using 'CodeIgniter\Session\Handlers\FileHandler' driver.
CRITICAL - 2024-06-12 14:34:54 --> Undefined variable: course_teacher_id
in APPPATH/Controllers/HomepageController.php on line 83.
 1 APPPATH/Controllers/HomepageController.php(83): CodeIgniter\Debug\Exceptions->errorHandler(8, 'Undefined variable: course_teacher_id', '/var/www/html/app/Controllers/HomepageController.php', 83, [...])
 2 SYSTEMPATH/CodeIgniter.php(942): App\Controllers\HomepageController->Course_details_view('homepage_assets', 'img', 'logo.png')
 3 SYSTEMPATH/CodeIgniter.php(502): CodeIgniter\CodeIgniter->runController(Object(App\Controllers\HomepageController))
 4 SYSTEMPATH/CodeIgniter.php(361): CodeIgniter\CodeIgniter->handleRequest(null, Object(Config\Cache), false)
 5 FCPATH/index.php(79): CodeIgniter\CodeIgniter->run()
INFO - 2024-06-12 14:34:58 --> Session: Class initialized using 'CodeIgniter\Session\Handlers\FileHandler' driver.
CRITICAL - 2024-06-12 14:34:58 --> Undefined variable: course_teacher_id
in APPPATH/Controllers/HomepageController.php on line 83.
 1 APPPATH/Controllers/HomepageController.php(83): CodeIgniter\Debug\Exceptions->errorHandler(8, 'Undefined variable: course_teacher_id', '/var/www/html/app/Controllers/HomepageController.php', 83, [...])
 2 SYSTEMPATH/CodeIgniter.php(942): App\Controllers\HomepageController->Course_details_view('homepage_assets', 'img', 'logo.png')
 3 SYSTEMPATH/CodeIgniter.php(502): CodeIgniter\CodeIgniter->runController(Object(App\Controllers\HomepageController))
 4 SYSTEMPATH/CodeIgniter.php(361): CodeIgniter\CodeIgniter->handleRequest(null, Object(Config\Cache), false)
 5 FCPATH/index.php(79): CodeIgniter\CodeIgniter->run()
INFO - 2024-06-12 14:35:11 --> Session: Class initialized using 'CodeIgniter\Session\Handlers\FileHandler' driver.
CRITICAL - 2024-06-12 14:35:11 --> Undefined variable: course_teacher_id
in APPPATH/Controllers/HomepageController.php on line 83.
 1 APPPATH/Controllers/HomepageController.php(83): CodeIgniter\Debug\Exceptions->errorHandler(8, 'Undefined variable: course_teacher_id', '/var/www/html/app/Controllers/HomepageController.php', 83, [...])
 2 SYSTEMPATH/CodeIgniter.php(942): App\Controllers\HomepageController->Course_details_view('homepage_assets', 'img', 'logo.png')
 3 SYSTEMPATH/CodeIgniter.php(502): CodeIgniter\CodeIgniter->runController(Object(App\Controllers\HomepageController))
 4 SYSTEMPATH/CodeIgniter.php(361): CodeIgniter\CodeIgniter->handleRequest(null, Object(Config\Cache), false)
 5 FCPATH/index.php(79): CodeIgniter\CodeIgniter->run()
INFO - 2024-06-12 14:35:13 --> Session: Class initialized using 'CodeIgniter\Session\Handlers\FileHandler' driver.
CRITICAL - 2024-06-12 14:35:13 --> Undefined variable: course_teacher_id
in APPPATH/Controllers/HomepageController.php on line 83.
 1 APPPATH/Controllers/HomepageController.php(83): CodeIgniter\Debug\Exceptions->errorHandler(8, 'Undefined variable: course_teacher_id', '/var/www/html/app/Controllers/HomepageController.php', 83, [...])
 2 SYSTEMPATH/CodeIgniter.php(942): App\Controllers\HomepageController->Course_details_view('homepage_assets', 'img', 'logo.png')
 3 SYSTEMPATH/CodeIgniter.php(502): CodeIgniter\CodeIgniter->runController(Object(App\Controllers\HomepageController))
 4 SYSTEMPATH/CodeIgniter.php(361): CodeIgniter\CodeIgniter->handleRequest(null, Object(Config\Cache), false)
 5 FCPATH/index.php(79): CodeIgniter\CodeIgniter->run()
INFO - 2024-06-12 14:35:17 --> Session: Class initialized using 'CodeIgniter\Session\Handlers\FileHandler' driver.
CRITICAL - 2024-06-12 14:35:17 --> Undefined variable: course_teacher_id
in APPPATH/Controllers/HomepageController.php on line 83.
 1 APPPATH/Controllers/HomepageController.php(83): CodeIgniter\Debug\Exceptions->errorHandler(8, 'Undefined variable: course_teacher_id', '/var/www/html/app/Controllers/HomepageController.php', 83, [...])
 2 SYSTEMPATH/CodeIgniter.php(942): App\Controllers\HomepageController->Course_details_view('homepage_assets', 'img', 'logo.png')
 3 SYSTEMPATH/CodeIgniter.php(502): CodeIgniter\CodeIgniter->runController(Object(App\Controllers\HomepageController))
 4 SYSTEMPATH/CodeIgniter.php(361): CodeIgniter\CodeIgniter->handleRequest(null, Object(Config\Cache), false)
 5 FCPATH/index.php(79): CodeIgniter\CodeIgniter->run()
INFO - 2024-06-12 14:35:30 --> Session: Class initialized using 'CodeIgniter\Session\Handlers\FileHandler' driver.
CRITICAL - 2024-06-12 14:35:30 --> Undefined variable: course_teacher_id
in APPPATH/Controllers/HomepageController.php on line 83.
 1 APPPATH/Controllers/HomepageController.php(83): CodeIgniter\Debug\Exceptions->errorHandler(8, 'Undefined variable: course_teacher_id', '/var/www/html/app/Controllers/HomepageController.php', 83, [...])
 2 SYSTEMPATH/CodeIgniter.php(942): App\Controllers\HomepageController->Course_details_view('homepage_assets', 'img', 'logo.png')
 3 SYSTEMPATH/CodeIgniter.php(502): CodeIgniter\CodeIgniter->runController(Object(App\Controllers\HomepageController))
 4 SYSTEMPATH/CodeIgniter.php(361): CodeIgniter\CodeIgniter->handleRequest(null, Object(Config\Cache), false)
 5 FCPATH/index.php(79): CodeIgniter\CodeIgniter->run()
INFO - 2024-06-12 14:35:32 --> Session: Class initialized using 'CodeIgniter\Session\Handlers\FileHandler' driver.
CRITICAL - 2024-06-12 14:35:32 --> Undefined variable: course_teacher_id
in APPPATH/Controllers/HomepageController.php on line 83.
 1 APPPATH/Controllers/HomepageController.php(83): CodeIgniter\Debug\Exceptions->errorHandler(8, 'Undefined variable: course_teacher_id', '/var/www/html/app/Controllers/HomepageController.php', 83, [...])
 2 SYSTEMPATH/CodeIgniter.php(942): App\Controllers\HomepageController->Course_details_view('homepage_assets', 'img', 'logo.png')
 3 SYSTEMPATH/CodeIgniter.php(502): CodeIgniter\CodeIgniter->runController(Object(App\Controllers\HomepageController))
 4 SYSTEMPATH/CodeIgniter.php(361): CodeIgniter\CodeIgniter->handleRequest(null, Object(Config\Cache), false)
 5 FCPATH/index.php(79): CodeIgniter\CodeIgniter->run()
INFO - 2024-06-12 14:35:36 --> Session: Class initialized using 'CodeIgniter\Session\Handlers\FileHandler' driver.
CRITICAL - 2024-06-12 14:35:36 --> Undefined variable: course_teacher_id
in APPPATH/Controllers/HomepageController.php on line 83.
 1 APPPATH/Controllers/HomepageController.php(83): CodeIgniter\Debug\Exceptions->errorHandler(8, 'Undefined variable: course_teacher_id', '/var/www/html/app/Controllers/HomepageController.php', 83, [...])
 2 SYSTEMPATH/CodeIgniter.php(942): App\Controllers\HomepageController->Course_details_view('homepage_assets', 'img', 'logo.png')
 3 SYSTEMPATH/CodeIgniter.php(502): CodeIgniter\CodeIgniter->runController(Object(App\Controllers\HomepageController))
 4 SYSTEMPATH/CodeIgniter.php(361): CodeIgniter\CodeIgniter->handleRequest(null, Object(Config\Cache), false)
 5 FCPATH/index.php(79): CodeIgniter\CodeIgniter->run()
INFO - 2024-06-12 14:35:45 --> Session: Class initialized using 'CodeIgniter\Session\Handlers\FileHandler' driver.
CRITICAL - 2024-06-12 14:35:45 --> Undefined variable: course_teacher_id
in APPPATH/Controllers/HomepageController.php on line 83.
 1 APPPATH/Controllers/HomepageController.php(83): CodeIgniter\Debug\Exceptions->errorHandler(8, 'Undefined variable: course_teacher_id', '/var/www/html/app/Controllers/HomepageController.php', 83, [...])
 2 SYSTEMPATH/CodeIgniter.php(942): App\Controllers\HomepageController->Course_details_view('homepage_assets', 'img', 'logo.png')
 3 SYSTEMPATH/CodeIgniter.php(502): CodeIgniter\CodeIgniter->runController(Object(App\Controllers\HomepageController))
 4 SYSTEMPATH/CodeIgniter.php(361): CodeIgniter\CodeIgniter->handleRequest(null, Object(Config\Cache), false)
 5 FCPATH/index.php(79): CodeIgniter\CodeIgniter->run()
INFO - 2024-06-12 14:35:49 --> Session: Class initialized using 'CodeIgniter\Session\Handlers\FileHandler' driver.
CRITICAL - 2024-06-12 14:35:49 --> Undefined variable: course_teacher_id
in APPPATH/Controllers/HomepageController.php on line 83.
 1 APPPATH/Controllers/HomepageController.php(83): CodeIgniter\Debug\Exceptions->errorHandler(8, 'Undefined variable: course_teacher_id', '/var/www/html/app/Controllers/HomepageController.php', 83, [...])
 2 SYSTEMPATH/CodeIgniter.php(942): App\Controllers\HomepageController->Course_details_view('homepage_assets', 'img', 'logo.png')
 3 SYSTEMPATH/CodeIgniter.php(502): CodeIgniter\CodeIgniter->runController(Object(App\Controllers\HomepageController))
 4 SYSTEMPATH/CodeIgniter.php(361): CodeIgniter\CodeIgniter->handleRequest(null, Object(Config\Cache), false)
 5 FCPATH/index.php(79): CodeIgniter\CodeIgniter->run()
INFO - 2024-06-12 14:35:49 --> Session: Class initialized using 'CodeIgniter\Session\Handlers\FileHandler' driver.
CRITICAL - 2024-06-12 14:35:49 --> Undefined variable: course_teacher_id
in APPPATH/Controllers/HomepageController.php on line 83.
 1 APPPATH/Controllers/HomepageController.php(83): CodeIgniter\Debug\Exceptions->errorHandler(8, 'Undefined variable: course_teacher_id', '/var/www/html/app/Controllers/HomepageController.php', 83, [...])
 2 SYSTEMPATH/CodeIgniter.php(942): App\Controllers\HomepageController->Course_details_view('homepage_assets', 'img', 'logo.png')
 3 SYSTEMPATH/CodeIgniter.php(502): CodeIgniter\CodeIgniter->runController(Object(App\Controllers\HomepageController))
 4 SYSTEMPATH/CodeIgniter.php(361): CodeIgniter\CodeIgniter->handleRequest(null, Object(Config\Cache), false)
 5 FCPATH/index.php(79): CodeIgniter\CodeIgniter->run()
INFO - 2024-06-12 14:35:51 --> Session: Class initialized using 'CodeIgniter\Session\Handlers\FileHandler' driver.
CRITICAL - 2024-06-12 14:35:51 --> Undefined variable: course_teacher_id
in APPPATH/Controllers/HomepageController.php on line 83.
 1 APPPATH/Controllers/HomepageController.php(83): CodeIgniter\Debug\Exceptions->errorHandler(8, 'Undefined variable: course_teacher_id', '/var/www/html/app/Controllers/HomepageController.php', 83, [...])
 2 SYSTEMPATH/CodeIgniter.php(942): App\Controllers\HomepageController->Course_details_view('homepage_assets', 'img', 'logo.png')
 3 SYSTEMPATH/CodeIgniter.php(502): CodeIgniter\CodeIgniter->runController(Object(App\Controllers\HomepageController))
 4 SYSTEMPATH/CodeIgniter.php(361): CodeIgniter\CodeIgniter->handleRequest(null, Object(Config\Cache), false)
 5 FCPATH/index.php(79): CodeIgniter\CodeIgniter->run()
INFO - 2024-06-12 14:35:54 --> Session: Class initialized using 'CodeIgniter\Session\Handlers\FileHandler' driver.
CRITICAL - 2024-06-12 14:35:54 --> Undefined variable: course_teacher_id
in APPPATH/Controllers/HomepageController.php on line 83.
 1 APPPATH/Controllers/HomepageController.php(83): CodeIgniter\Debug\Exceptions->errorHandler(8, 'Undefined variable: course_teacher_id', '/var/www/html/app/Controllers/HomepageController.php', 83, [...])
 2 SYSTEMPATH/CodeIgniter.php(942): App\Controllers\HomepageController->Course_details_view('homepage_assets', 'img', 'logo.png')
 3 SYSTEMPATH/CodeIgniter.php(502): CodeIgniter\CodeIgniter->runController(Object(App\Controllers\HomepageController))
 4 SYSTEMPATH/CodeIgniter.php(361): CodeIgniter\CodeIgniter->handleRequest(null, Object(Config\Cache), false)
 5 FCPATH/index.php(79): CodeIgniter\CodeIgniter->run()
INFO - 2024-06-12 14:35:56 --> Session: Class initialized using 'CodeIgniter\Session\Handlers\FileHandler' driver.
CRITICAL - 2024-06-12 14:35:56 --> Undefined variable: course_teacher_id
in APPPATH/Controllers/HomepageController.php on line 83.
 1 APPPATH/Controllers/HomepageController.php(83): CodeIgniter\Debug\Exceptions->errorHandler(8, 'Undefined variable: course_teacher_id', '/var/www/html/app/Controllers/HomepageController.php', 83, [...])
 2 SYSTEMPATH/CodeIgniter.php(942): App\Controllers\HomepageController->Course_details_view('homepage_assets', 'img', 'logo.png')
 3 SYSTEMPATH/CodeIgniter.php(502): CodeIgniter\CodeIgniter->runController(Object(App\Controllers\HomepageController))
 4 SYSTEMPATH/CodeIgniter.php(361): CodeIgniter\CodeIgniter->handleRequest(null, Object(Config\Cache), false)
 5 FCPATH/index.php(79): CodeIgniter\CodeIgniter->run()
INFO - 2024-06-12 14:36:09 --> Session: Class initialized using 'CodeIgniter\Session\Handlers\FileHandler' driver.
CRITICAL - 2024-06-12 14:36:09 --> Undefined variable: course_teacher_id
in APPPATH/Controllers/HomepageController.php on line 83.
 1 APPPATH/Controllers/HomepageController.php(83): CodeIgniter\Debug\Exceptions->errorHandler(8, 'Undefined variable: course_teacher_id', '/var/www/html/app/Controllers/HomepageController.php', 83, [...])
 2 SYSTEMPATH/CodeIgniter.php(942): App\Controllers\HomepageController->Course_details_view('homepage_assets', 'img', 'logo.png')
 3 SYSTEMPATH/CodeIgniter.php(502): CodeIgniter\CodeIgniter->runController(Object(App\Controllers\HomepageController))
 4 SYSTEMPATH/CodeIgniter.php(361): CodeIgniter\CodeIgniter->handleRequest(null, Object(Config\Cache), false)
 5 FCPATH/index.php(79): CodeIgniter\CodeIgniter->run()
INFO - 2024-06-12 14:36:12 --> Session: Class initialized using 'CodeIgniter\Session\Handlers\FileHandler' driver.
CRITICAL - 2024-06-12 14:36:12 --> Undefined variable: course_teacher_id
in APPPATH/Controllers/HomepageController.php on line 83.
 1 APPPATH/Controllers/HomepageController.php(83): CodeIgniter\Debug\Exceptions->errorHandler(8, 'Undefined variable: course_teacher_id', '/var/www/html/app/Controllers/HomepageController.php', 83, [...])
 2 SYSTEMPATH/CodeIgniter.php(942): App\Controllers\HomepageController->Course_details_view('homepage_assets', 'img', 'logo.png')
 3 SYSTEMPATH/CodeIgniter.php(502): CodeIgniter\CodeIgniter->runController(Object(App\Controllers\HomepageController))
 4 SYSTEMPATH/CodeIgniter.php(361): CodeIgniter\CodeIgniter->handleRequest(null, Object(Config\Cache), false)
 5 FCPATH/index.php(79): CodeIgniter\CodeIgniter->run()
INFO - 2024-06-12 14:36:16 --> Session: Class initialized using 'CodeIgniter\Session\Handlers\FileHandler' driver.
CRITICAL - 2024-06-12 14:36:16 --> Undefined variable: course_teacher_id
in APPPATH/Controllers/HomepageController.php on line 83.
 1 APPPATH/Controllers/HomepageController.php(83): CodeIgniter\Debug\Exceptions->errorHandler(8, 'Undefined variable: course_teacher_id', '/var/www/html/app/Controllers/HomepageController.php', 83, [...])
 2 SYSTEMPATH/CodeIgniter.php(942): App\Controllers\HomepageController->Course_details_view('homepage_assets', 'img', 'logo.png')
 3 SYSTEMPATH/CodeIgniter.php(502): CodeIgniter\CodeIgniter->runController(Object(App\Controllers\HomepageController))
 4 SYSTEMPATH/CodeIgniter.php(361): CodeIgniter\CodeIgniter->handleRequest(null, Object(Config\Cache), false)
 5 FCPATH/index.php(79): CodeIgniter\CodeIgniter->run()
INFO - 2024-06-12 14:36:25 --> Session: Class initialized using 'CodeIgniter\Session\Handlers\FileHandler' driver.
INFO - 2024-06-12 14:36:29 --> Session: Class initialized using 'CodeIgniter\Session\Handlers\FileHandler' driver.
CRITICAL - 2024-06-12 14:36:29 --> Undefined variable: course_teacher_id
in APPPATH/Controllers/HomepageController.php on line 83.
 1 APPPATH/Controllers/HomepageController.php(83): CodeIgniter\Debug\Exceptions->errorHandler(8, 'Undefined variable: course_teacher_id', '/var/www/html/app/Controllers/HomepageController.php', 83, [...])
 2 SYSTEMPATH/CodeIgniter.php(942): App\Controllers\HomepageController->Course_details_view('homepage_assets', 'img', 'logo.png')
 3 SYSTEMPATH/CodeIgniter.php(502): CodeIgniter\CodeIgniter->runController(Object(App\Controllers\HomepageController))
 4 SYSTEMPATH/CodeIgniter.php(361): CodeIgniter\CodeIgniter->handleRequest(null, Object(Config\Cache), false)
 5 FCPATH/index.php(79): CodeIgniter\CodeIgniter->run()
INFO - 2024-06-12 14:36:31 --> Session: Class initialized using 'CodeIgniter\Session\Handlers\FileHandler' driver.
CRITICAL - 2024-06-12 14:36:31 --> Undefined variable: course_teacher_id
in APPPATH/Controllers/HomepageController.php on line 83.
 1 APPPATH/Controllers/HomepageController.php(83): CodeIgniter\Debug\Exceptions->errorHandler(8, 'Undefined variable: course_teacher_id', '/var/www/html/app/Controllers/HomepageController.php', 83, [...])
 2 SYSTEMPATH/CodeIgniter.php(942): App\Controllers\HomepageController->Course_details_view('homepage_assets', 'img', 'logo.png')
 3 SYSTEMPATH/CodeIgniter.php(502): CodeIgniter\CodeIgniter->runController(Object(App\Controllers\HomepageController))
 4 SYSTEMPATH/CodeIgniter.php(361): CodeIgniter\CodeIgniter->handleRequest(null, Object(Config\Cache), false)
 5 FCPATH/index.php(79): CodeIgniter\CodeIgniter->run()
INFO - 2024-06-12 14:36:35 --> Session: Class initialized using 'CodeIgniter\Session\Handlers\FileHandler' driver.
CRITICAL - 2024-06-12 14:36:35 --> Undefined variable: course_teacher_id
in APPPATH/Controllers/HomepageController.php on line 83.
 1 APPPATH/Controllers/HomepageController.php(83): CodeIgniter\Debug\Exceptions->errorHandler(8, 'Undefined variable: course_teacher_id', '/var/www/html/app/Controllers/HomepageController.php', 83, [...])
 2 SYSTEMPATH/CodeIgniter.php(942): App\Controllers\HomepageController->Course_details_view('homepage_assets', 'img', 'logo.png')
 3 SYSTEMPATH/CodeIgniter.php(502): CodeIgniter\CodeIgniter->runController(Object(App\Controllers\HomepageController))
 4 SYSTEMPATH/CodeIgniter.php(361): CodeIgniter\CodeIgniter->handleRequest(null, Object(Config\Cache), false)
 5 FCPATH/index.php(79): CodeIgniter\CodeIgniter->run()
INFO - 2024-06-12 14:36:48 --> Session: Class initialized using 'CodeIgniter\Session\Handlers\FileHandler' driver.
CRITICAL - 2024-06-12 14:36:48 --> Undefined variable: course_teacher_id
in APPPATH/Controllers/HomepageController.php on line 83.
 1 APPPATH/Controllers/HomepageController.php(83): CodeIgniter\Debug\Exceptions->errorHandler(8, 'Undefined variable: course_teacher_id', '/var/www/html/app/Controllers/HomepageController.php', 83, [...])
 2 SYSTEMPATH/CodeIgniter.php(942): App\Controllers\HomepageController->Course_details_view('homepage_assets', 'img', 'logo.png')
 3 SYSTEMPATH/CodeIgniter.php(502): CodeIgniter\CodeIgniter->runController(Object(App\Controllers\HomepageController))
 4 SYSTEMPATH/CodeIgniter.php(361): CodeIgniter\CodeIgniter->handleRequest(null, Object(Config\Cache), false)
 5 FCPATH/index.php(79): CodeIgniter\CodeIgniter->run()
INFO - 2024-06-12 14:36:50 --> Session: Class initialized using 'CodeIgniter\Session\Handlers\FileHandler' driver.
CRITICAL - 2024-06-12 14:36:50 --> Undefined variable: course_teacher_id
in APPPATH/Controllers/HomepageController.php on line 83.
 1 APPPATH/Controllers/HomepageController.php(83): CodeIgniter\Debug\Exceptions->errorHandler(8, 'Undefined variable: course_teacher_id', '/var/www/html/app/Controllers/HomepageController.php', 83, [...])
 2 SYSTEMPATH/CodeIgniter.php(942): App\Controllers\HomepageController->Course_details_view('homepage_assets', 'img', 'logo.png')
 3 SYSTEMPATH/CodeIgniter.php(502): CodeIgniter\CodeIgniter->runController(Object(App\Controllers\HomepageController))
 4 SYSTEMPATH/CodeIgniter.php(361): CodeIgniter\CodeIgniter->handleRequest(null, Object(Config\Cache), false)
 5 FCPATH/index.php(79): CodeIgniter\CodeIgniter->run()
INFO - 2024-06-12 14:36:54 --> Session: Class initialized using 'CodeIgniter\Session\Handlers\FileHandler' driver.
CRITICAL - 2024-06-12 14:36:54 --> Undefined variable: course_teacher_id
in APPPATH/Controllers/HomepageController.php on line 83.
 1 APPPATH/Controllers/HomepageController.php(83): CodeIgniter\Debug\Exceptions->errorHandler(8, 'Undefined variable: course_teacher_id', '/var/www/html/app/Controllers/HomepageController.php', 83, [...])
 2 SYSTEMPATH/CodeIgniter.php(942): App\Controllers\HomepageController->Course_details_view('homepage_assets', 'img', 'logo.png')
 3 SYSTEMPATH/CodeIgniter.php(502): CodeIgniter\CodeIgniter->runController(Object(App\Controllers\HomepageController))
 4 SYSTEMPATH/CodeIgniter.php(361): CodeIgniter\CodeIgniter->handleRequest(null, Object(Config\Cache), false)
 5 FCPATH/index.php(79): CodeIgniter\CodeIgniter->run()
INFO - 2024-06-12 14:37:07 --> Session: Class initialized using 'CodeIgniter\Session\Handlers\FileHandler' driver.
CRITICAL - 2024-06-12 14:37:07 --> Undefined variable: course_teacher_id
in APPPATH/Controllers/HomepageController.php on line 83.
 1 APPPATH/Controllers/HomepageController.php(83): CodeIgniter\Debug\Exceptions->errorHandler(8, 'Undefined variable: course_teacher_id', '/var/www/html/app/Controllers/HomepageController.php', 83, [...])
 2 SYSTEMPATH/CodeIgniter.php(942): App\Controllers\HomepageController->Course_details_view('homepage_assets', 'img', 'logo.png')
 3 SYSTEMPATH/CodeIgniter.php(502): CodeIgniter\CodeIgniter->runController(Object(App\Controllers\HomepageController))
 4 SYSTEMPATH/CodeIgniter.php(361): CodeIgniter\CodeIgniter->handleRequest(null, Object(Config\Cache), false)
 5 FCPATH/index.php(79): CodeIgniter\CodeIgniter->run()
INFO - 2024-06-12 14:37:09 --> Session: Class initialized using 'CodeIgniter\Session\Handlers\FileHandler' driver.
CRITICAL - 2024-06-12 14:37:09 --> Undefined variable: course_teacher_id
in APPPATH/Controllers/HomepageController.php on line 83.
 1 APPPATH/Controllers/HomepageController.php(83): CodeIgniter\Debug\Exceptions->errorHandler(8, 'Undefined variable: course_teacher_id', '/var/www/html/app/Controllers/HomepageController.php', 83, [...])
 2 SYSTEMPATH/CodeIgniter.php(942): App\Controllers\HomepageController->Course_details_view('homepage_assets', 'img', 'logo.png')
 3 SYSTEMPATH/CodeIgniter.php(502): CodeIgniter\CodeIgniter->runController(Object(App\Controllers\HomepageController))
 4 SYSTEMPATH/CodeIgniter.php(361): CodeIgniter\CodeIgniter->handleRequest(null, Object(Config\Cache), false)
 5 FCPATH/index.php(79): CodeIgniter\CodeIgniter->run()
INFO - 2024-06-12 14:37:13 --> Session: Class initialized using 'CodeIgniter\Session\Handlers\FileHandler' driver.
CRITICAL - 2024-06-12 14:37:13 --> Undefined variable: course_teacher_id
in APPPATH/Controllers/HomepageController.php on line 83.
 1 APPPATH/Controllers/HomepageController.php(83): CodeIgniter\Debug\Exceptions->errorHandler(8, 'Undefined variable: course_teacher_id', '/var/www/html/app/Controllers/HomepageController.php', 83, [...])
 2 SYSTEMPATH/CodeIgniter.php(942): App\Controllers\HomepageController->Course_details_view('homepage_assets', 'img', 'logo.png')
 3 SYSTEMPATH/CodeIgniter.php(502): CodeIgniter\CodeIgniter->runController(Object(App\Controllers\HomepageController))
 4 SYSTEMPATH/CodeIgniter.php(361): CodeIgniter\CodeIgniter->handleRequest(null, Object(Config\Cache), false)
 5 FCPATH/index.php(79): CodeIgniter\CodeIgniter->run()
INFO - 2024-06-12 14:37:27 --> Session: Class initialized using 'CodeIgniter\Session\Handlers\FileHandler' driver.
CRITICAL - 2024-06-12 14:37:27 --> Undefined variable: course_teacher_id
in APPPATH/Controllers/HomepageController.php on line 83.
 1 APPPATH/Controllers/HomepageController.php(83): CodeIgniter\Debug\Exceptions->errorHandler(8, 'Undefined variable: course_teacher_id', '/var/www/html/app/Controllers/HomepageController.php', 83, [...])
 2 SYSTEMPATH/CodeIgniter.php(942): App\Controllers\HomepageController->Course_details_view('homepage_assets', 'img', 'logo.png')
 3 SYSTEMPATH/CodeIgniter.php(502): CodeIgniter\CodeIgniter->runController(Object(App\Controllers\HomepageController))
 4 SYSTEMPATH/CodeIgniter.php(361): CodeIgniter\CodeIgniter->handleRequest(null, Object(Config\Cache), false)
 5 FCPATH/index.php(79): CodeIgniter\CodeIgniter->run()
INFO - 2024-06-12 14:37:29 --> Session: Class initialized using 'CodeIgniter\Session\Handlers\FileHandler' driver.
CRITICAL - 2024-06-12 14:37:29 --> Undefined variable: course_teacher_id
in APPPATH/Controllers/HomepageController.php on line 83.
 1 APPPATH/Controllers/HomepageController.php(83): CodeIgniter\Debug\Exceptions->errorHandler(8, 'Undefined variable: course_teacher_id', '/var/www/html/app/Controllers/HomepageController.php', 83, [...])
 2 SYSTEMPATH/CodeIgniter.php(942): App\Controllers\HomepageController->Course_details_view('homepage_assets', 'img', 'logo.png')
 3 SYSTEMPATH/CodeIgniter.php(502): CodeIgniter\CodeIgniter->runController(Object(App\Controllers\HomepageController))
 4 SYSTEMPATH/CodeIgniter.php(361): CodeIgniter\CodeIgniter->handleRequest(null, Object(Config\Cache), false)
 5 FCPATH/index.php(79): CodeIgniter\CodeIgniter->run()
INFO - 2024-06-12 14:37:33 --> Session: Class initialized using 'CodeIgniter\Session\Handlers\FileHandler' driver.
CRITICAL - 2024-06-12 14:37:33 --> Undefined variable: course_teacher_id
in APPPATH/Controllers/HomepageController.php on line 83.
 1 APPPATH/Controllers/HomepageController.php(83): CodeIgniter\Debug\Exceptions->errorHandler(8, 'Undefined variable: course_teacher_id', '/var/www/html/app/Controllers/HomepageController.php', 83, [...])
 2 SYSTEMPATH/CodeIgniter.php(942): App\Controllers\HomepageController->Course_details_view('homepage_assets', 'img', 'logo.png')
 3 SYSTEMPATH/CodeIgniter.php(502): CodeIgniter\CodeIgniter->runController(Object(App\Controllers\HomepageController))
 4 SYSTEMPATH/CodeIgniter.php(361): CodeIgniter\CodeIgniter->handleRequest(null, Object(Config\Cache), false)
 5 FCPATH/index.php(79): CodeIgniter\CodeIgniter->run()
INFO - 2024-06-12 14:37:46 --> Session: Class initialized using 'CodeIgniter\Session\Handlers\FileHandler' driver.
CRITICAL - 2024-06-12 14:37:46 --> Undefined variable: course_teacher_id
in APPPATH/Controllers/HomepageController.php on line 83.
 1 APPPATH/Controllers/HomepageController.php(83): CodeIgniter\Debug\Exceptions->errorHandler(8, 'Undefined variable: course_teacher_id', '/var/www/html/app/Controllers/HomepageController.php', 83, [...])
 2 SYSTEMPATH/CodeIgniter.php(942): App\Controllers\HomepageController->Course_details_view('homepage_assets', 'img', 'logo.png')
 3 SYSTEMPATH/CodeIgniter.php(502): CodeIgniter\CodeIgniter->runController(Object(App\Controllers\HomepageController))
 4 SYSTEMPATH/CodeIgniter.php(361): CodeIgniter\CodeIgniter->handleRequest(null, Object(Config\Cache), false)
 5 FCPATH/index.php(79): CodeIgniter\CodeIgniter->run()
INFO - 2024-06-12 14:37:48 --> Session: Class initialized using 'CodeIgniter\Session\Handlers\FileHandler' driver.
CRITICAL - 2024-06-12 14:37:48 --> Undefined variable: course_teacher_id
in APPPATH/Controllers/HomepageController.php on line 83.
 1 APPPATH/Controllers/HomepageController.php(83): CodeIgniter\Debug\Exceptions->errorHandler(8, 'Undefined variable: course_teacher_id', '/var/www/html/app/Controllers/HomepageController.php', 83, [...])
 2 SYSTEMPATH/CodeIgniter.php(942): App\Controllers\HomepageController->Course_details_view('homepage_assets', 'img', 'logo.png')
 3 SYSTEMPATH/CodeIgniter.php(502): CodeIgniter\CodeIgniter->runController(Object(App\Controllers\HomepageController))
 4 SYSTEMPATH/CodeIgniter.php(361): CodeIgniter\CodeIgniter->handleRequest(null, Object(Config\Cache), false)
 5 FCPATH/index.php(79): CodeIgniter\CodeIgniter->run()
INFO - 2024-06-12 14:37:52 --> Session: Class initialized using 'CodeIgniter\Session\Handlers\FileHandler' driver.
CRITICAL - 2024-06-12 14:37:52 --> Undefined variable: course_teacher_id
in APPPATH/Controllers/HomepageController.php on line 83.
 1 APPPATH/Controllers/HomepageController.php(83): CodeIgniter\Debug\Exceptions->errorHandler(8, 'Undefined variable: course_teacher_id', '/var/www/html/app/Controllers/HomepageController.php', 83, [...])
 2 SYSTEMPATH/CodeIgniter.php(942): App\Controllers\HomepageController->Course_details_view('homepage_assets', 'img', 'logo.png')
 3 SYSTEMPATH/CodeIgniter.php(502): CodeIgniter\CodeIgniter->runController(Object(App\Controllers\HomepageController))
 4 SYSTEMPATH/CodeIgniter.php(361): CodeIgniter\CodeIgniter->handleRequest(null, Object(Config\Cache), false)
 5 FCPATH/index.php(79): CodeIgniter\CodeIgniter->run()
INFO - 2024-06-12 14:38:05 --> Session: Class initialized using 'CodeIgniter\Session\Handlers\FileHandler' driver.
CRITICAL - 2024-06-12 14:38:05 --> Undefined variable: course_teacher_id
in APPPATH/Controllers/HomepageController.php on line 83.
 1 APPPATH/Controllers/HomepageController.php(83): CodeIgniter\Debug\Exceptions->errorHandler(8, 'Undefined variable: course_teacher_id', '/var/www/html/app/Controllers/HomepageController.php', 83, [...])
 2 SYSTEMPATH/CodeIgniter.php(942): App\Controllers\HomepageController->Course_details_view('homepage_assets', 'img', 'logo.png')
 3 SYSTEMPATH/CodeIgniter.php(502): CodeIgniter\CodeIgniter->runController(Object(App\Controllers\HomepageController))
 4 SYSTEMPATH/CodeIgniter.php(361): CodeIgniter\CodeIgniter->handleRequest(null, Object(Config\Cache), false)
 5 FCPATH/index.php(79): CodeIgniter\CodeIgniter->run()
INFO - 2024-06-12 14:38:07 --> Session: Class initialized using 'CodeIgniter\Session\Handlers\FileHandler' driver.
CRITICAL - 2024-06-12 14:38:07 --> Undefined variable: course_teacher_id
in APPPATH/Controllers/HomepageController.php on line 83.
 1 APPPATH/Controllers/HomepageController.php(83): CodeIgniter\Debug\Exceptions->errorHandler(8, 'Undefined variable: course_teacher_id', '/var/www/html/app/Controllers/HomepageController.php', 83, [...])
 2 SYSTEMPATH/CodeIgniter.php(942): App\Controllers\HomepageController->Course_details_view('homepage_assets', 'img', 'logo.png')
 3 SYSTEMPATH/CodeIgniter.php(502): CodeIgniter\CodeIgniter->runController(Object(App\Controllers\HomepageController))
 4 SYSTEMPATH/CodeIgniter.php(361): CodeIgniter\CodeIgniter->handleRequest(null, Object(Config\Cache), false)
 5 FCPATH/index.php(79): CodeIgniter\CodeIgniter->run()
INFO - 2024-06-12 14:38:11 --> Session: Class initialized using 'CodeIgniter\Session\Handlers\FileHandler' driver.
CRITICAL - 2024-06-12 14:38:11 --> Undefined variable: course_teacher_id
in APPPATH/Controllers/HomepageController.php on line 83.
 1 APPPATH/Controllers/HomepageController.php(83): CodeIgniter\Debug\Exceptions->errorHandler(8, 'Undefined variable: course_teacher_id', '/var/www/html/app/Controllers/HomepageController.php', 83, [...])
 2 SYSTEMPATH/CodeIgniter.php(942): App\Controllers\HomepageController->Course_details_view('homepage_assets', 'img', 'logo.png')
 3 SYSTEMPATH/CodeIgniter.php(502): CodeIgniter\CodeIgniter->runController(Object(App\Controllers\HomepageController))
 4 SYSTEMPATH/CodeIgniter.php(361): CodeIgniter\CodeIgniter->handleRequest(null, Object(Config\Cache), false)
 5 FCPATH/index.php(79): CodeIgniter\CodeIgniter->run()
INFO - 2024-06-12 14:38:25 --> Session: Class initialized using 'CodeIgniter\Session\Handlers\FileHandler' driver.
CRITICAL - 2024-06-12 14:38:25 --> Undefined variable: course_teacher_id
in APPPATH/Controllers/HomepageController.php on line 83.
 1 APPPATH/Controllers/HomepageController.php(83): CodeIgniter\Debug\Exceptions->errorHandler(8, 'Undefined variable: course_teacher_id', '/var/www/html/app/Controllers/HomepageController.php', 83, [...])
 2 SYSTEMPATH/CodeIgniter.php(942): App\Controllers\HomepageController->Course_details_view('homepage_assets', 'img', 'logo.png')
 3 SYSTEMPATH/CodeIgniter.php(502): CodeIgniter\CodeIgniter->runController(Object(App\Controllers\HomepageController))
 4 SYSTEMPATH/CodeIgniter.php(361): CodeIgniter\CodeIgniter->handleRequest(null, Object(Config\Cache), false)
 5 FCPATH/index.php(79): CodeIgniter\CodeIgniter->run()
INFO - 2024-06-12 14:38:27 --> Session: Class initialized using 'CodeIgniter\Session\Handlers\FileHandler' driver.
CRITICAL - 2024-06-12 14:38:27 --> Undefined variable: course_teacher_id
in APPPATH/Controllers/HomepageController.php on line 83.
 1 APPPATH/Controllers/HomepageController.php(83): CodeIgniter\Debug\Exceptions->errorHandler(8, 'Undefined variable: course_teacher_id', '/var/www/html/app/Controllers/HomepageController.php', 83, [...])
 2 SYSTEMPATH/CodeIgniter.php(942): App\Controllers\HomepageController->Course_details_view('homepage_assets', 'img', 'logo.png')
 3 SYSTEMPATH/CodeIgniter.php(502): CodeIgniter\CodeIgniter->runController(Object(App\Controllers\HomepageController))
 4 SYSTEMPATH/CodeIgniter.php(361): CodeIgniter\CodeIgniter->handleRequest(null, Object(Config\Cache), false)
 5 FCPATH/index.php(79): CodeIgniter\CodeIgniter->run()
INFO - 2024-06-12 14:38:31 --> Session: Class initialized using 'CodeIgniter\Session\Handlers\FileHandler' driver.
CRITICAL - 2024-06-12 14:38:31 --> Undefined variable: course_teacher_id
in APPPATH/Controllers/HomepageController.php on line 83.
 1 APPPATH/Controllers/HomepageController.php(83): CodeIgniter\Debug\Exceptions->errorHandler(8, 'Undefined variable: course_teacher_id', '/var/www/html/app/Controllers/HomepageController.php', 83, [...])
 2 SYSTEMPATH/CodeIgniter.php(942): App\Controllers\HomepageController->Course_details_view('homepage_assets', 'img', 'logo.png')
 3 SYSTEMPATH/CodeIgniter.php(502): CodeIgniter\CodeIgniter->runController(Object(App\Controllers\HomepageController))
 4 SYSTEMPATH/CodeIgniter.php(361): CodeIgniter\CodeIgniter->handleRequest(null, Object(Config\Cache), false)
 5 FCPATH/index.php(79): CodeIgniter\CodeIgniter->run()
INFO - 2024-06-12 14:38:45 --> Session: Class initialized using 'CodeIgniter\Session\Handlers\FileHandler' driver.
CRITICAL - 2024-06-12 14:38:45 --> Undefined variable: course_teacher_id
in APPPATH/Controllers/HomepageController.php on line 83.
 1 APPPATH/Controllers/HomepageController.php(83): CodeIgniter\Debug\Exceptions->errorHandler(8, 'Undefined variable: course_teacher_id', '/var/www/html/app/Controllers/HomepageController.php', 83, [...])
 2 SYSTEMPATH/CodeIgniter.php(942): App\Controllers\HomepageController->Course_details_view('homepage_assets', 'img', 'logo.png')
 3 SYSTEMPATH/CodeIgniter.php(502): CodeIgniter\CodeIgniter->runController(Object(App\Controllers\HomepageController))
 4 SYSTEMPATH/CodeIgniter.php(361): CodeIgniter\CodeIgniter->handleRequest(null, Object(Config\Cache), false)
 5 FCPATH/index.php(79): CodeIgniter\CodeIgniter->run()
INFO - 2024-06-12 14:38:47 --> Session: Class initialized using 'CodeIgniter\Session\Handlers\FileHandler' driver.
CRITICAL - 2024-06-12 14:38:47 --> Undefined variable: course_teacher_id
in APPPATH/Controllers/HomepageController.php on line 83.
 1 APPPATH/Controllers/HomepageController.php(83): CodeIgniter\Debug\Exceptions->errorHandler(8, 'Undefined variable: course_teacher_id', '/var/www/html/app/Controllers/HomepageController.php', 83, [...])
 2 SYSTEMPATH/CodeIgniter.php(942): App\Controllers\HomepageController->Course_details_view('homepage_assets', 'img', 'logo.png')
 3 SYSTEMPATH/CodeIgniter.php(502): CodeIgniter\CodeIgniter->runController(Object(App\Controllers\HomepageController))
 4 SYSTEMPATH/CodeIgniter.php(361): CodeIgniter\CodeIgniter->handleRequest(null, Object(Config\Cache), false)
 5 FCPATH/index.php(79): CodeIgniter\CodeIgniter->run()
INFO - 2024-06-12 14:38:51 --> Session: Class initialized using 'CodeIgniter\Session\Handlers\FileHandler' driver.
CRITICAL - 2024-06-12 14:38:51 --> Undefined variable: course_teacher_id
in APPPATH/Controllers/HomepageController.php on line 83.
 1 APPPATH/Controllers/HomepageController.php(83): CodeIgniter\Debug\Exceptions->errorHandler(8, 'Undefined variable: course_teacher_id', '/var/www/html/app/Controllers/HomepageController.php', 83, [...])
 2 SYSTEMPATH/CodeIgniter.php(942): App\Controllers\HomepageController->Course_details_view('homepage_assets', 'img', 'logo.png')
 3 SYSTEMPATH/CodeIgniter.php(502): CodeIgniter\CodeIgniter->runController(Object(App\Controllers\HomepageController))
 4 SYSTEMPATH/CodeIgniter.php(361): CodeIgniter\CodeIgniter->handleRequest(null, Object(Config\Cache), false)
 5 FCPATH/index.php(79): CodeIgniter\CodeIgniter->run()
INFO - 2024-06-12 14:39:04 --> Session: Class initialized using 'CodeIgniter\Session\Handlers\FileHandler' driver.
CRITICAL - 2024-06-12 14:39:04 --> Undefined variable: course_teacher_id
in APPPATH/Controllers/HomepageController.php on line 83.
 1 APPPATH/Controllers/HomepageController.php(83): CodeIgniter\Debug\Exceptions->errorHandler(8, 'Undefined variable: course_teacher_id', '/var/www/html/app/Controllers/HomepageController.php', 83, [...])
 2 SYSTEMPATH/CodeIgniter.php(942): App\Controllers\HomepageController->Course_details_view('homepage_assets', 'img', 'logo.png')
 3 SYSTEMPATH/CodeIgniter.php(502): CodeIgniter\CodeIgniter->runController(Object(App\Controllers\HomepageController))
 4 SYSTEMPATH/CodeIgniter.php(361): CodeIgniter\CodeIgniter->handleRequest(null, Object(Config\Cache), false)
 5 FCPATH/index.php(79): CodeIgniter\CodeIgniter->run()
INFO - 2024-06-12 14:39:06 --> Session: Class initialized using 'CodeIgniter\Session\Handlers\FileHandler' driver.
CRITICAL - 2024-06-12 14:39:06 --> Undefined variable: course_teacher_id
in APPPATH/Controllers/HomepageController.php on line 83.
 1 APPPATH/Controllers/HomepageController.php(83): CodeIgniter\Debug\Exceptions->errorHandler(8, 'Undefined variable: course_teacher_id', '/var/www/html/app/Controllers/HomepageController.php', 83, [...])
 2 SYSTEMPATH/CodeIgniter.php(942): App\Controllers\HomepageController->Course_details_view('homepage_assets', 'img', 'logo.png')
 3 SYSTEMPATH/CodeIgniter.php(502): CodeIgniter\CodeIgniter->runController(Object(App\Controllers\HomepageController))
 4 SYSTEMPATH/CodeIgniter.php(361): CodeIgniter\CodeIgniter->handleRequest(null, Object(Config\Cache), false)
 5 FCPATH/index.php(79): CodeIgniter\CodeIgniter->run()
INFO - 2024-06-12 14:39:10 --> Session: Class initialized using 'CodeIgniter\Session\Handlers\FileHandler' driver.
CRITICAL - 2024-06-12 14:39:10 --> Undefined variable: course_teacher_id
in APPPATH/Controllers/HomepageController.php on line 83.
 1 APPPATH/Controllers/HomepageController.php(83): CodeIgniter\Debug\Exceptions->errorHandler(8, 'Undefined variable: course_teacher_id', '/var/www/html/app/Controllers/HomepageController.php', 83, [...])
 2 SYSTEMPATH/CodeIgniter.php(942): App\Controllers\HomepageController->Course_details_view('homepage_assets', 'img', 'logo.png')
 3 SYSTEMPATH/CodeIgniter.php(502): CodeIgniter\CodeIgniter->runController(Object(App\Controllers\HomepageController))
 4 SYSTEMPATH/CodeIgniter.php(361): CodeIgniter\CodeIgniter->handleRequest(null, Object(Config\Cache), false)
 5 FCPATH/index.php(79): CodeIgniter\CodeIgniter->run()
INFO - 2024-06-12 14:39:23 --> Session: Class initialized using 'CodeIgniter\Session\Handlers\FileHandler' driver.
INFO - 2024-06-12 14:39:33 --> Session: Class initialized using 'CodeIgniter\Session\Handlers\FileHandler' driver.
INFO - 2024-06-12 14:39:47 --> Session: Class initialized using 'CodeIgniter\Session\Handlers\FileHandler' driver.
INFO - 2024-06-12 14:39:59 --> Session: Class initialized using 'CodeIgniter\Session\Handlers\FileHandler' driver.
INFO - 2024-06-12 14:40:59 --> Session: Class initialized using 'CodeIgniter\Session\Handlers\FileHandler' driver.
INFO - 2024-06-12 14:41:13 --> Session: Class initialized using 'CodeIgniter\Session\Handlers\FileHandler' driver.
INFO - 2024-06-12 14:43:32 --> Session: Class initialized using 'CodeIgniter\Session\Handlers\FileHandler' driver.
CRITICAL - 2024-06-12 14:43:32 --> Undefined variable: course_teacher_id
in APPPATH/Controllers/HomepageController.php on line 83.
 1 APPPATH/Controllers/HomepageController.php(83): CodeIgniter\Debug\Exceptions->errorHandler(8, 'Undefined variable: course_teacher_id', '/var/www/html/app/Controllers/HomepageController.php', 83, [...])
 2 SYSTEMPATH/CodeIgniter.php(942): App\Controllers\HomepageController->Course_details_view('homepage_assets', 'img', 'logo.png')
 3 SYSTEMPATH/CodeIgniter.php(502): CodeIgniter\CodeIgniter->runController(Object(App\Controllers\HomepageController))
 4 SYSTEMPATH/CodeIgniter.php(361): CodeIgniter\CodeIgniter->handleRequest(null, Object(Config\Cache), false)
 5 FCPATH/index.php(79): CodeIgniter\CodeIgniter->run()
INFO - 2024-06-12 14:43:37 --> Session: Class initialized using 'CodeIgniter\Session\Handlers\FileHandler' driver.
INFO - 2024-06-12 14:43:40 --> Session: Class initialized using 'CodeIgniter\Session\Handlers\FileHandler' driver.
INFO - 2024-06-12 14:43:50 --> Session: Class initialized using 'CodeIgniter\Session\Handlers\FileHandler' driver.
INFO - 2024-06-12 14:44:28 --> Session: Class initialized using 'CodeIgniter\Session\Handlers\FileHandler' driver.
INFO - 2024-06-12 14:46:36 --> Session: Class initialized using 'CodeIgniter\Session\Handlers\FileHandler' driver.
INFO - 2024-06-12 14:46:55 --> Session: Class initialized using 'CodeIgniter\Session\Handlers\FileHandler' driver.
INFO - 2024-06-12 14:48:11 --> Session: Class initialized using 'CodeIgniter\Session\Handlers\FileHandler' driver.
INFO - 2024-06-12 14:50:47 --> Session: Class initialized using 'CodeIgniter\Session\Handlers\FileHandler' driver.
CRITICAL - 2024-06-12 14:50:47 --> Undefined variable: course_teacher_id
in APPPATH/Controllers/HomepageController.php on line 83.
 1 APPPATH/Controllers/HomepageController.php(83): CodeIgniter\Debug\Exceptions->errorHandler(8, 'Undefined variable: course_teacher_id', '/var/www/html/app/Controllers/HomepageController.php', 83, [...])
 2 SYSTEMPATH/CodeIgniter.php(942): App\Controllers\HomepageController->Course_details_view('homepage_assets', 'img', 'logo.png')
 3 SYSTEMPATH/CodeIgniter.php(502): CodeIgniter\CodeIgniter->runController(Object(App\Controllers\HomepageController))
 4 SYSTEMPATH/CodeIgniter.php(361): CodeIgniter\CodeIgniter->handleRequest(null, Object(Config\Cache), false)
 5 FCPATH/index.php(79): CodeIgniter\CodeIgniter->run()
INFO - 2024-06-12 14:50:48 --> Session: Class initialized using 'CodeIgniter\Session\Handlers\FileHandler' driver.
INFO - 2024-06-12 14:51:55 --> Session: Class initialized using 'CodeIgniter\Session\Handlers\FileHandler' driver.
INFO - 2024-06-12 14:57:45 --> Session: Class initialized using 'CodeIgniter\Session\Handlers\FileHandler' driver.
INFO - 2024-06-12 14:59:46 --> Session: Class initialized using 'CodeIgniter\Session\Handlers\FileHandler' driver.
INFO - 2024-06-12 15:00:07 --> Session: Class initialized using 'CodeIgniter\Session\Handlers\FileHandler' driver.
INFO - 2024-06-12 15:00:08 --> Session: Class initialized using 'CodeIgniter\Session\Handlers\FileHandler' driver.
CRITICAL - 2024-06-12 15:00:08 --> Undefined variable: course_teacher_id
in APPPATH/Controllers/HomepageController.php on line 83.
 1 APPPATH/Controllers/HomepageController.php(83): CodeIgniter\Debug\Exceptions->errorHandler(8, 'Undefined variable: course_teacher_id', '/var/www/html/app/Controllers/HomepageController.php', 83, [...])
 2 SYSTEMPATH/CodeIgniter.php(942): App\Controllers\HomepageController->Course_details_view('homepage_assets', 'img', 'logo.png')
 3 SYSTEMPATH/CodeIgniter.php(502): CodeIgniter\CodeIgniter->runController(Object(App\Controllers\HomepageController))
 4 SYSTEMPATH/CodeIgniter.php(361): CodeIgniter\CodeIgniter->handleRequest(null, Object(Config\Cache), false)
 5 FCPATH/index.php(79): CodeIgniter\CodeIgniter->run()
INFO - 2024-06-12 15:00:09 --> Session: Class initialized using 'CodeIgniter\Session\Handlers\FileHandler' driver.
CRITICAL - 2024-06-12 15:00:09 --> Undefined variable: course_teacher_id
in APPPATH/Controllers/HomepageController.php on line 83.
 1 APPPATH/Controllers/HomepageController.php(83): CodeIgniter\Debug\Exceptions->errorHandler(8, 'Undefined variable: course_teacher_id', '/var/www/html/app/Controllers/HomepageController.php', 83, [...])
 2 SYSTEMPATH/CodeIgniter.php(942): App\Controllers\HomepageController->Course_details_view('homepage_assets', 'img', 'logo.png')
 3 SYSTEMPATH/CodeIgniter.php(502): CodeIgniter\CodeIgniter->runController(Object(App\Controllers\HomepageController))
 4 SYSTEMPATH/CodeIgniter.php(361): CodeIgniter\CodeIgniter->handleRequest(null, Object(Config\Cache), false)
 5 FCPATH/index.php(79): CodeIgniter\CodeIgniter->run()
INFO - 2024-06-12 15:00:09 --> Session: Class initialized using 'CodeIgniter\Session\Handlers\FileHandler' driver.
CRITICAL - 2024-06-12 15:00:09 --> Undefined variable: course_teacher_id
in APPPATH/Controllers/HomepageController.php on line 83.
 1 APPPATH/Controllers/HomepageController.php(83): CodeIgniter\Debug\Exceptions->errorHandler(8, 'Undefined variable: course_teacher_id', '/var/www/html/app/Controllers/HomepageController.php', 83, [...])
 2 SYSTEMPATH/CodeIgniter.php(942): App\Controllers\HomepageController->Course_details_view('homepage_assets', 'img', 'apple-touch-icon.png')
 3 SYSTEMPATH/CodeIgniter.php(502): CodeIgniter\CodeIgniter->runController(Object(App\Controllers\HomepageController))
 4 SYSTEMPATH/CodeIgniter.php(361): CodeIgniter\CodeIgniter->handleRequest(null, Object(Config\Cache), false)
 5 FCPATH/index.php(79): CodeIgniter\CodeIgniter->run()
INFO - 2024-06-12 15:00:09 --> Session: Class initialized using 'CodeIgniter\Session\Handlers\FileHandler' driver.
CRITICAL - 2024-06-12 15:00:09 --> Undefined variable: course_teacher_id
in APPPATH/Controllers/HomepageController.php on line 83.
 1 APPPATH/Controllers/HomepageController.php(83): CodeIgniter\Debug\Exceptions->errorHandler(8, 'Undefined variable: course_teacher_id', '/var/www/html/app/Controllers/HomepageController.php', 83, [...])
 2 SYSTEMPATH/CodeIgniter.php(942): App\Controllers\HomepageController->Course_details_view('homepage_assets', 'img', 'favicon.png')
 3 SYSTEMPATH/CodeIgniter.php(502): CodeIgniter\CodeIgniter->runController(Object(App\Controllers\HomepageController))
 4 SYSTEMPATH/CodeIgniter.php(361): CodeIgniter\CodeIgniter->handleRequest(null, Object(Config\Cache), false)
 5 FCPATH/index.php(79): CodeIgniter\CodeIgniter->run()
INFO - 2024-06-12 15:01:06 --> Session: Class initialized using 'CodeIgniter\Session\Handlers\FileHandler' driver.
INFO - 2024-06-12 15:01:13 --> Session: Class initialized using 'CodeIgniter\Session\Handlers\FileHandler' driver.
INFO - 2024-06-12 15:01:25 --> Session: Class initialized using 'CodeIgniter\Session\Handlers\FileHandler' driver.
INFO - 2024-06-12 15:01:29 --> Session: Class initialized using 'CodeIgniter\Session\Handlers\FileHandler' driver.
INFO - 2024-06-12 15:01:33 --> Session: Class initialized using 'CodeIgniter\Session\Handlers\FileHandler' driver.
INFO - 2024-06-12 15:01:37 --> Session: Class initialized using 'CodeIgniter\Session\Handlers\FileHandler' driver.
INFO - 2024-06-12 15:05:05 --> Session: Class initialized using 'CodeIgniter\Session\Handlers\FileHandler' driver.
CRITICAL - 2024-06-12 15:05:05 --> Undefined variable: course_teacher_id
in APPPATH/Controllers/HomepageController.php on line 83.
 1 APPPATH/Controllers/HomepageController.php(83): CodeIgniter\Debug\Exceptions->errorHandler(8, 'Undefined variable: course_teacher_id', '/var/www/html/app/Controllers/HomepageController.php', 83, [...])
 2 SYSTEMPATH/CodeIgniter.php(942): App\Controllers\HomepageController->Course_details_view('homepage_assets', 'img', 'logo.png')
 3 SYSTEMPATH/CodeIgniter.php(502): CodeIgniter\CodeIgniter->runController(Object(App\Controllers\HomepageController))
 4 SYSTEMPATH/CodeIgniter.php(361): CodeIgniter\CodeIgniter->handleRequest(null, Object(Config\Cache), false)
 5 FCPATH/index.php(79): CodeIgniter\CodeIgniter->run()
INFO - 2024-06-12 15:05:37 --> Session: Class initialized using 'CodeIgniter\Session\Handlers\FileHandler' driver.
INFO - 2024-06-12 15:05:38 --> Session: Class initialized using 'CodeIgniter\Session\Handlers\FileHandler' driver.
INFO - 2024-06-12 15:05:44 --> Session: Class initialized using 'CodeIgniter\Session\Handlers\FileHandler' driver.
INFO - 2024-06-12 15:05:44 --> Session: Class initialized using 'CodeIgniter\Session\Handlers\FileHandler' driver.
INFO - 2024-06-12 15:09:48 --> Session: Class initialized using 'CodeIgniter\Session\Handlers\FileHandler' driver.
CRITICAL - 2024-06-12 15:09:48 --> Undefined variable: course_teacher_id
in APPPATH/Controllers/HomepageController.php on line 83.
 1 APPPATH/Controllers/HomepageController.php(83): CodeIgniter\Debug\Exceptions->errorHandler(8, 'Undefined variable: course_teacher_id', '/var/www/html/app/Controllers/HomepageController.php', 83, [...])
 2 SYSTEMPATH/CodeIgniter.php(942): App\Controllers\HomepageController->Course_details_view('homepage_assets', 'img', 'logo.png')
 3 SYSTEMPATH/CodeIgniter.php(502): CodeIgniter\CodeIgniter->runController(Object(App\Controllers\HomepageController))
 4 SYSTEMPATH/CodeIgniter.php(361): CodeIgniter\CodeIgniter->handleRequest(null, Object(Config\Cache), false)
 5 FCPATH/index.php(79): CodeIgniter\CodeIgniter->run()
INFO - 2024-06-12 15:09:59 --> Session: Class initialized using 'CodeIgniter\Session\Handlers\FileHandler' driver.
INFO - 2024-06-12 15:10:00 --> Session: Class initialized using 'CodeIgniter\Session\Handlers\FileHandler' driver.
CRITICAL - 2024-06-12 15:10:00 --> Undefined variable: course_teacher_id
in APPPATH/Controllers/HomepageController.php on line 83.
 1 APPPATH/Controllers/HomepageController.php(83): CodeIgniter\Debug\Exceptions->errorHandler(8, 'Undefined variable: course_teacher_id', '/var/www/html/app/Controllers/HomepageController.php', 83, [...])
 2 SYSTEMPATH/CodeIgniter.php(942): App\Controllers\HomepageController->Course_details_view('homepage_assets', 'img', 'logo.png')
 3 SYSTEMPATH/CodeIgniter.php(502): CodeIgniter\CodeIgniter->runController(Object(App\Controllers\HomepageController))
 4 SYSTEMPATH/CodeIgniter.php(361): CodeIgniter\CodeIgniter->handleRequest(null, Object(Config\Cache), false)
 5 FCPATH/index.php(79): CodeIgniter\CodeIgniter->run()
INFO - 2024-06-12 15:10:02 --> Session: Class initialized using 'CodeIgniter\Session\Handlers\FileHandler' driver.
INFO - 2024-06-12 15:10:03 --> Session: Class initialized using 'CodeIgniter\Session\Handlers\FileHandler' driver.
INFO - 2024-06-12 15:10:04 --> Session: Class initialized using 'CodeIgniter\Session\Handlers\FileHandler' driver.
CRITICAL - 2024-06-12 15:10:04 --> Undefined variable: course_teacher_id
in APPPATH/Controllers/HomepageController.php on line 83.
 1 APPPATH/Controllers/HomepageController.php(83): CodeIgniter\Debug\Exceptions->errorHandler(8, 'Undefined variable: course_teacher_id', '/var/www/html/app/Controllers/HomepageController.php', 83, [...])
 2 SYSTEMPATH/CodeIgniter.php(942): App\Controllers\HomepageController->Course_details_view('homepage_assets', 'img', 'logo.png')
 3 SYSTEMPATH/CodeIgniter.php(502): CodeIgniter\CodeIgniter->runController(Object(App\Controllers\HomepageController))
 4 SYSTEMPATH/CodeIgniter.php(361): CodeIgniter\CodeIgniter->handleRequest(null, Object(Config\Cache), false)
 5 FCPATH/index.php(79): CodeIgniter\CodeIgniter->run()
INFO - 2024-06-12 15:12:37 --> Session: Class initialized using 'CodeIgniter\Session\Handlers\FileHandler' driver.
INFO - 2024-06-12 15:15:12 --> Session: Class initialized using 'CodeIgniter\Session\Handlers\FileHandler' driver.
CRITICAL - 2024-06-12 15:15:12 --> Undefined variable: course_teacher_id
in APPPATH/Controllers/HomepageController.php on line 83.
 1 APPPATH/Controllers/HomepageController.php(83): CodeIgniter\Debug\Exceptions->errorHandler(8, 'Undefined variable: course_teacher_id', '/var/www/html/app/Controllers/HomepageController.php', 83, [...])
 2 SYSTEMPATH/CodeIgniter.php(942): App\Controllers\HomepageController->Course_details_view('homepage_assets', 'img', 'logo.png')
 3 SYSTEMPATH/CodeIgniter.php(502): CodeIgniter\CodeIgniter->runController(Object(App\Controllers\HomepageController))
 4 SYSTEMPATH/CodeIgniter.php(361): CodeIgniter\CodeIgniter->handleRequest(null, Object(Config\Cache), false)
 5 FCPATH/index.php(79): CodeIgniter\CodeIgniter->run()
INFO - 2024-06-12 15:18:31 --> Session: Class initialized using 'CodeIgniter\Session\Handlers\FileHandler' driver.
CRITICAL - 2024-06-12 15:18:31 --> Undefined variable: course_teacher_id
in APPPATH/Controllers/HomepageController.php on line 83.
 1 APPPATH/Controllers/HomepageController.php(83): CodeIgniter\Debug\Exceptions->errorHandler(8, 'Undefined variable: course_teacher_id', '/var/www/html/app/Controllers/HomepageController.php', 83, [...])
 2 SYSTEMPATH/CodeIgniter.php(942): App\Controllers\HomepageController->Course_details_view('homepage_assets', 'img', 'logo.png')
 3 SYSTEMPATH/CodeIgniter.php(502): CodeIgniter\CodeIgniter->runController(Object(App\Controllers\HomepageController))
 4 SYSTEMPATH/CodeIgniter.php(361): CodeIgniter\CodeIgniter->handleRequest(null, Object(Config\Cache), false)
 5 FCPATH/index.php(79): CodeIgniter\CodeIgniter->run()
INFO - 2024-06-12 15:18:31 --> Session: Class initialized using 'CodeIgniter\Session\Handlers\FileHandler' driver.
INFO - 2024-06-12 15:18:57 --> Session: Class initialized using 'CodeIgniter\Session\Handlers\FileHandler' driver.
INFO - 2024-06-12 15:18:59 --> Session: Class initialized using 'CodeIgniter\Session\Handlers\FileHandler' driver.
CRITICAL - 2024-06-12 15:18:59 --> Undefined variable: course_teacher_id
in APPPATH/Controllers/HomepageController.php on line 83.
 1 APPPATH/Controllers/HomepageController.php(83): CodeIgniter\Debug\Exceptions->errorHandler(8, 'Undefined variable: course_teacher_id', '/var/www/html/app/Controllers/HomepageController.php', 83, [...])
 2 SYSTEMPATH/CodeIgniter.php(942): App\Controllers\HomepageController->Course_details_view('homepage_assets', 'img', 'logo.png')
 3 SYSTEMPATH/CodeIgniter.php(502): CodeIgniter\CodeIgniter->runController(Object(App\Controllers\HomepageController))
 4 SYSTEMPATH/CodeIgniter.php(361): CodeIgniter\CodeIgniter->handleRequest(null, Object(Config\Cache), false)
 5 FCPATH/index.php(79): CodeIgniter\CodeIgniter->run()
INFO - 2024-06-12 15:31:10 --> Session: Class initialized using 'CodeIgniter\Session\Handlers\FileHandler' driver.
INFO - 2024-06-12 15:32:32 --> Session: Class initialized using 'CodeIgniter\Session\Handlers\FileHandler' driver.
INFO - 2024-06-12 15:32:51 --> Session: Class initialized using 'CodeIgniter\Session\Handlers\FileHandler' driver.
INFO - 2024-06-12 15:33:09 --> Session: Class initialized using 'CodeIgniter\Session\Handlers\FileHandler' driver.
INFO - 2024-06-12 15:33:09 --> Session: Class initialized using 'CodeIgniter\Session\Handlers\FileHandler' driver.
CRITICAL - 2024-06-12 15:33:09 --> Undefined variable: course_teacher_id
in APPPATH/Controllers/HomepageController.php on line 83.
 1 APPPATH/Controllers/HomepageController.php(83): CodeIgniter\Debug\Exceptions->errorHandler(8, 'Undefined variable: course_teacher_id', '/var/www/html/app/Controllers/HomepageController.php', 83, [...])
 2 SYSTEMPATH/CodeIgniter.php(942): App\Controllers\HomepageController->Course_details_view('homepage_assets', 'img', 'logo.png')
 3 SYSTEMPATH/CodeIgniter.php(502): CodeIgniter\CodeIgniter->runController(Object(App\Controllers\HomepageController))
 4 SYSTEMPATH/CodeIgniter.php(361): CodeIgniter\CodeIgniter->handleRequest(null, Object(Config\Cache), false)
 5 FCPATH/index.php(79): CodeIgniter\CodeIgniter->run()
INFO - 2024-06-12 15:33:09 --> Session: Class initialized using 'CodeIgniter\Session\Handlers\FileHandler' driver.
CRITICAL - 2024-06-12 15:33:09 --> Undefined variable: course_teacher_id
in APPPATH/Controllers/HomepageController.php on line 83.
 1 APPPATH/Controllers/HomepageController.php(83): CodeIgniter\Debug\Exceptions->errorHandler(8, 'Undefined variable: course_teacher_id', '/var/www/html/app/Controllers/HomepageController.php', 83, [...])
 2 SYSTEMPATH/CodeIgniter.php(942): App\Controllers\HomepageController->Course_details_view('homepage_assets', 'img', 'logo.png')
 3 SYSTEMPATH/CodeIgniter.php(502): CodeIgniter\CodeIgniter->runController(Object(App\Controllers\HomepageController))
 4 SYSTEMPATH/CodeIgniter.php(361): CodeIgniter\CodeIgniter->handleRequest(null, Object(Config\Cache), false)
 5 FCPATH/index.php(79): CodeIgniter\CodeIgniter->run()
INFO - 2024-06-12 15:33:10 --> Session: Class initialized using 'CodeIgniter\Session\Handlers\FileHandler' driver.
CRITICAL - 2024-06-12 15:33:10 --> Undefined variable: course_teacher_id
in APPPATH/Controllers/HomepageController.php on line 83.
 1 APPPATH/Controllers/HomepageController.php(83): CodeIgniter\Debug\Exceptions->errorHandler(8, 'Undefined variable: course_teacher_id', '/var/www/html/app/Controllers/HomepageController.php', 83, [...])
 2 SYSTEMPATH/CodeIgniter.php(942): App\Controllers\HomepageController->Course_details_view('homepage_assets', 'img', 'apple-touch-icon.png')
 3 SYSTEMPATH/CodeIgniter.php(502): CodeIgniter\CodeIgniter->runController(Object(App\Controllers\HomepageController))
 4 SYSTEMPATH/CodeIgniter.php(361): CodeIgniter\CodeIgniter->handleRequest(null, Object(Config\Cache), false)
 5 FCPATH/index.php(79): CodeIgniter\CodeIgniter->run()
INFO - 2024-06-12 15:33:10 --> Session: Class initialized using 'CodeIgniter\Session\Handlers\FileHandler' driver.
CRITICAL - 2024-06-12 15:33:10 --> Undefined variable: course_teacher_id
in APPPATH/Controllers/HomepageController.php on line 83.
 1 APPPATH/Controllers/HomepageController.php(83): CodeIgniter\Debug\Exceptions->errorHandler(8, 'Undefined variable: course_teacher_id', '/var/www/html/app/Controllers/HomepageController.php', 83, [...])
 2 SYSTEMPATH/CodeIgniter.php(942): App\Controllers\HomepageController->Course_details_view('homepage_assets', 'img', 'favicon.png')
 3 SYSTEMPATH/CodeIgniter.php(502): CodeIgniter\CodeIgniter->runController(Object(App\Controllers\HomepageController))
 4 SYSTEMPATH/CodeIgniter.php(361): CodeIgniter\CodeIgniter->handleRequest(null, Object(Config\Cache), false)
 5 FCPATH/index.php(79): CodeIgniter\CodeIgniter->run()
INFO - 2024-06-12 15:33:45 --> Session: Class initialized using 'CodeIgniter\Session\Handlers\FileHandler' driver.
INFO - 2024-06-12 15:33:51 --> Session: Class initialized using 'CodeIgniter\Session\Handlers\FileHandler' driver.
INFO - 2024-06-12 15:34:39 --> Session: Class initialized using 'CodeIgniter\Session\Handlers\FileHandler' driver.
INFO - 2024-06-12 15:39:13 --> Session: Class initialized using 'CodeIgniter\Session\Handlers\FileHandler' driver.
INFO - 2024-06-12 15:39:22 --> Session: Class initialized using 'CodeIgniter\Session\Handlers\FileHandler' driver.
INFO - 2024-06-12 15:39:22 --> Session: Class initialized using 'CodeIgniter\Session\Handlers\FileHandler' driver.
INFO - 2024-06-12 15:39:22 --> Session: Class initialized using 'CodeIgniter\Session\Handlers\FileHandler' driver.
INFO - 2024-06-12 15:39:22 --> Session: Class initialized using 'CodeIgniter\Session\Handlers\FileHandler' driver.
INFO - 2024-06-12 15:40:39 --> Session: Class initialized using 'CodeIgniter\Session\Handlers\FileHandler' driver.
CRITICAL - 2024-06-12 15:40:39 --> Undefined variable: course_teacher_id
in APPPATH/Controllers/HomepageController.php on line 83.
 1 APPPATH/Controllers/HomepageController.php(83): CodeIgniter\Debug\Exceptions->errorHandler(8, 'Undefined variable: course_teacher_id', '/var/www/html/app/Controllers/HomepageController.php', 83, [...])
 2 SYSTEMPATH/CodeIgniter.php(942): App\Controllers\HomepageController->Course_details_view('homepage_assets', 'img', 'logo.png')
 3 SYSTEMPATH/CodeIgniter.php(502): CodeIgniter\CodeIgniter->runController(Object(App\Controllers\HomepageController))
 4 SYSTEMPATH/CodeIgniter.php(361): CodeIgniter\CodeIgniter->handleRequest(null, Object(Config\Cache), false)
 5 FCPATH/index.php(79): CodeIgniter\CodeIgniter->run()
INFO - 2024-06-12 15:40:52 --> Session: Class initialized using 'CodeIgniter\Session\Handlers\FileHandler' driver.
CRITICAL - 2024-06-12 15:40:52 --> Undefined variable: course_teacher_id
in APPPATH/Controllers/HomepageController.php on line 83.
 1 APPPATH/Controllers/HomepageController.php(83): CodeIgniter\Debug\Exceptions->errorHandler(8, 'Undefined variable: course_teacher_id', '/var/www/html/app/Controllers/HomepageController.php', 83, [...])
 2 SYSTEMPATH/CodeIgniter.php(942): App\Controllers\HomepageController->Course_details_view('homepage_assets', 'img', 'logo.png')
 3 SYSTEMPATH/CodeIgniter.php(502): CodeIgniter\CodeIgniter->runController(Object(App\Controllers\HomepageController))
 4 SYSTEMPATH/CodeIgniter.php(361): CodeIgniter\CodeIgniter->handleRequest(null, Object(Config\Cache), false)
 5 FCPATH/index.php(79): CodeIgniter\CodeIgniter->run()
INFO - 2024-06-12 15:40:52 --> Session: Class initialized using 'CodeIgniter\Session\Handlers\FileHandler' driver.
CRITICAL - 2024-06-12 15:40:52 --> Undefined variable: course_teacher_id
in APPPATH/Controllers/HomepageController.php on line 83.
 1 APPPATH/Controllers/HomepageController.php(83): CodeIgniter\Debug\Exceptions->errorHandler(8, 'Undefined variable: course_teacher_id', '/var/www/html/app/Controllers/HomepageController.php', 83, [...])
 2 SYSTEMPATH/CodeIgniter.php(942): App\Controllers\HomepageController->Course_details_view('homepage_assets', 'img', 'logo.png')
 3 SYSTEMPATH/CodeIgniter.php(502): CodeIgniter\CodeIgniter->runController(Object(App\Controllers\HomepageController))
 4 SYSTEMPATH/CodeIgniter.php(361): CodeIgniter\CodeIgniter->handleRequest(null, Object(Config\Cache), false)
 5 FCPATH/index.php(79): CodeIgniter\CodeIgniter->run()
INFO - 2024-06-12 15:42:22 --> Session: Class initialized using 'CodeIgniter\Session\Handlers\FileHandler' driver.
INFO - 2024-06-12 15:46:33 --> Session: Class initialized using 'CodeIgniter\Session\Handlers\FileHandler' driver.
INFO - 2024-06-12 15:50:42 --> Session: Class initialized using 'CodeIgniter\Session\Handlers\FileHandler' driver.
INFO - 2024-06-12 16:23:42 --> Session: Class initialized using 'CodeIgniter\Session\Handlers\FileHandler' driver.
INFO - 2024-06-12 16:25:23 --> Session: Class initialized using 'CodeIgniter\Session\Handlers\FileHandler' driver.
INFO - 2024-06-12 16:25:24 --> Session: Class initialized using 'CodeIgniter\Session\Handlers\FileHandler' driver.
CRITICAL - 2024-06-12 16:25:24 --> Undefined variable: course_teacher_id
in APPPATH/Controllers/HomepageController.php on line 83.
 1 APPPATH/Controllers/HomepageController.php(83): CodeIgniter\Debug\Exceptions->errorHandler(8, 'Undefined variable: course_teacher_id', '/var/www/html/app/Controllers/HomepageController.php', 83, [...])
 2 SYSTEMPATH/CodeIgniter.php(942): App\Controllers\HomepageController->Course_details_view('homepage_assets', 'img', 'logo.png')
 3 SYSTEMPATH/CodeIgniter.php(502): CodeIgniter\CodeIgniter->runController(Object(App\Controllers\HomepageController))
 4 SYSTEMPATH/CodeIgniter.php(361): CodeIgniter\CodeIgniter->handleRequest(null, Object(Config\Cache), false)
 5 FCPATH/index.php(79): CodeIgniter\CodeIgniter->run()
INFO - 2024-06-12 16:25:25 --> Session: Class initialized using 'CodeIgniter\Session\Handlers\FileHandler' driver.
CRITICAL - 2024-06-12 16:25:25 --> Undefined variable: course_teacher_id
in APPPATH/Controllers/HomepageController.php on line 83.
 1 APPPATH/Controllers/HomepageController.php(83): CodeIgniter\Debug\Exceptions->errorHandler(8, 'Undefined variable: course_teacher_id', '/var/www/html/app/Controllers/HomepageController.php', 83, [...])
 2 SYSTEMPATH/CodeIgniter.php(942): App\Controllers\HomepageController->Course_details_view('homepage_assets', 'img', 'favicon.png')
 3 SYSTEMPATH/CodeIgniter.php(502): CodeIgniter\CodeIgniter->runController(Object(App\Controllers\HomepageController))
 4 SYSTEMPATH/CodeIgniter.php(361): CodeIgniter\CodeIgniter->handleRequest(null, Object(Config\Cache), false)
 5 FCPATH/index.php(79): CodeIgniter\CodeIgniter->run()
INFO - 2024-06-12 16:25:39 --> Session: Class initialized using 'CodeIgniter\Session\Handlers\FileHandler' driver.
INFO - 2024-06-12 16:28:14 --> Session: Class initialized using 'CodeIgniter\Session\Handlers\FileHandler' driver.
CRITICAL - 2024-06-12 16:28:14 --> Undefined variable: course_teacher_id
in APPPATH/Controllers/HomepageController.php on line 83.
 1 APPPATH/Controllers/HomepageController.php(83): CodeIgniter\Debug\Exceptions->errorHandler(8, 'Undefined variable: course_teacher_id', '/var/www/html/app/Controllers/HomepageController.php', 83, [...])
 2 SYSTEMPATH/CodeIgniter.php(942): App\Controllers\HomepageController->Course_details_view('homepage_assets', 'img', 'logo.png')
 3 SYSTEMPATH/CodeIgniter.php(502): CodeIgniter\CodeIgniter->runController(Object(App\Controllers\HomepageController))
 4 SYSTEMPATH/CodeIgniter.php(361): CodeIgniter\CodeIgniter->handleRequest(null, Object(Config\Cache), false)
 5 FCPATH/index.php(79): CodeIgniter\CodeIgniter->run()
INFO - 2024-06-12 17:08:48 --> Session: Class initialized using 'CodeIgniter\Session\Handlers\FileHandler' driver.
INFO - 2024-06-12 17:08:57 --> Session: Class initialized using 'CodeIgniter\Session\Handlers\FileHandler' driver.
INFO - 2024-06-12 17:18:10 --> Session: Class initialized using 'CodeIgniter\Session\Handlers\FileHandler' driver.
INFO - 2024-06-12 17:18:31 --> Session: Class initialized using 'CodeIgniter\Session\Handlers\FileHandler' driver.
INFO - 2024-06-12 17:18:46 --> Session: Class initialized using 'CodeIgniter\Session\Handlers\FileHandler' driver.
INFO - 2024-06-12 18:08:23 --> Session: Class initialized using 'CodeIgniter\Session\Handlers\FileHandler' driver.
INFO - 2024-06-12 18:08:27 --> Session: Class initialized using 'CodeIgniter\Session\Handlers\FileHandler' driver.
INFO - 2024-06-12 18:11:29 --> Session: Class initialized using 'CodeIgniter\Session\Handlers\FileHandler' driver.
INFO - 2024-06-12 19:28:11 --> Session: Class initialized using 'CodeIgniter\Session\Handlers\FileHandler' driver.
INFO - 2024-06-12 20:03:18 --> Session: Class initialized using 'CodeIgniter\Session\Handlers\FileHandler' driver.
INFO - 2024-06-12 20:19:14 --> Session: Class initialized using 'CodeIgniter\Session\Handlers\FileHandler' driver.
INFO - 2024-06-12 20:22:19 --> Session: Class initialized using 'CodeIgniter\Session\Handlers\FileHandler' driver.
CRITICAL - 2024-06-12 20:22:19 --> Undefined variable: course_teacher_id
in APPPATH/Controllers/HomepageController.php on line 83.
 1 APPPATH/Controllers/HomepageController.php(83): CodeIgniter\Debug\Exceptions->errorHandler(8, 'Undefined variable: course_teacher_id', '/var/www/html/app/Controllers/HomepageController.php', 83, [...])
 2 SYSTEMPATH/CodeIgniter.php(942): App\Controllers\HomepageController->Course_details_view('homepage_assets', 'img', 'logo.png')
 3 SYSTEMPATH/CodeIgniter.php(502): CodeIgniter\CodeIgniter->runController(Object(App\Controllers\HomepageController))
 4 SYSTEMPATH/CodeIgniter.php(361): CodeIgniter\CodeIgniter->handleRequest(null, Object(Config\Cache), false)
 5 FCPATH/index.php(79): CodeIgniter\CodeIgniter->run()
INFO - 2024-06-12 20:33:40 --> Session: Class initialized using 'CodeIgniter\Session\Handlers\FileHandler' driver.
INFO - 2024-06-12 20:33:43 --> Session: Class initialized using 'CodeIgniter\Session\Handlers\FileHandler' driver.
INFO - 2024-06-12 20:38:38 --> Session: Class initialized using 'CodeIgniter\Session\Handlers\FileHandler' driver.
INFO - 2024-06-12 21:23:30 --> Session: Class initialized using 'CodeIgniter\Session\Handlers\FileHandler' driver.
INFO - 2024-06-12 21:33:49 --> Session: Class initialized using 'CodeIgniter\Session\Handlers\FileHandler' driver.
INFO - 2024-06-12 22:32:10 --> Session: Class initialized using 'CodeIgniter\Session\Handlers\FileHandler' driver.
INFO - 2024-06-12 22:35:43 --> Session: Class initialized using 'CodeIgniter\Session\Handlers\FileHandler' driver.
INFO - 2024-06-12 22:44:53 --> Session: Class initialized using 'CodeIgniter\Session\Handlers\FileHandler' driver.
INFO - 2024-06-12 22:49:41 --> Session: Class initialized using 'CodeIgniter\Session\Handlers\FileHandler' driver.
INFO - 2024-06-12 23:25:28 --> Session: Class initialized using 'CodeIgniter\Session\Handlers\FileHandler' driver.
INFO - 2024-06-12 23:53:54 --> Session: Class initialized using 'CodeIgniter\Session\Handlers\FileHandler' driver.
