INFO - 2024-06-23 05:16:37 --> Session: Class initialized using 'CodeIgniter\Session\Handlers\FileHandler' driver.
ERROR - 2024-06-23 05:16:37 --> mysqli_sql_exception: Expression #3 of SELECT list is not in GROUP BY clause and contains nonaggregated column 'sctime_db.course_feedback.course_id' which is not functionally dependent on columns in GROUP BY clause; this is incompatible with sql_mode=only_full_group_by in /var/www/html/vendor/codeigniter4/framework/system/Database/MySQLi/Connection.php:306
Stack trace:
#0 /var/www/html/vendor/codeigniter4/framework/system/Database/MySQLi/Connection.php(306): mysqli->query(' SELECT tc.*, r...', 0)
#1 /var/www/html/vendor/codeigniter4/framework/system/Database/BaseConnection.php(693): CodeIgniter\Database\MySQLi\Connection->execute(' SELECT tc.*, r...')
#2 /var/www/html/vendor/codeigniter4/framework/system/Database/BaseConnection.php(607): CodeIgniter\Database\BaseConnection->simpleQuery(' SELECT tc.*, r...')
#3 /var/www/html/app/Controllers/HomepageController.php(24): CodeIgniter\Database\BaseConnection->query(' SELECT tc.*, r...')
#4 /var/www/html/vendor/codeigniter4/framework/system/CodeIgniter.php(942): App\Controllers\HomepageController->index()
#5 /var/www/html/vendor/codeigniter4/framework/system/CodeIgniter.php(502): CodeIgniter\CodeIgniter->runController(Object(App\Controllers\HomepageController))
#6 /var/www/html/vendor/codeigniter4/framework/system/CodeIgniter.php(361): CodeIgniter\CodeIgniter->handleRequest(NULL, Object(Config\Cache), false)
#7 /var/www/html/public/index.php(80): CodeIgniter\CodeIgniter->run()
#8 {main}
CRITICAL - 2024-06-23 05:16:37 --> Expression #3 of SELECT list is not in GROUP BY clause and contains nonaggregated column 'sctime_db.course_feedback.course_id' which is not functionally dependent on columns in GROUP BY clause; this is incompatible with sql_mode=only_full_group_by
in SYSTEMPATH/Database/BaseConnection.php on line 647.
 1 APPPATH/Controllers/HomepageController.php(24): CodeIgniter\Database\BaseConnection->query(' SELECT tc.*, rt.feedback_rating,rt.number_of_student,tr.teacher_name,tr.last_educational_institute,tr.teacher_pro_his
        FROM teacher_course AS tc
        LEFT JOIN (SELECT AVG(feedback_rating) AS feedback_rating, COUNT(student_id) AS number_of_student,course_id FROM course_feedback GROUP BY teacher_course_id
        ) AS rt
        ON  rt.course_id = tc.course_id 
        LEFT JOIN ( SELECT teacher_registration.teacher_name, teacher_profile.last_educational_institute,teacher_profile.teacher_pro_his, teacher_registration.teacher_id FROM teacher_registration 
            LEFT JOIN teacher_profile ON teacher_registration.teacher_id = teacher_profile.teacher_id 
        ) AS tr
        ON  tr.teacher_id = tc.course_teacher_id
        WHERE tc.course_status !=\'pending\' AND tc.course_type_name = \'Online_Live_Coaching\'')
 2 SYSTEMPATH/CodeIgniter.php(942): App\Controllers\HomepageController->index()
 3 SYSTEMPATH/CodeIgniter.php(502): CodeIgniter\CodeIgniter->runController(Object(App\Controllers\HomepageController))
 4 SYSTEMPATH/CodeIgniter.php(361): CodeIgniter\CodeIgniter->handleRequest(null, Object(Config\Cache), false)
 5 FCPATH/index.php(80): CodeIgniter\CodeIgniter->run()
INFO - 2024-06-23 05:24:34 --> Session: Class initialized using 'CodeIgniter\Session\Handlers\FileHandler' driver.
INFO - 2024-06-23 05:27:01 --> Session: Class initialized using 'CodeIgniter\Session\Handlers\FileHandler' driver.
INFO - 2024-06-23 05:30:35 --> Session: Class initialized using 'CodeIgniter\Session\Handlers\FileHandler' driver.
INFO - 2024-06-23 05:35:27 --> Session: Class initialized using 'CodeIgniter\Session\Handlers\FileHandler' driver.
INFO - 2024-06-23 05:35:35 --> Session: Class initialized using 'CodeIgniter\Session\Handlers\FileHandler' driver.
INFO - 2024-06-23 05:36:17 --> Session: Class initialized using 'CodeIgniter\Session\Handlers\FileHandler' driver.
INFO - 2024-06-23 05:36:37 --> Session: Class initialized using 'CodeIgniter\Session\Handlers\FileHandler' driver.
INFO - 2024-06-23 05:36:42 --> Session: Class initialized using 'CodeIgniter\Session\Handlers\FileHandler' driver.
INFO - 2024-06-23 05:36:55 --> Session: Class initialized using 'CodeIgniter\Session\Handlers\FileHandler' driver.
INFO - 2024-06-23 05:37:04 --> Session: Class initialized using 'CodeIgniter\Session\Handlers\FileHandler' driver.
INFO - 2024-06-23 05:38:18 --> Session: Class initialized using 'CodeIgniter\Session\Handlers\FileHandler' driver.
INFO - 2024-06-23 05:38:25 --> Session: Class initialized using 'CodeIgniter\Session\Handlers\FileHandler' driver.
INFO - 2024-06-23 05:39:00 --> Session: Class initialized using 'CodeIgniter\Session\Handlers\FileHandler' driver.
INFO - 2024-06-23 05:39:09 --> Session: Class initialized using 'CodeIgniter\Session\Handlers\FileHandler' driver.
INFO - 2024-06-23 05:41:07 --> Session: Class initialized using 'CodeIgniter\Session\Handlers\FileHandler' driver.
INFO - 2024-06-23 05:42:04 --> Session: Class initialized using 'CodeIgniter\Session\Handlers\FileHandler' driver.
INFO - 2024-06-23 05:42:06 --> Session: Class initialized using 'CodeIgniter\Session\Handlers\FileHandler' driver.
INFO - 2024-06-23 05:42:17 --> Session: Class initialized using 'CodeIgniter\Session\Handlers\FileHandler' driver.
INFO - 2024-06-23 05:42:22 --> Session: Class initialized using 'CodeIgniter\Session\Handlers\FileHandler' driver.
INFO - 2024-06-23 05:42:30 --> Session: Class initialized using 'CodeIgniter\Session\Handlers\FileHandler' driver.
INFO - 2024-06-23 05:42:33 --> Session: Class initialized using 'CodeIgniter\Session\Handlers\FileHandler' driver.
INFO - 2024-06-23 05:42:47 --> Session: Class initialized using 'CodeIgniter\Session\Handlers\FileHandler' driver.
INFO - 2024-06-23 05:42:49 --> Session: Class initialized using 'CodeIgniter\Session\Handlers\FileHandler' driver.
INFO - 2024-06-23 05:42:53 --> Session: Class initialized using 'CodeIgniter\Session\Handlers\FileHandler' driver.
INFO - 2024-06-23 05:42:55 --> Session: Class initialized using 'CodeIgniter\Session\Handlers\FileHandler' driver.
INFO - 2024-06-23 05:43:01 --> Session: Class initialized using 'CodeIgniter\Session\Handlers\FileHandler' driver.
INFO - 2024-06-23 05:43:01 --> Session: Class initialized using 'CodeIgniter\Session\Handlers\FileHandler' driver.
INFO - 2024-06-23 05:43:05 --> Session: Class initialized using 'CodeIgniter\Session\Handlers\FileHandler' driver.
INFO - 2024-06-23 05:44:01 --> Session: Class initialized using 'CodeIgniter\Session\Handlers\FileHandler' driver.
INFO - 2024-06-23 05:44:12 --> Session: Class initialized using 'CodeIgniter\Session\Handlers\FileHandler' driver.
INFO - 2024-06-23 05:51:58 --> Session: Class initialized using 'CodeIgniter\Session\Handlers\FileHandler' driver.
INFO - 2024-06-23 05:52:37 --> Session: Class initialized using 'CodeIgniter\Session\Handlers\FileHandler' driver.
INFO - 2024-06-23 05:59:22 --> Session: Class initialized using 'CodeIgniter\Session\Handlers\FileHandler' driver.
INFO - 2024-06-23 05:59:27 --> Session: Class initialized using 'CodeIgniter\Session\Handlers\FileHandler' driver.
INFO - 2024-06-23 05:59:29 --> Session: Class initialized using 'CodeIgniter\Session\Handlers\FileHandler' driver.
INFO - 2024-06-23 05:59:32 --> Session: Class initialized using 'CodeIgniter\Session\Handlers\FileHandler' driver.
INFO - 2024-06-23 05:59:39 --> Session: Class initialized using 'CodeIgniter\Session\Handlers\FileHandler' driver.
INFO - 2024-06-23 06:00:01 --> Session: Class initialized using 'CodeIgniter\Session\Handlers\FileHandler' driver.
INFO - 2024-06-23 06:00:02 --> Session: Class initialized using 'CodeIgniter\Session\Handlers\FileHandler' driver.
CRITICAL - 2024-06-23 06:00:02 --> Undefined variable: course_teacher_id
in APPPATH/Controllers/HomepageController.php on line 83.
 1 APPPATH/Controllers/HomepageController.php(83): CodeIgniter\Debug\Exceptions->errorHandler(8, 'Undefined variable: course_teacher_id', '/var/www/html/app/Controllers/HomepageController.php', 83, [...])
 2 SYSTEMPATH/CodeIgniter.php(942): App\Controllers\HomepageController->Course_details_view('homepage_assets', 'img', 'logo.png')
 3 SYSTEMPATH/CodeIgniter.php(502): CodeIgniter\CodeIgniter->runController(Object(App\Controllers\HomepageController))
 4 SYSTEMPATH/CodeIgniter.php(361): CodeIgniter\CodeIgniter->handleRequest(null, Object(Config\Cache), false)
 5 FCPATH/index.php(79): CodeIgniter\CodeIgniter->run()
INFO - 2024-06-23 06:00:03 --> Session: Class initialized using 'CodeIgniter\Session\Handlers\FileHandler' driver.
CRITICAL - 2024-06-23 06:00:03 --> Undefined variable: course_teacher_id
in APPPATH/Controllers/HomepageController.php on line 83.
 1 APPPATH/Controllers/HomepageController.php(83): CodeIgniter\Debug\Exceptions->errorHandler(8, 'Undefined variable: course_teacher_id', '/var/www/html/app/Controllers/HomepageController.php', 83, [...])
 2 SYSTEMPATH/CodeIgniter.php(942): App\Controllers\HomepageController->Course_details_view('homepage_assets', 'img', 'favicon.png')
 3 SYSTEMPATH/CodeIgniter.php(502): CodeIgniter\CodeIgniter->runController(Object(App\Controllers\HomepageController))
 4 SYSTEMPATH/CodeIgniter.php(361): CodeIgniter\CodeIgniter->handleRequest(null, Object(Config\Cache), false)
 5 FCPATH/index.php(79): CodeIgniter\CodeIgniter->run()
INFO - 2024-06-23 06:00:26 --> Session: Class initialized using 'CodeIgniter\Session\Handlers\FileHandler' driver.
INFO - 2024-06-23 06:00:26 --> Session: Class initialized using 'CodeIgniter\Session\Handlers\FileHandler' driver.
INFO - 2024-06-23 06:00:27 --> Session: Class initialized using 'CodeIgniter\Session\Handlers\FileHandler' driver.
CRITICAL - 2024-06-23 06:00:27 --> Undefined variable: course_teacher_id
in APPPATH/Controllers/HomepageController.php on line 83.
 1 APPPATH/Controllers/HomepageController.php(83): CodeIgniter\Debug\Exceptions->errorHandler(8, 'Undefined variable: course_teacher_id', '/var/www/html/app/Controllers/HomepageController.php', 83, [...])
 2 SYSTEMPATH/CodeIgniter.php(942): App\Controllers\HomepageController->Course_details_view('homepage_assets', 'img', 'logo.png')
 3 SYSTEMPATH/CodeIgniter.php(502): CodeIgniter\CodeIgniter->runController(Object(App\Controllers\HomepageController))
 4 SYSTEMPATH/CodeIgniter.php(361): CodeIgniter\CodeIgniter->handleRequest(null, Object(Config\Cache), false)
 5 FCPATH/index.php(79): CodeIgniter\CodeIgniter->run()
INFO - 2024-06-23 06:10:12 --> Session: Class initialized using 'CodeIgniter\Session\Handlers\FileHandler' driver.
CRITICAL - 2024-06-23 06:10:12 --> Undefined variable: course_teacher_id
in APPPATH/Controllers/HomepageController.php on line 83.
 1 APPPATH/Controllers/HomepageController.php(83): CodeIgniter\Debug\Exceptions->errorHandler(8, 'Undefined variable: course_teacher_id', '/var/www/html/app/Controllers/HomepageController.php', 83, [...])
 2 SYSTEMPATH/CodeIgniter.php(942): App\Controllers\HomepageController->Course_details_view('homepage_assets', 'img', 'favicon.png')
 3 SYSTEMPATH/CodeIgniter.php(502): CodeIgniter\CodeIgniter->runController(Object(App\Controllers\HomepageController))
 4 SYSTEMPATH/CodeIgniter.php(361): CodeIgniter\CodeIgniter->handleRequest(null, Object(Config\Cache), false)
 5 FCPATH/index.php(79): CodeIgniter\CodeIgniter->run()
INFO - 2024-06-23 06:10:20 --> Session: Class initialized using 'CodeIgniter\Session\Handlers\FileHandler' driver.
INFO - 2024-06-23 06:10:21 --> Session: Class initialized using 'CodeIgniter\Session\Handlers\FileHandler' driver.
INFO - 2024-06-23 06:10:23 --> Session: Class initialized using 'CodeIgniter\Session\Handlers\FileHandler' driver.
INFO - 2024-06-23 06:10:23 --> Session: Class initialized using 'CodeIgniter\Session\Handlers\FileHandler' driver.
INFO - 2024-06-23 06:10:24 --> Session: Class initialized using 'CodeIgniter\Session\Handlers\FileHandler' driver.
INFO - 2024-06-23 06:10:25 --> Session: Class initialized using 'CodeIgniter\Session\Handlers\FileHandler' driver.
INFO - 2024-06-23 06:10:28 --> Session: Class initialized using 'CodeIgniter\Session\Handlers\FileHandler' driver.
INFO - 2024-06-23 06:10:29 --> Session: Class initialized using 'CodeIgniter\Session\Handlers\FileHandler' driver.
INFO - 2024-06-23 06:10:30 --> Session: Class initialized using 'CodeIgniter\Session\Handlers\FileHandler' driver.
INFO - 2024-06-23 06:10:35 --> Session: Class initialized using 'CodeIgniter\Session\Handlers\FileHandler' driver.
INFO - 2024-06-23 06:10:38 --> Session: Class initialized using 'CodeIgniter\Session\Handlers\FileHandler' driver.
INFO - 2024-06-23 06:10:46 --> Session: Class initialized using 'CodeIgniter\Session\Handlers\FileHandler' driver.
INFO - 2024-06-23 06:10:49 --> Session: Class initialized using 'CodeIgniter\Session\Handlers\FileHandler' driver.
INFO - 2024-06-23 06:11:51 --> Session: Class initialized using 'CodeIgniter\Session\Handlers\FileHandler' driver.
INFO - 2024-06-23 06:12:11 --> Session: Class initialized using 'CodeIgniter\Session\Handlers\FileHandler' driver.
INFO - 2024-06-23 06:12:12 --> Session: Class initialized using 'CodeIgniter\Session\Handlers\FileHandler' driver.
INFO - 2024-06-23 06:12:13 --> Session: Class initialized using 'CodeIgniter\Session\Handlers\FileHandler' driver.
INFO - 2024-06-23 06:12:16 --> Session: Class initialized using 'CodeIgniter\Session\Handlers\FileHandler' driver.
INFO - 2024-06-23 06:12:16 --> Session: Class initialized using 'CodeIgniter\Session\Handlers\FileHandler' driver.
INFO - 2024-06-23 06:12:17 --> Session: Class initialized using 'CodeIgniter\Session\Handlers\FileHandler' driver.
INFO - 2024-06-23 06:12:20 --> Session: Class initialized using 'CodeIgniter\Session\Handlers\FileHandler' driver.
INFO - 2024-06-23 06:12:20 --> Session: Class initialized using 'CodeIgniter\Session\Handlers\FileHandler' driver.
CRITICAL - 2024-06-23 06:12:20 --> Undefined variable: course_teacher_id
in APPPATH/Controllers/HomepageController.php on line 83.
 1 APPPATH/Controllers/HomepageController.php(83): CodeIgniter\Debug\Exceptions->errorHandler(8, 'Undefined variable: course_teacher_id', '/var/www/html/app/Controllers/HomepageController.php', 83, [...])
 2 SYSTEMPATH/CodeIgniter.php(942): App\Controllers\HomepageController->Course_details_view('homepage_assets', 'img', 'logo.png')
 3 SYSTEMPATH/CodeIgniter.php(502): CodeIgniter\CodeIgniter->runController(Object(App\Controllers\HomepageController))
 4 SYSTEMPATH/CodeIgniter.php(361): CodeIgniter\CodeIgniter->handleRequest(null, Object(Config\Cache), false)
 5 FCPATH/index.php(79): CodeIgniter\CodeIgniter->run()
INFO - 2024-06-23 06:12:21 --> Session: Class initialized using 'CodeIgniter\Session\Handlers\FileHandler' driver.
CRITICAL - 2024-06-23 06:12:21 --> Undefined variable: course_teacher_id
in APPPATH/Controllers/HomepageController.php on line 83.
 1 APPPATH/Controllers/HomepageController.php(83): CodeIgniter\Debug\Exceptions->errorHandler(8, 'Undefined variable: course_teacher_id', '/var/www/html/app/Controllers/HomepageController.php', 83, [...])
 2 SYSTEMPATH/CodeIgniter.php(942): App\Controllers\HomepageController->Course_details_view('homepage_assets', 'img', 'favicon.png')
 3 SYSTEMPATH/CodeIgniter.php(502): CodeIgniter\CodeIgniter->runController(Object(App\Controllers\HomepageController))
 4 SYSTEMPATH/CodeIgniter.php(361): CodeIgniter\CodeIgniter->handleRequest(null, Object(Config\Cache), false)
 5 FCPATH/index.php(79): CodeIgniter\CodeIgniter->run()
INFO - 2024-06-23 06:12:30 --> Session: Class initialized using 'CodeIgniter\Session\Handlers\FileHandler' driver.
INFO - 2024-06-23 06:12:31 --> Session: Class initialized using 'CodeIgniter\Session\Handlers\FileHandler' driver.
INFO - 2024-06-23 06:12:32 --> Session: Class initialized using 'CodeIgniter\Session\Handlers\FileHandler' driver.
CRITICAL - 2024-06-23 06:12:32 --> Undefined variable: course_teacher_id
in APPPATH/Controllers/HomepageController.php on line 83.
 1 APPPATH/Controllers/HomepageController.php(83): CodeIgniter\Debug\Exceptions->errorHandler(8, 'Undefined variable: course_teacher_id', '/var/www/html/app/Controllers/HomepageController.php', 83, [...])
 2 SYSTEMPATH/CodeIgniter.php(942): App\Controllers\HomepageController->Course_details_view('homepage_assets', 'img', 'logo.png')
 3 SYSTEMPATH/CodeIgniter.php(502): CodeIgniter\CodeIgniter->runController(Object(App\Controllers\HomepageController))
 4 SYSTEMPATH/CodeIgniter.php(361): CodeIgniter\CodeIgniter->handleRequest(null, Object(Config\Cache), false)
 5 FCPATH/index.php(79): CodeIgniter\CodeIgniter->run()
INFO - 2024-06-23 06:12:36 --> Session: Class initialized using 'CodeIgniter\Session\Handlers\FileHandler' driver.
INFO - 2024-06-23 06:12:41 --> Session: Class initialized using 'CodeIgniter\Session\Handlers\FileHandler' driver.
INFO - 2024-06-23 06:12:42 --> Session: Class initialized using 'CodeIgniter\Session\Handlers\FileHandler' driver.
CRITICAL - 2024-06-23 06:12:42 --> Undefined variable: course_teacher_id
in APPPATH/Controllers/HomepageController.php on line 83.
 1 APPPATH/Controllers/HomepageController.php(83): CodeIgniter\Debug\Exceptions->errorHandler(8, 'Undefined variable: course_teacher_id', '/var/www/html/app/Controllers/HomepageController.php', 83, [...])
 2 SYSTEMPATH/CodeIgniter.php(942): App\Controllers\HomepageController->Course_details_view('homepage_assets', 'img', 'logo.png')
 3 SYSTEMPATH/CodeIgniter.php(502): CodeIgniter\CodeIgniter->runController(Object(App\Controllers\HomepageController))
 4 SYSTEMPATH/CodeIgniter.php(361): CodeIgniter\CodeIgniter->handleRequest(null, Object(Config\Cache), false)
 5 FCPATH/index.php(79): CodeIgniter\CodeIgniter->run()
INFO - 2024-06-23 06:12:43 --> Session: Class initialized using 'CodeIgniter\Session\Handlers\FileHandler' driver.
CRITICAL - 2024-06-23 06:12:43 --> Undefined variable: course_teacher_id
in APPPATH/Controllers/HomepageController.php on line 83.
 1 APPPATH/Controllers/HomepageController.php(83): CodeIgniter\Debug\Exceptions->errorHandler(8, 'Undefined variable: course_teacher_id', '/var/www/html/app/Controllers/HomepageController.php', 83, [...])
 2 SYSTEMPATH/CodeIgniter.php(942): App\Controllers\HomepageController->Course_details_view('homepage_assets', 'img', 'favicon.png')
 3 SYSTEMPATH/CodeIgniter.php(502): CodeIgniter\CodeIgniter->runController(Object(App\Controllers\HomepageController))
 4 SYSTEMPATH/CodeIgniter.php(361): CodeIgniter\CodeIgniter->handleRequest(null, Object(Config\Cache), false)
 5 FCPATH/index.php(79): CodeIgniter\CodeIgniter->run()
INFO - 2024-06-23 06:13:17 --> Session: Class initialized using 'CodeIgniter\Session\Handlers\FileHandler' driver.
INFO - 2024-06-23 06:13:21 --> Session: Class initialized using 'CodeIgniter\Session\Handlers\FileHandler' driver.
INFO - 2024-06-23 06:24:47 --> Session: Class initialized using 'CodeIgniter\Session\Handlers\FileHandler' driver.
INFO - 2024-06-23 06:24:54 --> Session: Class initialized using 'CodeIgniter\Session\Handlers\FileHandler' driver.
INFO - 2024-06-23 06:25:32 --> Session: Class initialized using 'CodeIgniter\Session\Handlers\FileHandler' driver.
INFO - 2024-06-23 06:25:51 --> Session: Class initialized using 'CodeIgniter\Session\Handlers\FileHandler' driver.
INFO - 2024-06-23 06:33:46 --> Session: Class initialized using 'CodeIgniter\Session\Handlers\FileHandler' driver.
INFO - 2024-06-23 06:34:13 --> Session: Class initialized using 'CodeIgniter\Session\Handlers\FileHandler' driver.
INFO - 2024-06-23 06:34:14 --> Session: Class initialized using 'CodeIgniter\Session\Handlers\FileHandler' driver.
CRITICAL - 2024-06-23 06:34:14 --> Undefined variable: course_teacher_id
in APPPATH/Controllers/HomepageController.php on line 83.
 1 APPPATH/Controllers/HomepageController.php(83): CodeIgniter\Debug\Exceptions->errorHandler(8, 'Undefined variable: course_teacher_id', '/var/www/html/app/Controllers/HomepageController.php', 83, [...])
 2 SYSTEMPATH/CodeIgniter.php(942): App\Controllers\HomepageController->Course_details_view('homepage_assets', 'img', 'logo.png')
 3 SYSTEMPATH/CodeIgniter.php(502): CodeIgniter\CodeIgniter->runController(Object(App\Controllers\HomepageController))
 4 SYSTEMPATH/CodeIgniter.php(361): CodeIgniter\CodeIgniter->handleRequest(null, Object(Config\Cache), false)
 5 FCPATH/index.php(79): CodeIgniter\CodeIgniter->run()
INFO - 2024-06-23 06:34:15 --> Session: Class initialized using 'CodeIgniter\Session\Handlers\FileHandler' driver.
CRITICAL - 2024-06-23 06:34:15 --> Undefined variable: course_teacher_id
in APPPATH/Controllers/HomepageController.php on line 83.
 1 APPPATH/Controllers/HomepageController.php(83): CodeIgniter\Debug\Exceptions->errorHandler(8, 'Undefined variable: course_teacher_id', '/var/www/html/app/Controllers/HomepageController.php', 83, [...])
 2 SYSTEMPATH/CodeIgniter.php(942): App\Controllers\HomepageController->Course_details_view('homepage_assets', 'img', 'favicon.png')
 3 SYSTEMPATH/CodeIgniter.php(502): CodeIgniter\CodeIgniter->runController(Object(App\Controllers\HomepageController))
 4 SYSTEMPATH/CodeIgniter.php(361): CodeIgniter\CodeIgniter->handleRequest(null, Object(Config\Cache), false)
 5 FCPATH/index.php(79): CodeIgniter\CodeIgniter->run()
INFO - 2024-06-23 06:34:24 --> Session: Class initialized using 'CodeIgniter\Session\Handlers\FileHandler' driver.
INFO - 2024-06-23 06:34:25 --> Session: Class initialized using 'CodeIgniter\Session\Handlers\FileHandler' driver.
CRITICAL - 2024-06-23 06:34:25 --> Undefined variable: course_teacher_id
in APPPATH/Controllers/HomepageController.php on line 83.
 1 APPPATH/Controllers/HomepageController.php(83): CodeIgniter\Debug\Exceptions->errorHandler(8, 'Undefined variable: course_teacher_id', '/var/www/html/app/Controllers/HomepageController.php', 83, [...])
 2 SYSTEMPATH/CodeIgniter.php(942): App\Controllers\HomepageController->Course_details_view('homepage_assets', 'img', 'logo.png')
 3 SYSTEMPATH/CodeIgniter.php(502): CodeIgniter\CodeIgniter->runController(Object(App\Controllers\HomepageController))
 4 SYSTEMPATH/CodeIgniter.php(361): CodeIgniter\CodeIgniter->handleRequest(null, Object(Config\Cache), false)
 5 FCPATH/index.php(79): CodeIgniter\CodeIgniter->run()
INFO - 2024-06-23 06:34:27 --> Session: Class initialized using 'CodeIgniter\Session\Handlers\FileHandler' driver.
INFO - 2024-06-23 06:34:44 --> Session: Class initialized using 'CodeIgniter\Session\Handlers\FileHandler' driver.
INFO - 2024-06-23 06:35:00 --> Session: Class initialized using 'CodeIgniter\Session\Handlers\FileHandler' driver.
INFO - 2024-06-23 06:35:27 --> Session: Class initialized using 'CodeIgniter\Session\Handlers\FileHandler' driver.
INFO - 2024-06-23 06:35:28 --> Session: Class initialized using 'CodeIgniter\Session\Handlers\FileHandler' driver.
CRITICAL - 2024-06-23 06:35:28 --> Undefined variable: course_teacher_id
in APPPATH/Controllers/HomepageController.php on line 83.
 1 APPPATH/Controllers/HomepageController.php(83): CodeIgniter\Debug\Exceptions->errorHandler(8, 'Undefined variable: course_teacher_id', '/var/www/html/app/Controllers/HomepageController.php', 83, [...])
 2 SYSTEMPATH/CodeIgniter.php(942): App\Controllers\HomepageController->Course_details_view('homepage_assets', 'img', 'logo.png')
 3 SYSTEMPATH/CodeIgniter.php(502): CodeIgniter\CodeIgniter->runController(Object(App\Controllers\HomepageController))
 4 SYSTEMPATH/CodeIgniter.php(361): CodeIgniter\CodeIgniter->handleRequest(null, Object(Config\Cache), false)
 5 FCPATH/index.php(79): CodeIgniter\CodeIgniter->run()
INFO - 2024-06-23 06:35:29 --> Session: Class initialized using 'CodeIgniter\Session\Handlers\FileHandler' driver.
CRITICAL - 2024-06-23 06:35:29 --> Undefined variable: course_teacher_id
in APPPATH/Controllers/HomepageController.php on line 83.
 1 APPPATH/Controllers/HomepageController.php(83): CodeIgniter\Debug\Exceptions->errorHandler(8, 'Undefined variable: course_teacher_id', '/var/www/html/app/Controllers/HomepageController.php', 83, [...])
 2 SYSTEMPATH/CodeIgniter.php(942): App\Controllers\HomepageController->Course_details_view('homepage_assets', 'img', 'favicon.png')
 3 SYSTEMPATH/CodeIgniter.php(502): CodeIgniter\CodeIgniter->runController(Object(App\Controllers\HomepageController))
 4 SYSTEMPATH/CodeIgniter.php(361): CodeIgniter\CodeIgniter->handleRequest(null, Object(Config\Cache), false)
 5 FCPATH/index.php(79): CodeIgniter\CodeIgniter->run()
INFO - 2024-06-23 06:35:29 --> Session: Class initialized using 'CodeIgniter\Session\Handlers\FileHandler' driver.
CRITICAL - 2024-06-23 06:35:29 --> Undefined variable: course_teacher_id
in APPPATH/Controllers/HomepageController.php on line 83.
 1 APPPATH/Controllers/HomepageController.php(83): CodeIgniter\Debug\Exceptions->errorHandler(8, 'Undefined variable: course_teacher_id', '/var/www/html/app/Controllers/HomepageController.php', 83, [...])
 2 SYSTEMPATH/CodeIgniter.php(942): App\Controllers\HomepageController->Course_details_view('homepage_assets', 'img', 'apple-touch-icon.png')
 3 SYSTEMPATH/CodeIgniter.php(502): CodeIgniter\CodeIgniter->runController(Object(App\Controllers\HomepageController))
 4 SYSTEMPATH/CodeIgniter.php(361): CodeIgniter\CodeIgniter->handleRequest(null, Object(Config\Cache), false)
 5 FCPATH/index.php(79): CodeIgniter\CodeIgniter->run()
INFO - 2024-06-23 06:35:51 --> Session: Class initialized using 'CodeIgniter\Session\Handlers\FileHandler' driver.
INFO - 2024-06-23 06:36:42 --> Session: Class initialized using 'CodeIgniter\Session\Handlers\FileHandler' driver.
INFO - 2024-06-23 06:36:42 --> Session: Class initialized using 'CodeIgniter\Session\Handlers\FileHandler' driver.
CRITICAL - 2024-06-23 06:36:42 --> Undefined variable: course_teacher_id
in APPPATH/Controllers/HomepageController.php on line 83.
 1 APPPATH/Controllers/HomepageController.php(83): CodeIgniter\Debug\Exceptions->errorHandler(8, 'Undefined variable: course_teacher_id', '/var/www/html/app/Controllers/HomepageController.php', 83, [...])
 2 SYSTEMPATH/CodeIgniter.php(942): App\Controllers\HomepageController->Course_details_view('homepage_assets', 'img', 'logo.png')
 3 SYSTEMPATH/CodeIgniter.php(502): CodeIgniter\CodeIgniter->runController(Object(App\Controllers\HomepageController))
 4 SYSTEMPATH/CodeIgniter.php(361): CodeIgniter\CodeIgniter->handleRequest(null, Object(Config\Cache), false)
 5 FCPATH/index.php(79): CodeIgniter\CodeIgniter->run()
INFO - 2024-06-23 06:36:47 --> Session: Class initialized using 'CodeIgniter\Session\Handlers\FileHandler' driver.
INFO - 2024-06-23 06:37:47 --> Session: Class initialized using 'CodeIgniter\Session\Handlers\FileHandler' driver.
INFO - 2024-06-23 06:47:16 --> Session: Class initialized using 'CodeIgniter\Session\Handlers\FileHandler' driver.
INFO - 2024-06-23 06:54:35 --> Session: Class initialized using 'CodeIgniter\Session\Handlers\FileHandler' driver.
INFO - 2024-06-23 06:54:51 --> Session: Class initialized using 'CodeIgniter\Session\Handlers\FileHandler' driver.
INFO - 2024-06-23 06:54:51 --> Session: Class initialized using 'CodeIgniter\Session\Handlers\FileHandler' driver.
CRITICAL - 2024-06-23 06:54:51 --> Undefined variable: course_teacher_id
in APPPATH/Controllers/HomepageController.php on line 83.
 1 APPPATH/Controllers/HomepageController.php(83): CodeIgniter\Debug\Exceptions->errorHandler(8, 'Undefined variable: course_teacher_id', '/var/www/html/app/Controllers/HomepageController.php', 83, [...])
 2 SYSTEMPATH/CodeIgniter.php(942): App\Controllers\HomepageController->Course_details_view('homepage_assets', 'img', 'logo.png')
 3 SYSTEMPATH/CodeIgniter.php(502): CodeIgniter\CodeIgniter->runController(Object(App\Controllers\HomepageController))
 4 SYSTEMPATH/CodeIgniter.php(361): CodeIgniter\CodeIgniter->handleRequest(null, Object(Config\Cache), false)
 5 FCPATH/index.php(79): CodeIgniter\CodeIgniter->run()
INFO - 2024-06-23 06:54:53 --> Session: Class initialized using 'CodeIgniter\Session\Handlers\FileHandler' driver.
CRITICAL - 2024-06-23 06:54:53 --> Undefined variable: course_teacher_id
in APPPATH/Controllers/HomepageController.php on line 83.
 1 APPPATH/Controllers/HomepageController.php(83): CodeIgniter\Debug\Exceptions->errorHandler(8, 'Undefined variable: course_teacher_id', '/var/www/html/app/Controllers/HomepageController.php', 83, [...])
 2 SYSTEMPATH/CodeIgniter.php(942): App\Controllers\HomepageController->Course_details_view('homepage_assets', 'img', 'favicon.png')
 3 SYSTEMPATH/CodeIgniter.php(502): CodeIgniter\CodeIgniter->runController(Object(App\Controllers\HomepageController))
 4 SYSTEMPATH/CodeIgniter.php(361): CodeIgniter\CodeIgniter->handleRequest(null, Object(Config\Cache), false)
 5 FCPATH/index.php(79): CodeIgniter\CodeIgniter->run()
INFO - 2024-06-23 06:55:01 --> Session: Class initialized using 'CodeIgniter\Session\Handlers\FileHandler' driver.
INFO - 2024-06-23 06:55:10 --> Session: Class initialized using 'CodeIgniter\Session\Handlers\FileHandler' driver.
INFO - 2024-06-23 06:55:11 --> Session: Class initialized using 'CodeIgniter\Session\Handlers\FileHandler' driver.
INFO - 2024-06-23 06:55:12 --> Session: Class initialized using 'CodeIgniter\Session\Handlers\FileHandler' driver.
INFO - 2024-06-23 06:55:24 --> Session: Class initialized using 'CodeIgniter\Session\Handlers\FileHandler' driver.
INFO - 2024-06-23 06:55:34 --> Session: Class initialized using 'CodeIgniter\Session\Handlers\FileHandler' driver.
INFO - 2024-06-23 06:57:24 --> Session: Class initialized using 'CodeIgniter\Session\Handlers\FileHandler' driver.
INFO - 2024-06-23 07:12:27 --> Session: Class initialized using 'CodeIgniter\Session\Handlers\FileHandler' driver.
INFO - 2024-06-23 07:12:35 --> Session: Class initialized using 'CodeIgniter\Session\Handlers\FileHandler' driver.
INFO - 2024-06-23 07:12:36 --> Session: Class initialized using 'CodeIgniter\Session\Handlers\FileHandler' driver.
INFO - 2024-06-23 07:12:58 --> Session: Class initialized using 'CodeIgniter\Session\Handlers\FileHandler' driver.
INFO - 2024-06-23 07:12:59 --> Session: Class initialized using 'CodeIgniter\Session\Handlers\FileHandler' driver.
CRITICAL - 2024-06-23 07:12:59 --> Undefined variable: course_teacher_id
in APPPATH/Controllers/HomepageController.php on line 83.
 1 APPPATH/Controllers/HomepageController.php(83): CodeIgniter\Debug\Exceptions->errorHandler(8, 'Undefined variable: course_teacher_id', '/var/www/html/app/Controllers/HomepageController.php', 83, [...])
 2 SYSTEMPATH/CodeIgniter.php(942): App\Controllers\HomepageController->Course_details_view('homepage_assets', 'img', 'logo.png')
 3 SYSTEMPATH/CodeIgniter.php(502): CodeIgniter\CodeIgniter->runController(Object(App\Controllers\HomepageController))
 4 SYSTEMPATH/CodeIgniter.php(361): CodeIgniter\CodeIgniter->handleRequest(null, Object(Config\Cache), false)
 5 FCPATH/index.php(79): CodeIgniter\CodeIgniter->run()
INFO - 2024-06-23 07:12:59 --> Session: Class initialized using 'CodeIgniter\Session\Handlers\FileHandler' driver.
CRITICAL - 2024-06-23 07:12:59 --> Undefined variable: course_teacher_id
in APPPATH/Controllers/HomepageController.php on line 83.
 1 APPPATH/Controllers/HomepageController.php(83): CodeIgniter\Debug\Exceptions->errorHandler(8, 'Undefined variable: course_teacher_id', '/var/www/html/app/Controllers/HomepageController.php', 83, [...])
 2 SYSTEMPATH/CodeIgniter.php(942): App\Controllers\HomepageController->Course_details_view('homepage_assets', 'img', 'logo.png')
 3 SYSTEMPATH/CodeIgniter.php(502): CodeIgniter\CodeIgniter->runController(Object(App\Controllers\HomepageController))
 4 SYSTEMPATH/CodeIgniter.php(361): CodeIgniter\CodeIgniter->handleRequest(null, Object(Config\Cache), false)
 5 FCPATH/index.php(79): CodeIgniter\CodeIgniter->run()
INFO - 2024-06-23 07:13:00 --> Session: Class initialized using 'CodeIgniter\Session\Handlers\FileHandler' driver.
CRITICAL - 2024-06-23 07:13:00 --> Undefined variable: course_teacher_id
in APPPATH/Controllers/HomepageController.php on line 83.
 1 APPPATH/Controllers/HomepageController.php(83): CodeIgniter\Debug\Exceptions->errorHandler(8, 'Undefined variable: course_teacher_id', '/var/www/html/app/Controllers/HomepageController.php', 83, [...])
 2 SYSTEMPATH/CodeIgniter.php(942): App\Controllers\HomepageController->Course_details_view('homepage_assets', 'img', 'favicon.png')
 3 SYSTEMPATH/CodeIgniter.php(502): CodeIgniter\CodeIgniter->runController(Object(App\Controllers\HomepageController))
 4 SYSTEMPATH/CodeIgniter.php(361): CodeIgniter\CodeIgniter->handleRequest(null, Object(Config\Cache), false)
 5 FCPATH/index.php(79): CodeIgniter\CodeIgniter->run()
INFO - 2024-06-23 07:13:00 --> Session: Class initialized using 'CodeIgniter\Session\Handlers\FileHandler' driver.
CRITICAL - 2024-06-23 07:13:00 --> Undefined variable: course_teacher_id
in APPPATH/Controllers/HomepageController.php on line 83.
 1 APPPATH/Controllers/HomepageController.php(83): CodeIgniter\Debug\Exceptions->errorHandler(8, 'Undefined variable: course_teacher_id', '/var/www/html/app/Controllers/HomepageController.php', 83, [...])
 2 SYSTEMPATH/CodeIgniter.php(942): App\Controllers\HomepageController->Course_details_view('homepage_assets', 'img', 'apple-touch-icon.png')
 3 SYSTEMPATH/CodeIgniter.php(502): CodeIgniter\CodeIgniter->runController(Object(App\Controllers\HomepageController))
 4 SYSTEMPATH/CodeIgniter.php(361): CodeIgniter\CodeIgniter->handleRequest(null, Object(Config\Cache), false)
 5 FCPATH/index.php(79): CodeIgniter\CodeIgniter->run()
INFO - 2024-06-23 07:13:17 --> Session: Class initialized using 'CodeIgniter\Session\Handlers\FileHandler' driver.
INFO - 2024-06-23 07:14:50 --> Session: Class initialized using 'CodeIgniter\Session\Handlers\FileHandler' driver.
INFO - 2024-06-23 07:16:17 --> Session: Class initialized using 'CodeIgniter\Session\Handlers\FileHandler' driver.
INFO - 2024-06-23 07:16:18 --> Session: Class initialized using 'CodeIgniter\Session\Handlers\FileHandler' driver.
INFO - 2024-06-23 07:16:31 --> Session: Class initialized using 'CodeIgniter\Session\Handlers\FileHandler' driver.
INFO - 2024-06-23 07:16:32 --> Session: Class initialized using 'CodeIgniter\Session\Handlers\FileHandler' driver.
CRITICAL - 2024-06-23 07:16:32 --> Undefined variable: course_teacher_id
in APPPATH/Controllers/HomepageController.php on line 83.
 1 APPPATH/Controllers/HomepageController.php(83): CodeIgniter\Debug\Exceptions->errorHandler(8, 'Undefined variable: course_teacher_id', '/var/www/html/app/Controllers/HomepageController.php', 83, [...])
 2 SYSTEMPATH/CodeIgniter.php(942): App\Controllers\HomepageController->Course_details_view('homepage_assets', 'img', 'logo.png')
 3 SYSTEMPATH/CodeIgniter.php(502): CodeIgniter\CodeIgniter->runController(Object(App\Controllers\HomepageController))
 4 SYSTEMPATH/CodeIgniter.php(361): CodeIgniter\CodeIgniter->handleRequest(null, Object(Config\Cache), false)
 5 FCPATH/index.php(79): CodeIgniter\CodeIgniter->run()
INFO - 2024-06-23 07:16:32 --> Session: Class initialized using 'CodeIgniter\Session\Handlers\FileHandler' driver.
CRITICAL - 2024-06-23 07:16:32 --> Undefined variable: course_teacher_id
in APPPATH/Controllers/HomepageController.php on line 83.
 1 APPPATH/Controllers/HomepageController.php(83): CodeIgniter\Debug\Exceptions->errorHandler(8, 'Undefined variable: course_teacher_id', '/var/www/html/app/Controllers/HomepageController.php', 83, [...])
 2 SYSTEMPATH/CodeIgniter.php(942): App\Controllers\HomepageController->Course_details_view('homepage_assets', 'img', 'logo.png')
 3 SYSTEMPATH/CodeIgniter.php(502): CodeIgniter\CodeIgniter->runController(Object(App\Controllers\HomepageController))
 4 SYSTEMPATH/CodeIgniter.php(361): CodeIgniter\CodeIgniter->handleRequest(null, Object(Config\Cache), false)
 5 FCPATH/index.php(79): CodeIgniter\CodeIgniter->run()
INFO - 2024-06-23 07:16:33 --> Session: Class initialized using 'CodeIgniter\Session\Handlers\FileHandler' driver.
CRITICAL - 2024-06-23 07:16:33 --> Undefined variable: course_teacher_id
in APPPATH/Controllers/HomepageController.php on line 83.
 1 APPPATH/Controllers/HomepageController.php(83): CodeIgniter\Debug\Exceptions->errorHandler(8, 'Undefined variable: course_teacher_id', '/var/www/html/app/Controllers/HomepageController.php', 83, [...])
 2 SYSTEMPATH/CodeIgniter.php(942): App\Controllers\HomepageController->Course_details_view('homepage_assets', 'img', 'favicon.png')
 3 SYSTEMPATH/CodeIgniter.php(502): CodeIgniter\CodeIgniter->runController(Object(App\Controllers\HomepageController))
 4 SYSTEMPATH/CodeIgniter.php(361): CodeIgniter\CodeIgniter->handleRequest(null, Object(Config\Cache), false)
 5 FCPATH/index.php(79): CodeIgniter\CodeIgniter->run()
INFO - 2024-06-23 07:16:33 --> Session: Class initialized using 'CodeIgniter\Session\Handlers\FileHandler' driver.
CRITICAL - 2024-06-23 07:16:33 --> Undefined variable: course_teacher_id
in APPPATH/Controllers/HomepageController.php on line 83.
 1 APPPATH/Controllers/HomepageController.php(83): CodeIgniter\Debug\Exceptions->errorHandler(8, 'Undefined variable: course_teacher_id', '/var/www/html/app/Controllers/HomepageController.php', 83, [...])
 2 SYSTEMPATH/CodeIgniter.php(942): App\Controllers\HomepageController->Course_details_view('homepage_assets', 'img', 'apple-touch-icon.png')
 3 SYSTEMPATH/CodeIgniter.php(502): CodeIgniter\CodeIgniter->runController(Object(App\Controllers\HomepageController))
 4 SYSTEMPATH/CodeIgniter.php(361): CodeIgniter\CodeIgniter->handleRequest(null, Object(Config\Cache), false)
 5 FCPATH/index.php(79): CodeIgniter\CodeIgniter->run()
INFO - 2024-06-23 07:59:39 --> Session: Class initialized using 'CodeIgniter\Session\Handlers\FileHandler' driver.
INFO - 2024-06-23 07:59:40 --> Session: Class initialized using 'CodeIgniter\Session\Handlers\FileHandler' driver.
CRITICAL - 2024-06-23 07:59:40 --> Undefined variable: course_teacher_id
in APPPATH/Controllers/HomepageController.php on line 83.
 1 APPPATH/Controllers/HomepageController.php(83): CodeIgniter\Debug\Exceptions->errorHandler(8, 'Undefined variable: course_teacher_id', '/var/www/html/app/Controllers/HomepageController.php', 83, [...])
 2 SYSTEMPATH/CodeIgniter.php(942): App\Controllers\HomepageController->Course_details_view('homepage_assets', 'img', 'logo.png')
 3 SYSTEMPATH/CodeIgniter.php(502): CodeIgniter\CodeIgniter->runController(Object(App\Controllers\HomepageController))
 4 SYSTEMPATH/CodeIgniter.php(361): CodeIgniter\CodeIgniter->handleRequest(null, Object(Config\Cache), false)
 5 FCPATH/index.php(79): CodeIgniter\CodeIgniter->run()
INFO - 2024-06-23 08:00:38 --> Session: Class initialized using 'CodeIgniter\Session\Handlers\FileHandler' driver.
INFO - 2024-06-23 08:00:41 --> Session: Class initialized using 'CodeIgniter\Session\Handlers\FileHandler' driver.
CRITICAL - 2024-06-23 08:00:41 --> Undefined variable: course_teacher_id
in APPPATH/Controllers/HomepageController.php on line 83.
 1 APPPATH/Controllers/HomepageController.php(83): CodeIgniter\Debug\Exceptions->errorHandler(8, 'Undefined variable: course_teacher_id', '/var/www/html/app/Controllers/HomepageController.php', 83, [...])
 2 SYSTEMPATH/CodeIgniter.php(942): App\Controllers\HomepageController->Course_details_view('homepage_assets', 'img', 'logo.png')
 3 SYSTEMPATH/CodeIgniter.php(502): CodeIgniter\CodeIgniter->runController(Object(App\Controllers\HomepageController))
 4 SYSTEMPATH/CodeIgniter.php(361): CodeIgniter\CodeIgniter->handleRequest(null, Object(Config\Cache), false)
 5 FCPATH/index.php(79): CodeIgniter\CodeIgniter->run()
INFO - 2024-06-23 08:00:42 --> Session: Class initialized using 'CodeIgniter\Session\Handlers\FileHandler' driver.
CRITICAL - 2024-06-23 08:00:42 --> Undefined variable: course_teacher_id
in APPPATH/Controllers/HomepageController.php on line 83.
 1 APPPATH/Controllers/HomepageController.php(83): CodeIgniter\Debug\Exceptions->errorHandler(8, 'Undefined variable: course_teacher_id', '/var/www/html/app/Controllers/HomepageController.php', 83, [...])
 2 SYSTEMPATH/CodeIgniter.php(942): App\Controllers\HomepageController->Course_details_view('homepage_assets', 'img', 'apple-touch-icon.png')
 3 SYSTEMPATH/CodeIgniter.php(502): CodeIgniter\CodeIgniter->runController(Object(App\Controllers\HomepageController))
 4 SYSTEMPATH/CodeIgniter.php(361): CodeIgniter\CodeIgniter->handleRequest(null, Object(Config\Cache), false)
 5 FCPATH/index.php(79): CodeIgniter\CodeIgniter->run()
INFO - 2024-06-23 08:00:42 --> Session: Class initialized using 'CodeIgniter\Session\Handlers\FileHandler' driver.
CRITICAL - 2024-06-23 08:00:42 --> Undefined variable: course_teacher_id
in APPPATH/Controllers/HomepageController.php on line 83.
 1 APPPATH/Controllers/HomepageController.php(83): CodeIgniter\Debug\Exceptions->errorHandler(8, 'Undefined variable: course_teacher_id', '/var/www/html/app/Controllers/HomepageController.php', 83, [...])
 2 SYSTEMPATH/CodeIgniter.php(942): App\Controllers\HomepageController->Course_details_view('homepage_assets', 'img', 'favicon.png')
 3 SYSTEMPATH/CodeIgniter.php(502): CodeIgniter\CodeIgniter->runController(Object(App\Controllers\HomepageController))
 4 SYSTEMPATH/CodeIgniter.php(361): CodeIgniter\CodeIgniter->handleRequest(null, Object(Config\Cache), false)
 5 FCPATH/index.php(79): CodeIgniter\CodeIgniter->run()
INFO - 2024-06-23 08:12:35 --> Session: Class initialized using 'CodeIgniter\Session\Handlers\FileHandler' driver.
INFO - 2024-06-23 08:12:36 --> Session: Class initialized using 'CodeIgniter\Session\Handlers\FileHandler' driver.
CRITICAL - 2024-06-23 08:12:36 --> Undefined variable: course_teacher_id
in APPPATH/Controllers/HomepageController.php on line 83.
 1 APPPATH/Controllers/HomepageController.php(83): CodeIgniter\Debug\Exceptions->errorHandler(8, 'Undefined variable: course_teacher_id', '/var/www/html/app/Controllers/HomepageController.php', 83, [...])
 2 SYSTEMPATH/CodeIgniter.php(942): App\Controllers\HomepageController->Course_details_view('homepage_assets', 'img', 'logo.png')
 3 SYSTEMPATH/CodeIgniter.php(502): CodeIgniter\CodeIgniter->runController(Object(App\Controllers\HomepageController))
 4 SYSTEMPATH/CodeIgniter.php(361): CodeIgniter\CodeIgniter->handleRequest(null, Object(Config\Cache), false)
 5 FCPATH/index.php(79): CodeIgniter\CodeIgniter->run()
INFO - 2024-06-23 08:12:37 --> Session: Class initialized using 'CodeIgniter\Session\Handlers\FileHandler' driver.
CRITICAL - 2024-06-23 08:12:37 --> Undefined variable: course_teacher_id
in APPPATH/Controllers/HomepageController.php on line 83.
 1 APPPATH/Controllers/HomepageController.php(83): CodeIgniter\Debug\Exceptions->errorHandler(8, 'Undefined variable: course_teacher_id', '/var/www/html/app/Controllers/HomepageController.php', 83, [...])
 2 SYSTEMPATH/CodeIgniter.php(942): App\Controllers\HomepageController->Course_details_view('homepage_assets', 'img', 'favicon.png')
 3 SYSTEMPATH/CodeIgniter.php(502): CodeIgniter\CodeIgniter->runController(Object(App\Controllers\HomepageController))
 4 SYSTEMPATH/CodeIgniter.php(361): CodeIgniter\CodeIgniter->handleRequest(null, Object(Config\Cache), false)
 5 FCPATH/index.php(79): CodeIgniter\CodeIgniter->run()
INFO - 2024-06-23 08:12:37 --> Session: Class initialized using 'CodeIgniter\Session\Handlers\FileHandler' driver.
CRITICAL - 2024-06-23 08:12:37 --> Undefined variable: course_teacher_id
in APPPATH/Controllers/HomepageController.php on line 83.
 1 APPPATH/Controllers/HomepageController.php(83): CodeIgniter\Debug\Exceptions->errorHandler(8, 'Undefined variable: course_teacher_id', '/var/www/html/app/Controllers/HomepageController.php', 83, [...])
 2 SYSTEMPATH/CodeIgniter.php(942): App\Controllers\HomepageController->Course_details_view('homepage_assets', 'img', 'apple-touch-icon.png')
 3 SYSTEMPATH/CodeIgniter.php(502): CodeIgniter\CodeIgniter->runController(Object(App\Controllers\HomepageController))
 4 SYSTEMPATH/CodeIgniter.php(361): CodeIgniter\CodeIgniter->handleRequest(null, Object(Config\Cache), false)
 5 FCPATH/index.php(79): CodeIgniter\CodeIgniter->run()
INFO - 2024-06-23 08:12:39 --> Session: Class initialized using 'CodeIgniter\Session\Handlers\FileHandler' driver.
INFO - 2024-06-23 08:12:58 --> Session: Class initialized using 'CodeIgniter\Session\Handlers\FileHandler' driver.
INFO - 2024-06-23 08:13:21 --> Session: Class initialized using 'CodeIgniter\Session\Handlers\FileHandler' driver.
INFO - 2024-06-23 08:13:27 --> Session: Class initialized using 'CodeIgniter\Session\Handlers\FileHandler' driver.
INFO - 2024-06-23 08:13:48 --> Session: Class initialized using 'CodeIgniter\Session\Handlers\FileHandler' driver.
INFO - 2024-06-23 08:13:49 --> Session: Class initialized using 'CodeIgniter\Session\Handlers\FileHandler' driver.
CRITICAL - 2024-06-23 08:13:49 --> Undefined variable: course_teacher_id
in APPPATH/Controllers/HomepageController.php on line 83.
 1 APPPATH/Controllers/HomepageController.php(83): CodeIgniter\Debug\Exceptions->errorHandler(8, 'Undefined variable: course_teacher_id', '/var/www/html/app/Controllers/HomepageController.php', 83, [...])
 2 SYSTEMPATH/CodeIgniter.php(942): App\Controllers\HomepageController->Course_details_view('homepage_assets', 'img', 'logo.png')
 3 SYSTEMPATH/CodeIgniter.php(502): CodeIgniter\CodeIgniter->runController(Object(App\Controllers\HomepageController))
 4 SYSTEMPATH/CodeIgniter.php(361): CodeIgniter\CodeIgniter->handleRequest(null, Object(Config\Cache), false)
 5 FCPATH/index.php(79): CodeIgniter\CodeIgniter->run()
INFO - 2024-06-23 08:13:50 --> Session: Class initialized using 'CodeIgniter\Session\Handlers\FileHandler' driver.
CRITICAL - 2024-06-23 08:13:50 --> Undefined variable: course_teacher_id
in APPPATH/Controllers/HomepageController.php on line 83.
 1 APPPATH/Controllers/HomepageController.php(83): CodeIgniter\Debug\Exceptions->errorHandler(8, 'Undefined variable: course_teacher_id', '/var/www/html/app/Controllers/HomepageController.php', 83, [...])
 2 SYSTEMPATH/CodeIgniter.php(942): App\Controllers\HomepageController->Course_details_view('homepage_assets', 'img', 'favicon.png')
 3 SYSTEMPATH/CodeIgniter.php(502): CodeIgniter\CodeIgniter->runController(Object(App\Controllers\HomepageController))
 4 SYSTEMPATH/CodeIgniter.php(361): CodeIgniter\CodeIgniter->handleRequest(null, Object(Config\Cache), false)
 5 FCPATH/index.php(79): CodeIgniter\CodeIgniter->run()
INFO - 2024-06-23 08:14:07 --> Session: Class initialized using 'CodeIgniter\Session\Handlers\FileHandler' driver.
INFO - 2024-06-23 08:14:08 --> Session: Class initialized using 'CodeIgniter\Session\Handlers\FileHandler' driver.
CRITICAL - 2024-06-23 08:14:08 --> Undefined variable: course_teacher_id
in APPPATH/Controllers/HomepageController.php on line 83.
 1 APPPATH/Controllers/HomepageController.php(83): CodeIgniter\Debug\Exceptions->errorHandler(8, 'Undefined variable: course_teacher_id', '/var/www/html/app/Controllers/HomepageController.php', 83, [...])
 2 SYSTEMPATH/CodeIgniter.php(942): App\Controllers\HomepageController->Course_details_view('homepage_assets', 'img', 'logo.png')
 3 SYSTEMPATH/CodeIgniter.php(502): CodeIgniter\CodeIgniter->runController(Object(App\Controllers\HomepageController))
 4 SYSTEMPATH/CodeIgniter.php(361): CodeIgniter\CodeIgniter->handleRequest(null, Object(Config\Cache), false)
 5 FCPATH/index.php(79): CodeIgniter\CodeIgniter->run()
INFO - 2024-06-23 08:14:09 --> Session: Class initialized using 'CodeIgniter\Session\Handlers\FileHandler' driver.
CRITICAL - 2024-06-23 08:14:09 --> Undefined variable: course_teacher_id
in APPPATH/Controllers/HomepageController.php on line 83.
 1 APPPATH/Controllers/HomepageController.php(83): CodeIgniter\Debug\Exceptions->errorHandler(8, 'Undefined variable: course_teacher_id', '/var/www/html/app/Controllers/HomepageController.php', 83, [...])
 2 SYSTEMPATH/CodeIgniter.php(942): App\Controllers\HomepageController->Course_details_view('homepage_assets', 'img', 'logo.png')
 3 SYSTEMPATH/CodeIgniter.php(502): CodeIgniter\CodeIgniter->runController(Object(App\Controllers\HomepageController))
 4 SYSTEMPATH/CodeIgniter.php(361): CodeIgniter\CodeIgniter->handleRequest(null, Object(Config\Cache), false)
 5 FCPATH/index.php(79): CodeIgniter\CodeIgniter->run()
INFO - 2024-06-23 08:15:03 --> Session: Class initialized using 'CodeIgniter\Session\Handlers\FileHandler' driver.
INFO - 2024-06-23 08:15:04 --> Session: Class initialized using 'CodeIgniter\Session\Handlers\FileHandler' driver.
CRITICAL - 2024-06-23 08:15:04 --> Undefined variable: course_teacher_id
in APPPATH/Controllers/HomepageController.php on line 83.
 1 APPPATH/Controllers/HomepageController.php(83): CodeIgniter\Debug\Exceptions->errorHandler(8, 'Undefined variable: course_teacher_id', '/var/www/html/app/Controllers/HomepageController.php', 83, [...])
 2 SYSTEMPATH/CodeIgniter.php(942): App\Controllers\HomepageController->Course_details_view('homepage_assets', 'img', 'logo.png')
 3 SYSTEMPATH/CodeIgniter.php(502): CodeIgniter\CodeIgniter->runController(Object(App\Controllers\HomepageController))
 4 SYSTEMPATH/CodeIgniter.php(361): CodeIgniter\CodeIgniter->handleRequest(null, Object(Config\Cache), false)
 5 FCPATH/index.php(79): CodeIgniter\CodeIgniter->run()
INFO - 2024-06-23 08:21:24 --> Session: Class initialized using 'CodeIgniter\Session\Handlers\FileHandler' driver.
INFO - 2024-06-23 08:26:11 --> Session: Class initialized using 'CodeIgniter\Session\Handlers\FileHandler' driver.
INFO - 2024-06-23 08:26:12 --> Session: Class initialized using 'CodeIgniter\Session\Handlers\FileHandler' driver.
CRITICAL - 2024-06-23 08:26:12 --> Undefined variable: course_teacher_id
in APPPATH/Controllers/HomepageController.php on line 83.
 1 APPPATH/Controllers/HomepageController.php(83): CodeIgniter\Debug\Exceptions->errorHandler(8, 'Undefined variable: course_teacher_id', '/var/www/html/app/Controllers/HomepageController.php', 83, [...])
 2 SYSTEMPATH/CodeIgniter.php(942): App\Controllers\HomepageController->Course_details_view('homepage_assets', 'img', 'logo.png')
 3 SYSTEMPATH/CodeIgniter.php(502): CodeIgniter\CodeIgniter->runController(Object(App\Controllers\HomepageController))
 4 SYSTEMPATH/CodeIgniter.php(361): CodeIgniter\CodeIgniter->handleRequest(null, Object(Config\Cache), false)
 5 FCPATH/index.php(79): CodeIgniter\CodeIgniter->run()
INFO - 2024-06-23 08:26:13 --> Session: Class initialized using 'CodeIgniter\Session\Handlers\FileHandler' driver.
CRITICAL - 2024-06-23 08:26:13 --> Undefined variable: course_teacher_id
in APPPATH/Controllers/HomepageController.php on line 83.
 1 APPPATH/Controllers/HomepageController.php(83): CodeIgniter\Debug\Exceptions->errorHandler(8, 'Undefined variable: course_teacher_id', '/var/www/html/app/Controllers/HomepageController.php', 83, [...])
 2 SYSTEMPATH/CodeIgniter.php(942): App\Controllers\HomepageController->Course_details_view('homepage_assets', 'img', 'apple-touch-icon.png')
 3 SYSTEMPATH/CodeIgniter.php(502): CodeIgniter\CodeIgniter->runController(Object(App\Controllers\HomepageController))
 4 SYSTEMPATH/CodeIgniter.php(361): CodeIgniter\CodeIgniter->handleRequest(null, Object(Config\Cache), false)
 5 FCPATH/index.php(79): CodeIgniter\CodeIgniter->run()
INFO - 2024-06-23 08:26:13 --> Session: Class initialized using 'CodeIgniter\Session\Handlers\FileHandler' driver.
CRITICAL - 2024-06-23 08:26:13 --> Undefined variable: course_teacher_id
in APPPATH/Controllers/HomepageController.php on line 83.
 1 APPPATH/Controllers/HomepageController.php(83): CodeIgniter\Debug\Exceptions->errorHandler(8, 'Undefined variable: course_teacher_id', '/var/www/html/app/Controllers/HomepageController.php', 83, [...])
 2 SYSTEMPATH/CodeIgniter.php(942): App\Controllers\HomepageController->Course_details_view('homepage_assets', 'img', 'favicon.png')
 3 SYSTEMPATH/CodeIgniter.php(502): CodeIgniter\CodeIgniter->runController(Object(App\Controllers\HomepageController))
 4 SYSTEMPATH/CodeIgniter.php(361): CodeIgniter\CodeIgniter->handleRequest(null, Object(Config\Cache), false)
 5 FCPATH/index.php(79): CodeIgniter\CodeIgniter->run()
INFO - 2024-06-23 08:26:20 --> Session: Class initialized using 'CodeIgniter\Session\Handlers\FileHandler' driver.
INFO - 2024-06-23 08:26:36 --> Session: Class initialized using 'CodeIgniter\Session\Handlers\FileHandler' driver.
INFO - 2024-06-23 08:26:36 --> Session: Class initialized using 'CodeIgniter\Session\Handlers\FileHandler' driver.
CRITICAL - 2024-06-23 08:26:36 --> Undefined variable: course_teacher_id
in APPPATH/Controllers/HomepageController.php on line 83.
 1 APPPATH/Controllers/HomepageController.php(83): CodeIgniter\Debug\Exceptions->errorHandler(8, 'Undefined variable: course_teacher_id', '/var/www/html/app/Controllers/HomepageController.php', 83, [...])
 2 SYSTEMPATH/CodeIgniter.php(942): App\Controllers\HomepageController->Course_details_view('homepage_assets', 'img', 'logo.png')
 3 SYSTEMPATH/CodeIgniter.php(502): CodeIgniter\CodeIgniter->runController(Object(App\Controllers\HomepageController))
 4 SYSTEMPATH/CodeIgniter.php(361): CodeIgniter\CodeIgniter->handleRequest(null, Object(Config\Cache), false)
 5 FCPATH/index.php(79): CodeIgniter\CodeIgniter->run()
INFO - 2024-06-23 08:26:37 --> Session: Class initialized using 'CodeIgniter\Session\Handlers\FileHandler' driver.
CRITICAL - 2024-06-23 08:26:37 --> Undefined variable: course_teacher_id
in APPPATH/Controllers/HomepageController.php on line 83.
 1 APPPATH/Controllers/HomepageController.php(83): CodeIgniter\Debug\Exceptions->errorHandler(8, 'Undefined variable: course_teacher_id', '/var/www/html/app/Controllers/HomepageController.php', 83, [...])
 2 SYSTEMPATH/CodeIgniter.php(942): App\Controllers\HomepageController->Course_details_view('homepage_assets', 'img', 'logo.png')
 3 SYSTEMPATH/CodeIgniter.php(502): CodeIgniter\CodeIgniter->runController(Object(App\Controllers\HomepageController))
 4 SYSTEMPATH/CodeIgniter.php(361): CodeIgniter\CodeIgniter->handleRequest(null, Object(Config\Cache), false)
 5 FCPATH/index.php(79): CodeIgniter\CodeIgniter->run()
INFO - 2024-06-23 08:28:19 --> Session: Class initialized using 'CodeIgniter\Session\Handlers\FileHandler' driver.
INFO - 2024-06-23 08:28:20 --> Session: Class initialized using 'CodeIgniter\Session\Handlers\FileHandler' driver.
CRITICAL - 2024-06-23 08:28:20 --> Undefined variable: course_teacher_id
in APPPATH/Controllers/HomepageController.php on line 83.
 1 APPPATH/Controllers/HomepageController.php(83): CodeIgniter\Debug\Exceptions->errorHandler(8, 'Undefined variable: course_teacher_id', '/var/www/html/app/Controllers/HomepageController.php', 83, [...])
 2 SYSTEMPATH/CodeIgniter.php(942): App\Controllers\HomepageController->Course_details_view('homepage_assets', 'img', 'logo.png')
 3 SYSTEMPATH/CodeIgniter.php(502): CodeIgniter\CodeIgniter->runController(Object(App\Controllers\HomepageController))
 4 SYSTEMPATH/CodeIgniter.php(361): CodeIgniter\CodeIgniter->handleRequest(null, Object(Config\Cache), false)
 5 FCPATH/index.php(79): CodeIgniter\CodeIgniter->run()
INFO - 2024-06-23 08:28:34 --> Session: Class initialized using 'CodeIgniter\Session\Handlers\FileHandler' driver.
INFO - 2024-06-23 08:28:40 --> Session: Class initialized using 'CodeIgniter\Session\Handlers\FileHandler' driver.
INFO - 2024-06-23 08:30:43 --> Session: Class initialized using 'CodeIgniter\Session\Handlers\FileHandler' driver.
INFO - 2024-06-23 08:30:44 --> Session: Class initialized using 'CodeIgniter\Session\Handlers\FileHandler' driver.
CRITICAL - 2024-06-23 08:30:44 --> Undefined variable: course_teacher_id
in APPPATH/Controllers/HomepageController.php on line 83.
 1 APPPATH/Controllers/HomepageController.php(83): CodeIgniter\Debug\Exceptions->errorHandler(8, 'Undefined variable: course_teacher_id', '/var/www/html/app/Controllers/HomepageController.php', 83, [...])
 2 SYSTEMPATH/CodeIgniter.php(942): App\Controllers\HomepageController->Course_details_view('homepage_assets', 'img', 'logo.png')
 3 SYSTEMPATH/CodeIgniter.php(502): CodeIgniter\CodeIgniter->runController(Object(App\Controllers\HomepageController))
 4 SYSTEMPATH/CodeIgniter.php(361): CodeIgniter\CodeIgniter->handleRequest(null, Object(Config\Cache), false)
 5 FCPATH/index.php(79): CodeIgniter\CodeIgniter->run()
INFO - 2024-06-23 08:30:44 --> Session: Class initialized using 'CodeIgniter\Session\Handlers\FileHandler' driver.
CRITICAL - 2024-06-23 08:30:44 --> Undefined variable: course_teacher_id
in APPPATH/Controllers/HomepageController.php on line 83.
 1 APPPATH/Controllers/HomepageController.php(83): CodeIgniter\Debug\Exceptions->errorHandler(8, 'Undefined variable: course_teacher_id', '/var/www/html/app/Controllers/HomepageController.php', 83, [...])
 2 SYSTEMPATH/CodeIgniter.php(942): App\Controllers\HomepageController->Course_details_view('homepage_assets', 'img', 'logo.png')
 3 SYSTEMPATH/CodeIgniter.php(502): CodeIgniter\CodeIgniter->runController(Object(App\Controllers\HomepageController))
 4 SYSTEMPATH/CodeIgniter.php(361): CodeIgniter\CodeIgniter->handleRequest(null, Object(Config\Cache), false)
 5 FCPATH/index.php(79): CodeIgniter\CodeIgniter->run()
INFO - 2024-06-23 08:32:17 --> Session: Class initialized using 'CodeIgniter\Session\Handlers\FileHandler' driver.
INFO - 2024-06-23 08:32:18 --> Session: Class initialized using 'CodeIgniter\Session\Handlers\FileHandler' driver.
CRITICAL - 2024-06-23 08:32:18 --> Undefined variable: course_teacher_id
in APPPATH/Controllers/HomepageController.php on line 83.
 1 APPPATH/Controllers/HomepageController.php(83): CodeIgniter\Debug\Exceptions->errorHandler(8, 'Undefined variable: course_teacher_id', '/var/www/html/app/Controllers/HomepageController.php', 83, [...])
 2 SYSTEMPATH/CodeIgniter.php(942): App\Controllers\HomepageController->Course_details_view('homepage_assets', 'img', 'logo.png')
 3 SYSTEMPATH/CodeIgniter.php(502): CodeIgniter\CodeIgniter->runController(Object(App\Controllers\HomepageController))
 4 SYSTEMPATH/CodeIgniter.php(361): CodeIgniter\CodeIgniter->handleRequest(null, Object(Config\Cache), false)
 5 FCPATH/index.php(79): CodeIgniter\CodeIgniter->run()
INFO - 2024-06-23 08:32:35 --> Session: Class initialized using 'CodeIgniter\Session\Handlers\FileHandler' driver.
CRITICAL - 2024-06-23 08:32:35 --> Undefined variable: course_teacher_id
in APPPATH/Controllers/HomepageController.php on line 83.
 1 APPPATH/Controllers/HomepageController.php(83): CodeIgniter\Debug\Exceptions->errorHandler(8, 'Undefined variable: course_teacher_id', '/var/www/html/app/Controllers/HomepageController.php', 83, [...])
 2 SYSTEMPATH/CodeIgniter.php(942): App\Controllers\HomepageController->Course_details_view('homepage_assets', 'img', 'logo.png')
 3 SYSTEMPATH/CodeIgniter.php(502): CodeIgniter\CodeIgniter->runController(Object(App\Controllers\HomepageController))
 4 SYSTEMPATH/CodeIgniter.php(361): CodeIgniter\CodeIgniter->handleRequest(null, Object(Config\Cache), false)
 5 FCPATH/index.php(79): CodeIgniter\CodeIgniter->run()
INFO - 2024-06-23 08:33:57 --> Session: Class initialized using 'CodeIgniter\Session\Handlers\FileHandler' driver.
INFO - 2024-06-23 08:41:27 --> Session: Class initialized using 'CodeIgniter\Session\Handlers\FileHandler' driver.
INFO - 2024-06-23 08:47:46 --> Session: Class initialized using 'CodeIgniter\Session\Handlers\FileHandler' driver.
INFO - 2024-06-23 08:48:03 --> Session: Class initialized using 'CodeIgniter\Session\Handlers\FileHandler' driver.
INFO - 2024-06-23 08:48:08 --> Session: Class initialized using 'CodeIgniter\Session\Handlers\FileHandler' driver.
INFO - 2024-06-23 08:48:09 --> Session: Class initialized using 'CodeIgniter\Session\Handlers\FileHandler' driver.
CRITICAL - 2024-06-23 08:48:09 --> Undefined variable: course_teacher_id
in APPPATH/Controllers/HomepageController.php on line 83.
 1 APPPATH/Controllers/HomepageController.php(83): CodeIgniter\Debug\Exceptions->errorHandler(8, 'Undefined variable: course_teacher_id', '/var/www/html/app/Controllers/HomepageController.php', 83, [...])
 2 SYSTEMPATH/CodeIgniter.php(942): App\Controllers\HomepageController->Course_details_view('homepage_assets', 'img', 'logo.png')
 3 SYSTEMPATH/CodeIgniter.php(502): CodeIgniter\CodeIgniter->runController(Object(App\Controllers\HomepageController))
 4 SYSTEMPATH/CodeIgniter.php(361): CodeIgniter\CodeIgniter->handleRequest(null, Object(Config\Cache), false)
 5 FCPATH/index.php(79): CodeIgniter\CodeIgniter->run()
INFO - 2024-06-23 08:48:10 --> Session: Class initialized using 'CodeIgniter\Session\Handlers\FileHandler' driver.
CRITICAL - 2024-06-23 08:48:10 --> Undefined variable: course_teacher_id
in APPPATH/Controllers/HomepageController.php on line 83.
 1 APPPATH/Controllers/HomepageController.php(83): CodeIgniter\Debug\Exceptions->errorHandler(8, 'Undefined variable: course_teacher_id', '/var/www/html/app/Controllers/HomepageController.php', 83, [...])
 2 SYSTEMPATH/CodeIgniter.php(942): App\Controllers\HomepageController->Course_details_view('homepage_assets', 'img', 'apple-touch-icon.png')
 3 SYSTEMPATH/CodeIgniter.php(502): CodeIgniter\CodeIgniter->runController(Object(App\Controllers\HomepageController))
 4 SYSTEMPATH/CodeIgniter.php(361): CodeIgniter\CodeIgniter->handleRequest(null, Object(Config\Cache), false)
 5 FCPATH/index.php(79): CodeIgniter\CodeIgniter->run()
INFO - 2024-06-23 08:48:10 --> Session: Class initialized using 'CodeIgniter\Session\Handlers\FileHandler' driver.
CRITICAL - 2024-06-23 08:48:10 --> Undefined variable: course_teacher_id
in APPPATH/Controllers/HomepageController.php on line 83.
 1 APPPATH/Controllers/HomepageController.php(83): CodeIgniter\Debug\Exceptions->errorHandler(8, 'Undefined variable: course_teacher_id', '/var/www/html/app/Controllers/HomepageController.php', 83, [...])
 2 SYSTEMPATH/CodeIgniter.php(942): App\Controllers\HomepageController->Course_details_view('homepage_assets', 'img', 'favicon.png')
 3 SYSTEMPATH/CodeIgniter.php(502): CodeIgniter\CodeIgniter->runController(Object(App\Controllers\HomepageController))
 4 SYSTEMPATH/CodeIgniter.php(361): CodeIgniter\CodeIgniter->handleRequest(null, Object(Config\Cache), false)
 5 FCPATH/index.php(79): CodeIgniter\CodeIgniter->run()
INFO - 2024-06-23 08:48:17 --> Session: Class initialized using 'CodeIgniter\Session\Handlers\FileHandler' driver.
INFO - 2024-06-23 08:50:35 --> Session: Class initialized using 'CodeIgniter\Session\Handlers\FileHandler' driver.
INFO - 2024-06-23 08:50:36 --> Session: Class initialized using 'CodeIgniter\Session\Handlers\FileHandler' driver.
CRITICAL - 2024-06-23 08:50:36 --> Undefined variable: course_teacher_id
in APPPATH/Controllers/HomepageController.php on line 83.
 1 APPPATH/Controllers/HomepageController.php(83): CodeIgniter\Debug\Exceptions->errorHandler(8, 'Undefined variable: course_teacher_id', '/var/www/html/app/Controllers/HomepageController.php', 83, [...])
 2 SYSTEMPATH/CodeIgniter.php(942): App\Controllers\HomepageController->Course_details_view('homepage_assets', 'img', 'logo.png')
 3 SYSTEMPATH/CodeIgniter.php(502): CodeIgniter\CodeIgniter->runController(Object(App\Controllers\HomepageController))
 4 SYSTEMPATH/CodeIgniter.php(361): CodeIgniter\CodeIgniter->handleRequest(null, Object(Config\Cache), false)
 5 FCPATH/index.php(79): CodeIgniter\CodeIgniter->run()
INFO - 2024-06-23 08:50:38 --> Session: Class initialized using 'CodeIgniter\Session\Handlers\FileHandler' driver.
CRITICAL - 2024-06-23 08:50:38 --> Undefined variable: course_teacher_id
in APPPATH/Controllers/HomepageController.php on line 83.
 1 APPPATH/Controllers/HomepageController.php(83): CodeIgniter\Debug\Exceptions->errorHandler(8, 'Undefined variable: course_teacher_id', '/var/www/html/app/Controllers/HomepageController.php', 83, [...])
 2 SYSTEMPATH/CodeIgniter.php(942): App\Controllers\HomepageController->Course_details_view('homepage_assets', 'img', 'apple-touch-icon.png')
 3 SYSTEMPATH/CodeIgniter.php(502): CodeIgniter\CodeIgniter->runController(Object(App\Controllers\HomepageController))
 4 SYSTEMPATH/CodeIgniter.php(361): CodeIgniter\CodeIgniter->handleRequest(null, Object(Config\Cache), false)
 5 FCPATH/index.php(79): CodeIgniter\CodeIgniter->run()
INFO - 2024-06-23 08:50:38 --> Session: Class initialized using 'CodeIgniter\Session\Handlers\FileHandler' driver.
CRITICAL - 2024-06-23 08:50:38 --> Undefined variable: course_teacher_id
in APPPATH/Controllers/HomepageController.php on line 83.
 1 APPPATH/Controllers/HomepageController.php(83): CodeIgniter\Debug\Exceptions->errorHandler(8, 'Undefined variable: course_teacher_id', '/var/www/html/app/Controllers/HomepageController.php', 83, [...])
 2 SYSTEMPATH/CodeIgniter.php(942): App\Controllers\HomepageController->Course_details_view('homepage_assets', 'img', 'favicon.png')
 3 SYSTEMPATH/CodeIgniter.php(502): CodeIgniter\CodeIgniter->runController(Object(App\Controllers\HomepageController))
 4 SYSTEMPATH/CodeIgniter.php(361): CodeIgniter\CodeIgniter->handleRequest(null, Object(Config\Cache), false)
 5 FCPATH/index.php(79): CodeIgniter\CodeIgniter->run()
INFO - 2024-06-23 08:50:43 --> Session: Class initialized using 'CodeIgniter\Session\Handlers\FileHandler' driver.
INFO - 2024-06-23 08:50:50 --> Session: Class initialized using 'CodeIgniter\Session\Handlers\FileHandler' driver.
INFO - 2024-06-23 08:50:53 --> Session: Class initialized using 'CodeIgniter\Session\Handlers\FileHandler' driver.
INFO - 2024-06-23 08:51:26 --> Session: Class initialized using 'CodeIgniter\Session\Handlers\FileHandler' driver.
INFO - 2024-06-23 08:51:53 --> Session: Class initialized using 'CodeIgniter\Session\Handlers\FileHandler' driver.
INFO - 2024-06-23 08:52:09 --> Session: Class initialized using 'CodeIgniter\Session\Handlers\FileHandler' driver.
INFO - 2024-06-23 08:52:10 --> Session: Class initialized using 'CodeIgniter\Session\Handlers\FileHandler' driver.
CRITICAL - 2024-06-23 08:52:10 --> Undefined variable: course_teacher_id
in APPPATH/Controllers/HomepageController.php on line 83.
 1 APPPATH/Controllers/HomepageController.php(83): CodeIgniter\Debug\Exceptions->errorHandler(8, 'Undefined variable: course_teacher_id', '/var/www/html/app/Controllers/HomepageController.php', 83, [...])
 2 SYSTEMPATH/CodeIgniter.php(942): App\Controllers\HomepageController->Course_details_view('homepage_assets', 'img', 'logo.png')
 3 SYSTEMPATH/CodeIgniter.php(502): CodeIgniter\CodeIgniter->runController(Object(App\Controllers\HomepageController))
 4 SYSTEMPATH/CodeIgniter.php(361): CodeIgniter\CodeIgniter->handleRequest(null, Object(Config\Cache), false)
 5 FCPATH/index.php(79): CodeIgniter\CodeIgniter->run()
INFO - 2024-06-23 08:52:11 --> Session: Class initialized using 'CodeIgniter\Session\Handlers\FileHandler' driver.
CRITICAL - 2024-06-23 08:52:11 --> Undefined variable: course_teacher_id
in APPPATH/Controllers/HomepageController.php on line 83.
 1 APPPATH/Controllers/HomepageController.php(83): CodeIgniter\Debug\Exceptions->errorHandler(8, 'Undefined variable: course_teacher_id', '/var/www/html/app/Controllers/HomepageController.php', 83, [...])
 2 SYSTEMPATH/CodeIgniter.php(942): App\Controllers\HomepageController->Course_details_view('homepage_assets', 'img', 'favicon.png')
 3 SYSTEMPATH/CodeIgniter.php(502): CodeIgniter\CodeIgniter->runController(Object(App\Controllers\HomepageController))
 4 SYSTEMPATH/CodeIgniter.php(361): CodeIgniter\CodeIgniter->handleRequest(null, Object(Config\Cache), false)
 5 FCPATH/index.php(79): CodeIgniter\CodeIgniter->run()
INFO - 2024-06-23 08:52:11 --> Session: Class initialized using 'CodeIgniter\Session\Handlers\FileHandler' driver.
CRITICAL - 2024-06-23 08:52:11 --> Undefined variable: course_teacher_id
in APPPATH/Controllers/HomepageController.php on line 83.
 1 APPPATH/Controllers/HomepageController.php(83): CodeIgniter\Debug\Exceptions->errorHandler(8, 'Undefined variable: course_teacher_id', '/var/www/html/app/Controllers/HomepageController.php', 83, [...])
 2 SYSTEMPATH/CodeIgniter.php(942): App\Controllers\HomepageController->Course_details_view('homepage_assets', 'img', 'apple-touch-icon.png')
 3 SYSTEMPATH/CodeIgniter.php(502): CodeIgniter\CodeIgniter->runController(Object(App\Controllers\HomepageController))
 4 SYSTEMPATH/CodeIgniter.php(361): CodeIgniter\CodeIgniter->handleRequest(null, Object(Config\Cache), false)
 5 FCPATH/index.php(79): CodeIgniter\CodeIgniter->run()
INFO - 2024-06-23 09:17:54 --> Session: Class initialized using 'CodeIgniter\Session\Handlers\FileHandler' driver.
INFO - 2024-06-23 09:21:05 --> Session: Class initialized using 'CodeIgniter\Session\Handlers\FileHandler' driver.
INFO - 2024-06-23 09:21:29 --> Session: Class initialized using 'CodeIgniter\Session\Handlers\FileHandler' driver.
INFO - 2024-06-23 09:21:41 --> Session: Class initialized using 'CodeIgniter\Session\Handlers\FileHandler' driver.
INFO - 2024-06-23 09:35:36 --> Session: Class initialized using 'CodeIgniter\Session\Handlers\FileHandler' driver.
INFO - 2024-06-23 09:35:49 --> Session: Class initialized using 'CodeIgniter\Session\Handlers\FileHandler' driver.
INFO - 2024-06-23 09:36:27 --> Session: Class initialized using 'CodeIgniter\Session\Handlers\FileHandler' driver.
INFO - 2024-06-23 09:36:28 --> Session: Class initialized using 'CodeIgniter\Session\Handlers\FileHandler' driver.
CRITICAL - 2024-06-23 09:36:28 --> Undefined variable: course_teacher_id
in APPPATH/Controllers/HomepageController.php on line 83.
 1 APPPATH/Controllers/HomepageController.php(83): CodeIgniter\Debug\Exceptions->errorHandler(8, 'Undefined variable: course_teacher_id', '/var/www/html/app/Controllers/HomepageController.php', 83, [...])
 2 SYSTEMPATH/CodeIgniter.php(942): App\Controllers\HomepageController->Course_details_view('homepage_assets', 'img', 'logo.png')
 3 SYSTEMPATH/CodeIgniter.php(502): CodeIgniter\CodeIgniter->runController(Object(App\Controllers\HomepageController))
 4 SYSTEMPATH/CodeIgniter.php(361): CodeIgniter\CodeIgniter->handleRequest(null, Object(Config\Cache), false)
 5 FCPATH/index.php(79): CodeIgniter\CodeIgniter->run()
INFO - 2024-06-23 09:36:29 --> Session: Class initialized using 'CodeIgniter\Session\Handlers\FileHandler' driver.
CRITICAL - 2024-06-23 09:36:29 --> Undefined variable: course_teacher_id
in APPPATH/Controllers/HomepageController.php on line 83.
 1 APPPATH/Controllers/HomepageController.php(83): CodeIgniter\Debug\Exceptions->errorHandler(8, 'Undefined variable: course_teacher_id', '/var/www/html/app/Controllers/HomepageController.php', 83, [...])
 2 SYSTEMPATH/CodeIgniter.php(942): App\Controllers\HomepageController->Course_details_view('homepage_assets', 'img', 'apple-touch-icon.png')
 3 SYSTEMPATH/CodeIgniter.php(502): CodeIgniter\CodeIgniter->runController(Object(App\Controllers\HomepageController))
 4 SYSTEMPATH/CodeIgniter.php(361): CodeIgniter\CodeIgniter->handleRequest(null, Object(Config\Cache), false)
 5 FCPATH/index.php(79): CodeIgniter\CodeIgniter->run()
INFO - 2024-06-23 09:36:29 --> Session: Class initialized using 'CodeIgniter\Session\Handlers\FileHandler' driver.
CRITICAL - 2024-06-23 09:36:29 --> Undefined variable: course_teacher_id
in APPPATH/Controllers/HomepageController.php on line 83.
 1 APPPATH/Controllers/HomepageController.php(83): CodeIgniter\Debug\Exceptions->errorHandler(8, 'Undefined variable: course_teacher_id', '/var/www/html/app/Controllers/HomepageController.php', 83, [...])
 2 SYSTEMPATH/CodeIgniter.php(942): App\Controllers\HomepageController->Course_details_view('homepage_assets', 'img', 'favicon.png')
 3 SYSTEMPATH/CodeIgniter.php(502): CodeIgniter\CodeIgniter->runController(Object(App\Controllers\HomepageController))
 4 SYSTEMPATH/CodeIgniter.php(361): CodeIgniter\CodeIgniter->handleRequest(null, Object(Config\Cache), false)
 5 FCPATH/index.php(79): CodeIgniter\CodeIgniter->run()
INFO - 2024-06-23 09:37:45 --> Session: Class initialized using 'CodeIgniter\Session\Handlers\FileHandler' driver.
INFO - 2024-06-23 09:37:53 --> Session: Class initialized using 'CodeIgniter\Session\Handlers\FileHandler' driver.
INFO - 2024-06-23 09:38:01 --> Session: Class initialized using 'CodeIgniter\Session\Handlers\FileHandler' driver.
INFO - 2024-06-23 09:38:10 --> Session: Class initialized using 'CodeIgniter\Session\Handlers\FileHandler' driver.
INFO - 2024-06-23 09:56:38 --> Session: Class initialized using 'CodeIgniter\Session\Handlers\FileHandler' driver.
INFO - 2024-06-23 09:57:51 --> Session: Class initialized using 'CodeIgniter\Session\Handlers\FileHandler' driver.
INFO - 2024-06-23 09:57:57 --> Session: Class initialized using 'CodeIgniter\Session\Handlers\FileHandler' driver.
INFO - 2024-06-23 09:58:03 --> Session: Class initialized using 'CodeIgniter\Session\Handlers\FileHandler' driver.
INFO - 2024-06-23 09:58:08 --> Session: Class initialized using 'CodeIgniter\Session\Handlers\FileHandler' driver.
INFO - 2024-06-23 09:58:55 --> Session: Class initialized using 'CodeIgniter\Session\Handlers\FileHandler' driver.
INFO - 2024-06-23 10:00:20 --> Session: Class initialized using 'CodeIgniter\Session\Handlers\FileHandler' driver.
INFO - 2024-06-23 10:00:25 --> Session: Class initialized using 'CodeIgniter\Session\Handlers\FileHandler' driver.
INFO - 2024-06-23 10:00:29 --> Session: Class initialized using 'CodeIgniter\Session\Handlers\FileHandler' driver.
INFO - 2024-06-23 10:00:36 --> Session: Class initialized using 'CodeIgniter\Session\Handlers\FileHandler' driver.
INFO - 2024-06-23 10:00:42 --> Session: Class initialized using 'CodeIgniter\Session\Handlers\FileHandler' driver.
INFO - 2024-06-23 10:00:54 --> Session: Class initialized using 'CodeIgniter\Session\Handlers\FileHandler' driver.
INFO - 2024-06-23 10:02:44 --> Session: Class initialized using 'CodeIgniter\Session\Handlers\FileHandler' driver.
INFO - 2024-06-23 10:03:21 --> Session: Class initialized using 'CodeIgniter\Session\Handlers\FileHandler' driver.
INFO - 2024-06-23 10:04:03 --> Session: Class initialized using 'CodeIgniter\Session\Handlers\FileHandler' driver.
INFO - 2024-06-23 10:04:04 --> Session: Class initialized using 'CodeIgniter\Session\Handlers\FileHandler' driver.
CRITICAL - 2024-06-23 10:04:04 --> Undefined variable: course_teacher_id
in APPPATH/Controllers/HomepageController.php on line 83.
 1 APPPATH/Controllers/HomepageController.php(83): CodeIgniter\Debug\Exceptions->errorHandler(8, 'Undefined variable: course_teacher_id', '/var/www/html/app/Controllers/HomepageController.php', 83, [...])
 2 SYSTEMPATH/CodeIgniter.php(942): App\Controllers\HomepageController->Course_details_view('homepage_assets', 'img', 'logo.png')
 3 SYSTEMPATH/CodeIgniter.php(502): CodeIgniter\CodeIgniter->runController(Object(App\Controllers\HomepageController))
 4 SYSTEMPATH/CodeIgniter.php(361): CodeIgniter\CodeIgniter->handleRequest(null, Object(Config\Cache), false)
 5 FCPATH/index.php(79): CodeIgniter\CodeIgniter->run()
INFO - 2024-06-23 10:04:05 --> Session: Class initialized using 'CodeIgniter\Session\Handlers\FileHandler' driver.
CRITICAL - 2024-06-23 10:04:05 --> Undefined variable: course_teacher_id
in APPPATH/Controllers/HomepageController.php on line 83.
 1 APPPATH/Controllers/HomepageController.php(83): CodeIgniter\Debug\Exceptions->errorHandler(8, 'Undefined variable: course_teacher_id', '/var/www/html/app/Controllers/HomepageController.php', 83, [...])
 2 SYSTEMPATH/CodeIgniter.php(942): App\Controllers\HomepageController->Course_details_view('homepage_assets', 'img', 'apple-touch-icon.png')
 3 SYSTEMPATH/CodeIgniter.php(502): CodeIgniter\CodeIgniter->runController(Object(App\Controllers\HomepageController))
 4 SYSTEMPATH/CodeIgniter.php(361): CodeIgniter\CodeIgniter->handleRequest(null, Object(Config\Cache), false)
 5 FCPATH/index.php(79): CodeIgniter\CodeIgniter->run()
INFO - 2024-06-23 10:04:05 --> Session: Class initialized using 'CodeIgniter\Session\Handlers\FileHandler' driver.
CRITICAL - 2024-06-23 10:04:05 --> Undefined variable: course_teacher_id
in APPPATH/Controllers/HomepageController.php on line 83.
 1 APPPATH/Controllers/HomepageController.php(83): CodeIgniter\Debug\Exceptions->errorHandler(8, 'Undefined variable: course_teacher_id', '/var/www/html/app/Controllers/HomepageController.php', 83, [...])
 2 SYSTEMPATH/CodeIgniter.php(942): App\Controllers\HomepageController->Course_details_view('homepage_assets', 'img', 'favicon.png')
 3 SYSTEMPATH/CodeIgniter.php(502): CodeIgniter\CodeIgniter->runController(Object(App\Controllers\HomepageController))
 4 SYSTEMPATH/CodeIgniter.php(361): CodeIgniter\CodeIgniter->handleRequest(null, Object(Config\Cache), false)
 5 FCPATH/index.php(79): CodeIgniter\CodeIgniter->run()
INFO - 2024-06-23 10:07:49 --> Session: Class initialized using 'CodeIgniter\Session\Handlers\FileHandler' driver.
INFO - 2024-06-23 10:08:29 --> Session: Class initialized using 'CodeIgniter\Session\Handlers\FileHandler' driver.
INFO - 2024-06-23 10:08:34 --> Session: Class initialized using 'CodeIgniter\Session\Handlers\FileHandler' driver.
INFO - 2024-06-23 10:08:38 --> Session: Class initialized using 'CodeIgniter\Session\Handlers\FileHandler' driver.
INFO - 2024-06-23 10:08:46 --> Session: Class initialized using 'CodeIgniter\Session\Handlers\FileHandler' driver.
INFO - 2024-06-23 10:09:01 --> Session: Class initialized using 'CodeIgniter\Session\Handlers\FileHandler' driver.
INFO - 2024-06-23 10:09:08 --> Session: Class initialized using 'CodeIgniter\Session\Handlers\FileHandler' driver.
INFO - 2024-06-23 10:09:08 --> Session: Class initialized using 'CodeIgniter\Session\Handlers\FileHandler' driver.
CRITICAL - 2024-06-23 10:09:08 --> Undefined variable: course_teacher_id
in APPPATH/Controllers/HomepageController.php on line 83.
 1 APPPATH/Controllers/HomepageController.php(83): CodeIgniter\Debug\Exceptions->errorHandler(8, 'Undefined variable: course_teacher_id', '/var/www/html/app/Controllers/HomepageController.php', 83, [...])
 2 SYSTEMPATH/CodeIgniter.php(942): App\Controllers\HomepageController->Course_details_view('homepage_assets', 'img', 'logo.png')
 3 SYSTEMPATH/CodeIgniter.php(502): CodeIgniter\CodeIgniter->runController(Object(App\Controllers\HomepageController))
 4 SYSTEMPATH/CodeIgniter.php(361): CodeIgniter\CodeIgniter->handleRequest(null, Object(Config\Cache), false)
 5 FCPATH/index.php(79): CodeIgniter\CodeIgniter->run()
INFO - 2024-06-23 10:09:09 --> Session: Class initialized using 'CodeIgniter\Session\Handlers\FileHandler' driver.
CRITICAL - 2024-06-23 10:09:09 --> Undefined variable: course_teacher_id
in APPPATH/Controllers/HomepageController.php on line 83.
 1 APPPATH/Controllers/HomepageController.php(83): CodeIgniter\Debug\Exceptions->errorHandler(8, 'Undefined variable: course_teacher_id', '/var/www/html/app/Controllers/HomepageController.php', 83, [...])
 2 SYSTEMPATH/CodeIgniter.php(942): App\Controllers\HomepageController->Course_details_view('homepage_assets', 'img', 'logo.png')
 3 SYSTEMPATH/CodeIgniter.php(502): CodeIgniter\CodeIgniter->runController(Object(App\Controllers\HomepageController))
 4 SYSTEMPATH/CodeIgniter.php(361): CodeIgniter\CodeIgniter->handleRequest(null, Object(Config\Cache), false)
 5 FCPATH/index.php(79): CodeIgniter\CodeIgniter->run()
INFO - 2024-06-23 10:09:10 --> Session: Class initialized using 'CodeIgniter\Session\Handlers\FileHandler' driver.
CRITICAL - 2024-06-23 10:09:10 --> Undefined variable: course_teacher_id
in APPPATH/Controllers/HomepageController.php on line 83.
 1 APPPATH/Controllers/HomepageController.php(83): CodeIgniter\Debug\Exceptions->errorHandler(8, 'Undefined variable: course_teacher_id', '/var/www/html/app/Controllers/HomepageController.php', 83, [...])
 2 SYSTEMPATH/CodeIgniter.php(942): App\Controllers\HomepageController->Course_details_view('homepage_assets', 'img', 'apple-touch-icon.png')
 3 SYSTEMPATH/CodeIgniter.php(502): CodeIgniter\CodeIgniter->runController(Object(App\Controllers\HomepageController))
 4 SYSTEMPATH/CodeIgniter.php(361): CodeIgniter\CodeIgniter->handleRequest(null, Object(Config\Cache), false)
 5 FCPATH/index.php(79): CodeIgniter\CodeIgniter->run()
INFO - 2024-06-23 10:09:10 --> Session: Class initialized using 'CodeIgniter\Session\Handlers\FileHandler' driver.
CRITICAL - 2024-06-23 10:09:10 --> Undefined variable: course_teacher_id
in APPPATH/Controllers/HomepageController.php on line 83.
 1 APPPATH/Controllers/HomepageController.php(83): CodeIgniter\Debug\Exceptions->errorHandler(8, 'Undefined variable: course_teacher_id', '/var/www/html/app/Controllers/HomepageController.php', 83, [...])
 2 SYSTEMPATH/CodeIgniter.php(942): App\Controllers\HomepageController->Course_details_view('homepage_assets', 'img', 'favicon.png')
 3 SYSTEMPATH/CodeIgniter.php(502): CodeIgniter\CodeIgniter->runController(Object(App\Controllers\HomepageController))
 4 SYSTEMPATH/CodeIgniter.php(361): CodeIgniter\CodeIgniter->handleRequest(null, Object(Config\Cache), false)
 5 FCPATH/index.php(79): CodeIgniter\CodeIgniter->run()
INFO - 2024-06-23 10:09:17 --> Session: Class initialized using 'CodeIgniter\Session\Handlers\FileHandler' driver.
INFO - 2024-06-23 10:09:24 --> Session: Class initialized using 'CodeIgniter\Session\Handlers\FileHandler' driver.
INFO - 2024-06-23 10:09:47 --> Session: Class initialized using 'CodeIgniter\Session\Handlers\FileHandler' driver.
INFO - 2024-06-23 10:13:02 --> Session: Class initialized using 'CodeIgniter\Session\Handlers\FileHandler' driver.
INFO - 2024-06-23 10:13:10 --> Session: Class initialized using 'CodeIgniter\Session\Handlers\FileHandler' driver.
INFO - 2024-06-23 10:13:11 --> Session: Class initialized using 'CodeIgniter\Session\Handlers\FileHandler' driver.
INFO - 2024-06-23 10:13:19 --> Session: Class initialized using 'CodeIgniter\Session\Handlers\FileHandler' driver.
INFO - 2024-06-23 10:13:25 --> Session: Class initialized using 'CodeIgniter\Session\Handlers\FileHandler' driver.
INFO - 2024-06-23 10:14:04 --> Session: Class initialized using 'CodeIgniter\Session\Handlers\FileHandler' driver.
INFO - 2024-06-23 10:14:10 --> Session: Class initialized using 'CodeIgniter\Session\Handlers\FileHandler' driver.
INFO - 2024-06-23 10:14:11 --> Session: Class initialized using 'CodeIgniter\Session\Handlers\FileHandler' driver.
INFO - 2024-06-23 10:15:38 --> Session: Class initialized using 'CodeIgniter\Session\Handlers\FileHandler' driver.
INFO - 2024-06-23 10:16:15 --> Session: Class initialized using 'CodeIgniter\Session\Handlers\FileHandler' driver.
INFO - 2024-06-23 10:16:20 --> Session: Class initialized using 'CodeIgniter\Session\Handlers\FileHandler' driver.
INFO - 2024-06-23 10:16:27 --> Session: Class initialized using 'CodeIgniter\Session\Handlers\FileHandler' driver.
INFO - 2024-06-23 10:17:17 --> Session: Class initialized using 'CodeIgniter\Session\Handlers\FileHandler' driver.
INFO - 2024-06-23 10:17:48 --> Session: Class initialized using 'CodeIgniter\Session\Handlers\FileHandler' driver.
INFO - 2024-06-23 10:17:58 --> Session: Class initialized using 'CodeIgniter\Session\Handlers\FileHandler' driver.
INFO - 2024-06-23 10:18:50 --> Session: Class initialized using 'CodeIgniter\Session\Handlers\FileHandler' driver.
INFO - 2024-06-23 10:18:56 --> Session: Class initialized using 'CodeIgniter\Session\Handlers\FileHandler' driver.
INFO - 2024-06-23 10:18:57 --> Session: Class initialized using 'CodeIgniter\Session\Handlers\FileHandler' driver.
INFO - 2024-06-23 10:18:57 --> Session: Class initialized using 'CodeIgniter\Session\Handlers\FileHandler' driver.
INFO - 2024-06-23 10:20:10 --> Session: Class initialized using 'CodeIgniter\Session\Handlers\FileHandler' driver.
INFO - 2024-06-23 10:20:11 --> Session: Class initialized using 'CodeIgniter\Session\Handlers\FileHandler' driver.
INFO - 2024-06-23 10:20:13 --> Session: Class initialized using 'CodeIgniter\Session\Handlers\FileHandler' driver.
INFO - 2024-06-23 10:20:15 --> Session: Class initialized using 'CodeIgniter\Session\Handlers\FileHandler' driver.
INFO - 2024-06-23 10:21:07 --> Session: Class initialized using 'CodeIgniter\Session\Handlers\FileHandler' driver.
INFO - 2024-06-23 10:23:53 --> Session: Class initialized using 'CodeIgniter\Session\Handlers\FileHandler' driver.
INFO - 2024-06-23 10:24:05 --> Session: Class initialized using 'CodeIgniter\Session\Handlers\FileHandler' driver.
INFO - 2024-06-23 10:24:11 --> Session: Class initialized using 'CodeIgniter\Session\Handlers\FileHandler' driver.
INFO - 2024-06-23 10:24:18 --> Session: Class initialized using 'CodeIgniter\Session\Handlers\FileHandler' driver.
INFO - 2024-06-23 10:24:19 --> Session: Class initialized using 'CodeIgniter\Session\Handlers\FileHandler' driver.
INFO - 2024-06-23 10:24:30 --> Session: Class initialized using 'CodeIgniter\Session\Handlers\FileHandler' driver.
INFO - 2024-06-23 10:24:31 --> Session: Class initialized using 'CodeIgniter\Session\Handlers\FileHandler' driver.
INFO - 2024-06-23 10:25:01 --> Session: Class initialized using 'CodeIgniter\Session\Handlers\FileHandler' driver.
INFO - 2024-06-23 10:25:02 --> Session: Class initialized using 'CodeIgniter\Session\Handlers\FileHandler' driver.
CRITICAL - 2024-06-23 10:25:02 --> Undefined variable: course_teacher_id
in APPPATH/Controllers/HomepageController.php on line 83.
 1 APPPATH/Controllers/HomepageController.php(83): CodeIgniter\Debug\Exceptions->errorHandler(8, 'Undefined variable: course_teacher_id', '/var/www/html/app/Controllers/HomepageController.php', 83, [...])
 2 SYSTEMPATH/CodeIgniter.php(942): App\Controllers\HomepageController->Course_details_view('homepage_assets', 'img', 'logo.png')
 3 SYSTEMPATH/CodeIgniter.php(502): CodeIgniter\CodeIgniter->runController(Object(App\Controllers\HomepageController))
 4 SYSTEMPATH/CodeIgniter.php(361): CodeIgniter\CodeIgniter->handleRequest(null, Object(Config\Cache), false)
 5 FCPATH/index.php(79): CodeIgniter\CodeIgniter->run()
INFO - 2024-06-23 10:25:02 --> Session: Class initialized using 'CodeIgniter\Session\Handlers\FileHandler' driver.
CRITICAL - 2024-06-23 10:25:02 --> Undefined variable: course_teacher_id
in APPPATH/Controllers/HomepageController.php on line 83.
 1 APPPATH/Controllers/HomepageController.php(83): CodeIgniter\Debug\Exceptions->errorHandler(8, 'Undefined variable: course_teacher_id', '/var/www/html/app/Controllers/HomepageController.php', 83, [...])
 2 SYSTEMPATH/CodeIgniter.php(942): App\Controllers\HomepageController->Course_details_view('homepage_assets', 'img', 'logo.png')
 3 SYSTEMPATH/CodeIgniter.php(502): CodeIgniter\CodeIgniter->runController(Object(App\Controllers\HomepageController))
 4 SYSTEMPATH/CodeIgniter.php(361): CodeIgniter\CodeIgniter->handleRequest(null, Object(Config\Cache), false)
 5 FCPATH/index.php(79): CodeIgniter\CodeIgniter->run()
INFO - 2024-06-23 10:25:03 --> Session: Class initialized using 'CodeIgniter\Session\Handlers\FileHandler' driver.
CRITICAL - 2024-06-23 10:25:03 --> Undefined variable: course_teacher_id
in APPPATH/Controllers/HomepageController.php on line 83.
 1 APPPATH/Controllers/HomepageController.php(83): CodeIgniter\Debug\Exceptions->errorHandler(8, 'Undefined variable: course_teacher_id', '/var/www/html/app/Controllers/HomepageController.php', 83, [...])
 2 SYSTEMPATH/CodeIgniter.php(942): App\Controllers\HomepageController->Course_details_view('homepage_assets', 'img', 'favicon.png')
 3 SYSTEMPATH/CodeIgniter.php(502): CodeIgniter\CodeIgniter->runController(Object(App\Controllers\HomepageController))
 4 SYSTEMPATH/CodeIgniter.php(361): CodeIgniter\CodeIgniter->handleRequest(null, Object(Config\Cache), false)
 5 FCPATH/index.php(79): CodeIgniter\CodeIgniter->run()
INFO - 2024-06-23 10:25:03 --> Session: Class initialized using 'CodeIgniter\Session\Handlers\FileHandler' driver.
CRITICAL - 2024-06-23 10:25:03 --> Undefined variable: course_teacher_id
in APPPATH/Controllers/HomepageController.php on line 83.
 1 APPPATH/Controllers/HomepageController.php(83): CodeIgniter\Debug\Exceptions->errorHandler(8, 'Undefined variable: course_teacher_id', '/var/www/html/app/Controllers/HomepageController.php', 83, [...])
 2 SYSTEMPATH/CodeIgniter.php(942): App\Controllers\HomepageController->Course_details_view('homepage_assets', 'img', 'apple-touch-icon.png')
 3 SYSTEMPATH/CodeIgniter.php(502): CodeIgniter\CodeIgniter->runController(Object(App\Controllers\HomepageController))
 4 SYSTEMPATH/CodeIgniter.php(361): CodeIgniter\CodeIgniter->handleRequest(null, Object(Config\Cache), false)
 5 FCPATH/index.php(79): CodeIgniter\CodeIgniter->run()
INFO - 2024-06-23 10:25:09 --> Session: Class initialized using 'CodeIgniter\Session\Handlers\FileHandler' driver.
INFO - 2024-06-23 10:25:38 --> Session: Class initialized using 'CodeIgniter\Session\Handlers\FileHandler' driver.
INFO - 2024-06-23 10:25:39 --> Session: Class initialized using 'CodeIgniter\Session\Handlers\FileHandler' driver.
CRITICAL - 2024-06-23 10:25:39 --> Undefined variable: course_teacher_id
in APPPATH/Controllers/HomepageController.php on line 83.
 1 APPPATH/Controllers/HomepageController.php(83): CodeIgniter\Debug\Exceptions->errorHandler(8, 'Undefined variable: course_teacher_id', '/var/www/html/app/Controllers/HomepageController.php', 83, [...])
 2 SYSTEMPATH/CodeIgniter.php(942): App\Controllers\HomepageController->Course_details_view('homepage_assets', 'img', 'logo.png')
 3 SYSTEMPATH/CodeIgniter.php(502): CodeIgniter\CodeIgniter->runController(Object(App\Controllers\HomepageController))
 4 SYSTEMPATH/CodeIgniter.php(361): CodeIgniter\CodeIgniter->handleRequest(null, Object(Config\Cache), false)
 5 FCPATH/index.php(79): CodeIgniter\CodeIgniter->run()
INFO - 2024-06-23 10:25:39 --> Session: Class initialized using 'CodeIgniter\Session\Handlers\FileHandler' driver.
CRITICAL - 2024-06-23 10:25:39 --> Undefined variable: course_teacher_id
in APPPATH/Controllers/HomepageController.php on line 83.
 1 APPPATH/Controllers/HomepageController.php(83): CodeIgniter\Debug\Exceptions->errorHandler(8, 'Undefined variable: course_teacher_id', '/var/www/html/app/Controllers/HomepageController.php', 83, [...])
 2 SYSTEMPATH/CodeIgniter.php(942): App\Controllers\HomepageController->Course_details_view('homepage_assets', 'img', 'apple-touch-icon.png')
 3 SYSTEMPATH/CodeIgniter.php(502): CodeIgniter\CodeIgniter->runController(Object(App\Controllers\HomepageController))
 4 SYSTEMPATH/CodeIgniter.php(361): CodeIgniter\CodeIgniter->handleRequest(null, Object(Config\Cache), false)
 5 FCPATH/index.php(79): CodeIgniter\CodeIgniter->run()
INFO - 2024-06-23 10:25:39 --> Session: Class initialized using 'CodeIgniter\Session\Handlers\FileHandler' driver.
CRITICAL - 2024-06-23 10:25:39 --> Undefined variable: course_teacher_id
in APPPATH/Controllers/HomepageController.php on line 83.
 1 APPPATH/Controllers/HomepageController.php(83): CodeIgniter\Debug\Exceptions->errorHandler(8, 'Undefined variable: course_teacher_id', '/var/www/html/app/Controllers/HomepageController.php', 83, [...])
 2 SYSTEMPATH/CodeIgniter.php(942): App\Controllers\HomepageController->Course_details_view('homepage_assets', 'img', 'favicon.png')
 3 SYSTEMPATH/CodeIgniter.php(502): CodeIgniter\CodeIgniter->runController(Object(App\Controllers\HomepageController))
 4 SYSTEMPATH/CodeIgniter.php(361): CodeIgniter\CodeIgniter->handleRequest(null, Object(Config\Cache), false)
 5 FCPATH/index.php(79): CodeIgniter\CodeIgniter->run()
INFO - 2024-06-23 10:26:06 --> Session: Class initialized using 'CodeIgniter\Session\Handlers\FileHandler' driver.
INFO - 2024-06-23 10:28:35 --> Session: Class initialized using 'CodeIgniter\Session\Handlers\FileHandler' driver.
INFO - 2024-06-23 10:28:39 --> Session: Class initialized using 'CodeIgniter\Session\Handlers\FileHandler' driver.
INFO - 2024-06-23 10:29:39 --> Session: Class initialized using 'CodeIgniter\Session\Handlers\FileHandler' driver.
INFO - 2024-06-23 10:29:41 --> Session: Class initialized using 'CodeIgniter\Session\Handlers\FileHandler' driver.
CRITICAL - 2024-06-23 10:29:41 --> Undefined variable: course_teacher_id
in APPPATH/Controllers/HomepageController.php on line 83.
 1 APPPATH/Controllers/HomepageController.php(83): CodeIgniter\Debug\Exceptions->errorHandler(8, 'Undefined variable: course_teacher_id', '/var/www/html/app/Controllers/HomepageController.php', 83, [...])
 2 SYSTEMPATH/CodeIgniter.php(942): App\Controllers\HomepageController->Course_details_view('homepage_assets', 'img', 'logo.png')
 3 SYSTEMPATH/CodeIgniter.php(502): CodeIgniter\CodeIgniter->runController(Object(App\Controllers\HomepageController))
 4 SYSTEMPATH/CodeIgniter.php(361): CodeIgniter\CodeIgniter->handleRequest(null, Object(Config\Cache), false)
 5 FCPATH/index.php(79): CodeIgniter\CodeIgniter->run()
INFO - 2024-06-23 10:33:49 --> Session: Class initialized using 'CodeIgniter\Session\Handlers\FileHandler' driver.
INFO - 2024-06-23 10:33:54 --> Session: Class initialized using 'CodeIgniter\Session\Handlers\FileHandler' driver.
CRITICAL - 2024-06-23 10:33:54 --> Undefined variable: course_teacher_id
in APPPATH/Controllers/HomepageController.php on line 83.
 1 APPPATH/Controllers/HomepageController.php(83): CodeIgniter\Debug\Exceptions->errorHandler(8, 'Undefined variable: course_teacher_id', '/var/www/html/app/Controllers/HomepageController.php', 83, [...])
 2 SYSTEMPATH/CodeIgniter.php(942): App\Controllers\HomepageController->Course_details_view('homepage_assets', 'img', 'logo.png')
 3 SYSTEMPATH/CodeIgniter.php(502): CodeIgniter\CodeIgniter->runController(Object(App\Controllers\HomepageController))
 4 SYSTEMPATH/CodeIgniter.php(361): CodeIgniter\CodeIgniter->handleRequest(null, Object(Config\Cache), false)
 5 FCPATH/index.php(79): CodeIgniter\CodeIgniter->run()
INFO - 2024-06-23 10:33:55 --> Session: Class initialized using 'CodeIgniter\Session\Handlers\FileHandler' driver.
CRITICAL - 2024-06-23 10:33:55 --> Undefined variable: course_teacher_id
in APPPATH/Controllers/HomepageController.php on line 83.
 1 APPPATH/Controllers/HomepageController.php(83): CodeIgniter\Debug\Exceptions->errorHandler(8, 'Undefined variable: course_teacher_id', '/var/www/html/app/Controllers/HomepageController.php', 83, [...])
 2 SYSTEMPATH/CodeIgniter.php(942): App\Controllers\HomepageController->Course_details_view('homepage_assets', 'img', 'favicon.png')
 3 SYSTEMPATH/CodeIgniter.php(502): CodeIgniter\CodeIgniter->runController(Object(App\Controllers\HomepageController))
 4 SYSTEMPATH/CodeIgniter.php(361): CodeIgniter\CodeIgniter->handleRequest(null, Object(Config\Cache), false)
 5 FCPATH/index.php(79): CodeIgniter\CodeIgniter->run()
INFO - 2024-06-23 10:33:55 --> Session: Class initialized using 'CodeIgniter\Session\Handlers\FileHandler' driver.
CRITICAL - 2024-06-23 10:33:55 --> Undefined variable: course_teacher_id
in APPPATH/Controllers/HomepageController.php on line 83.
 1 APPPATH/Controllers/HomepageController.php(83): CodeIgniter\Debug\Exceptions->errorHandler(8, 'Undefined variable: course_teacher_id', '/var/www/html/app/Controllers/HomepageController.php', 83, [...])
 2 SYSTEMPATH/CodeIgniter.php(942): App\Controllers\HomepageController->Course_details_view('homepage_assets', 'img', 'apple-touch-icon.png')
 3 SYSTEMPATH/CodeIgniter.php(502): CodeIgniter\CodeIgniter->runController(Object(App\Controllers\HomepageController))
 4 SYSTEMPATH/CodeIgniter.php(361): CodeIgniter\CodeIgniter->handleRequest(null, Object(Config\Cache), false)
 5 FCPATH/index.php(79): CodeIgniter\CodeIgniter->run()
INFO - 2024-06-23 10:34:25 --> Session: Class initialized using 'CodeIgniter\Session\Handlers\FileHandler' driver.
INFO - 2024-06-23 10:34:26 --> Session: Class initialized using 'CodeIgniter\Session\Handlers\FileHandler' driver.
CRITICAL - 2024-06-23 10:34:26 --> Undefined variable: course_teacher_id
in APPPATH/Controllers/HomepageController.php on line 83.
 1 APPPATH/Controllers/HomepageController.php(83): CodeIgniter\Debug\Exceptions->errorHandler(8, 'Undefined variable: course_teacher_id', '/var/www/html/app/Controllers/HomepageController.php', 83, [...])
 2 SYSTEMPATH/CodeIgniter.php(942): App\Controllers\HomepageController->Course_details_view('homepage_assets', 'img', 'logo.png')
 3 SYSTEMPATH/CodeIgniter.php(502): CodeIgniter\CodeIgniter->runController(Object(App\Controllers\HomepageController))
 4 SYSTEMPATH/CodeIgniter.php(361): CodeIgniter\CodeIgniter->handleRequest(null, Object(Config\Cache), false)
 5 FCPATH/index.php(79): CodeIgniter\CodeIgniter->run()
INFO - 2024-06-23 10:34:26 --> Session: Class initialized using 'CodeIgniter\Session\Handlers\FileHandler' driver.
CRITICAL - 2024-06-23 10:34:26 --> Undefined variable: course_teacher_id
in APPPATH/Controllers/HomepageController.php on line 83.
 1 APPPATH/Controllers/HomepageController.php(83): CodeIgniter\Debug\Exceptions->errorHandler(8, 'Undefined variable: course_teacher_id', '/var/www/html/app/Controllers/HomepageController.php', 83, [...])
 2 SYSTEMPATH/CodeIgniter.php(942): App\Controllers\HomepageController->Course_details_view('homepage_assets', 'img', 'logo.png')
 3 SYSTEMPATH/CodeIgniter.php(502): CodeIgniter\CodeIgniter->runController(Object(App\Controllers\HomepageController))
 4 SYSTEMPATH/CodeIgniter.php(361): CodeIgniter\CodeIgniter->handleRequest(null, Object(Config\Cache), false)
 5 FCPATH/index.php(79): CodeIgniter\CodeIgniter->run()
INFO - 2024-06-23 10:35:32 --> Session: Class initialized using 'CodeIgniter\Session\Handlers\FileHandler' driver.
INFO - 2024-06-23 10:35:48 --> Session: Class initialized using 'CodeIgniter\Session\Handlers\FileHandler' driver.
INFO - 2024-06-23 10:36:12 --> Session: Class initialized using 'CodeIgniter\Session\Handlers\FileHandler' driver.
INFO - 2024-06-23 10:36:12 --> Session: Class initialized using 'CodeIgniter\Session\Handlers\FileHandler' driver.
INFO - 2024-06-23 10:36:22 --> Session: Class initialized using 'CodeIgniter\Session\Handlers\FileHandler' driver.
INFO - 2024-06-23 10:36:36 --> Session: Class initialized using 'CodeIgniter\Session\Handlers\FileHandler' driver.
INFO - 2024-06-23 10:36:37 --> Session: Class initialized using 'CodeIgniter\Session\Handlers\FileHandler' driver.
INFO - 2024-06-23 10:38:15 --> Session: Class initialized using 'CodeIgniter\Session\Handlers\FileHandler' driver.
INFO - 2024-06-23 10:38:49 --> Session: Class initialized using 'CodeIgniter\Session\Handlers\FileHandler' driver.
INFO - 2024-06-23 10:38:58 --> Session: Class initialized using 'CodeIgniter\Session\Handlers\FileHandler' driver.
INFO - 2024-06-23 10:38:58 --> Session: Class initialized using 'CodeIgniter\Session\Handlers\FileHandler' driver.
INFO - 2024-06-23 10:40:06 --> Session: Class initialized using 'CodeIgniter\Session\Handlers\FileHandler' driver.
INFO - 2024-06-23 10:40:12 --> Session: Class initialized using 'CodeIgniter\Session\Handlers\FileHandler' driver.
INFO - 2024-06-23 10:43:06 --> Session: Class initialized using 'CodeIgniter\Session\Handlers\FileHandler' driver.
INFO - 2024-06-23 10:43:15 --> Session: Class initialized using 'CodeIgniter\Session\Handlers\FileHandler' driver.
INFO - 2024-06-23 10:43:51 --> Session: Class initialized using 'CodeIgniter\Session\Handlers\FileHandler' driver.
INFO - 2024-06-23 10:43:58 --> Session: Class initialized using 'CodeIgniter\Session\Handlers\FileHandler' driver.
INFO - 2024-06-23 10:43:59 --> Session: Class initialized using 'CodeIgniter\Session\Handlers\FileHandler' driver.
INFO - 2024-06-23 10:44:09 --> Session: Class initialized using 'CodeIgniter\Session\Handlers\FileHandler' driver.
INFO - 2024-06-23 10:44:09 --> Session: Class initialized using 'CodeIgniter\Session\Handlers\FileHandler' driver.
INFO - 2024-06-23 10:44:41 --> Session: Class initialized using 'CodeIgniter\Session\Handlers\FileHandler' driver.
INFO - 2024-06-23 10:44:47 --> Session: Class initialized using 'CodeIgniter\Session\Handlers\FileHandler' driver.
INFO - 2024-06-23 10:46:04 --> Session: Class initialized using 'CodeIgniter\Session\Handlers\FileHandler' driver.
INFO - 2024-06-23 10:49:32 --> Session: Class initialized using 'CodeIgniter\Session\Handlers\FileHandler' driver.
INFO - 2024-06-23 10:50:10 --> Session: Class initialized using 'CodeIgniter\Session\Handlers\FileHandler' driver.
INFO - 2024-06-23 10:50:20 --> Session: Class initialized using 'CodeIgniter\Session\Handlers\FileHandler' driver.
INFO - 2024-06-23 10:50:20 --> Session: Class initialized using 'CodeIgniter\Session\Handlers\FileHandler' driver.
INFO - 2024-06-23 10:50:36 --> Session: Class initialized using 'CodeIgniter\Session\Handlers\FileHandler' driver.
INFO - 2024-06-23 10:50:37 --> Session: Class initialized using 'CodeIgniter\Session\Handlers\FileHandler' driver.
CRITICAL - 2024-06-23 10:50:37 --> Undefined variable: course_teacher_id
in APPPATH/Controllers/HomepageController.php on line 83.
 1 APPPATH/Controllers/HomepageController.php(83): CodeIgniter\Debug\Exceptions->errorHandler(8, 'Undefined variable: course_teacher_id', '/var/www/html/app/Controllers/HomepageController.php', 83, [...])
 2 SYSTEMPATH/CodeIgniter.php(942): App\Controllers\HomepageController->Course_details_view('homepage_assets', 'img', 'logo.png')
 3 SYSTEMPATH/CodeIgniter.php(502): CodeIgniter\CodeIgniter->runController(Object(App\Controllers\HomepageController))
 4 SYSTEMPATH/CodeIgniter.php(361): CodeIgniter\CodeIgniter->handleRequest(null, Object(Config\Cache), false)
 5 FCPATH/index.php(79): CodeIgniter\CodeIgniter->run()
INFO - 2024-06-23 10:50:37 --> Session: Class initialized using 'CodeIgniter\Session\Handlers\FileHandler' driver.
CRITICAL - 2024-06-23 10:50:37 --> Undefined variable: course_teacher_id
in APPPATH/Controllers/HomepageController.php on line 83.
 1 APPPATH/Controllers/HomepageController.php(83): CodeIgniter\Debug\Exceptions->errorHandler(8, 'Undefined variable: course_teacher_id', '/var/www/html/app/Controllers/HomepageController.php', 83, [...])
 2 SYSTEMPATH/CodeIgniter.php(942): App\Controllers\HomepageController->Course_details_view('homepage_assets', 'img', 'logo.png')
 3 SYSTEMPATH/CodeIgniter.php(502): CodeIgniter\CodeIgniter->runController(Object(App\Controllers\HomepageController))
 4 SYSTEMPATH/CodeIgniter.php(361): CodeIgniter\CodeIgniter->handleRequest(null, Object(Config\Cache), false)
 5 FCPATH/index.php(79): CodeIgniter\CodeIgniter->run()
INFO - 2024-06-23 10:50:38 --> Session: Class initialized using 'CodeIgniter\Session\Handlers\FileHandler' driver.
CRITICAL - 2024-06-23 10:50:38 --> Undefined variable: course_teacher_id
in APPPATH/Controllers/HomepageController.php on line 83.
 1 APPPATH/Controllers/HomepageController.php(83): CodeIgniter\Debug\Exceptions->errorHandler(8, 'Undefined variable: course_teacher_id', '/var/www/html/app/Controllers/HomepageController.php', 83, [...])
 2 SYSTEMPATH/CodeIgniter.php(942): App\Controllers\HomepageController->Course_details_view('homepage_assets', 'img', 'apple-touch-icon.png')
 3 SYSTEMPATH/CodeIgniter.php(502): CodeIgniter\CodeIgniter->runController(Object(App\Controllers\HomepageController))
 4 SYSTEMPATH/CodeIgniter.php(361): CodeIgniter\CodeIgniter->handleRequest(null, Object(Config\Cache), false)
 5 FCPATH/index.php(79): CodeIgniter\CodeIgniter->run()
INFO - 2024-06-23 10:50:38 --> Session: Class initialized using 'CodeIgniter\Session\Handlers\FileHandler' driver.
CRITICAL - 2024-06-23 10:50:38 --> Undefined variable: course_teacher_id
in APPPATH/Controllers/HomepageController.php on line 83.
 1 APPPATH/Controllers/HomepageController.php(83): CodeIgniter\Debug\Exceptions->errorHandler(8, 'Undefined variable: course_teacher_id', '/var/www/html/app/Controllers/HomepageController.php', 83, [...])
 2 SYSTEMPATH/CodeIgniter.php(942): App\Controllers\HomepageController->Course_details_view('homepage_assets', 'img', 'favicon.png')
 3 SYSTEMPATH/CodeIgniter.php(502): CodeIgniter\CodeIgniter->runController(Object(App\Controllers\HomepageController))
 4 SYSTEMPATH/CodeIgniter.php(361): CodeIgniter\CodeIgniter->handleRequest(null, Object(Config\Cache), false)
 5 FCPATH/index.php(79): CodeIgniter\CodeIgniter->run()
INFO - 2024-06-23 11:04:58 --> Session: Class initialized using 'CodeIgniter\Session\Handlers\FileHandler' driver.
INFO - 2024-06-23 11:05:11 --> Session: Class initialized using 'CodeIgniter\Session\Handlers\FileHandler' driver.
INFO - 2024-06-23 11:05:19 --> Session: Class initialized using 'CodeIgniter\Session\Handlers\FileHandler' driver.
INFO - 2024-06-23 11:05:20 --> Session: Class initialized using 'CodeIgniter\Session\Handlers\FileHandler' driver.
INFO - 2024-06-23 11:05:31 --> Session: Class initialized using 'CodeIgniter\Session\Handlers\FileHandler' driver.
INFO - 2024-06-23 11:05:31 --> Session: Class initialized using 'CodeIgniter\Session\Handlers\FileHandler' driver.
INFO - 2024-06-23 11:05:40 --> Session: Class initialized using 'CodeIgniter\Session\Handlers\FileHandler' driver.
INFO - 2024-06-23 11:05:40 --> Session: Class initialized using 'CodeIgniter\Session\Handlers\FileHandler' driver.
CRITICAL - 2024-06-23 11:05:40 --> Undefined variable: course_teacher_id
in APPPATH/Controllers/HomepageController.php on line 83.
 1 APPPATH/Controllers/HomepageController.php(83): CodeIgniter\Debug\Exceptions->errorHandler(8, 'Undefined variable: course_teacher_id', '/var/www/html/app/Controllers/HomepageController.php', 83, [...])
 2 SYSTEMPATH/CodeIgniter.php(942): App\Controllers\HomepageController->Course_details_view('homepage_assets', 'img', 'logo.png')
 3 SYSTEMPATH/CodeIgniter.php(502): CodeIgniter\CodeIgniter->runController(Object(App\Controllers\HomepageController))
 4 SYSTEMPATH/CodeIgniter.php(361): CodeIgniter\CodeIgniter->handleRequest(null, Object(Config\Cache), false)
 5 FCPATH/index.php(79): CodeIgniter\CodeIgniter->run()
INFO - 2024-06-23 11:05:41 --> Session: Class initialized using 'CodeIgniter\Session\Handlers\FileHandler' driver.
CRITICAL - 2024-06-23 11:05:41 --> Undefined variable: course_teacher_id
in APPPATH/Controllers/HomepageController.php on line 83.
 1 APPPATH/Controllers/HomepageController.php(83): CodeIgniter\Debug\Exceptions->errorHandler(8, 'Undefined variable: course_teacher_id', '/var/www/html/app/Controllers/HomepageController.php', 83, [...])
 2 SYSTEMPATH/CodeIgniter.php(942): App\Controllers\HomepageController->Course_details_view('homepage_assets', 'img', 'logo.png')
 3 SYSTEMPATH/CodeIgniter.php(502): CodeIgniter\CodeIgniter->runController(Object(App\Controllers\HomepageController))
 4 SYSTEMPATH/CodeIgniter.php(361): CodeIgniter\CodeIgniter->handleRequest(null, Object(Config\Cache), false)
 5 FCPATH/index.php(79): CodeIgniter\CodeIgniter->run()
INFO - 2024-06-23 11:05:41 --> Session: Class initialized using 'CodeIgniter\Session\Handlers\FileHandler' driver.
CRITICAL - 2024-06-23 11:05:41 --> Undefined variable: course_teacher_id
in APPPATH/Controllers/HomepageController.php on line 83.
 1 APPPATH/Controllers/HomepageController.php(83): CodeIgniter\Debug\Exceptions->errorHandler(8, 'Undefined variable: course_teacher_id', '/var/www/html/app/Controllers/HomepageController.php', 83, [...])
 2 SYSTEMPATH/CodeIgniter.php(942): App\Controllers\HomepageController->Course_details_view('homepage_assets', 'img', 'apple-touch-icon.png')
 3 SYSTEMPATH/CodeIgniter.php(502): CodeIgniter\CodeIgniter->runController(Object(App\Controllers\HomepageController))
 4 SYSTEMPATH/CodeIgniter.php(361): CodeIgniter\CodeIgniter->handleRequest(null, Object(Config\Cache), false)
 5 FCPATH/index.php(79): CodeIgniter\CodeIgniter->run()
INFO - 2024-06-23 11:05:42 --> Session: Class initialized using 'CodeIgniter\Session\Handlers\FileHandler' driver.
CRITICAL - 2024-06-23 11:05:42 --> Undefined variable: course_teacher_id
in APPPATH/Controllers/HomepageController.php on line 83.
 1 APPPATH/Controllers/HomepageController.php(83): CodeIgniter\Debug\Exceptions->errorHandler(8, 'Undefined variable: course_teacher_id', '/var/www/html/app/Controllers/HomepageController.php', 83, [...])
 2 SYSTEMPATH/CodeIgniter.php(942): App\Controllers\HomepageController->Course_details_view('homepage_assets', 'img', 'favicon.png')
 3 SYSTEMPATH/CodeIgniter.php(502): CodeIgniter\CodeIgniter->runController(Object(App\Controllers\HomepageController))
 4 SYSTEMPATH/CodeIgniter.php(361): CodeIgniter\CodeIgniter->handleRequest(null, Object(Config\Cache), false)
 5 FCPATH/index.php(79): CodeIgniter\CodeIgniter->run()
INFO - 2024-06-23 11:05:56 --> Session: Class initialized using 'CodeIgniter\Session\Handlers\FileHandler' driver.
INFO - 2024-06-23 11:12:42 --> Session: Class initialized using 'CodeIgniter\Session\Handlers\FileHandler' driver.
INFO - 2024-06-23 11:12:58 --> Session: Class initialized using 'CodeIgniter\Session\Handlers\FileHandler' driver.
INFO - 2024-06-23 11:13:08 --> Session: Class initialized using 'CodeIgniter\Session\Handlers\FileHandler' driver.
INFO - 2024-06-23 11:13:09 --> Session: Class initialized using 'CodeIgniter\Session\Handlers\FileHandler' driver.
INFO - 2024-06-23 11:13:46 --> Session: Class initialized using 'CodeIgniter\Session\Handlers\FileHandler' driver.
INFO - 2024-06-23 11:13:47 --> Session: Class initialized using 'CodeIgniter\Session\Handlers\FileHandler' driver.
INFO - 2024-06-23 11:13:58 --> Session: Class initialized using 'CodeIgniter\Session\Handlers\FileHandler' driver.
INFO - 2024-06-23 11:14:03 --> Session: Class initialized using 'CodeIgniter\Session\Handlers\FileHandler' driver.
INFO - 2024-06-23 11:14:03 --> Session: Class initialized using 'CodeIgniter\Session\Handlers\FileHandler' driver.
CRITICAL - 2024-06-23 11:14:03 --> Undefined variable: course_teacher_id
in APPPATH/Controllers/HomepageController.php on line 83.
 1 APPPATH/Controllers/HomepageController.php(83): CodeIgniter\Debug\Exceptions->errorHandler(8, 'Undefined variable: course_teacher_id', '/var/www/html/app/Controllers/HomepageController.php', 83, [...])
 2 SYSTEMPATH/CodeIgniter.php(942): App\Controllers\HomepageController->Course_details_view('homepage_assets', 'img', 'logo.png')
 3 SYSTEMPATH/CodeIgniter.php(502): CodeIgniter\CodeIgniter->runController(Object(App\Controllers\HomepageController))
 4 SYSTEMPATH/CodeIgniter.php(361): CodeIgniter\CodeIgniter->handleRequest(null, Object(Config\Cache), false)
 5 FCPATH/index.php(79): CodeIgniter\CodeIgniter->run()
INFO - 2024-06-23 11:14:05 --> Session: Class initialized using 'CodeIgniter\Session\Handlers\FileHandler' driver.
CRITICAL - 2024-06-23 11:14:05 --> Undefined variable: course_teacher_id
in APPPATH/Controllers/HomepageController.php on line 83.
 1 APPPATH/Controllers/HomepageController.php(83): CodeIgniter\Debug\Exceptions->errorHandler(8, 'Undefined variable: course_teacher_id', '/var/www/html/app/Controllers/HomepageController.php', 83, [...])
 2 SYSTEMPATH/CodeIgniter.php(942): App\Controllers\HomepageController->Course_details_view('homepage_assets', 'img', 'favicon.png')
 3 SYSTEMPATH/CodeIgniter.php(502): CodeIgniter\CodeIgniter->runController(Object(App\Controllers\HomepageController))
 4 SYSTEMPATH/CodeIgniter.php(361): CodeIgniter\CodeIgniter->handleRequest(null, Object(Config\Cache), false)
 5 FCPATH/index.php(79): CodeIgniter\CodeIgniter->run()
INFO - 2024-06-23 11:14:18 --> Session: Class initialized using 'CodeIgniter\Session\Handlers\FileHandler' driver.
CRITICAL - 2024-06-23 11:14:18 --> Undefined variable: course_teacher_id
in APPPATH/Controllers/HomepageController.php on line 83.
 1 APPPATH/Controllers/HomepageController.php(83): CodeIgniter\Debug\Exceptions->errorHandler(8, 'Undefined variable: course_teacher_id', '/var/www/html/app/Controllers/HomepageController.php', 83, [...])
 2 SYSTEMPATH/CodeIgniter.php(942): App\Controllers\HomepageController->Course_details_view('homepage_assets', 'img', 'favicon.png')
 3 SYSTEMPATH/CodeIgniter.php(502): CodeIgniter\CodeIgniter->runController(Object(App\Controllers\HomepageController))
 4 SYSTEMPATH/CodeIgniter.php(361): CodeIgniter\CodeIgniter->handleRequest(null, Object(Config\Cache), false)
 5 FCPATH/index.php(79): CodeIgniter\CodeIgniter->run()
INFO - 2024-06-23 11:14:19 --> Session: Class initialized using 'CodeIgniter\Session\Handlers\FileHandler' driver.
INFO - 2024-06-23 11:42:15 --> Session: Class initialized using 'CodeIgniter\Session\Handlers\FileHandler' driver.
INFO - 2024-06-23 11:42:23 --> Session: Class initialized using 'CodeIgniter\Session\Handlers\FileHandler' driver.
INFO - 2024-06-23 11:42:24 --> Session: Class initialized using 'CodeIgniter\Session\Handlers\FileHandler' driver.
INFO - 2024-06-23 11:43:09 --> Session: Class initialized using 'CodeIgniter\Session\Handlers\FileHandler' driver.
INFO - 2024-06-23 11:43:10 --> Session: Class initialized using 'CodeIgniter\Session\Handlers\FileHandler' driver.
CRITICAL - 2024-06-23 11:43:10 --> Undefined variable: course_teacher_id
in APPPATH/Controllers/HomepageController.php on line 83.
 1 APPPATH/Controllers/HomepageController.php(83): CodeIgniter\Debug\Exceptions->errorHandler(8, 'Undefined variable: course_teacher_id', '/var/www/html/app/Controllers/HomepageController.php', 83, [...])
 2 SYSTEMPATH/CodeIgniter.php(942): App\Controllers\HomepageController->Course_details_view('homepage_assets', 'img', 'logo.png')
 3 SYSTEMPATH/CodeIgniter.php(502): CodeIgniter\CodeIgniter->runController(Object(App\Controllers\HomepageController))
 4 SYSTEMPATH/CodeIgniter.php(361): CodeIgniter\CodeIgniter->handleRequest(null, Object(Config\Cache), false)
 5 FCPATH/index.php(79): CodeIgniter\CodeIgniter->run()
INFO - 2024-06-23 11:43:12 --> Session: Class initialized using 'CodeIgniter\Session\Handlers\FileHandler' driver.
CRITICAL - 2024-06-23 11:43:12 --> Undefined variable: course_teacher_id
in APPPATH/Controllers/HomepageController.php on line 83.
 1 APPPATH/Controllers/HomepageController.php(83): CodeIgniter\Debug\Exceptions->errorHandler(8, 'Undefined variable: course_teacher_id', '/var/www/html/app/Controllers/HomepageController.php', 83, [...])
 2 SYSTEMPATH/CodeIgniter.php(942): App\Controllers\HomepageController->Course_details_view('homepage_assets', 'img', 'apple-touch-icon.png')
 3 SYSTEMPATH/CodeIgniter.php(502): CodeIgniter\CodeIgniter->runController(Object(App\Controllers\HomepageController))
 4 SYSTEMPATH/CodeIgniter.php(361): CodeIgniter\CodeIgniter->handleRequest(null, Object(Config\Cache), false)
 5 FCPATH/index.php(79): CodeIgniter\CodeIgniter->run()
INFO - 2024-06-23 11:43:12 --> Session: Class initialized using 'CodeIgniter\Session\Handlers\FileHandler' driver.
CRITICAL - 2024-06-23 11:43:12 --> Undefined variable: course_teacher_id
in APPPATH/Controllers/HomepageController.php on line 83.
 1 APPPATH/Controllers/HomepageController.php(83): CodeIgniter\Debug\Exceptions->errorHandler(8, 'Undefined variable: course_teacher_id', '/var/www/html/app/Controllers/HomepageController.php', 83, [...])
 2 SYSTEMPATH/CodeIgniter.php(942): App\Controllers\HomepageController->Course_details_view('homepage_assets', 'img', 'favicon.png')
 3 SYSTEMPATH/CodeIgniter.php(502): CodeIgniter\CodeIgniter->runController(Object(App\Controllers\HomepageController))
 4 SYSTEMPATH/CodeIgniter.php(361): CodeIgniter\CodeIgniter->handleRequest(null, Object(Config\Cache), false)
 5 FCPATH/index.php(79): CodeIgniter\CodeIgniter->run()
INFO - 2024-06-23 11:43:19 --> Session: Class initialized using 'CodeIgniter\Session\Handlers\FileHandler' driver.
INFO - 2024-06-23 11:44:14 --> Session: Class initialized using 'CodeIgniter\Session\Handlers\FileHandler' driver.
INFO - 2024-06-23 11:46:25 --> Session: Class initialized using 'CodeIgniter\Session\Handlers\FileHandler' driver.
INFO - 2024-06-23 11:47:39 --> Session: Class initialized using 'CodeIgniter\Session\Handlers\FileHandler' driver.
INFO - 2024-06-23 11:47:40 --> Session: Class initialized using 'CodeIgniter\Session\Handlers\FileHandler' driver.
CRITICAL - 2024-06-23 11:47:40 --> Undefined variable: course_teacher_id
in APPPATH/Controllers/HomepageController.php on line 83.
 1 APPPATH/Controllers/HomepageController.php(83): CodeIgniter\Debug\Exceptions->errorHandler(8, 'Undefined variable: course_teacher_id', '/var/www/html/app/Controllers/HomepageController.php', 83, [...])
 2 SYSTEMPATH/CodeIgniter.php(942): App\Controllers\HomepageController->Course_details_view('homepage_assets', 'img', 'logo.png')
 3 SYSTEMPATH/CodeIgniter.php(502): CodeIgniter\CodeIgniter->runController(Object(App\Controllers\HomepageController))
 4 SYSTEMPATH/CodeIgniter.php(361): CodeIgniter\CodeIgniter->handleRequest(null, Object(Config\Cache), false)
 5 FCPATH/index.php(79): CodeIgniter\CodeIgniter->run()
INFO - 2024-06-23 11:47:41 --> Session: Class initialized using 'CodeIgniter\Session\Handlers\FileHandler' driver.
CRITICAL - 2024-06-23 11:47:41 --> Undefined variable: course_teacher_id
in APPPATH/Controllers/HomepageController.php on line 83.
 1 APPPATH/Controllers/HomepageController.php(83): CodeIgniter\Debug\Exceptions->errorHandler(8, 'Undefined variable: course_teacher_id', '/var/www/html/app/Controllers/HomepageController.php', 83, [...])
 2 SYSTEMPATH/CodeIgniter.php(942): App\Controllers\HomepageController->Course_details_view('homepage_assets', 'img', 'apple-touch-icon.png')
 3 SYSTEMPATH/CodeIgniter.php(502): CodeIgniter\CodeIgniter->runController(Object(App\Controllers\HomepageController))
 4 SYSTEMPATH/CodeIgniter.php(361): CodeIgniter\CodeIgniter->handleRequest(null, Object(Config\Cache), false)
 5 FCPATH/index.php(79): CodeIgniter\CodeIgniter->run()
INFO - 2024-06-23 11:47:42 --> Session: Class initialized using 'CodeIgniter\Session\Handlers\FileHandler' driver.
CRITICAL - 2024-06-23 11:47:42 --> Undefined variable: course_teacher_id
in APPPATH/Controllers/HomepageController.php on line 83.
 1 APPPATH/Controllers/HomepageController.php(83): CodeIgniter\Debug\Exceptions->errorHandler(8, 'Undefined variable: course_teacher_id', '/var/www/html/app/Controllers/HomepageController.php', 83, [...])
 2 SYSTEMPATH/CodeIgniter.php(942): App\Controllers\HomepageController->Course_details_view('homepage_assets', 'img', 'favicon.png')
 3 SYSTEMPATH/CodeIgniter.php(502): CodeIgniter\CodeIgniter->runController(Object(App\Controllers\HomepageController))
 4 SYSTEMPATH/CodeIgniter.php(361): CodeIgniter\CodeIgniter->handleRequest(null, Object(Config\Cache), false)
 5 FCPATH/index.php(79): CodeIgniter\CodeIgniter->run()
INFO - 2024-06-23 11:47:57 --> Session: Class initialized using 'CodeIgniter\Session\Handlers\FileHandler' driver.
INFO - 2024-06-23 11:47:58 --> Session: Class initialized using 'CodeIgniter\Session\Handlers\FileHandler' driver.
CRITICAL - 2024-06-23 11:47:58 --> Undefined variable: course_teacher_id
in APPPATH/Controllers/HomepageController.php on line 83.
 1 APPPATH/Controllers/HomepageController.php(83): CodeIgniter\Debug\Exceptions->errorHandler(8, 'Undefined variable: course_teacher_id', '/var/www/html/app/Controllers/HomepageController.php', 83, [...])
 2 SYSTEMPATH/CodeIgniter.php(942): App\Controllers\HomepageController->Course_details_view('homepage_assets', 'img', 'logo.png')
 3 SYSTEMPATH/CodeIgniter.php(502): CodeIgniter\CodeIgniter->runController(Object(App\Controllers\HomepageController))
 4 SYSTEMPATH/CodeIgniter.php(361): CodeIgniter\CodeIgniter->handleRequest(null, Object(Config\Cache), false)
 5 FCPATH/index.php(79): CodeIgniter\CodeIgniter->run()
INFO - 2024-06-23 11:48:13 --> Session: Class initialized using 'CodeIgniter\Session\Handlers\FileHandler' driver.
INFO - 2024-06-23 11:48:22 --> Session: Class initialized using 'CodeIgniter\Session\Handlers\FileHandler' driver.
INFO - 2024-06-23 11:48:23 --> Session: Class initialized using 'CodeIgniter\Session\Handlers\FileHandler' driver.
CRITICAL - 2024-06-23 11:48:23 --> Undefined variable: course_teacher_id
in APPPATH/Controllers/HomepageController.php on line 83.
 1 APPPATH/Controllers/HomepageController.php(83): CodeIgniter\Debug\Exceptions->errorHandler(8, 'Undefined variable: course_teacher_id', '/var/www/html/app/Controllers/HomepageController.php', 83, [...])
 2 SYSTEMPATH/CodeIgniter.php(942): App\Controllers\HomepageController->Course_details_view('homepage_assets', 'img', 'logo.png')
 3 SYSTEMPATH/CodeIgniter.php(502): CodeIgniter\CodeIgniter->runController(Object(App\Controllers\HomepageController))
 4 SYSTEMPATH/CodeIgniter.php(361): CodeIgniter\CodeIgniter->handleRequest(null, Object(Config\Cache), false)
 5 FCPATH/index.php(79): CodeIgniter\CodeIgniter->run()
INFO - 2024-06-23 11:48:23 --> Session: Class initialized using 'CodeIgniter\Session\Handlers\FileHandler' driver.
CRITICAL - 2024-06-23 11:48:23 --> Undefined variable: course_teacher_id
in APPPATH/Controllers/HomepageController.php on line 83.
 1 APPPATH/Controllers/HomepageController.php(83): CodeIgniter\Debug\Exceptions->errorHandler(8, 'Undefined variable: course_teacher_id', '/var/www/html/app/Controllers/HomepageController.php', 83, [...])
 2 SYSTEMPATH/CodeIgniter.php(942): App\Controllers\HomepageController->Course_details_view('homepage_assets', 'img', 'logo.png')
 3 SYSTEMPATH/CodeIgniter.php(502): CodeIgniter\CodeIgniter->runController(Object(App\Controllers\HomepageController))
 4 SYSTEMPATH/CodeIgniter.php(361): CodeIgniter\CodeIgniter->handleRequest(null, Object(Config\Cache), false)
 5 FCPATH/index.php(79): CodeIgniter\CodeIgniter->run()
INFO - 2024-06-23 11:48:24 --> Session: Class initialized using 'CodeIgniter\Session\Handlers\FileHandler' driver.
CRITICAL - 2024-06-23 11:48:24 --> Undefined variable: course_teacher_id
in APPPATH/Controllers/HomepageController.php on line 83.
 1 APPPATH/Controllers/HomepageController.php(83): CodeIgniter\Debug\Exceptions->errorHandler(8, 'Undefined variable: course_teacher_id', '/var/www/html/app/Controllers/HomepageController.php', 83, [...])
 2 SYSTEMPATH/CodeIgniter.php(942): App\Controllers\HomepageController->Course_details_view('homepage_assets', 'img', 'apple-touch-icon.png')
 3 SYSTEMPATH/CodeIgniter.php(502): CodeIgniter\CodeIgniter->runController(Object(App\Controllers\HomepageController))
 4 SYSTEMPATH/CodeIgniter.php(361): CodeIgniter\CodeIgniter->handleRequest(null, Object(Config\Cache), false)
 5 FCPATH/index.php(79): CodeIgniter\CodeIgniter->run()
INFO - 2024-06-23 11:48:24 --> Session: Class initialized using 'CodeIgniter\Session\Handlers\FileHandler' driver.
CRITICAL - 2024-06-23 11:48:24 --> Undefined variable: course_teacher_id
in APPPATH/Controllers/HomepageController.php on line 83.
 1 APPPATH/Controllers/HomepageController.php(83): CodeIgniter\Debug\Exceptions->errorHandler(8, 'Undefined variable: course_teacher_id', '/var/www/html/app/Controllers/HomepageController.php', 83, [...])
 2 SYSTEMPATH/CodeIgniter.php(942): App\Controllers\HomepageController->Course_details_view('homepage_assets', 'img', 'favicon.png')
 3 SYSTEMPATH/CodeIgniter.php(502): CodeIgniter\CodeIgniter->runController(Object(App\Controllers\HomepageController))
 4 SYSTEMPATH/CodeIgniter.php(361): CodeIgniter\CodeIgniter->handleRequest(null, Object(Config\Cache), false)
 5 FCPATH/index.php(79): CodeIgniter\CodeIgniter->run()
INFO - 2024-06-23 11:48:41 --> Session: Class initialized using 'CodeIgniter\Session\Handlers\FileHandler' driver.
INFO - 2024-06-23 11:48:56 --> Session: Class initialized using 'CodeIgniter\Session\Handlers\FileHandler' driver.
INFO - 2024-06-23 11:49:48 --> Session: Class initialized using 'CodeIgniter\Session\Handlers\FileHandler' driver.
INFO - 2024-06-23 11:50:00 --> Session: Class initialized using 'CodeIgniter\Session\Handlers\FileHandler' driver.
INFO - 2024-06-23 11:50:00 --> Session: Class initialized using 'CodeIgniter\Session\Handlers\FileHandler' driver.
INFO - 2024-06-23 11:50:19 --> Session: Class initialized using 'CodeIgniter\Session\Handlers\FileHandler' driver.
INFO - 2024-06-23 11:50:19 --> Session: Class initialized using 'CodeIgniter\Session\Handlers\FileHandler' driver.
INFO - 2024-06-23 11:52:46 --> Session: Class initialized using 'CodeIgniter\Session\Handlers\FileHandler' driver.
INFO - 2024-06-23 11:53:10 --> Session: Class initialized using 'CodeIgniter\Session\Handlers\FileHandler' driver.
INFO - 2024-06-23 11:53:11 --> Session: Class initialized using 'CodeIgniter\Session\Handlers\FileHandler' driver.
INFO - 2024-06-23 11:55:36 --> Session: Class initialized using 'CodeIgniter\Session\Handlers\FileHandler' driver.
INFO - 2024-06-23 11:55:47 --> Session: Class initialized using 'CodeIgniter\Session\Handlers\FileHandler' driver.
INFO - 2024-06-23 11:55:47 --> Session: Class initialized using 'CodeIgniter\Session\Handlers\FileHandler' driver.
INFO - 2024-06-23 12:08:49 --> Session: Class initialized using 'CodeIgniter\Session\Handlers\FileHandler' driver.
INFO - 2024-06-23 12:08:51 --> Session: Class initialized using 'CodeIgniter\Session\Handlers\FileHandler' driver.
INFO - 2024-06-23 12:08:52 --> Session: Class initialized using 'CodeIgniter\Session\Handlers\FileHandler' driver.
INFO - 2024-06-23 13:03:56 --> Session: Class initialized using 'CodeIgniter\Session\Handlers\FileHandler' driver.
INFO - 2024-06-23 13:21:11 --> Session: Class initialized using 'CodeIgniter\Session\Handlers\FileHandler' driver.
INFO - 2024-06-23 13:22:23 --> Session: Class initialized using 'CodeIgniter\Session\Handlers\FileHandler' driver.
INFO - 2024-06-23 13:31:39 --> Session: Class initialized using 'CodeIgniter\Session\Handlers\FileHandler' driver.
INFO - 2024-06-23 13:42:05 --> Session: Class initialized using 'CodeIgniter\Session\Handlers\FileHandler' driver.
INFO - 2024-06-23 13:43:05 --> Session: Class initialized using 'CodeIgniter\Session\Handlers\FileHandler' driver.
INFO - 2024-06-23 13:43:06 --> Session: Class initialized using 'CodeIgniter\Session\Handlers\FileHandler' driver.
INFO - 2024-06-23 13:47:09 --> Session: Class initialized using 'CodeIgniter\Session\Handlers\FileHandler' driver.
INFO - 2024-06-23 13:47:13 --> Session: Class initialized using 'CodeIgniter\Session\Handlers\FileHandler' driver.
INFO - 2024-06-23 13:48:22 --> Session: Class initialized using 'CodeIgniter\Session\Handlers\FileHandler' driver.
INFO - 2024-06-23 13:48:22 --> Session: Class initialized using 'CodeIgniter\Session\Handlers\FileHandler' driver.
CRITICAL - 2024-06-23 13:48:22 --> Undefined variable: course_teacher_id
in APPPATH/Controllers/HomepageController.php on line 83.
 1 APPPATH/Controllers/HomepageController.php(83): CodeIgniter\Debug\Exceptions->errorHandler(8, 'Undefined variable: course_teacher_id', '/var/www/html/app/Controllers/HomepageController.php', 83, [...])
 2 SYSTEMPATH/CodeIgniter.php(942): App\Controllers\HomepageController->Course_details_view('homepage_assets', 'img', 'logo.png')
 3 SYSTEMPATH/CodeIgniter.php(502): CodeIgniter\CodeIgniter->runController(Object(App\Controllers\HomepageController))
 4 SYSTEMPATH/CodeIgniter.php(361): CodeIgniter\CodeIgniter->handleRequest(null, Object(Config\Cache), false)
 5 FCPATH/index.php(79): CodeIgniter\CodeIgniter->run()
INFO - 2024-06-23 13:48:27 --> Session: Class initialized using 'CodeIgniter\Session\Handlers\FileHandler' driver.
CRITICAL - 2024-06-23 13:48:27 --> Undefined variable: course_teacher_id
in APPPATH/Controllers/HomepageController.php on line 83.
 1 APPPATH/Controllers/HomepageController.php(83): CodeIgniter\Debug\Exceptions->errorHandler(8, 'Undefined variable: course_teacher_id', '/var/www/html/app/Controllers/HomepageController.php', 83, [...])
 2 SYSTEMPATH/CodeIgniter.php(942): App\Controllers\HomepageController->Course_details_view('homepage_assets', 'img', 'favicon.png')
 3 SYSTEMPATH/CodeIgniter.php(502): CodeIgniter\CodeIgniter->runController(Object(App\Controllers\HomepageController))
 4 SYSTEMPATH/CodeIgniter.php(361): CodeIgniter\CodeIgniter->handleRequest(null, Object(Config\Cache), false)
 5 FCPATH/index.php(79): CodeIgniter\CodeIgniter->run()
INFO - 2024-06-23 13:49:31 --> Session: Class initialized using 'CodeIgniter\Session\Handlers\FileHandler' driver.
CRITICAL - 2024-06-23 13:49:31 --> Undefined variable: course_teacher_id
in APPPATH/Controllers/HomepageController.php on line 83.
 1 APPPATH/Controllers/HomepageController.php(83): CodeIgniter\Debug\Exceptions->errorHandler(8, 'Undefined variable: course_teacher_id', '/var/www/html/app/Controllers/HomepageController.php', 83, [...])
 2 SYSTEMPATH/CodeIgniter.php(942): App\Controllers\HomepageController->Course_details_view('homepage_assets', 'img', 'logo.png')
 3 SYSTEMPATH/CodeIgniter.php(502): CodeIgniter\CodeIgniter->runController(Object(App\Controllers\HomepageController))
 4 SYSTEMPATH/CodeIgniter.php(361): CodeIgniter\CodeIgniter->handleRequest(null, Object(Config\Cache), false)
 5 FCPATH/index.php(79): CodeIgniter\CodeIgniter->run()
INFO - 2024-06-23 14:06:15 --> Session: Class initialized using 'CodeIgniter\Session\Handlers\FileHandler' driver.
INFO - 2024-06-23 14:28:19 --> Session: Class initialized using 'CodeIgniter\Session\Handlers\FileHandler' driver.
INFO - 2024-06-23 14:50:30 --> Session: Class initialized using 'CodeIgniter\Session\Handlers\FileHandler' driver.
INFO - 2024-06-23 14:50:33 --> Session: Class initialized using 'CodeIgniter\Session\Handlers\FileHandler' driver.
INFO - 2024-06-23 14:50:41 --> Session: Class initialized using 'CodeIgniter\Session\Handlers\FileHandler' driver.
CRITICAL - 2024-06-23 14:50:41 --> Undefined variable: course_teacher_id
in APPPATH/Controllers/HomepageController.php on line 83.
 1 APPPATH/Controllers/HomepageController.php(83): CodeIgniter\Debug\Exceptions->errorHandler(8, 'Undefined variable: course_teacher_id', '/var/www/html/app/Controllers/HomepageController.php', 83, [...])
 2 SYSTEMPATH/CodeIgniter.php(942): App\Controllers\HomepageController->Course_details_view('homepage_assets', 'img', 'logo.png')
 3 SYSTEMPATH/CodeIgniter.php(502): CodeIgniter\CodeIgniter->runController(Object(App\Controllers\HomepageController))
 4 SYSTEMPATH/CodeIgniter.php(361): CodeIgniter\CodeIgniter->handleRequest(null, Object(Config\Cache), false)
 5 FCPATH/index.php(79): CodeIgniter\CodeIgniter->run()
INFO - 2024-06-23 14:57:50 --> Session: Class initialized using 'CodeIgniter\Session\Handlers\FileHandler' driver.
INFO - 2024-06-23 15:03:39 --> Session: Class initialized using 'CodeIgniter\Session\Handlers\FileHandler' driver.
INFO - 2024-06-23 15:03:46 --> Session: Class initialized using 'CodeIgniter\Session\Handlers\FileHandler' driver.
INFO - 2024-06-23 15:11:24 --> Session: Class initialized using 'CodeIgniter\Session\Handlers\FileHandler' driver.
CRITICAL - 2024-06-23 15:11:24 --> Undefined variable: course_teacher_id
in APPPATH/Controllers/HomepageController.php on line 83.
 1 APPPATH/Controllers/HomepageController.php(83): CodeIgniter\Debug\Exceptions->errorHandler(8, 'Undefined variable: course_teacher_id', '/var/www/html/app/Controllers/HomepageController.php', 83, [...])
 2 SYSTEMPATH/CodeIgniter.php(942): App\Controllers\HomepageController->Course_details_view('homepage_assets', 'img', 'logo.png')
 3 SYSTEMPATH/CodeIgniter.php(502): CodeIgniter\CodeIgniter->runController(Object(App\Controllers\HomepageController))
 4 SYSTEMPATH/CodeIgniter.php(361): CodeIgniter\CodeIgniter->handleRequest(null, Object(Config\Cache), false)
 5 FCPATH/index.php(79): CodeIgniter\CodeIgniter->run()
INFO - 2024-06-23 15:19:30 --> Session: Class initialized using 'CodeIgniter\Session\Handlers\FileHandler' driver.
INFO - 2024-06-23 15:37:18 --> Session: Class initialized using 'CodeIgniter\Session\Handlers\FileHandler' driver.
INFO - 2024-06-23 15:47:08 --> Session: Class initialized using 'CodeIgniter\Session\Handlers\FileHandler' driver.
CRITICAL - 2024-06-23 15:47:08 --> Undefined variable: course_teacher_id
in APPPATH/Controllers/HomepageController.php on line 83.
 1 APPPATH/Controllers/HomepageController.php(83): CodeIgniter\Debug\Exceptions->errorHandler(8, 'Undefined variable: course_teacher_id', '/var/www/html/app/Controllers/HomepageController.php', 83, [...])
 2 SYSTEMPATH/CodeIgniter.php(942): App\Controllers\HomepageController->Course_details_view('homepage_assets', 'img', 'logo.png')
 3 SYSTEMPATH/CodeIgniter.php(502): CodeIgniter\CodeIgniter->runController(Object(App\Controllers\HomepageController))
 4 SYSTEMPATH/CodeIgniter.php(361): CodeIgniter\CodeIgniter->handleRequest(null, Object(Config\Cache), false)
 5 FCPATH/index.php(79): CodeIgniter\CodeIgniter->run()
INFO - 2024-06-23 15:47:58 --> Session: Class initialized using 'CodeIgniter\Session\Handlers\FileHandler' driver.
CRITICAL - 2024-06-23 15:47:58 --> Undefined variable: course_teacher_id
in APPPATH/Controllers/HomepageController.php on line 83.
 1 APPPATH/Controllers/HomepageController.php(83): CodeIgniter\Debug\Exceptions->errorHandler(8, 'Undefined variable: course_teacher_id', '/var/www/html/app/Controllers/HomepageController.php', 83, [...])
 2 SYSTEMPATH/CodeIgniter.php(942): App\Controllers\HomepageController->Course_details_view('homepage_assets', 'img', 'logo.png')
 3 SYSTEMPATH/CodeIgniter.php(502): CodeIgniter\CodeIgniter->runController(Object(App\Controllers\HomepageController))
 4 SYSTEMPATH/CodeIgniter.php(361): CodeIgniter\CodeIgniter->handleRequest(null, Object(Config\Cache), false)
 5 FCPATH/index.php(79): CodeIgniter\CodeIgniter->run()
INFO - 2024-06-23 16:02:57 --> Session: Class initialized using 'CodeIgniter\Session\Handlers\FileHandler' driver.
INFO - 2024-06-23 16:13:33 --> Session: Class initialized using 'CodeIgniter\Session\Handlers\FileHandler' driver.
CRITICAL - 2024-06-23 16:13:33 --> Undefined variable: course_teacher_id
in APPPATH/Controllers/HomepageController.php on line 83.
 1 APPPATH/Controllers/HomepageController.php(83): CodeIgniter\Debug\Exceptions->errorHandler(8, 'Undefined variable: course_teacher_id', '/var/www/html/app/Controllers/HomepageController.php', 83, [...])
 2 SYSTEMPATH/CodeIgniter.php(942): App\Controllers\HomepageController->Course_details_view('homepage_assets', 'img', 'logo.png')
 3 SYSTEMPATH/CodeIgniter.php(502): CodeIgniter\CodeIgniter->runController(Object(App\Controllers\HomepageController))
 4 SYSTEMPATH/CodeIgniter.php(361): CodeIgniter\CodeIgniter->handleRequest(null, Object(Config\Cache), false)
 5 FCPATH/index.php(79): CodeIgniter\CodeIgniter->run()
INFO - 2024-06-23 16:15:00 --> Session: Class initialized using 'CodeIgniter\Session\Handlers\FileHandler' driver.
INFO - 2024-06-23 16:33:10 --> Session: Class initialized using 'CodeIgniter\Session\Handlers\FileHandler' driver.
INFO - 2024-06-23 16:45:13 --> Session: Class initialized using 'CodeIgniter\Session\Handlers\FileHandler' driver.
INFO - 2024-06-23 16:52:27 --> Session: Class initialized using 'CodeIgniter\Session\Handlers\FileHandler' driver.
INFO - 2024-06-23 16:52:50 --> Session: Class initialized using 'CodeIgniter\Session\Handlers\FileHandler' driver.
INFO - 2024-06-23 16:52:51 --> Session: Class initialized using 'CodeIgniter\Session\Handlers\FileHandler' driver.
INFO - 2024-06-23 16:53:36 --> Session: Class initialized using 'CodeIgniter\Session\Handlers\FileHandler' driver.
INFO - 2024-06-23 16:56:54 --> Session: Class initialized using 'CodeIgniter\Session\Handlers\FileHandler' driver.
INFO - 2024-06-23 16:57:15 --> Session: Class initialized using 'CodeIgniter\Session\Handlers\FileHandler' driver.
INFO - 2024-06-23 16:57:16 --> Session: Class initialized using 'CodeIgniter\Session\Handlers\FileHandler' driver.
INFO - 2024-06-23 16:58:19 --> Session: Class initialized using 'CodeIgniter\Session\Handlers\FileHandler' driver.
CRITICAL - 2024-06-23 16:58:19 --> Undefined variable: course_teacher_id
in APPPATH/Controllers/HomepageController.php on line 83.
 1 APPPATH/Controllers/HomepageController.php(83): CodeIgniter\Debug\Exceptions->errorHandler(8, 'Undefined variable: course_teacher_id', '/var/www/html/app/Controllers/HomepageController.php', 83, [...])
 2 SYSTEMPATH/CodeIgniter.php(942): App\Controllers\HomepageController->Course_details_view('homepage_assets', 'img', 'logo.png')
 3 SYSTEMPATH/CodeIgniter.php(502): CodeIgniter\CodeIgniter->runController(Object(App\Controllers\HomepageController))
 4 SYSTEMPATH/CodeIgniter.php(361): CodeIgniter\CodeIgniter->handleRequest(null, Object(Config\Cache), false)
 5 FCPATH/index.php(79): CodeIgniter\CodeIgniter->run()
INFO - 2024-06-23 16:58:20 --> Session: Class initialized using 'CodeIgniter\Session\Handlers\FileHandler' driver.
CRITICAL - 2024-06-23 16:58:21 --> Undefined variable: course_teacher_id
in APPPATH/Controllers/HomepageController.php on line 83.
 1 APPPATH/Controllers/HomepageController.php(83): CodeIgniter\Debug\Exceptions->errorHandler(8, 'Undefined variable: course_teacher_id', '/var/www/html/app/Controllers/HomepageController.php', 83, [...])
 2 SYSTEMPATH/CodeIgniter.php(942): App\Controllers\HomepageController->Course_details_view('homepage_assets', 'img', 'logo.png')
 3 SYSTEMPATH/CodeIgniter.php(502): CodeIgniter\CodeIgniter->runController(Object(App\Controllers\HomepageController))
 4 SYSTEMPATH/CodeIgniter.php(361): CodeIgniter\CodeIgniter->handleRequest(null, Object(Config\Cache), false)
 5 FCPATH/index.php(79): CodeIgniter\CodeIgniter->run()
INFO - 2024-06-23 16:58:21 --> Session: Class initialized using 'CodeIgniter\Session\Handlers\FileHandler' driver.
CRITICAL - 2024-06-23 16:58:21 --> Undefined variable: course_teacher_id
in APPPATH/Controllers/HomepageController.php on line 83.
 1 APPPATH/Controllers/HomepageController.php(83): CodeIgniter\Debug\Exceptions->errorHandler(8, 'Undefined variable: course_teacher_id', '/var/www/html/app/Controllers/HomepageController.php', 83, [...])
 2 SYSTEMPATH/CodeIgniter.php(942): App\Controllers\HomepageController->Course_details_view('homepage_assets', 'img', 'logo.png')
 3 SYSTEMPATH/CodeIgniter.php(502): CodeIgniter\CodeIgniter->runController(Object(App\Controllers\HomepageController))
 4 SYSTEMPATH/CodeIgniter.php(361): CodeIgniter\CodeIgniter->handleRequest(null, Object(Config\Cache), false)
 5 FCPATH/index.php(79): CodeIgniter\CodeIgniter->run()
INFO - 2024-06-23 16:58:51 --> Session: Class initialized using 'CodeIgniter\Session\Handlers\FileHandler' driver.
INFO - 2024-06-23 16:58:51 --> Session: Class initialized using 'CodeIgniter\Session\Handlers\FileHandler' driver.
INFO - 2024-06-23 16:58:51 --> Session: Class initialized using 'CodeIgniter\Session\Handlers\FileHandler' driver.
INFO - 2024-06-23 16:58:51 --> Session: Class initialized using 'CodeIgniter\Session\Handlers\FileHandler' driver.
INFO - 2024-06-23 16:58:51 --> Session: Class initialized using 'CodeIgniter\Session\Handlers\FileHandler' driver.
INFO - 2024-06-23 16:58:51 --> Session: Class initialized using 'CodeIgniter\Session\Handlers\FileHandler' driver.
INFO - 2024-06-23 16:58:51 --> Session: Class initialized using 'CodeIgniter\Session\Handlers\FileHandler' driver.
INFO - 2024-06-23 16:58:51 --> Session: Class initialized using 'CodeIgniter\Session\Handlers\FileHandler' driver.
INFO - 2024-06-23 16:58:52 --> Session: Class initialized using 'CodeIgniter\Session\Handlers\FileHandler' driver.
INFO - 2024-06-23 16:58:52 --> Session: Class initialized using 'CodeIgniter\Session\Handlers\FileHandler' driver.
INFO - 2024-06-23 16:58:52 --> Session: Class initialized using 'CodeIgniter\Session\Handlers\FileHandler' driver.
INFO - 2024-06-23 16:58:52 --> Session: Class initialized using 'CodeIgniter\Session\Handlers\FileHandler' driver.
INFO - 2024-06-23 16:58:53 --> Session: Class initialized using 'CodeIgniter\Session\Handlers\FileHandler' driver.
INFO - 2024-06-23 16:58:53 --> Session: Class initialized using 'CodeIgniter\Session\Handlers\FileHandler' driver.
INFO - 2024-06-23 16:58:53 --> Session: Class initialized using 'CodeIgniter\Session\Handlers\FileHandler' driver.
INFO - 2024-06-23 16:58:53 --> Session: Class initialized using 'CodeIgniter\Session\Handlers\FileHandler' driver.
INFO - 2024-06-23 16:58:53 --> Session: Class initialized using 'CodeIgniter\Session\Handlers\FileHandler' driver.
INFO - 2024-06-23 16:58:53 --> Session: Class initialized using 'CodeIgniter\Session\Handlers\FileHandler' driver.
INFO - 2024-06-23 16:58:53 --> Session: Class initialized using 'CodeIgniter\Session\Handlers\FileHandler' driver.
INFO - 2024-06-23 16:58:53 --> Session: Class initialized using 'CodeIgniter\Session\Handlers\FileHandler' driver.
INFO - 2024-06-23 16:58:53 --> Session: Class initialized using 'CodeIgniter\Session\Handlers\FileHandler' driver.
INFO - 2024-06-23 16:58:53 --> Session: Class initialized using 'CodeIgniter\Session\Handlers\FileHandler' driver.
INFO - 2024-06-23 16:58:53 --> Session: Class initialized using 'CodeIgniter\Session\Handlers\FileHandler' driver.
INFO - 2024-06-23 16:58:53 --> Session: Class initialized using 'CodeIgniter\Session\Handlers\FileHandler' driver.
INFO - 2024-06-23 16:58:53 --> Session: Class initialized using 'CodeIgniter\Session\Handlers\FileHandler' driver.
INFO - 2024-06-23 16:58:53 --> Session: Class initialized using 'CodeIgniter\Session\Handlers\FileHandler' driver.
INFO - 2024-06-23 16:58:53 --> Session: Class initialized using 'CodeIgniter\Session\Handlers\FileHandler' driver.
INFO - 2024-06-23 16:58:53 --> Session: Class initialized using 'CodeIgniter\Session\Handlers\FileHandler' driver.
INFO - 2024-06-23 16:58:53 --> Session: Class initialized using 'CodeIgniter\Session\Handlers\FileHandler' driver.
INFO - 2024-06-23 16:58:53 --> Session: Class initialized using 'CodeIgniter\Session\Handlers\FileHandler' driver.
INFO - 2024-06-23 16:58:53 --> Session: Class initialized using 'CodeIgniter\Session\Handlers\FileHandler' driver.
INFO - 2024-06-23 16:58:53 --> Session: Class initialized using 'CodeIgniter\Session\Handlers\FileHandler' driver.
INFO - 2024-06-23 16:58:54 --> Session: Class initialized using 'CodeIgniter\Session\Handlers\FileHandler' driver.
INFO - 2024-06-23 16:58:54 --> Session: Class initialized using 'CodeIgniter\Session\Handlers\FileHandler' driver.
INFO - 2024-06-23 16:58:54 --> Session: Class initialized using 'CodeIgniter\Session\Handlers\FileHandler' driver.
INFO - 2024-06-23 16:58:54 --> Session: Class initialized using 'CodeIgniter\Session\Handlers\FileHandler' driver.
INFO - 2024-06-23 16:58:54 --> Session: Class initialized using 'CodeIgniter\Session\Handlers\FileHandler' driver.
INFO - 2024-06-23 16:58:54 --> Session: Class initialized using 'CodeIgniter\Session\Handlers\FileHandler' driver.
INFO - 2024-06-23 16:58:54 --> Session: Class initialized using 'CodeIgniter\Session\Handlers\FileHandler' driver.
INFO - 2024-06-23 16:58:54 --> Session: Class initialized using 'CodeIgniter\Session\Handlers\FileHandler' driver.
INFO - 2024-06-23 16:58:54 --> Session: Class initialized using 'CodeIgniter\Session\Handlers\FileHandler' driver.
INFO - 2024-06-23 16:58:54 --> Session: Class initialized using 'CodeIgniter\Session\Handlers\FileHandler' driver.
INFO - 2024-06-23 16:58:54 --> Session: Class initialized using 'CodeIgniter\Session\Handlers\FileHandler' driver.
INFO - 2024-06-23 16:58:54 --> Session: Class initialized using 'CodeIgniter\Session\Handlers\FileHandler' driver.
INFO - 2024-06-23 16:58:54 --> Session: Class initialized using 'CodeIgniter\Session\Handlers\FileHandler' driver.
INFO - 2024-06-23 16:58:54 --> Session: Class initialized using 'CodeIgniter\Session\Handlers\FileHandler' driver.
INFO - 2024-06-23 16:58:54 --> Session: Class initialized using 'CodeIgniter\Session\Handlers\FileHandler' driver.
INFO - 2024-06-23 16:58:54 --> Session: Class initialized using 'CodeIgniter\Session\Handlers\FileHandler' driver.
INFO - 2024-06-23 16:58:54 --> Session: Class initialized using 'CodeIgniter\Session\Handlers\FileHandler' driver.
INFO - 2024-06-23 16:58:54 --> Session: Class initialized using 'CodeIgniter\Session\Handlers\FileHandler' driver.
INFO - 2024-06-23 16:58:54 --> Session: Class initialized using 'CodeIgniter\Session\Handlers\FileHandler' driver.
INFO - 2024-06-23 16:58:54 --> Session: Class initialized using 'CodeIgniter\Session\Handlers\FileHandler' driver.
INFO - 2024-06-23 16:58:54 --> Session: Class initialized using 'CodeIgniter\Session\Handlers\FileHandler' driver.
INFO - 2024-06-23 16:58:54 --> Session: Class initialized using 'CodeIgniter\Session\Handlers\FileHandler' driver.
INFO - 2024-06-23 16:58:54 --> Session: Class initialized using 'CodeIgniter\Session\Handlers\FileHandler' driver.
INFO - 2024-06-23 16:58:54 --> Session: Class initialized using 'CodeIgniter\Session\Handlers\FileHandler' driver.
INFO - 2024-06-23 17:03:51 --> Session: Class initialized using 'CodeIgniter\Session\Handlers\FileHandler' driver.
INFO - 2024-06-23 17:22:00 --> Session: Class initialized using 'CodeIgniter\Session\Handlers\FileHandler' driver.
CRITICAL - 2024-06-23 17:22:00 --> Undefined variable: course_teacher_id
in APPPATH/Controllers/HomepageController.php on line 83.
 1 APPPATH/Controllers/HomepageController.php(83): CodeIgniter\Debug\Exceptions->errorHandler(8, 'Undefined variable: course_teacher_id', '/var/www/html/app/Controllers/HomepageController.php', 83, [...])
 2 SYSTEMPATH/CodeIgniter.php(942): App\Controllers\HomepageController->Course_details_view('homepage_assets', 'img', 'logo.png')
 3 SYSTEMPATH/CodeIgniter.php(502): CodeIgniter\CodeIgniter->runController(Object(App\Controllers\HomepageController))
 4 SYSTEMPATH/CodeIgniter.php(361): CodeIgniter\CodeIgniter->handleRequest(null, Object(Config\Cache), false)
 5 FCPATH/index.php(79): CodeIgniter\CodeIgniter->run()
INFO - 2024-06-23 17:40:26 --> Session: Class initialized using 'CodeIgniter\Session\Handlers\FileHandler' driver.
CRITICAL - 2024-06-23 17:40:26 --> Undefined variable: course_teacher_id
in APPPATH/Controllers/HomepageController.php on line 83.
 1 APPPATH/Controllers/HomepageController.php(83): CodeIgniter\Debug\Exceptions->errorHandler(8, 'Undefined variable: course_teacher_id', '/var/www/html/app/Controllers/HomepageController.php', 83, [...])
 2 SYSTEMPATH/CodeIgniter.php(942): App\Controllers\HomepageController->Course_details_view('homepage_assets', 'img', 'logo.png')
 3 SYSTEMPATH/CodeIgniter.php(502): CodeIgniter\CodeIgniter->runController(Object(App\Controllers\HomepageController))
 4 SYSTEMPATH/CodeIgniter.php(361): CodeIgniter\CodeIgniter->handleRequest(null, Object(Config\Cache), false)
 5 FCPATH/index.php(79): CodeIgniter\CodeIgniter->run()
INFO - 2024-06-23 17:50:21 --> Session: Class initialized using 'CodeIgniter\Session\Handlers\FileHandler' driver.
INFO - 2024-06-23 17:51:57 --> Session: Class initialized using 'CodeIgniter\Session\Handlers\FileHandler' driver.
CRITICAL - 2024-06-23 17:51:57 --> Undefined variable: course_teacher_id
in APPPATH/Controllers/HomepageController.php on line 83.
 1 APPPATH/Controllers/HomepageController.php(83): CodeIgniter\Debug\Exceptions->errorHandler(8, 'Undefined variable: course_teacher_id', '/var/www/html/app/Controllers/HomepageController.php', 83, [...])
 2 SYSTEMPATH/CodeIgniter.php(942): App\Controllers\HomepageController->Course_details_view('homepage_assets', 'img', 'logo.png')
 3 SYSTEMPATH/CodeIgniter.php(502): CodeIgniter\CodeIgniter->runController(Object(App\Controllers\HomepageController))
 4 SYSTEMPATH/CodeIgniter.php(361): CodeIgniter\CodeIgniter->handleRequest(null, Object(Config\Cache), false)
 5 FCPATH/index.php(79): CodeIgniter\CodeIgniter->run()
INFO - 2024-06-23 17:53:25 --> Session: Class initialized using 'CodeIgniter\Session\Handlers\FileHandler' driver.
INFO - 2024-06-23 17:53:27 --> Session: Class initialized using 'CodeIgniter\Session\Handlers\FileHandler' driver.
INFO - 2024-06-23 17:53:35 --> Session: Class initialized using 'CodeIgniter\Session\Handlers\FileHandler' driver.
INFO - 2024-06-23 17:54:33 --> Session: Class initialized using 'CodeIgniter\Session\Handlers\FileHandler' driver.
INFO - 2024-06-23 17:57:09 --> Session: Class initialized using 'CodeIgniter\Session\Handlers\FileHandler' driver.
INFO - 2024-06-23 18:12:25 --> Session: Class initialized using 'CodeIgniter\Session\Handlers\FileHandler' driver.
INFO - 2024-06-23 19:13:48 --> Session: Class initialized using 'CodeIgniter\Session\Handlers\FileHandler' driver.
INFO - 2024-06-23 19:25:55 --> Session: Class initialized using 'CodeIgniter\Session\Handlers\FileHandler' driver.
INFO - 2024-06-23 19:59:30 --> Session: Class initialized using 'CodeIgniter\Session\Handlers\FileHandler' driver.
INFO - 2024-06-23 19:59:30 --> Session: Class initialized using 'CodeIgniter\Session\Handlers\FileHandler' driver.
INFO - 2024-06-23 19:59:36 --> Session: Class initialized using 'CodeIgniter\Session\Handlers\FileHandler' driver.
INFO - 2024-06-23 20:55:03 --> Session: Class initialized using 'CodeIgniter\Session\Handlers\FileHandler' driver.
INFO - 2024-06-23 20:55:03 --> Session: Class initialized using 'CodeIgniter\Session\Handlers\FileHandler' driver.
INFO - 2024-06-23 20:55:04 --> Session: Class initialized using 'CodeIgniter\Session\Handlers\FileHandler' driver.
INFO - 2024-06-23 20:55:04 --> Session: Class initialized using 'CodeIgniter\Session\Handlers\FileHandler' driver.
INFO - 2024-06-23 20:55:09 --> Session: Class initialized using 'CodeIgniter\Session\Handlers\FileHandler' driver.
INFO - 2024-06-23 21:32:10 --> Session: Class initialized using 'CodeIgniter\Session\Handlers\FileHandler' driver.
INFO - 2024-06-23 21:39:11 --> Session: Class initialized using 'CodeIgniter\Session\Handlers\FileHandler' driver.
INFO - 2024-06-23 21:39:14 --> Session: Class initialized using 'CodeIgniter\Session\Handlers\FileHandler' driver.
INFO - 2024-06-23 21:51:03 --> Session: Class initialized using 'CodeIgniter\Session\Handlers\FileHandler' driver.
INFO - 2024-06-23 21:57:33 --> Session: Class initialized using 'CodeIgniter\Session\Handlers\FileHandler' driver.
INFO - 2024-06-23 22:03:53 --> Session: Class initialized using 'CodeIgniter\Session\Handlers\FileHandler' driver.
INFO - 2024-06-23 23:11:01 --> Session: Class initialized using 'CodeIgniter\Session\Handlers\FileHandler' driver.
INFO - 2024-06-23 23:11:05 --> Session: Class initialized using 'CodeIgniter\Session\Handlers\FileHandler' driver.
INFO - 2024-06-23 23:23:32 --> Session: Class initialized using 'CodeIgniter\Session\Handlers\FileHandler' driver.
INFO - 2024-06-23 23:38:29 --> Session: Class initialized using 'CodeIgniter\Session\Handlers\FileHandler' driver.
INFO - 2024-06-23 23:47:47 --> Session: Class initialized using 'CodeIgniter\Session\Handlers\FileHandler' driver.
