INFO - 2025-02-19 00:47:31 --> Session: Class initialized using 'CodeIgniter\Session\Handlers\FileHandler' driver.
INFO - 2025-02-19 00:47:39 --> Session: Class initialized using 'CodeIgniter\Session\Handlers\FileHandler' driver.
INFO - 2025-02-19 00:48:05 --> Session: Class initialized using 'CodeIgniter\Session\Handlers\FileHandler' driver.
INFO - 2025-02-19 00:48:16 --> Session: Class initialized using 'CodeIgniter\Session\Handlers\FileHandler' driver.
INFO - 2025-02-19 00:48:27 --> Session: Class initialized using 'CodeIgniter\Session\Handlers\FileHandler' driver.
INFO - 2025-02-19 00:48:33 --> Session: Class initialized using 'CodeIgniter\Session\Handlers\FileHandler' driver.
INFO - 2025-02-19 00:48:42 --> Session: Class initialized using 'CodeIgniter\Session\Handlers\FileHandler' driver.
INFO - 2025-02-19 00:48:51 --> Session: Class initialized using 'CodeIgniter\Session\Handlers\FileHandler' driver.
INFO - 2025-02-19 00:49:05 --> Session: Class initialized using 'CodeIgniter\Session\Handlers\FileHandler' driver.
INFO - 2025-02-19 00:49:14 --> Session: Class initialized using 'CodeIgniter\Session\Handlers\FileHandler' driver.
INFO - 2025-02-19 00:49:25 --> Session: Class initialized using 'CodeIgniter\Session\Handlers\FileHandler' driver.
INFO - 2025-02-19 00:49:38 --> Session: Class initialized using 'CodeIgniter\Session\Handlers\FileHandler' driver.
INFO - 2025-02-19 00:49:54 --> Session: Class initialized using 'CodeIgniter\Session\Handlers\FileHandler' driver.
INFO - 2025-02-19 00:50:11 --> Session: Class initialized using 'CodeIgniter\Session\Handlers\FileHandler' driver.
INFO - 2025-02-19 00:50:23 --> Session: Class initialized using 'CodeIgniter\Session\Handlers\FileHandler' driver.
INFO - 2025-02-19 00:50:31 --> Session: Class initialized using 'CodeIgniter\Session\Handlers\FileHandler' driver.
INFO - 2025-02-19 00:50:44 --> Session: Class initialized using 'CodeIgniter\Session\Handlers\FileHandler' driver.
INFO - 2025-02-19 00:50:59 --> Session: Class initialized using 'CodeIgniter\Session\Handlers\FileHandler' driver.
INFO - 2025-02-19 00:51:12 --> Session: Class initialized using 'CodeIgniter\Session\Handlers\FileHandler' driver.
INFO - 2025-02-19 00:51:29 --> Session: Class initialized using 'CodeIgniter\Session\Handlers\FileHandler' driver.
INFO - 2025-02-19 00:51:43 --> Session: Class initialized using 'CodeIgniter\Session\Handlers\FileHandler' driver.
INFO - 2025-02-19 00:52:04 --> Session: Class initialized using 'CodeIgniter\Session\Handlers\FileHandler' driver.
INFO - 2025-02-19 00:52:21 --> Session: Class initialized using 'CodeIgniter\Session\Handlers\FileHandler' driver.
INFO - 2025-02-19 01:03:45 --> Session: Class initialized using 'CodeIgniter\Session\Handlers\FileHandler' driver.
INFO - 2025-02-19 02:54:54 --> Session: Class initialized using 'CodeIgniter\Session\Handlers\FileHandler' driver.
INFO - 2025-02-19 02:54:54 --> Session: Class initialized using 'CodeIgniter\Session\Handlers\FileHandler' driver.
INFO - 2025-02-19 04:30:04 --> Session: Class initialized using 'CodeIgniter\Session\Handlers\FileHandler' driver.
INFO - 2025-02-19 04:45:51 --> Session: Class initialized using 'CodeIgniter\Session\Handlers\FileHandler' driver.
INFO - 2025-02-19 04:45:51 --> Session: Class initialized using 'CodeIgniter\Session\Handlers\FileHandler' driver.
INFO - 2025-02-19 04:45:56 --> Session: Class initialized using 'CodeIgniter\Session\Handlers\FileHandler' driver.
INFO - 2025-02-19 04:45:57 --> Session: Class initialized using 'CodeIgniter\Session\Handlers\FileHandler' driver.
INFO - 2025-02-19 04:45:59 --> Session: Class initialized using 'CodeIgniter\Session\Handlers\FileHandler' driver.
INFO - 2025-02-19 04:46:00 --> Session: Class initialized using 'CodeIgniter\Session\Handlers\FileHandler' driver.
INFO - 2025-02-19 04:46:02 --> Session: Class initialized using 'CodeIgniter\Session\Handlers\FileHandler' driver.
INFO - 2025-02-19 04:46:03 --> Session: Class initialized using 'CodeIgniter\Session\Handlers\FileHandler' driver.
INFO - 2025-02-19 04:46:04 --> Session: Class initialized using 'CodeIgniter\Session\Handlers\FileHandler' driver.
INFO - 2025-02-19 04:46:08 --> Session: Class initialized using 'CodeIgniter\Session\Handlers\FileHandler' driver.
INFO - 2025-02-19 04:49:08 --> Session: Class initialized using 'CodeIgniter\Session\Handlers\FileHandler' driver.
INFO - 2025-02-19 05:01:00 --> Session: Class initialized using 'CodeIgniter\Session\Handlers\FileHandler' driver.
INFO - 2025-02-19 05:34:50 --> Session: Class initialized using 'CodeIgniter\Session\Handlers\FileHandler' driver.
INFO - 2025-02-19 05:35:45 --> Session: Class initialized using 'CodeIgniter\Session\Handlers\FileHandler' driver.
INFO - 2025-02-19 05:36:41 --> Session: Class initialized using 'CodeIgniter\Session\Handlers\FileHandler' driver.
INFO - 2025-02-19 05:36:43 --> Session: Class initialized using 'CodeIgniter\Session\Handlers\FileHandler' driver.
ERROR - 2025-02-19 05:36:43 --> mysqli_sql_exception: Unknown column 'homepage_assets' in 'where clause' in /var/www/html/vendor/codeigniter4/framework/system/Database/MySQLi/Connection.php:306
Stack trace:
#0 /var/www/html/vendor/codeigniter4/framework/system/Database/MySQLi/Connection.php(306): mysqli->query(' SELECT *  FROM...', 0)
#1 /var/www/html/vendor/codeigniter4/framework/system/Database/BaseConnection.php(693): CodeIgniter\Database\MySQLi\Connection->execute(' SELECT *  FROM...')
#2 /var/www/html/vendor/codeigniter4/framework/system/Database/BaseConnection.php(607): CodeIgniter\Database\BaseConnection->simpleQuery(' SELECT *  FROM...')
#3 /var/www/html/app/Controllers/HomepageController.php(135): CodeIgniter\Database\BaseConnection->query(' SELECT *  FROM...')
#4 /var/www/html/vendor/codeigniter4/framework/system/CodeIgniter.php(943): App\Controllers\HomepageController->Course_details_view('homepage_assets', 'img', 'apple-touch-ico...')
#5 /var/www/html/vendor/codeigniter4/framework/system/CodeIgniter.php(503): CodeIgniter\CodeIgniter->runController(Object(App\Controllers\HomepageController))
#6 /var/www/html/vendor/codeigniter4/framework/system/CodeIgniter.php(361): CodeIgniter\CodeIgniter->handleRequest(NULL, Object(Config\Cache), false)
#7 /var/www/html/index.php(79): CodeIgniter\CodeIgniter->run()
#8 {main}
CRITICAL - 2025-02-19 05:36:43 --> CodeIgniter\Database\Exceptions\DatabaseException: Unknown column 'homepage_assets' in 'where clause'
in SYSTEMPATH/Database/BaseConnection.php on line 647.
 1 APPPATH/Controllers/HomepageController.php(135): CodeIgniter\Database\BaseConnection->query(' SELECT *  FROM course_batch
                                WHERE course_id = homepage_assets')
 2 SYSTEMPATH/CodeIgniter.php(943): App\Controllers\HomepageController->Course_details_view('homepage_assets', 'img', 'apple-touch-icon.png')
 3 SYSTEMPATH/CodeIgniter.php(503): CodeIgniter\CodeIgniter->runController(Object(App\Controllers\HomepageController))
 4 SYSTEMPATH/CodeIgniter.php(361): CodeIgniter\CodeIgniter->handleRequest(null, Object(Config\Cache), false)
 5 FCPATH/index.php(79): CodeIgniter\CodeIgniter->run()
CRITICAL - 2025-02-19 05:36:43 --> [Caused by] CodeIgniter\Database\Exceptions\DatabaseException: Unknown column 'homepage_assets' in 'where clause'
in SYSTEMPATH/Database/MySQLi/Connection.php on line 311.
 1 SYSTEMPATH/Database/BaseConnection.php(693): CodeIgniter\Database\MySQLi\Connection->execute(' SELECT *  FROM course_batch
                                WHERE course_id = homepage_assets')
 2 SYSTEMPATH/Database/BaseConnection.php(607): CodeIgniter\Database\BaseConnection->simpleQuery(' SELECT *  FROM course_batch
                                WHERE course_id = homepage_assets')
 3 APPPATH/Controllers/HomepageController.php(135): CodeIgniter\Database\BaseConnection->query(' SELECT *  FROM course_batch
                                WHERE course_id = homepage_assets')
 4 SYSTEMPATH/CodeIgniter.php(943): App\Controllers\HomepageController->Course_details_view('homepage_assets', 'img', 'apple-touch-icon.png')
 5 SYSTEMPATH/CodeIgniter.php(503): CodeIgniter\CodeIgniter->runController(Object(App\Controllers\HomepageController))
 6 SYSTEMPATH/CodeIgniter.php(361): CodeIgniter\CodeIgniter->handleRequest(null, Object(Config\Cache), false)
 7 FCPATH/index.php(79): CodeIgniter\CodeIgniter->run()
CRITICAL - 2025-02-19 05:36:43 --> [Caused by] mysqli_sql_exception: Unknown column 'homepage_assets' in 'where clause'
in SYSTEMPATH/Database/MySQLi/Connection.php on line 306.
 1 SYSTEMPATH/Database/MySQLi/Connection.php(306): mysqli->query(' SELECT *  FROM course_batch
                                WHERE course_id = homepage_assets', 0)
 2 SYSTEMPATH/Database/BaseConnection.php(693): CodeIgniter\Database\MySQLi\Connection->execute(' SELECT *  FROM course_batch
                                WHERE course_id = homepage_assets')
 3 SYSTEMPATH/Database/BaseConnection.php(607): CodeIgniter\Database\BaseConnection->simpleQuery(' SELECT *  FROM course_batch
                                WHERE course_id = homepage_assets')
 4 APPPATH/Controllers/HomepageController.php(135): CodeIgniter\Database\BaseConnection->query(' SELECT *  FROM course_batch
                                WHERE course_id = homepage_assets')
 5 SYSTEMPATH/CodeIgniter.php(943): App\Controllers\HomepageController->Course_details_view('homepage_assets', 'img', 'apple-touch-icon.png')
 6 SYSTEMPATH/CodeIgniter.php(503): CodeIgniter\CodeIgniter->runController(Object(App\Controllers\HomepageController))
 7 SYSTEMPATH/CodeIgniter.php(361): CodeIgniter\CodeIgniter->handleRequest(null, Object(Config\Cache), false)
 8 FCPATH/index.php(79): CodeIgniter\CodeIgniter->run()
INFO - 2025-02-19 05:36:43 --> Session: Class initialized using 'CodeIgniter\Session\Handlers\FileHandler' driver.
ERROR - 2025-02-19 05:36:43 --> mysqli_sql_exception: Unknown column 'homepage_assets' in 'where clause' in /var/www/html/vendor/codeigniter4/framework/system/Database/MySQLi/Connection.php:306
Stack trace:
#0 /var/www/html/vendor/codeigniter4/framework/system/Database/MySQLi/Connection.php(306): mysqli->query(' SELECT *  FROM...', 0)
#1 /var/www/html/vendor/codeigniter4/framework/system/Database/BaseConnection.php(693): CodeIgniter\Database\MySQLi\Connection->execute(' SELECT *  FROM...')
#2 /var/www/html/vendor/codeigniter4/framework/system/Database/BaseConnection.php(607): CodeIgniter\Database\BaseConnection->simpleQuery(' SELECT *  FROM...')
#3 /var/www/html/app/Controllers/HomepageController.php(135): CodeIgniter\Database\BaseConnection->query(' SELECT *  FROM...')
#4 /var/www/html/vendor/codeigniter4/framework/system/CodeIgniter.php(943): App\Controllers\HomepageController->Course_details_view('homepage_assets', 'img', 'favicon.png')
#5 /var/www/html/vendor/codeigniter4/framework/system/CodeIgniter.php(503): CodeIgniter\CodeIgniter->runController(Object(App\Controllers\HomepageController))
#6 /var/www/html/vendor/codeigniter4/framework/system/CodeIgniter.php(361): CodeIgniter\CodeIgniter->handleRequest(NULL, Object(Config\Cache), false)
#7 /var/www/html/index.php(79): CodeIgniter\CodeIgniter->run()
#8 {main}
CRITICAL - 2025-02-19 05:36:43 --> CodeIgniter\Database\Exceptions\DatabaseException: Unknown column 'homepage_assets' in 'where clause'
in SYSTEMPATH/Database/BaseConnection.php on line 647.
 1 APPPATH/Controllers/HomepageController.php(135): CodeIgniter\Database\BaseConnection->query(' SELECT *  FROM course_batch
                                WHERE course_id = homepage_assets')
 2 SYSTEMPATH/CodeIgniter.php(943): App\Controllers\HomepageController->Course_details_view('homepage_assets', 'img', 'favicon.png')
 3 SYSTEMPATH/CodeIgniter.php(503): CodeIgniter\CodeIgniter->runController(Object(App\Controllers\HomepageController))
 4 SYSTEMPATH/CodeIgniter.php(361): CodeIgniter\CodeIgniter->handleRequest(null, Object(Config\Cache), false)
 5 FCPATH/index.php(79): CodeIgniter\CodeIgniter->run()
CRITICAL - 2025-02-19 05:36:43 --> [Caused by] CodeIgniter\Database\Exceptions\DatabaseException: Unknown column 'homepage_assets' in 'where clause'
in SYSTEMPATH/Database/MySQLi/Connection.php on line 311.
 1 SYSTEMPATH/Database/BaseConnection.php(693): CodeIgniter\Database\MySQLi\Connection->execute(' SELECT *  FROM course_batch
                                WHERE course_id = homepage_assets')
 2 SYSTEMPATH/Database/BaseConnection.php(607): CodeIgniter\Database\BaseConnection->simpleQuery(' SELECT *  FROM course_batch
                                WHERE course_id = homepage_assets')
 3 APPPATH/Controllers/HomepageController.php(135): CodeIgniter\Database\BaseConnection->query(' SELECT *  FROM course_batch
                                WHERE course_id = homepage_assets')
 4 SYSTEMPATH/CodeIgniter.php(943): App\Controllers\HomepageController->Course_details_view('homepage_assets', 'img', 'favicon.png')
 5 SYSTEMPATH/CodeIgniter.php(503): CodeIgniter\CodeIgniter->runController(Object(App\Controllers\HomepageController))
 6 SYSTEMPATH/CodeIgniter.php(361): CodeIgniter\CodeIgniter->handleRequest(null, Object(Config\Cache), false)
 7 FCPATH/index.php(79): CodeIgniter\CodeIgniter->run()
CRITICAL - 2025-02-19 05:36:43 --> [Caused by] mysqli_sql_exception: Unknown column 'homepage_assets' in 'where clause'
in SYSTEMPATH/Database/MySQLi/Connection.php on line 306.
 1 SYSTEMPATH/Database/MySQLi/Connection.php(306): mysqli->query(' SELECT *  FROM course_batch
                                WHERE course_id = homepage_assets', 0)
 2 SYSTEMPATH/Database/BaseConnection.php(693): CodeIgniter\Database\MySQLi\Connection->execute(' SELECT *  FROM course_batch
                                WHERE course_id = homepage_assets')
 3 SYSTEMPATH/Database/BaseConnection.php(607): CodeIgniter\Database\BaseConnection->simpleQuery(' SELECT *  FROM course_batch
                                WHERE course_id = homepage_assets')
 4 APPPATH/Controllers/HomepageController.php(135): CodeIgniter\Database\BaseConnection->query(' SELECT *  FROM course_batch
                                WHERE course_id = homepage_assets')
 5 SYSTEMPATH/CodeIgniter.php(943): App\Controllers\HomepageController->Course_details_view('homepage_assets', 'img', 'favicon.png')
 6 SYSTEMPATH/CodeIgniter.php(503): CodeIgniter\CodeIgniter->runController(Object(App\Controllers\HomepageController))
 7 SYSTEMPATH/CodeIgniter.php(361): CodeIgniter\CodeIgniter->handleRequest(null, Object(Config\Cache), false)
 8 FCPATH/index.php(79): CodeIgniter\CodeIgniter->run()
INFO - 2025-02-19 05:36:44 --> Session: Class initialized using 'CodeIgniter\Session\Handlers\FileHandler' driver.
INFO - 2025-02-19 05:37:36 --> Session: Class initialized using 'CodeIgniter\Session\Handlers\FileHandler' driver.
INFO - 2025-02-19 05:37:38 --> Session: Class initialized using 'CodeIgniter\Session\Handlers\FileHandler' driver.
INFO - 2025-02-19 05:37:43 --> Session: Class initialized using 'CodeIgniter\Session\Handlers\FileHandler' driver.
INFO - 2025-02-19 05:38:02 --> Session: Class initialized using 'CodeIgniter\Session\Handlers\FileHandler' driver.
INFO - 2025-02-19 05:38:10 --> Session: Class initialized using 'CodeIgniter\Session\Handlers\FileHandler' driver.
INFO - 2025-02-19 05:38:15 --> Session: Class initialized using 'CodeIgniter\Session\Handlers\FileHandler' driver.
INFO - 2025-02-19 05:38:19 --> Session: Class initialized using 'CodeIgniter\Session\Handlers\FileHandler' driver.
INFO - 2025-02-19 05:38:24 --> Session: Class initialized using 'CodeIgniter\Session\Handlers\FileHandler' driver.
INFO - 2025-02-19 05:38:28 --> Session: Class initialized using 'CodeIgniter\Session\Handlers\FileHandler' driver.
INFO - 2025-02-19 05:38:36 --> Session: Class initialized using 'CodeIgniter\Session\Handlers\FileHandler' driver.
CRITICAL - 2025-02-19 05:38:36 --> ErrorException: Undefined index: message
in APPPATH/Views/supperadmin/footer.php on line 21.
 1 APPPATH/Views/supperadmin/footer.php(21): CodeIgniter\Debug\Exceptions->errorHandler(8, 'Undefined index: message', '/var/www/html/app/Views/supperadmin/footer.php', 21, [])
 2 SYSTEMPATH/View/View.php(228): include('/var/www/html/app/Views/supperadmin/footer.php')
 3 SYSTEMPATH/View/View.php(231): CodeIgniter\View\View->CodeIgniter\View\{closure}()
 4 SYSTEMPATH/View/View.php(469): CodeIgniter\View\View->render('supperadmin/footer', null, true)
 5 APPPATH/Views/supperAdminView.php(60): CodeIgniter\View\View->include('supperadmin/footer')
 6 SYSTEMPATH/View/View.php(228): include('/var/www/html/app/Views/supperAdminView.php')
 7 SYSTEMPATH/View/View.php(231): CodeIgniter\View\View->CodeIgniter\View\{closure}()
 8 SYSTEMPATH/Common.php(1178): CodeIgniter\View\View->render('supperAdminView', [], true)
 9 APPPATH/Controllers/SupperAdminController.php(10): view('supperAdminView')
10 SYSTEMPATH/CodeIgniter.php(943): App\Controllers\SupperAdminController->index()
11 SYSTEMPATH/CodeIgniter.php(503): CodeIgniter\CodeIgniter->runController(Object(App\Controllers\SupperAdminController))
12 SYSTEMPATH/CodeIgniter.php(361): CodeIgniter\CodeIgniter->handleRequest(null, Object(Config\Cache), false)
13 FCPATH/index.php(79): CodeIgniter\CodeIgniter->run()
INFO - 2025-02-19 05:39:35 --> Session: Class initialized using 'CodeIgniter\Session\Handlers\FileHandler' driver.
INFO - 2025-02-19 05:39:47 --> Session: Class initialized using 'CodeIgniter\Session\Handlers\FileHandler' driver.
INFO - 2025-02-19 05:39:53 --> Session: Class initialized using 'CodeIgniter\Session\Handlers\FileHandler' driver.
INFO - 2025-02-19 05:40:02 --> Session: Class initialized using 'CodeIgniter\Session\Handlers\FileHandler' driver.
INFO - 2025-02-19 05:40:03 --> Session: Class initialized using 'CodeIgniter\Session\Handlers\FileHandler' driver.
ERROR - 2025-02-19 05:40:03 --> mysqli_sql_exception: Unknown column 'homepage_assets' in 'where clause' in /var/www/html/vendor/codeigniter4/framework/system/Database/MySQLi/Connection.php:306
Stack trace:
#0 /var/www/html/vendor/codeigniter4/framework/system/Database/MySQLi/Connection.php(306): mysqli->query(' SELECT *  FROM...', 0)
#1 /var/www/html/vendor/codeigniter4/framework/system/Database/BaseConnection.php(693): CodeIgniter\Database\MySQLi\Connection->execute(' SELECT *  FROM...')
#2 /var/www/html/vendor/codeigniter4/framework/system/Database/BaseConnection.php(607): CodeIgniter\Database\BaseConnection->simpleQuery(' SELECT *  FROM...')
#3 /var/www/html/app/Controllers/HomepageController.php(135): CodeIgniter\Database\BaseConnection->query(' SELECT *  FROM...')
#4 /var/www/html/vendor/codeigniter4/framework/system/CodeIgniter.php(943): App\Controllers\HomepageController->Course_details_view('homepage_assets', 'img', 'apple-touch-ico...')
#5 /var/www/html/vendor/codeigniter4/framework/system/CodeIgniter.php(503): CodeIgniter\CodeIgniter->runController(Object(App\Controllers\HomepageController))
#6 /var/www/html/vendor/codeigniter4/framework/system/CodeIgniter.php(361): CodeIgniter\CodeIgniter->handleRequest(NULL, Object(Config\Cache), false)
#7 /var/www/html/index.php(79): CodeIgniter\CodeIgniter->run()
#8 {main}
CRITICAL - 2025-02-19 05:40:03 --> CodeIgniter\Database\Exceptions\DatabaseException: Unknown column 'homepage_assets' in 'where clause'
in SYSTEMPATH/Database/BaseConnection.php on line 647.
 1 APPPATH/Controllers/HomepageController.php(135): CodeIgniter\Database\BaseConnection->query(' SELECT *  FROM course_batch
                                WHERE course_id = homepage_assets')
 2 SYSTEMPATH/CodeIgniter.php(943): App\Controllers\HomepageController->Course_details_view('homepage_assets', 'img', 'apple-touch-icon.png')
 3 SYSTEMPATH/CodeIgniter.php(503): CodeIgniter\CodeIgniter->runController(Object(App\Controllers\HomepageController))
 4 SYSTEMPATH/CodeIgniter.php(361): CodeIgniter\CodeIgniter->handleRequest(null, Object(Config\Cache), false)
 5 FCPATH/index.php(79): CodeIgniter\CodeIgniter->run()
CRITICAL - 2025-02-19 05:40:03 --> [Caused by] CodeIgniter\Database\Exceptions\DatabaseException: Unknown column 'homepage_assets' in 'where clause'
in SYSTEMPATH/Database/MySQLi/Connection.php on line 311.
 1 SYSTEMPATH/Database/BaseConnection.php(693): CodeIgniter\Database\MySQLi\Connection->execute(' SELECT *  FROM course_batch
                                WHERE course_id = homepage_assets')
 2 SYSTEMPATH/Database/BaseConnection.php(607): CodeIgniter\Database\BaseConnection->simpleQuery(' SELECT *  FROM course_batch
                                WHERE course_id = homepage_assets')
 3 APPPATH/Controllers/HomepageController.php(135): CodeIgniter\Database\BaseConnection->query(' SELECT *  FROM course_batch
                                WHERE course_id = homepage_assets')
 4 SYSTEMPATH/CodeIgniter.php(943): App\Controllers\HomepageController->Course_details_view('homepage_assets', 'img', 'apple-touch-icon.png')
 5 SYSTEMPATH/CodeIgniter.php(503): CodeIgniter\CodeIgniter->runController(Object(App\Controllers\HomepageController))
 6 SYSTEMPATH/CodeIgniter.php(361): CodeIgniter\CodeIgniter->handleRequest(null, Object(Config\Cache), false)
 7 FCPATH/index.php(79): CodeIgniter\CodeIgniter->run()
CRITICAL - 2025-02-19 05:40:03 --> [Caused by] mysqli_sql_exception: Unknown column 'homepage_assets' in 'where clause'
in SYSTEMPATH/Database/MySQLi/Connection.php on line 306.
 1 SYSTEMPATH/Database/MySQLi/Connection.php(306): mysqli->query(' SELECT *  FROM course_batch
                                WHERE course_id = homepage_assets', 0)
 2 SYSTEMPATH/Database/BaseConnection.php(693): CodeIgniter\Database\MySQLi\Connection->execute(' SELECT *  FROM course_batch
                                WHERE course_id = homepage_assets')
 3 SYSTEMPATH/Database/BaseConnection.php(607): CodeIgniter\Database\BaseConnection->simpleQuery(' SELECT *  FROM course_batch
                                WHERE course_id = homepage_assets')
 4 APPPATH/Controllers/HomepageController.php(135): CodeIgniter\Database\BaseConnection->query(' SELECT *  FROM course_batch
                                WHERE course_id = homepage_assets')
 5 SYSTEMPATH/CodeIgniter.php(943): App\Controllers\HomepageController->Course_details_view('homepage_assets', 'img', 'apple-touch-icon.png')
 6 SYSTEMPATH/CodeIgniter.php(503): CodeIgniter\CodeIgniter->runController(Object(App\Controllers\HomepageController))
 7 SYSTEMPATH/CodeIgniter.php(361): CodeIgniter\CodeIgniter->handleRequest(null, Object(Config\Cache), false)
 8 FCPATH/index.php(79): CodeIgniter\CodeIgniter->run()
INFO - 2025-02-19 05:40:03 --> Session: Class initialized using 'CodeIgniter\Session\Handlers\FileHandler' driver.
ERROR - 2025-02-19 05:40:03 --> mysqli_sql_exception: Unknown column 'homepage_assets' in 'where clause' in /var/www/html/vendor/codeigniter4/framework/system/Database/MySQLi/Connection.php:306
Stack trace:
#0 /var/www/html/vendor/codeigniter4/framework/system/Database/MySQLi/Connection.php(306): mysqli->query(' SELECT *  FROM...', 0)
#1 /var/www/html/vendor/codeigniter4/framework/system/Database/BaseConnection.php(693): CodeIgniter\Database\MySQLi\Connection->execute(' SELECT *  FROM...')
#2 /var/www/html/vendor/codeigniter4/framework/system/Database/BaseConnection.php(607): CodeIgniter\Database\BaseConnection->simpleQuery(' SELECT *  FROM...')
#3 /var/www/html/app/Controllers/HomepageController.php(135): CodeIgniter\Database\BaseConnection->query(' SELECT *  FROM...')
#4 /var/www/html/vendor/codeigniter4/framework/system/CodeIgniter.php(943): App\Controllers\HomepageController->Course_details_view('homepage_assets', 'img', 'favicon.png')
#5 /var/www/html/vendor/codeigniter4/framework/system/CodeIgniter.php(503): CodeIgniter\CodeIgniter->runController(Object(App\Controllers\HomepageController))
#6 /var/www/html/vendor/codeigniter4/framework/system/CodeIgniter.php(361): CodeIgniter\CodeIgniter->handleRequest(NULL, Object(Config\Cache), false)
#7 /var/www/html/index.php(79): CodeIgniter\CodeIgniter->run()
#8 {main}
CRITICAL - 2025-02-19 05:40:03 --> CodeIgniter\Database\Exceptions\DatabaseException: Unknown column 'homepage_assets' in 'where clause'
in SYSTEMPATH/Database/BaseConnection.php on line 647.
 1 APPPATH/Controllers/HomepageController.php(135): CodeIgniter\Database\BaseConnection->query(' SELECT *  FROM course_batch
                                WHERE course_id = homepage_assets')
 2 SYSTEMPATH/CodeIgniter.php(943): App\Controllers\HomepageController->Course_details_view('homepage_assets', 'img', 'favicon.png')
 3 SYSTEMPATH/CodeIgniter.php(503): CodeIgniter\CodeIgniter->runController(Object(App\Controllers\HomepageController))
 4 SYSTEMPATH/CodeIgniter.php(361): CodeIgniter\CodeIgniter->handleRequest(null, Object(Config\Cache), false)
 5 FCPATH/index.php(79): CodeIgniter\CodeIgniter->run()
CRITICAL - 2025-02-19 05:40:03 --> [Caused by] CodeIgniter\Database\Exceptions\DatabaseException: Unknown column 'homepage_assets' in 'where clause'
in SYSTEMPATH/Database/MySQLi/Connection.php on line 311.
 1 SYSTEMPATH/Database/BaseConnection.php(693): CodeIgniter\Database\MySQLi\Connection->execute(' SELECT *  FROM course_batch
                                WHERE course_id = homepage_assets')
 2 SYSTEMPATH/Database/BaseConnection.php(607): CodeIgniter\Database\BaseConnection->simpleQuery(' SELECT *  FROM course_batch
                                WHERE course_id = homepage_assets')
 3 APPPATH/Controllers/HomepageController.php(135): CodeIgniter\Database\BaseConnection->query(' SELECT *  FROM course_batch
                                WHERE course_id = homepage_assets')
 4 SYSTEMPATH/CodeIgniter.php(943): App\Controllers\HomepageController->Course_details_view('homepage_assets', 'img', 'favicon.png')
 5 SYSTEMPATH/CodeIgniter.php(503): CodeIgniter\CodeIgniter->runController(Object(App\Controllers\HomepageController))
 6 SYSTEMPATH/CodeIgniter.php(361): CodeIgniter\CodeIgniter->handleRequest(null, Object(Config\Cache), false)
 7 FCPATH/index.php(79): CodeIgniter\CodeIgniter->run()
CRITICAL - 2025-02-19 05:40:03 --> [Caused by] mysqli_sql_exception: Unknown column 'homepage_assets' in 'where clause'
in SYSTEMPATH/Database/MySQLi/Connection.php on line 306.
 1 SYSTEMPATH/Database/MySQLi/Connection.php(306): mysqli->query(' SELECT *  FROM course_batch
                                WHERE course_id = homepage_assets', 0)
 2 SYSTEMPATH/Database/BaseConnection.php(693): CodeIgniter\Database\MySQLi\Connection->execute(' SELECT *  FROM course_batch
                                WHERE course_id = homepage_assets')
 3 SYSTEMPATH/Database/BaseConnection.php(607): CodeIgniter\Database\BaseConnection->simpleQuery(' SELECT *  FROM course_batch
                                WHERE course_id = homepage_assets')
 4 APPPATH/Controllers/HomepageController.php(135): CodeIgniter\Database\BaseConnection->query(' SELECT *  FROM course_batch
                                WHERE course_id = homepage_assets')
 5 SYSTEMPATH/CodeIgniter.php(943): App\Controllers\HomepageController->Course_details_view('homepage_assets', 'img', 'favicon.png')
 6 SYSTEMPATH/CodeIgniter.php(503): CodeIgniter\CodeIgniter->runController(Object(App\Controllers\HomepageController))
 7 SYSTEMPATH/CodeIgniter.php(361): CodeIgniter\CodeIgniter->handleRequest(null, Object(Config\Cache), false)
 8 FCPATH/index.php(79): CodeIgniter\CodeIgniter->run()
INFO - 2025-02-19 05:40:44 --> Session: Class initialized using 'CodeIgniter\Session\Handlers\FileHandler' driver.
INFO - 2025-02-19 05:41:02 --> Session: Class initialized using 'CodeIgniter\Session\Handlers\FileHandler' driver.
INFO - 2025-02-19 05:41:04 --> Session: Class initialized using 'CodeIgniter\Session\Handlers\FileHandler' driver.
ERROR - 2025-02-19 05:41:04 --> mysqli_sql_exception: Unknown column 'homepage_assets' in 'where clause' in /var/www/html/vendor/codeigniter4/framework/system/Database/MySQLi/Connection.php:306
Stack trace:
#0 /var/www/html/vendor/codeigniter4/framework/system/Database/MySQLi/Connection.php(306): mysqli->query(' SELECT *  FROM...', 0)
#1 /var/www/html/vendor/codeigniter4/framework/system/Database/BaseConnection.php(693): CodeIgniter\Database\MySQLi\Connection->execute(' SELECT *  FROM...')
#2 /var/www/html/vendor/codeigniter4/framework/system/Database/BaseConnection.php(607): CodeIgniter\Database\BaseConnection->simpleQuery(' SELECT *  FROM...')
#3 /var/www/html/app/Controllers/HomepageController.php(135): CodeIgniter\Database\BaseConnection->query(' SELECT *  FROM...')
#4 /var/www/html/vendor/codeigniter4/framework/system/CodeIgniter.php(943): App\Controllers\HomepageController->Course_details_view('homepage_assets', 'img', 'apple-touch-ico...')
#5 /var/www/html/vendor/codeigniter4/framework/system/CodeIgniter.php(503): CodeIgniter\CodeIgniter->runController(Object(App\Controllers\HomepageController))
#6 /var/www/html/vendor/codeigniter4/framework/system/CodeIgniter.php(361): CodeIgniter\CodeIgniter->handleRequest(NULL, Object(Config\Cache), false)
#7 /var/www/html/index.php(79): CodeIgniter\CodeIgniter->run()
#8 {main}
CRITICAL - 2025-02-19 05:41:04 --> CodeIgniter\Database\Exceptions\DatabaseException: Unknown column 'homepage_assets' in 'where clause'
in SYSTEMPATH/Database/BaseConnection.php on line 647.
 1 APPPATH/Controllers/HomepageController.php(135): CodeIgniter\Database\BaseConnection->query(' SELECT *  FROM course_batch
                                WHERE course_id = homepage_assets')
 2 SYSTEMPATH/CodeIgniter.php(943): App\Controllers\HomepageController->Course_details_view('homepage_assets', 'img', 'apple-touch-icon.png')
 3 SYSTEMPATH/CodeIgniter.php(503): CodeIgniter\CodeIgniter->runController(Object(App\Controllers\HomepageController))
 4 SYSTEMPATH/CodeIgniter.php(361): CodeIgniter\CodeIgniter->handleRequest(null, Object(Config\Cache), false)
 5 FCPATH/index.php(79): CodeIgniter\CodeIgniter->run()
CRITICAL - 2025-02-19 05:41:04 --> [Caused by] CodeIgniter\Database\Exceptions\DatabaseException: Unknown column 'homepage_assets' in 'where clause'
in SYSTEMPATH/Database/MySQLi/Connection.php on line 311.
 1 SYSTEMPATH/Database/BaseConnection.php(693): CodeIgniter\Database\MySQLi\Connection->execute(' SELECT *  FROM course_batch
                                WHERE course_id = homepage_assets')
 2 SYSTEMPATH/Database/BaseConnection.php(607): CodeIgniter\Database\BaseConnection->simpleQuery(' SELECT *  FROM course_batch
                                WHERE course_id = homepage_assets')
 3 APPPATH/Controllers/HomepageController.php(135): CodeIgniter\Database\BaseConnection->query(' SELECT *  FROM course_batch
                                WHERE course_id = homepage_assets')
 4 SYSTEMPATH/CodeIgniter.php(943): App\Controllers\HomepageController->Course_details_view('homepage_assets', 'img', 'apple-touch-icon.png')
 5 SYSTEMPATH/CodeIgniter.php(503): CodeIgniter\CodeIgniter->runController(Object(App\Controllers\HomepageController))
 6 SYSTEMPATH/CodeIgniter.php(361): CodeIgniter\CodeIgniter->handleRequest(null, Object(Config\Cache), false)
 7 FCPATH/index.php(79): CodeIgniter\CodeIgniter->run()
CRITICAL - 2025-02-19 05:41:04 --> [Caused by] mysqli_sql_exception: Unknown column 'homepage_assets' in 'where clause'
in SYSTEMPATH/Database/MySQLi/Connection.php on line 306.
 1 SYSTEMPATH/Database/MySQLi/Connection.php(306): mysqli->query(' SELECT *  FROM course_batch
                                WHERE course_id = homepage_assets', 0)
 2 SYSTEMPATH/Database/BaseConnection.php(693): CodeIgniter\Database\MySQLi\Connection->execute(' SELECT *  FROM course_batch
                                WHERE course_id = homepage_assets')
 3 SYSTEMPATH/Database/BaseConnection.php(607): CodeIgniter\Database\BaseConnection->simpleQuery(' SELECT *  FROM course_batch
                                WHERE course_id = homepage_assets')
 4 APPPATH/Controllers/HomepageController.php(135): CodeIgniter\Database\BaseConnection->query(' SELECT *  FROM course_batch
                                WHERE course_id = homepage_assets')
 5 SYSTEMPATH/CodeIgniter.php(943): App\Controllers\HomepageController->Course_details_view('homepage_assets', 'img', 'apple-touch-icon.png')
 6 SYSTEMPATH/CodeIgniter.php(503): CodeIgniter\CodeIgniter->runController(Object(App\Controllers\HomepageController))
 7 SYSTEMPATH/CodeIgniter.php(361): CodeIgniter\CodeIgniter->handleRequest(null, Object(Config\Cache), false)
 8 FCPATH/index.php(79): CodeIgniter\CodeIgniter->run()
INFO - 2025-02-19 05:41:04 --> Session: Class initialized using 'CodeIgniter\Session\Handlers\FileHandler' driver.
ERROR - 2025-02-19 05:41:04 --> mysqli_sql_exception: Unknown column 'homepage_assets' in 'where clause' in /var/www/html/vendor/codeigniter4/framework/system/Database/MySQLi/Connection.php:306
Stack trace:
#0 /var/www/html/vendor/codeigniter4/framework/system/Database/MySQLi/Connection.php(306): mysqli->query(' SELECT *  FROM...', 0)
#1 /var/www/html/vendor/codeigniter4/framework/system/Database/BaseConnection.php(693): CodeIgniter\Database\MySQLi\Connection->execute(' SELECT *  FROM...')
#2 /var/www/html/vendor/codeigniter4/framework/system/Database/BaseConnection.php(607): CodeIgniter\Database\BaseConnection->simpleQuery(' SELECT *  FROM...')
#3 /var/www/html/app/Controllers/HomepageController.php(135): CodeIgniter\Database\BaseConnection->query(' SELECT *  FROM...')
#4 /var/www/html/vendor/codeigniter4/framework/system/CodeIgniter.php(943): App\Controllers\HomepageController->Course_details_view('homepage_assets', 'img', 'favicon.png')
#5 /var/www/html/vendor/codeigniter4/framework/system/CodeIgniter.php(503): CodeIgniter\CodeIgniter->runController(Object(App\Controllers\HomepageController))
#6 /var/www/html/vendor/codeigniter4/framework/system/CodeIgniter.php(361): CodeIgniter\CodeIgniter->handleRequest(NULL, Object(Config\Cache), false)
#7 /var/www/html/index.php(79): CodeIgniter\CodeIgniter->run()
#8 {main}
CRITICAL - 2025-02-19 05:41:04 --> CodeIgniter\Database\Exceptions\DatabaseException: Unknown column 'homepage_assets' in 'where clause'
in SYSTEMPATH/Database/BaseConnection.php on line 647.
 1 APPPATH/Controllers/HomepageController.php(135): CodeIgniter\Database\BaseConnection->query(' SELECT *  FROM course_batch
                                WHERE course_id = homepage_assets')
 2 SYSTEMPATH/CodeIgniter.php(943): App\Controllers\HomepageController->Course_details_view('homepage_assets', 'img', 'favicon.png')
 3 SYSTEMPATH/CodeIgniter.php(503): CodeIgniter\CodeIgniter->runController(Object(App\Controllers\HomepageController))
 4 SYSTEMPATH/CodeIgniter.php(361): CodeIgniter\CodeIgniter->handleRequest(null, Object(Config\Cache), false)
 5 FCPATH/index.php(79): CodeIgniter\CodeIgniter->run()
CRITICAL - 2025-02-19 05:41:04 --> [Caused by] CodeIgniter\Database\Exceptions\DatabaseException: Unknown column 'homepage_assets' in 'where clause'
in SYSTEMPATH/Database/MySQLi/Connection.php on line 311.
 1 SYSTEMPATH/Database/BaseConnection.php(693): CodeIgniter\Database\MySQLi\Connection->execute(' SELECT *  FROM course_batch
                                WHERE course_id = homepage_assets')
 2 SYSTEMPATH/Database/BaseConnection.php(607): CodeIgniter\Database\BaseConnection->simpleQuery(' SELECT *  FROM course_batch
                                WHERE course_id = homepage_assets')
 3 APPPATH/Controllers/HomepageController.php(135): CodeIgniter\Database\BaseConnection->query(' SELECT *  FROM course_batch
                                WHERE course_id = homepage_assets')
 4 SYSTEMPATH/CodeIgniter.php(943): App\Controllers\HomepageController->Course_details_view('homepage_assets', 'img', 'favicon.png')
 5 SYSTEMPATH/CodeIgniter.php(503): CodeIgniter\CodeIgniter->runController(Object(App\Controllers\HomepageController))
 6 SYSTEMPATH/CodeIgniter.php(361): CodeIgniter\CodeIgniter->handleRequest(null, Object(Config\Cache), false)
 7 FCPATH/index.php(79): CodeIgniter\CodeIgniter->run()
CRITICAL - 2025-02-19 05:41:04 --> [Caused by] mysqli_sql_exception: Unknown column 'homepage_assets' in 'where clause'
in SYSTEMPATH/Database/MySQLi/Connection.php on line 306.
 1 SYSTEMPATH/Database/MySQLi/Connection.php(306): mysqli->query(' SELECT *  FROM course_batch
                                WHERE course_id = homepage_assets', 0)
 2 SYSTEMPATH/Database/BaseConnection.php(693): CodeIgniter\Database\MySQLi\Connection->execute(' SELECT *  FROM course_batch
                                WHERE course_id = homepage_assets')
 3 SYSTEMPATH/Database/BaseConnection.php(607): CodeIgniter\Database\BaseConnection->simpleQuery(' SELECT *  FROM course_batch
                                WHERE course_id = homepage_assets')
 4 APPPATH/Controllers/HomepageController.php(135): CodeIgniter\Database\BaseConnection->query(' SELECT *  FROM course_batch
                                WHERE course_id = homepage_assets')
 5 SYSTEMPATH/CodeIgniter.php(943): App\Controllers\HomepageController->Course_details_view('homepage_assets', 'img', 'favicon.png')
 6 SYSTEMPATH/CodeIgniter.php(503): CodeIgniter\CodeIgniter->runController(Object(App\Controllers\HomepageController))
 7 SYSTEMPATH/CodeIgniter.php(361): CodeIgniter\CodeIgniter->handleRequest(null, Object(Config\Cache), false)
 8 FCPATH/index.php(79): CodeIgniter\CodeIgniter->run()
INFO - 2025-02-19 05:41:36 --> Session: Class initialized using 'CodeIgniter\Session\Handlers\FileHandler' driver.
INFO - 2025-02-19 05:42:10 --> Session: Class initialized using 'CodeIgniter\Session\Handlers\FileHandler' driver.
INFO - 2025-02-19 05:43:05 --> Session: Class initialized using 'CodeIgniter\Session\Handlers\FileHandler' driver.
INFO - 2025-02-19 05:43:07 --> Session: Class initialized using 'CodeIgniter\Session\Handlers\FileHandler' driver.
ERROR - 2025-02-19 05:43:07 --> mysqli_sql_exception: Unknown column 'homepage_assets' in 'where clause' in /var/www/html/vendor/codeigniter4/framework/system/Database/MySQLi/Connection.php:306
Stack trace:
#0 /var/www/html/vendor/codeigniter4/framework/system/Database/MySQLi/Connection.php(306): mysqli->query(' SELECT *  FROM...', 0)
#1 /var/www/html/vendor/codeigniter4/framework/system/Database/BaseConnection.php(693): CodeIgniter\Database\MySQLi\Connection->execute(' SELECT *  FROM...')
#2 /var/www/html/vendor/codeigniter4/framework/system/Database/BaseConnection.php(607): CodeIgniter\Database\BaseConnection->simpleQuery(' SELECT *  FROM...')
#3 /var/www/html/app/Controllers/HomepageController.php(135): CodeIgniter\Database\BaseConnection->query(' SELECT *  FROM...')
#4 /var/www/html/vendor/codeigniter4/framework/system/CodeIgniter.php(943): App\Controllers\HomepageController->Course_details_view('homepage_assets', 'img', 'favicon.png')
#5 /var/www/html/vendor/codeigniter4/framework/system/CodeIgniter.php(503): CodeIgniter\CodeIgniter->runController(Object(App\Controllers\HomepageController))
#6 /var/www/html/vendor/codeigniter4/framework/system/CodeIgniter.php(361): CodeIgniter\CodeIgniter->handleRequest(NULL, Object(Config\Cache), false)
#7 /var/www/html/index.php(79): CodeIgniter\CodeIgniter->run()
#8 {main}
CRITICAL - 2025-02-19 05:43:07 --> CodeIgniter\Database\Exceptions\DatabaseException: Unknown column 'homepage_assets' in 'where clause'
in SYSTEMPATH/Database/BaseConnection.php on line 647.
 1 APPPATH/Controllers/HomepageController.php(135): CodeIgniter\Database\BaseConnection->query(' SELECT *  FROM course_batch
                                WHERE course_id = homepage_assets')
 2 SYSTEMPATH/CodeIgniter.php(943): App\Controllers\HomepageController->Course_details_view('homepage_assets', 'img', 'favicon.png')
 3 SYSTEMPATH/CodeIgniter.php(503): CodeIgniter\CodeIgniter->runController(Object(App\Controllers\HomepageController))
 4 SYSTEMPATH/CodeIgniter.php(361): CodeIgniter\CodeIgniter->handleRequest(null, Object(Config\Cache), false)
 5 FCPATH/index.php(79): CodeIgniter\CodeIgniter->run()
CRITICAL - 2025-02-19 05:43:07 --> [Caused by] CodeIgniter\Database\Exceptions\DatabaseException: Unknown column 'homepage_assets' in 'where clause'
in SYSTEMPATH/Database/MySQLi/Connection.php on line 311.
 1 SYSTEMPATH/Database/BaseConnection.php(693): CodeIgniter\Database\MySQLi\Connection->execute(' SELECT *  FROM course_batch
                                WHERE course_id = homepage_assets')
 2 SYSTEMPATH/Database/BaseConnection.php(607): CodeIgniter\Database\BaseConnection->simpleQuery(' SELECT *  FROM course_batch
                                WHERE course_id = homepage_assets')
 3 APPPATH/Controllers/HomepageController.php(135): CodeIgniter\Database\BaseConnection->query(' SELECT *  FROM course_batch
                                WHERE course_id = homepage_assets')
 4 SYSTEMPATH/CodeIgniter.php(943): App\Controllers\HomepageController->Course_details_view('homepage_assets', 'img', 'favicon.png')
 5 SYSTEMPATH/CodeIgniter.php(503): CodeIgniter\CodeIgniter->runController(Object(App\Controllers\HomepageController))
 6 SYSTEMPATH/CodeIgniter.php(361): CodeIgniter\CodeIgniter->handleRequest(null, Object(Config\Cache), false)
 7 FCPATH/index.php(79): CodeIgniter\CodeIgniter->run()
CRITICAL - 2025-02-19 05:43:07 --> [Caused by] mysqli_sql_exception: Unknown column 'homepage_assets' in 'where clause'
in SYSTEMPATH/Database/MySQLi/Connection.php on line 306.
 1 SYSTEMPATH/Database/MySQLi/Connection.php(306): mysqli->query(' SELECT *  FROM course_batch
                                WHERE course_id = homepage_assets', 0)
 2 SYSTEMPATH/Database/BaseConnection.php(693): CodeIgniter\Database\MySQLi\Connection->execute(' SELECT *  FROM course_batch
                                WHERE course_id = homepage_assets')
 3 SYSTEMPATH/Database/BaseConnection.php(607): CodeIgniter\Database\BaseConnection->simpleQuery(' SELECT *  FROM course_batch
                                WHERE course_id = homepage_assets')
 4 APPPATH/Controllers/HomepageController.php(135): CodeIgniter\Database\BaseConnection->query(' SELECT *  FROM course_batch
                                WHERE course_id = homepage_assets')
 5 SYSTEMPATH/CodeIgniter.php(943): App\Controllers\HomepageController->Course_details_view('homepage_assets', 'img', 'favicon.png')
 6 SYSTEMPATH/CodeIgniter.php(503): CodeIgniter\CodeIgniter->runController(Object(App\Controllers\HomepageController))
 7 SYSTEMPATH/CodeIgniter.php(361): CodeIgniter\CodeIgniter->handleRequest(null, Object(Config\Cache), false)
 8 FCPATH/index.php(79): CodeIgniter\CodeIgniter->run()
INFO - 2025-02-19 05:43:07 --> Session: Class initialized using 'CodeIgniter\Session\Handlers\FileHandler' driver.
ERROR - 2025-02-19 05:43:07 --> mysqli_sql_exception: Unknown column 'homepage_assets' in 'where clause' in /var/www/html/vendor/codeigniter4/framework/system/Database/MySQLi/Connection.php:306
Stack trace:
#0 /var/www/html/vendor/codeigniter4/framework/system/Database/MySQLi/Connection.php(306): mysqli->query(' SELECT *  FROM...', 0)
#1 /var/www/html/vendor/codeigniter4/framework/system/Database/BaseConnection.php(693): CodeIgniter\Database\MySQLi\Connection->execute(' SELECT *  FROM...')
#2 /var/www/html/vendor/codeigniter4/framework/system/Database/BaseConnection.php(607): CodeIgniter\Database\BaseConnection->simpleQuery(' SELECT *  FROM...')
#3 /var/www/html/app/Controllers/HomepageController.php(135): CodeIgniter\Database\BaseConnection->query(' SELECT *  FROM...')
#4 /var/www/html/vendor/codeigniter4/framework/system/CodeIgniter.php(943): App\Controllers\HomepageController->Course_details_view('homepage_assets', 'img', 'apple-touch-ico...')
#5 /var/www/html/vendor/codeigniter4/framework/system/CodeIgniter.php(503): CodeIgniter\CodeIgniter->runController(Object(App\Controllers\HomepageController))
#6 /var/www/html/vendor/codeigniter4/framework/system/CodeIgniter.php(361): CodeIgniter\CodeIgniter->handleRequest(NULL, Object(Config\Cache), false)
#7 /var/www/html/index.php(79): CodeIgniter\CodeIgniter->run()
#8 {main}
CRITICAL - 2025-02-19 05:43:07 --> CodeIgniter\Database\Exceptions\DatabaseException: Unknown column 'homepage_assets' in 'where clause'
in SYSTEMPATH/Database/BaseConnection.php on line 647.
 1 APPPATH/Controllers/HomepageController.php(135): CodeIgniter\Database\BaseConnection->query(' SELECT *  FROM course_batch
                                WHERE course_id = homepage_assets')
 2 SYSTEMPATH/CodeIgniter.php(943): App\Controllers\HomepageController->Course_details_view('homepage_assets', 'img', 'apple-touch-icon.png')
 3 SYSTEMPATH/CodeIgniter.php(503): CodeIgniter\CodeIgniter->runController(Object(App\Controllers\HomepageController))
 4 SYSTEMPATH/CodeIgniter.php(361): CodeIgniter\CodeIgniter->handleRequest(null, Object(Config\Cache), false)
 5 FCPATH/index.php(79): CodeIgniter\CodeIgniter->run()
CRITICAL - 2025-02-19 05:43:07 --> [Caused by] CodeIgniter\Database\Exceptions\DatabaseException: Unknown column 'homepage_assets' in 'where clause'
in SYSTEMPATH/Database/MySQLi/Connection.php on line 311.
 1 SYSTEMPATH/Database/BaseConnection.php(693): CodeIgniter\Database\MySQLi\Connection->execute(' SELECT *  FROM course_batch
                                WHERE course_id = homepage_assets')
 2 SYSTEMPATH/Database/BaseConnection.php(607): CodeIgniter\Database\BaseConnection->simpleQuery(' SELECT *  FROM course_batch
                                WHERE course_id = homepage_assets')
 3 APPPATH/Controllers/HomepageController.php(135): CodeIgniter\Database\BaseConnection->query(' SELECT *  FROM course_batch
                                WHERE course_id = homepage_assets')
 4 SYSTEMPATH/CodeIgniter.php(943): App\Controllers\HomepageController->Course_details_view('homepage_assets', 'img', 'apple-touch-icon.png')
 5 SYSTEMPATH/CodeIgniter.php(503): CodeIgniter\CodeIgniter->runController(Object(App\Controllers\HomepageController))
 6 SYSTEMPATH/CodeIgniter.php(361): CodeIgniter\CodeIgniter->handleRequest(null, Object(Config\Cache), false)
 7 FCPATH/index.php(79): CodeIgniter\CodeIgniter->run()
CRITICAL - 2025-02-19 05:43:07 --> [Caused by] mysqli_sql_exception: Unknown column 'homepage_assets' in 'where clause'
in SYSTEMPATH/Database/MySQLi/Connection.php on line 306.
 1 SYSTEMPATH/Database/MySQLi/Connection.php(306): mysqli->query(' SELECT *  FROM course_batch
                                WHERE course_id = homepage_assets', 0)
 2 SYSTEMPATH/Database/BaseConnection.php(693): CodeIgniter\Database\MySQLi\Connection->execute(' SELECT *  FROM course_batch
                                WHERE course_id = homepage_assets')
 3 SYSTEMPATH/Database/BaseConnection.php(607): CodeIgniter\Database\BaseConnection->simpleQuery(' SELECT *  FROM course_batch
                                WHERE course_id = homepage_assets')
 4 APPPATH/Controllers/HomepageController.php(135): CodeIgniter\Database\BaseConnection->query(' SELECT *  FROM course_batch
                                WHERE course_id = homepage_assets')
 5 SYSTEMPATH/CodeIgniter.php(943): App\Controllers\HomepageController->Course_details_view('homepage_assets', 'img', 'apple-touch-icon.png')
 6 SYSTEMPATH/CodeIgniter.php(503): CodeIgniter\CodeIgniter->runController(Object(App\Controllers\HomepageController))
 7 SYSTEMPATH/CodeIgniter.php(361): CodeIgniter\CodeIgniter->handleRequest(null, Object(Config\Cache), false)
 8 FCPATH/index.php(79): CodeIgniter\CodeIgniter->run()
INFO - 2025-02-19 05:44:17 --> Session: Class initialized using 'CodeIgniter\Session\Handlers\FileHandler' driver.
INFO - 2025-02-19 06:24:33 --> Session: Class initialized using 'CodeIgniter\Session\Handlers\FileHandler' driver.
INFO - 2025-02-19 06:24:34 --> Session: Class initialized using 'CodeIgniter\Session\Handlers\FileHandler' driver.
ERROR - 2025-02-19 06:24:34 --> mysqli_sql_exception: Unknown column 'homepage_assets' in 'where clause' in /var/www/html/vendor/codeigniter4/framework/system/Database/MySQLi/Connection.php:306
Stack trace:
#0 /var/www/html/vendor/codeigniter4/framework/system/Database/MySQLi/Connection.php(306): mysqli->query(' SELECT *  FROM...', 0)
#1 /var/www/html/vendor/codeigniter4/framework/system/Database/BaseConnection.php(693): CodeIgniter\Database\MySQLi\Connection->execute(' SELECT *  FROM...')
#2 /var/www/html/vendor/codeigniter4/framework/system/Database/BaseConnection.php(607): CodeIgniter\Database\BaseConnection->simpleQuery(' SELECT *  FROM...')
#3 /var/www/html/app/Controllers/HomepageController.php(135): CodeIgniter\Database\BaseConnection->query(' SELECT *  FROM...')
#4 /var/www/html/vendor/codeigniter4/framework/system/CodeIgniter.php(943): App\Controllers\HomepageController->Course_details_view('homepage_assets', 'img', 'apple-touch-ico...')
#5 /var/www/html/vendor/codeigniter4/framework/system/CodeIgniter.php(503): CodeIgniter\CodeIgniter->runController(Object(App\Controllers\HomepageController))
#6 /var/www/html/vendor/codeigniter4/framework/system/CodeIgniter.php(361): CodeIgniter\CodeIgniter->handleRequest(NULL, Object(Config\Cache), false)
#7 /var/www/html/index.php(79): CodeIgniter\CodeIgniter->run()
#8 {main}
CRITICAL - 2025-02-19 06:24:34 --> CodeIgniter\Database\Exceptions\DatabaseException: Unknown column 'homepage_assets' in 'where clause'
in SYSTEMPATH/Database/BaseConnection.php on line 647.
 1 APPPATH/Controllers/HomepageController.php(135): CodeIgniter\Database\BaseConnection->query(' SELECT *  FROM course_batch
                                WHERE course_id = homepage_assets')
 2 SYSTEMPATH/CodeIgniter.php(943): App\Controllers\HomepageController->Course_details_view('homepage_assets', 'img', 'apple-touch-icon.png')
 3 SYSTEMPATH/CodeIgniter.php(503): CodeIgniter\CodeIgniter->runController(Object(App\Controllers\HomepageController))
 4 SYSTEMPATH/CodeIgniter.php(361): CodeIgniter\CodeIgniter->handleRequest(null, Object(Config\Cache), false)
 5 FCPATH/index.php(79): CodeIgniter\CodeIgniter->run()
CRITICAL - 2025-02-19 06:24:34 --> [Caused by] CodeIgniter\Database\Exceptions\DatabaseException: Unknown column 'homepage_assets' in 'where clause'
in SYSTEMPATH/Database/MySQLi/Connection.php on line 311.
 1 SYSTEMPATH/Database/BaseConnection.php(693): CodeIgniter\Database\MySQLi\Connection->execute(' SELECT *  FROM course_batch
                                WHERE course_id = homepage_assets')
 2 SYSTEMPATH/Database/BaseConnection.php(607): CodeIgniter\Database\BaseConnection->simpleQuery(' SELECT *  FROM course_batch
                                WHERE course_id = homepage_assets')
 3 APPPATH/Controllers/HomepageController.php(135): CodeIgniter\Database\BaseConnection->query(' SELECT *  FROM course_batch
                                WHERE course_id = homepage_assets')
 4 SYSTEMPATH/CodeIgniter.php(943): App\Controllers\HomepageController->Course_details_view('homepage_assets', 'img', 'apple-touch-icon.png')
 5 SYSTEMPATH/CodeIgniter.php(503): CodeIgniter\CodeIgniter->runController(Object(App\Controllers\HomepageController))
 6 SYSTEMPATH/CodeIgniter.php(361): CodeIgniter\CodeIgniter->handleRequest(null, Object(Config\Cache), false)
 7 FCPATH/index.php(79): CodeIgniter\CodeIgniter->run()
CRITICAL - 2025-02-19 06:24:34 --> [Caused by] mysqli_sql_exception: Unknown column 'homepage_assets' in 'where clause'
in SYSTEMPATH/Database/MySQLi/Connection.php on line 306.
 1 SYSTEMPATH/Database/MySQLi/Connection.php(306): mysqli->query(' SELECT *  FROM course_batch
                                WHERE course_id = homepage_assets', 0)
 2 SYSTEMPATH/Database/BaseConnection.php(693): CodeIgniter\Database\MySQLi\Connection->execute(' SELECT *  FROM course_batch
                                WHERE course_id = homepage_assets')
 3 SYSTEMPATH/Database/BaseConnection.php(607): CodeIgniter\Database\BaseConnection->simpleQuery(' SELECT *  FROM course_batch
                                WHERE course_id = homepage_assets')
 4 APPPATH/Controllers/HomepageController.php(135): CodeIgniter\Database\BaseConnection->query(' SELECT *  FROM course_batch
                                WHERE course_id = homepage_assets')
 5 SYSTEMPATH/CodeIgniter.php(943): App\Controllers\HomepageController->Course_details_view('homepage_assets', 'img', 'apple-touch-icon.png')
 6 SYSTEMPATH/CodeIgniter.php(503): CodeIgniter\CodeIgniter->runController(Object(App\Controllers\HomepageController))
 7 SYSTEMPATH/CodeIgniter.php(361): CodeIgniter\CodeIgniter->handleRequest(null, Object(Config\Cache), false)
 8 FCPATH/index.php(79): CodeIgniter\CodeIgniter->run()
INFO - 2025-02-19 06:24:34 --> Session: Class initialized using 'CodeIgniter\Session\Handlers\FileHandler' driver.
ERROR - 2025-02-19 06:24:34 --> mysqli_sql_exception: Unknown column 'homepage_assets' in 'where clause' in /var/www/html/vendor/codeigniter4/framework/system/Database/MySQLi/Connection.php:306
Stack trace:
#0 /var/www/html/vendor/codeigniter4/framework/system/Database/MySQLi/Connection.php(306): mysqli->query(' SELECT *  FROM...', 0)
#1 /var/www/html/vendor/codeigniter4/framework/system/Database/BaseConnection.php(693): CodeIgniter\Database\MySQLi\Connection->execute(' SELECT *  FROM...')
#2 /var/www/html/vendor/codeigniter4/framework/system/Database/BaseConnection.php(607): CodeIgniter\Database\BaseConnection->simpleQuery(' SELECT *  FROM...')
#3 /var/www/html/app/Controllers/HomepageController.php(135): CodeIgniter\Database\BaseConnection->query(' SELECT *  FROM...')
#4 /var/www/html/vendor/codeigniter4/framework/system/CodeIgniter.php(943): App\Controllers\HomepageController->Course_details_view('homepage_assets', 'img', 'favicon.png')
#5 /var/www/html/vendor/codeigniter4/framework/system/CodeIgniter.php(503): CodeIgniter\CodeIgniter->runController(Object(App\Controllers\HomepageController))
#6 /var/www/html/vendor/codeigniter4/framework/system/CodeIgniter.php(361): CodeIgniter\CodeIgniter->handleRequest(NULL, Object(Config\Cache), false)
#7 /var/www/html/index.php(79): CodeIgniter\CodeIgniter->run()
#8 {main}
CRITICAL - 2025-02-19 06:24:34 --> CodeIgniter\Database\Exceptions\DatabaseException: Unknown column 'homepage_assets' in 'where clause'
in SYSTEMPATH/Database/BaseConnection.php on line 647.
 1 APPPATH/Controllers/HomepageController.php(135): CodeIgniter\Database\BaseConnection->query(' SELECT *  FROM course_batch
                                WHERE course_id = homepage_assets')
 2 SYSTEMPATH/CodeIgniter.php(943): App\Controllers\HomepageController->Course_details_view('homepage_assets', 'img', 'favicon.png')
 3 SYSTEMPATH/CodeIgniter.php(503): CodeIgniter\CodeIgniter->runController(Object(App\Controllers\HomepageController))
 4 SYSTEMPATH/CodeIgniter.php(361): CodeIgniter\CodeIgniter->handleRequest(null, Object(Config\Cache), false)
 5 FCPATH/index.php(79): CodeIgniter\CodeIgniter->run()
CRITICAL - 2025-02-19 06:24:34 --> [Caused by] CodeIgniter\Database\Exceptions\DatabaseException: Unknown column 'homepage_assets' in 'where clause'
in SYSTEMPATH/Database/MySQLi/Connection.php on line 311.
 1 SYSTEMPATH/Database/BaseConnection.php(693): CodeIgniter\Database\MySQLi\Connection->execute(' SELECT *  FROM course_batch
                                WHERE course_id = homepage_assets')
 2 SYSTEMPATH/Database/BaseConnection.php(607): CodeIgniter\Database\BaseConnection->simpleQuery(' SELECT *  FROM course_batch
                                WHERE course_id = homepage_assets')
 3 APPPATH/Controllers/HomepageController.php(135): CodeIgniter\Database\BaseConnection->query(' SELECT *  FROM course_batch
                                WHERE course_id = homepage_assets')
 4 SYSTEMPATH/CodeIgniter.php(943): App\Controllers\HomepageController->Course_details_view('homepage_assets', 'img', 'favicon.png')
 5 SYSTEMPATH/CodeIgniter.php(503): CodeIgniter\CodeIgniter->runController(Object(App\Controllers\HomepageController))
 6 SYSTEMPATH/CodeIgniter.php(361): CodeIgniter\CodeIgniter->handleRequest(null, Object(Config\Cache), false)
 7 FCPATH/index.php(79): CodeIgniter\CodeIgniter->run()
CRITICAL - 2025-02-19 06:24:34 --> [Caused by] mysqli_sql_exception: Unknown column 'homepage_assets' in 'where clause'
in SYSTEMPATH/Database/MySQLi/Connection.php on line 306.
 1 SYSTEMPATH/Database/MySQLi/Connection.php(306): mysqli->query(' SELECT *  FROM course_batch
                                WHERE course_id = homepage_assets', 0)
 2 SYSTEMPATH/Database/BaseConnection.php(693): CodeIgniter\Database\MySQLi\Connection->execute(' SELECT *  FROM course_batch
                                WHERE course_id = homepage_assets')
 3 SYSTEMPATH/Database/BaseConnection.php(607): CodeIgniter\Database\BaseConnection->simpleQuery(' SELECT *  FROM course_batch
                                WHERE course_id = homepage_assets')
 4 APPPATH/Controllers/HomepageController.php(135): CodeIgniter\Database\BaseConnection->query(' SELECT *  FROM course_batch
                                WHERE course_id = homepage_assets')
 5 SYSTEMPATH/CodeIgniter.php(943): App\Controllers\HomepageController->Course_details_view('homepage_assets', 'img', 'favicon.png')
 6 SYSTEMPATH/CodeIgniter.php(503): CodeIgniter\CodeIgniter->runController(Object(App\Controllers\HomepageController))
 7 SYSTEMPATH/CodeIgniter.php(361): CodeIgniter\CodeIgniter->handleRequest(null, Object(Config\Cache), false)
 8 FCPATH/index.php(79): CodeIgniter\CodeIgniter->run()
INFO - 2025-02-19 06:25:26 --> Session: Class initialized using 'CodeIgniter\Session\Handlers\FileHandler' driver.
CRITICAL - 2025-02-19 06:25:43 --> ErrorException: md5_file(/var/www/html/app/Views/homepage/part/course-tab-item--------------.php): failed to open stream: Permission denied
in SYSTEMPATH/HotReloader/DirectoryHasher.php on line 74.
 1 [internal function]: CodeIgniter\Debug\Exceptions->errorHandler(2, 'md5_file(/var/www/html/app/Views/homepage/part/course-tab-item--------------.php): failed to open stream: Permission denied', '/var/www/html/vendor/codeigniter4/framework/system/HotReloader/DirectoryHasher.php', 74, [...])
 2 SYSTEMPATH/HotReloader/DirectoryHasher.php(74): md5_file('/var/www/html/app/Views/homepage/part/course-tab-item--------------.php')
 3 SYSTEMPATH/HotReloader/DirectoryHasher.php(49): CodeIgniter\HotReloader\DirectoryHasher->hashDirectory('/var/www/html/app')
 4 SYSTEMPATH/HotReloader/DirectoryHasher.php(34): CodeIgniter\HotReloader\DirectoryHasher->hashApp()
 5 SYSTEMPATH/HotReloader/HotReloader.php(35): CodeIgniter\HotReloader\DirectoryHasher->hash()
 6 APPPATH/Config/Events.php(51): CodeIgniter\HotReloader\HotReloader->run()
 7 SYSTEMPATH/CodeIgniter.php(892): CodeIgniter\Events\Events::Config\{closure}()
 8 SYSTEMPATH/CodeIgniter.php(490): CodeIgniter\CodeIgniter->startController()
 9 SYSTEMPATH/CodeIgniter.php(361): CodeIgniter\CodeIgniter->handleRequest(null, Object(Config\Cache), false)
10 FCPATH/index.php(79): CodeIgniter\CodeIgniter->run()
INFO - 2025-02-19 06:27:02 --> Session: Class initialized using 'CodeIgniter\Session\Handlers\FileHandler' driver.
INFO - 2025-02-19 06:27:06 --> Session: Class initialized using 'CodeIgniter\Session\Handlers\FileHandler' driver.
INFO - 2025-02-19 06:27:32 --> Session: Class initialized using 'CodeIgniter\Session\Handlers\FileHandler' driver.
INFO - 2025-02-19 06:27:32 --> Session: Class initialized using 'CodeIgniter\Session\Handlers\FileHandler' driver.
INFO - 2025-02-19 06:27:36 --> Session: Class initialized using 'CodeIgniter\Session\Handlers\FileHandler' driver.
CRITICAL - 2025-02-19 06:27:36 --> ErrorException: Undefined index: message
in APPPATH/Views/supperadmin/footer.php on line 21.
 1 APPPATH/Views/supperadmin/footer.php(21): CodeIgniter\Debug\Exceptions->errorHandler(8, 'Undefined index: message', '/var/www/html/app/Views/supperadmin/footer.php', 21, [])
 2 SYSTEMPATH/View/View.php(228): include('/var/www/html/app/Views/supperadmin/footer.php')
 3 SYSTEMPATH/View/View.php(231): CodeIgniter\View\View->CodeIgniter\View\{closure}()
 4 SYSTEMPATH/View/View.php(469): CodeIgniter\View\View->render('supperadmin/footer', null, true)
 5 APPPATH/Views/supperAdminView.php(60): CodeIgniter\View\View->include('supperadmin/footer')
 6 SYSTEMPATH/View/View.php(228): include('/var/www/html/app/Views/supperAdminView.php')
 7 SYSTEMPATH/View/View.php(231): CodeIgniter\View\View->CodeIgniter\View\{closure}()
 8 SYSTEMPATH/Common.php(1178): CodeIgniter\View\View->render('supperAdminView', [], true)
 9 APPPATH/Controllers/SupperAdminController.php(10): view('supperAdminView')
10 SYSTEMPATH/CodeIgniter.php(943): App\Controllers\SupperAdminController->index()
11 SYSTEMPATH/CodeIgniter.php(503): CodeIgniter\CodeIgniter->runController(Object(App\Controllers\SupperAdminController))
12 SYSTEMPATH/CodeIgniter.php(361): CodeIgniter\CodeIgniter->handleRequest(null, Object(Config\Cache), false)
13 FCPATH/index.php(79): CodeIgniter\CodeIgniter->run()
INFO - 2025-02-19 06:27:41 --> Session: Class initialized using 'CodeIgniter\Session\Handlers\FileHandler' driver.
INFO - 2025-02-19 06:27:42 --> Session: Class initialized using 'CodeIgniter\Session\Handlers\FileHandler' driver.
INFO - 2025-02-19 06:27:57 --> Session: Class initialized using 'CodeIgniter\Session\Handlers\FileHandler' driver.
INFO - 2025-02-19 06:28:46 --> Session: Class initialized using 'CodeIgniter\Session\Handlers\FileHandler' driver.
INFO - 2025-02-19 06:28:47 --> Session: Class initialized using 'CodeIgniter\Session\Handlers\FileHandler' driver.
INFO - 2025-02-19 06:28:51 --> Session: Class initialized using 'CodeIgniter\Session\Handlers\FileHandler' driver.
INFO - 2025-02-19 06:29:10 --> Session: Class initialized using 'CodeIgniter\Session\Handlers\FileHandler' driver.
INFO - 2025-02-19 06:29:16 --> Session: Class initialized using 'CodeIgniter\Session\Handlers\FileHandler' driver.
INFO - 2025-02-19 06:31:29 --> Session: Class initialized using 'CodeIgniter\Session\Handlers\FileHandler' driver.
INFO - 2025-02-19 06:31:38 --> Session: Class initialized using 'CodeIgniter\Session\Handlers\FileHandler' driver.
INFO - 2025-02-19 06:31:42 --> Session: Class initialized using 'CodeIgniter\Session\Handlers\FileHandler' driver.
INFO - 2025-02-19 06:31:48 --> Session: Class initialized using 'CodeIgniter\Session\Handlers\FileHandler' driver.
INFO - 2025-02-19 06:31:52 --> Session: Class initialized using 'CodeIgniter\Session\Handlers\FileHandler' driver.
INFO - 2025-02-19 06:31:53 --> Session: Class initialized using 'CodeIgniter\Session\Handlers\FileHandler' driver.
ERROR - 2025-02-19 06:31:53 --> mysqli_sql_exception: Unknown column 'homepage_assets' in 'where clause' in /var/www/html/vendor/codeigniter4/framework/system/Database/MySQLi/Connection.php:306
Stack trace:
#0 /var/www/html/vendor/codeigniter4/framework/system/Database/MySQLi/Connection.php(306): mysqli->query(' SELECT *  FROM...', 0)
#1 /var/www/html/vendor/codeigniter4/framework/system/Database/BaseConnection.php(693): CodeIgniter\Database\MySQLi\Connection->execute(' SELECT *  FROM...')
#2 /var/www/html/vendor/codeigniter4/framework/system/Database/BaseConnection.php(607): CodeIgniter\Database\BaseConnection->simpleQuery(' SELECT *  FROM...')
#3 /var/www/html/app/Controllers/HomepageController.php(135): CodeIgniter\Database\BaseConnection->query(' SELECT *  FROM...')
#4 /var/www/html/vendor/codeigniter4/framework/system/CodeIgniter.php(943): App\Controllers\HomepageController->Course_details_view('homepage_assets', 'img', 'apple-touch-ico...')
#5 /var/www/html/vendor/codeigniter4/framework/system/CodeIgniter.php(503): CodeIgniter\CodeIgniter->runController(Object(App\Controllers\HomepageController))
#6 /var/www/html/vendor/codeigniter4/framework/system/CodeIgniter.php(361): CodeIgniter\CodeIgniter->handleRequest(NULL, Object(Config\Cache), false)
#7 /var/www/html/index.php(79): CodeIgniter\CodeIgniter->run()
#8 {main}
CRITICAL - 2025-02-19 06:31:53 --> CodeIgniter\Database\Exceptions\DatabaseException: Unknown column 'homepage_assets' in 'where clause'
in SYSTEMPATH/Database/BaseConnection.php on line 647.
 1 APPPATH/Controllers/HomepageController.php(135): CodeIgniter\Database\BaseConnection->query(' SELECT *  FROM course_batch
                                WHERE course_id = homepage_assets')
 2 SYSTEMPATH/CodeIgniter.php(943): App\Controllers\HomepageController->Course_details_view('homepage_assets', 'img', 'apple-touch-icon.png')
 3 SYSTEMPATH/CodeIgniter.php(503): CodeIgniter\CodeIgniter->runController(Object(App\Controllers\HomepageController))
 4 SYSTEMPATH/CodeIgniter.php(361): CodeIgniter\CodeIgniter->handleRequest(null, Object(Config\Cache), false)
 5 FCPATH/index.php(79): CodeIgniter\CodeIgniter->run()
CRITICAL - 2025-02-19 06:31:53 --> [Caused by] CodeIgniter\Database\Exceptions\DatabaseException: Unknown column 'homepage_assets' in 'where clause'
in SYSTEMPATH/Database/MySQLi/Connection.php on line 311.
 1 SYSTEMPATH/Database/BaseConnection.php(693): CodeIgniter\Database\MySQLi\Connection->execute(' SELECT *  FROM course_batch
                                WHERE course_id = homepage_assets')
 2 SYSTEMPATH/Database/BaseConnection.php(607): CodeIgniter\Database\BaseConnection->simpleQuery(' SELECT *  FROM course_batch
                                WHERE course_id = homepage_assets')
 3 APPPATH/Controllers/HomepageController.php(135): CodeIgniter\Database\BaseConnection->query(' SELECT *  FROM course_batch
                                WHERE course_id = homepage_assets')
 4 SYSTEMPATH/CodeIgniter.php(943): App\Controllers\HomepageController->Course_details_view('homepage_assets', 'img', 'apple-touch-icon.png')
 5 SYSTEMPATH/CodeIgniter.php(503): CodeIgniter\CodeIgniter->runController(Object(App\Controllers\HomepageController))
 6 SYSTEMPATH/CodeIgniter.php(361): CodeIgniter\CodeIgniter->handleRequest(null, Object(Config\Cache), false)
 7 FCPATH/index.php(79): CodeIgniter\CodeIgniter->run()
CRITICAL - 2025-02-19 06:31:53 --> [Caused by] mysqli_sql_exception: Unknown column 'homepage_assets' in 'where clause'
in SYSTEMPATH/Database/MySQLi/Connection.php on line 306.
 1 SYSTEMPATH/Database/MySQLi/Connection.php(306): mysqli->query(' SELECT *  FROM course_batch
                                WHERE course_id = homepage_assets', 0)
 2 SYSTEMPATH/Database/BaseConnection.php(693): CodeIgniter\Database\MySQLi\Connection->execute(' SELECT *  FROM course_batch
                                WHERE course_id = homepage_assets')
 3 SYSTEMPATH/Database/BaseConnection.php(607): CodeIgniter\Database\BaseConnection->simpleQuery(' SELECT *  FROM course_batch
                                WHERE course_id = homepage_assets')
 4 APPPATH/Controllers/HomepageController.php(135): CodeIgniter\Database\BaseConnection->query(' SELECT *  FROM course_batch
                                WHERE course_id = homepage_assets')
 5 SYSTEMPATH/CodeIgniter.php(943): App\Controllers\HomepageController->Course_details_view('homepage_assets', 'img', 'apple-touch-icon.png')
 6 SYSTEMPATH/CodeIgniter.php(503): CodeIgniter\CodeIgniter->runController(Object(App\Controllers\HomepageController))
 7 SYSTEMPATH/CodeIgniter.php(361): CodeIgniter\CodeIgniter->handleRequest(null, Object(Config\Cache), false)
 8 FCPATH/index.php(79): CodeIgniter\CodeIgniter->run()
INFO - 2025-02-19 06:31:53 --> Session: Class initialized using 'CodeIgniter\Session\Handlers\FileHandler' driver.
ERROR - 2025-02-19 06:31:53 --> mysqli_sql_exception: Unknown column 'homepage_assets' in 'where clause' in /var/www/html/vendor/codeigniter4/framework/system/Database/MySQLi/Connection.php:306
Stack trace:
#0 /var/www/html/vendor/codeigniter4/framework/system/Database/MySQLi/Connection.php(306): mysqli->query(' SELECT *  FROM...', 0)
#1 /var/www/html/vendor/codeigniter4/framework/system/Database/BaseConnection.php(693): CodeIgniter\Database\MySQLi\Connection->execute(' SELECT *  FROM...')
#2 /var/www/html/vendor/codeigniter4/framework/system/Database/BaseConnection.php(607): CodeIgniter\Database\BaseConnection->simpleQuery(' SELECT *  FROM...')
#3 /var/www/html/app/Controllers/HomepageController.php(135): CodeIgniter\Database\BaseConnection->query(' SELECT *  FROM...')
#4 /var/www/html/vendor/codeigniter4/framework/system/CodeIgniter.php(943): App\Controllers\HomepageController->Course_details_view('homepage_assets', 'img', 'favicon.png')
#5 /var/www/html/vendor/codeigniter4/framework/system/CodeIgniter.php(503): CodeIgniter\CodeIgniter->runController(Object(App\Controllers\HomepageController))
#6 /var/www/html/vendor/codeigniter4/framework/system/CodeIgniter.php(361): CodeIgniter\CodeIgniter->handleRequest(NULL, Object(Config\Cache), false)
#7 /var/www/html/index.php(79): CodeIgniter\CodeIgniter->run()
#8 {main}
CRITICAL - 2025-02-19 06:31:53 --> CodeIgniter\Database\Exceptions\DatabaseException: Unknown column 'homepage_assets' in 'where clause'
in SYSTEMPATH/Database/BaseConnection.php on line 647.
 1 APPPATH/Controllers/HomepageController.php(135): CodeIgniter\Database\BaseConnection->query(' SELECT *  FROM course_batch
                                WHERE course_id = homepage_assets')
 2 SYSTEMPATH/CodeIgniter.php(943): App\Controllers\HomepageController->Course_details_view('homepage_assets', 'img', 'favicon.png')
 3 SYSTEMPATH/CodeIgniter.php(503): CodeIgniter\CodeIgniter->runController(Object(App\Controllers\HomepageController))
 4 SYSTEMPATH/CodeIgniter.php(361): CodeIgniter\CodeIgniter->handleRequest(null, Object(Config\Cache), false)
 5 FCPATH/index.php(79): CodeIgniter\CodeIgniter->run()
CRITICAL - 2025-02-19 06:31:53 --> [Caused by] CodeIgniter\Database\Exceptions\DatabaseException: Unknown column 'homepage_assets' in 'where clause'
in SYSTEMPATH/Database/MySQLi/Connection.php on line 311.
 1 SYSTEMPATH/Database/BaseConnection.php(693): CodeIgniter\Database\MySQLi\Connection->execute(' SELECT *  FROM course_batch
                                WHERE course_id = homepage_assets')
 2 SYSTEMPATH/Database/BaseConnection.php(607): CodeIgniter\Database\BaseConnection->simpleQuery(' SELECT *  FROM course_batch
                                WHERE course_id = homepage_assets')
 3 APPPATH/Controllers/HomepageController.php(135): CodeIgniter\Database\BaseConnection->query(' SELECT *  FROM course_batch
                                WHERE course_id = homepage_assets')
 4 SYSTEMPATH/CodeIgniter.php(943): App\Controllers\HomepageController->Course_details_view('homepage_assets', 'img', 'favicon.png')
 5 SYSTEMPATH/CodeIgniter.php(503): CodeIgniter\CodeIgniter->runController(Object(App\Controllers\HomepageController))
 6 SYSTEMPATH/CodeIgniter.php(361): CodeIgniter\CodeIgniter->handleRequest(null, Object(Config\Cache), false)
 7 FCPATH/index.php(79): CodeIgniter\CodeIgniter->run()
CRITICAL - 2025-02-19 06:31:53 --> [Caused by] mysqli_sql_exception: Unknown column 'homepage_assets' in 'where clause'
in SYSTEMPATH/Database/MySQLi/Connection.php on line 306.
 1 SYSTEMPATH/Database/MySQLi/Connection.php(306): mysqli->query(' SELECT *  FROM course_batch
                                WHERE course_id = homepage_assets', 0)
 2 SYSTEMPATH/Database/BaseConnection.php(693): CodeIgniter\Database\MySQLi\Connection->execute(' SELECT *  FROM course_batch
                                WHERE course_id = homepage_assets')
 3 SYSTEMPATH/Database/BaseConnection.php(607): CodeIgniter\Database\BaseConnection->simpleQuery(' SELECT *  FROM course_batch
                                WHERE course_id = homepage_assets')
 4 APPPATH/Controllers/HomepageController.php(135): CodeIgniter\Database\BaseConnection->query(' SELECT *  FROM course_batch
                                WHERE course_id = homepage_assets')
 5 SYSTEMPATH/CodeIgniter.php(943): App\Controllers\HomepageController->Course_details_view('homepage_assets', 'img', 'favicon.png')
 6 SYSTEMPATH/CodeIgniter.php(503): CodeIgniter\CodeIgniter->runController(Object(App\Controllers\HomepageController))
 7 SYSTEMPATH/CodeIgniter.php(361): CodeIgniter\CodeIgniter->handleRequest(null, Object(Config\Cache), false)
 8 FCPATH/index.php(79): CodeIgniter\CodeIgniter->run()
INFO - 2025-02-19 06:36:12 --> Session: Class initialized using 'CodeIgniter\Session\Handlers\FileHandler' driver.
INFO - 2025-02-19 06:36:16 --> Session: Class initialized using 'CodeIgniter\Session\Handlers\FileHandler' driver.
INFO - 2025-02-19 06:41:28 --> Session: Class initialized using 'CodeIgniter\Session\Handlers\FileHandler' driver.
CRITICAL - 2025-02-19 06:41:31 --> ErrorException: md5_file(/var/www/html/app/Views/homepage/part/course-tab-item--------------.php): failed to open stream: Permission denied
in SYSTEMPATH/HotReloader/DirectoryHasher.php on line 74.
 1 [internal function]: CodeIgniter\Debug\Exceptions->errorHandler(2, 'md5_file(/var/www/html/app/Views/homepage/part/course-tab-item--------------.php): failed to open stream: Permission denied', '/var/www/html/vendor/codeigniter4/framework/system/HotReloader/DirectoryHasher.php', 74, [...])
 2 SYSTEMPATH/HotReloader/DirectoryHasher.php(74): md5_file('/var/www/html/app/Views/homepage/part/course-tab-item--------------.php')
 3 SYSTEMPATH/HotReloader/DirectoryHasher.php(49): CodeIgniter\HotReloader\DirectoryHasher->hashDirectory('/var/www/html/app')
 4 SYSTEMPATH/HotReloader/DirectoryHasher.php(34): CodeIgniter\HotReloader\DirectoryHasher->hashApp()
 5 SYSTEMPATH/HotReloader/HotReloader.php(35): CodeIgniter\HotReloader\DirectoryHasher->hash()
 6 APPPATH/Config/Events.php(51): CodeIgniter\HotReloader\HotReloader->run()
 7 SYSTEMPATH/CodeIgniter.php(892): CodeIgniter\Events\Events::Config\{closure}()
 8 SYSTEMPATH/CodeIgniter.php(490): CodeIgniter\CodeIgniter->startController()
 9 SYSTEMPATH/CodeIgniter.php(361): CodeIgniter\CodeIgniter->handleRequest(null, Object(Config\Cache), false)
10 FCPATH/index.php(79): CodeIgniter\CodeIgniter->run()
INFO - 2025-02-19 06:41:37 --> Session: Class initialized using 'CodeIgniter\Session\Handlers\FileHandler' driver.
CRITICAL - 2025-02-19 06:41:39 --> ErrorException: md5_file(/var/www/html/app/Views/homepage/part/course-tab-item--------------.php): failed to open stream: Permission denied
in SYSTEMPATH/HotReloader/DirectoryHasher.php on line 74.
 1 [internal function]: CodeIgniter\Debug\Exceptions->errorHandler(2, 'md5_file(/var/www/html/app/Views/homepage/part/course-tab-item--------------.php): failed to open stream: Permission denied', '/var/www/html/vendor/codeigniter4/framework/system/HotReloader/DirectoryHasher.php', 74, [...])
 2 SYSTEMPATH/HotReloader/DirectoryHasher.php(74): md5_file('/var/www/html/app/Views/homepage/part/course-tab-item--------------.php')
 3 SYSTEMPATH/HotReloader/DirectoryHasher.php(49): CodeIgniter\HotReloader\DirectoryHasher->hashDirectory('/var/www/html/app')
 4 SYSTEMPATH/HotReloader/DirectoryHasher.php(34): CodeIgniter\HotReloader\DirectoryHasher->hashApp()
 5 SYSTEMPATH/HotReloader/HotReloader.php(35): CodeIgniter\HotReloader\DirectoryHasher->hash()
 6 APPPATH/Config/Events.php(51): CodeIgniter\HotReloader\HotReloader->run()
 7 SYSTEMPATH/CodeIgniter.php(892): CodeIgniter\Events\Events::Config\{closure}()
 8 SYSTEMPATH/CodeIgniter.php(490): CodeIgniter\CodeIgniter->startController()
 9 SYSTEMPATH/CodeIgniter.php(361): CodeIgniter\CodeIgniter->handleRequest(null, Object(Config\Cache), false)
10 FCPATH/index.php(79): CodeIgniter\CodeIgniter->run()
INFO - 2025-02-19 06:41:40 --> Session: Class initialized using 'CodeIgniter\Session\Handlers\FileHandler' driver.
ERROR - 2025-02-19 06:41:40 --> mysqli_sql_exception: Unknown column 'homepage_assets' in 'where clause' in /var/www/html/vendor/codeigniter4/framework/system/Database/MySQLi/Connection.php:306
Stack trace:
#0 /var/www/html/vendor/codeigniter4/framework/system/Database/MySQLi/Connection.php(306): mysqli->query(' SELECT *  FROM...', 0)
#1 /var/www/html/vendor/codeigniter4/framework/system/Database/BaseConnection.php(693): CodeIgniter\Database\MySQLi\Connection->execute(' SELECT *  FROM...')
#2 /var/www/html/vendor/codeigniter4/framework/system/Database/BaseConnection.php(607): CodeIgniter\Database\BaseConnection->simpleQuery(' SELECT *  FROM...')
#3 /var/www/html/app/Controllers/HomepageController.php(135): CodeIgniter\Database\BaseConnection->query(' SELECT *  FROM...')
#4 /var/www/html/vendor/codeigniter4/framework/system/CodeIgniter.php(943): App\Controllers\HomepageController->Course_details_view('homepage_assets', 'img', 'favicon.png')
#5 /var/www/html/vendor/codeigniter4/framework/system/CodeIgniter.php(503): CodeIgniter\CodeIgniter->runController(Object(App\Controllers\HomepageController))
#6 /var/www/html/vendor/codeigniter4/framework/system/CodeIgniter.php(361): CodeIgniter\CodeIgniter->handleRequest(NULL, Object(Config\Cache), false)
#7 /var/www/html/index.php(79): CodeIgniter\CodeIgniter->run()
#8 {main}
CRITICAL - 2025-02-19 06:41:40 --> CodeIgniter\Database\Exceptions\DatabaseException: Unknown column 'homepage_assets' in 'where clause'
in SYSTEMPATH/Database/BaseConnection.php on line 647.
 1 APPPATH/Controllers/HomepageController.php(135): CodeIgniter\Database\BaseConnection->query(' SELECT *  FROM course_batch
                                WHERE course_id = homepage_assets')
 2 SYSTEMPATH/CodeIgniter.php(943): App\Controllers\HomepageController->Course_details_view('homepage_assets', 'img', 'favicon.png')
 3 SYSTEMPATH/CodeIgniter.php(503): CodeIgniter\CodeIgniter->runController(Object(App\Controllers\HomepageController))
 4 SYSTEMPATH/CodeIgniter.php(361): CodeIgniter\CodeIgniter->handleRequest(null, Object(Config\Cache), false)
 5 FCPATH/index.php(79): CodeIgniter\CodeIgniter->run()
CRITICAL - 2025-02-19 06:41:40 --> [Caused by] CodeIgniter\Database\Exceptions\DatabaseException: Unknown column 'homepage_assets' in 'where clause'
in SYSTEMPATH/Database/MySQLi/Connection.php on line 311.
 1 SYSTEMPATH/Database/BaseConnection.php(693): CodeIgniter\Database\MySQLi\Connection->execute(' SELECT *  FROM course_batch
                                WHERE course_id = homepage_assets')
 2 SYSTEMPATH/Database/BaseConnection.php(607): CodeIgniter\Database\BaseConnection->simpleQuery(' SELECT *  FROM course_batch
                                WHERE course_id = homepage_assets')
 3 APPPATH/Controllers/HomepageController.php(135): CodeIgniter\Database\BaseConnection->query(' SELECT *  FROM course_batch
                                WHERE course_id = homepage_assets')
 4 SYSTEMPATH/CodeIgniter.php(943): App\Controllers\HomepageController->Course_details_view('homepage_assets', 'img', 'favicon.png')
 5 SYSTEMPATH/CodeIgniter.php(503): CodeIgniter\CodeIgniter->runController(Object(App\Controllers\HomepageController))
 6 SYSTEMPATH/CodeIgniter.php(361): CodeIgniter\CodeIgniter->handleRequest(null, Object(Config\Cache), false)
 7 FCPATH/index.php(79): CodeIgniter\CodeIgniter->run()
CRITICAL - 2025-02-19 06:41:40 --> [Caused by] mysqli_sql_exception: Unknown column 'homepage_assets' in 'where clause'
in SYSTEMPATH/Database/MySQLi/Connection.php on line 306.
 1 SYSTEMPATH/Database/MySQLi/Connection.php(306): mysqli->query(' SELECT *  FROM course_batch
                                WHERE course_id = homepage_assets', 0)
 2 SYSTEMPATH/Database/BaseConnection.php(693): CodeIgniter\Database\MySQLi\Connection->execute(' SELECT *  FROM course_batch
                                WHERE course_id = homepage_assets')
 3 SYSTEMPATH/Database/BaseConnection.php(607): CodeIgniter\Database\BaseConnection->simpleQuery(' SELECT *  FROM course_batch
                                WHERE course_id = homepage_assets')
 4 APPPATH/Controllers/HomepageController.php(135): CodeIgniter\Database\BaseConnection->query(' SELECT *  FROM course_batch
                                WHERE course_id = homepage_assets')
 5 SYSTEMPATH/CodeIgniter.php(943): App\Controllers\HomepageController->Course_details_view('homepage_assets', 'img', 'favicon.png')
 6 SYSTEMPATH/CodeIgniter.php(503): CodeIgniter\CodeIgniter->runController(Object(App\Controllers\HomepageController))
 7 SYSTEMPATH/CodeIgniter.php(361): CodeIgniter\CodeIgniter->handleRequest(null, Object(Config\Cache), false)
 8 FCPATH/index.php(79): CodeIgniter\CodeIgniter->run()
INFO - 2025-02-19 06:41:40 --> Session: Class initialized using 'CodeIgniter\Session\Handlers\FileHandler' driver.
ERROR - 2025-02-19 06:41:40 --> mysqli_sql_exception: Unknown column 'homepage_assets' in 'where clause' in /var/www/html/vendor/codeigniter4/framework/system/Database/MySQLi/Connection.php:306
Stack trace:
#0 /var/www/html/vendor/codeigniter4/framework/system/Database/MySQLi/Connection.php(306): mysqli->query(' SELECT *  FROM...', 0)
#1 /var/www/html/vendor/codeigniter4/framework/system/Database/BaseConnection.php(693): CodeIgniter\Database\MySQLi\Connection->execute(' SELECT *  FROM...')
#2 /var/www/html/vendor/codeigniter4/framework/system/Database/BaseConnection.php(607): CodeIgniter\Database\BaseConnection->simpleQuery(' SELECT *  FROM...')
#3 /var/www/html/app/Controllers/HomepageController.php(135): CodeIgniter\Database\BaseConnection->query(' SELECT *  FROM...')
#4 /var/www/html/vendor/codeigniter4/framework/system/CodeIgniter.php(943): App\Controllers\HomepageController->Course_details_view('homepage_assets', 'img', 'apple-touch-ico...')
#5 /var/www/html/vendor/codeigniter4/framework/system/CodeIgniter.php(503): CodeIgniter\CodeIgniter->runController(Object(App\Controllers\HomepageController))
#6 /var/www/html/vendor/codeigniter4/framework/system/CodeIgniter.php(361): CodeIgniter\CodeIgniter->handleRequest(NULL, Object(Config\Cache), false)
#7 /var/www/html/index.php(79): CodeIgniter\CodeIgniter->run()
#8 {main}
CRITICAL - 2025-02-19 06:41:40 --> CodeIgniter\Database\Exceptions\DatabaseException: Unknown column 'homepage_assets' in 'where clause'
in SYSTEMPATH/Database/BaseConnection.php on line 647.
 1 APPPATH/Controllers/HomepageController.php(135): CodeIgniter\Database\BaseConnection->query(' SELECT *  FROM course_batch
                                WHERE course_id = homepage_assets')
 2 SYSTEMPATH/CodeIgniter.php(943): App\Controllers\HomepageController->Course_details_view('homepage_assets', 'img', 'apple-touch-icon.png')
 3 SYSTEMPATH/CodeIgniter.php(503): CodeIgniter\CodeIgniter->runController(Object(App\Controllers\HomepageController))
 4 SYSTEMPATH/CodeIgniter.php(361): CodeIgniter\CodeIgniter->handleRequest(null, Object(Config\Cache), false)
 5 FCPATH/index.php(79): CodeIgniter\CodeIgniter->run()
CRITICAL - 2025-02-19 06:41:40 --> [Caused by] CodeIgniter\Database\Exceptions\DatabaseException: Unknown column 'homepage_assets' in 'where clause'
in SYSTEMPATH/Database/MySQLi/Connection.php on line 311.
 1 SYSTEMPATH/Database/BaseConnection.php(693): CodeIgniter\Database\MySQLi\Connection->execute(' SELECT *  FROM course_batch
                                WHERE course_id = homepage_assets')
 2 SYSTEMPATH/Database/BaseConnection.php(607): CodeIgniter\Database\BaseConnection->simpleQuery(' SELECT *  FROM course_batch
                                WHERE course_id = homepage_assets')
 3 APPPATH/Controllers/HomepageController.php(135): CodeIgniter\Database\BaseConnection->query(' SELECT *  FROM course_batch
                                WHERE course_id = homepage_assets')
 4 SYSTEMPATH/CodeIgniter.php(943): App\Controllers\HomepageController->Course_details_view('homepage_assets', 'img', 'apple-touch-icon.png')
 5 SYSTEMPATH/CodeIgniter.php(503): CodeIgniter\CodeIgniter->runController(Object(App\Controllers\HomepageController))
 6 SYSTEMPATH/CodeIgniter.php(361): CodeIgniter\CodeIgniter->handleRequest(null, Object(Config\Cache), false)
 7 FCPATH/index.php(79): CodeIgniter\CodeIgniter->run()
CRITICAL - 2025-02-19 06:41:40 --> [Caused by] mysqli_sql_exception: Unknown column 'homepage_assets' in 'where clause'
in SYSTEMPATH/Database/MySQLi/Connection.php on line 306.
 1 SYSTEMPATH/Database/MySQLi/Connection.php(306): mysqli->query(' SELECT *  FROM course_batch
                                WHERE course_id = homepage_assets', 0)
 2 SYSTEMPATH/Database/BaseConnection.php(693): CodeIgniter\Database\MySQLi\Connection->execute(' SELECT *  FROM course_batch
                                WHERE course_id = homepage_assets')
 3 SYSTEMPATH/Database/BaseConnection.php(607): CodeIgniter\Database\BaseConnection->simpleQuery(' SELECT *  FROM course_batch
                                WHERE course_id = homepage_assets')
 4 APPPATH/Controllers/HomepageController.php(135): CodeIgniter\Database\BaseConnection->query(' SELECT *  FROM course_batch
                                WHERE course_id = homepage_assets')
 5 SYSTEMPATH/CodeIgniter.php(943): App\Controllers\HomepageController->Course_details_view('homepage_assets', 'img', 'apple-touch-icon.png')
 6 SYSTEMPATH/CodeIgniter.php(503): CodeIgniter\CodeIgniter->runController(Object(App\Controllers\HomepageController))
 7 SYSTEMPATH/CodeIgniter.php(361): CodeIgniter\CodeIgniter->handleRequest(null, Object(Config\Cache), false)
 8 FCPATH/index.php(79): CodeIgniter\CodeIgniter->run()
INFO - 2025-02-19 06:54:42 --> Session: Class initialized using 'CodeIgniter\Session\Handlers\FileHandler' driver.
INFO - 2025-02-19 06:54:44 --> Session: Class initialized using 'CodeIgniter\Session\Handlers\FileHandler' driver.
INFO - 2025-02-19 07:01:47 --> Session: Class initialized using 'CodeIgniter\Session\Handlers\FileHandler' driver.
INFO - 2025-02-19 07:02:14 --> Session: Class initialized using 'CodeIgniter\Session\Handlers\FileHandler' driver.
INFO - 2025-02-19 07:02:15 --> Session: Class initialized using 'CodeIgniter\Session\Handlers\FileHandler' driver.
INFO - 2025-02-19 07:02:37 --> Session: Class initialized using 'CodeIgniter\Session\Handlers\FileHandler' driver.
INFO - 2025-02-19 07:02:40 --> Session: Class initialized using 'CodeIgniter\Session\Handlers\FileHandler' driver.
ERROR - 2025-02-19 07:02:40 --> mysqli_sql_exception: Unknown column 'homepage_assets' in 'where clause' in /var/www/html/vendor/codeigniter4/framework/system/Database/MySQLi/Connection.php:306
Stack trace:
#0 /var/www/html/vendor/codeigniter4/framework/system/Database/MySQLi/Connection.php(306): mysqli->query(' SELECT *  FROM...', 0)
#1 /var/www/html/vendor/codeigniter4/framework/system/Database/BaseConnection.php(693): CodeIgniter\Database\MySQLi\Connection->execute(' SELECT *  FROM...')
#2 /var/www/html/vendor/codeigniter4/framework/system/Database/BaseConnection.php(607): CodeIgniter\Database\BaseConnection->simpleQuery(' SELECT *  FROM...')
#3 /var/www/html/app/Controllers/HomepageController.php(135): CodeIgniter\Database\BaseConnection->query(' SELECT *  FROM...')
#4 /var/www/html/vendor/codeigniter4/framework/system/CodeIgniter.php(943): App\Controllers\HomepageController->Course_details_view('homepage_assets', 'img', 'favicon.png')
#5 /var/www/html/vendor/codeigniter4/framework/system/CodeIgniter.php(503): CodeIgniter\CodeIgniter->runController(Object(App\Controllers\HomepageController))
#6 /var/www/html/vendor/codeigniter4/framework/system/CodeIgniter.php(361): CodeIgniter\CodeIgniter->handleRequest(NULL, Object(Config\Cache), false)
#7 /var/www/html/index.php(79): CodeIgniter\CodeIgniter->run()
#8 {main}
CRITICAL - 2025-02-19 07:02:40 --> CodeIgniter\Database\Exceptions\DatabaseException: Unknown column 'homepage_assets' in 'where clause'
in SYSTEMPATH/Database/BaseConnection.php on line 647.
 1 APPPATH/Controllers/HomepageController.php(135): CodeIgniter\Database\BaseConnection->query(' SELECT *  FROM course_batch
                                WHERE course_id = homepage_assets')
 2 SYSTEMPATH/CodeIgniter.php(943): App\Controllers\HomepageController->Course_details_view('homepage_assets', 'img', 'favicon.png')
 3 SYSTEMPATH/CodeIgniter.php(503): CodeIgniter\CodeIgniter->runController(Object(App\Controllers\HomepageController))
 4 SYSTEMPATH/CodeIgniter.php(361): CodeIgniter\CodeIgniter->handleRequest(null, Object(Config\Cache), false)
 5 FCPATH/index.php(79): CodeIgniter\CodeIgniter->run()
CRITICAL - 2025-02-19 07:02:40 --> [Caused by] CodeIgniter\Database\Exceptions\DatabaseException: Unknown column 'homepage_assets' in 'where clause'
in SYSTEMPATH/Database/MySQLi/Connection.php on line 311.
 1 SYSTEMPATH/Database/BaseConnection.php(693): CodeIgniter\Database\MySQLi\Connection->execute(' SELECT *  FROM course_batch
                                WHERE course_id = homepage_assets')
 2 SYSTEMPATH/Database/BaseConnection.php(607): CodeIgniter\Database\BaseConnection->simpleQuery(' SELECT *  FROM course_batch
                                WHERE course_id = homepage_assets')
 3 APPPATH/Controllers/HomepageController.php(135): CodeIgniter\Database\BaseConnection->query(' SELECT *  FROM course_batch
                                WHERE course_id = homepage_assets')
 4 SYSTEMPATH/CodeIgniter.php(943): App\Controllers\HomepageController->Course_details_view('homepage_assets', 'img', 'favicon.png')
 5 SYSTEMPATH/CodeIgniter.php(503): CodeIgniter\CodeIgniter->runController(Object(App\Controllers\HomepageController))
 6 SYSTEMPATH/CodeIgniter.php(361): CodeIgniter\CodeIgniter->handleRequest(null, Object(Config\Cache), false)
 7 FCPATH/index.php(79): CodeIgniter\CodeIgniter->run()
CRITICAL - 2025-02-19 07:02:40 --> [Caused by] mysqli_sql_exception: Unknown column 'homepage_assets' in 'where clause'
in SYSTEMPATH/Database/MySQLi/Connection.php on line 306.
 1 SYSTEMPATH/Database/MySQLi/Connection.php(306): mysqli->query(' SELECT *  FROM course_batch
                                WHERE course_id = homepage_assets', 0)
 2 SYSTEMPATH/Database/BaseConnection.php(693): CodeIgniter\Database\MySQLi\Connection->execute(' SELECT *  FROM course_batch
                                WHERE course_id = homepage_assets')
 3 SYSTEMPATH/Database/BaseConnection.php(607): CodeIgniter\Database\BaseConnection->simpleQuery(' SELECT *  FROM course_batch
                                WHERE course_id = homepage_assets')
 4 APPPATH/Controllers/HomepageController.php(135): CodeIgniter\Database\BaseConnection->query(' SELECT *  FROM course_batch
                                WHERE course_id = homepage_assets')
 5 SYSTEMPATH/CodeIgniter.php(943): App\Controllers\HomepageController->Course_details_view('homepage_assets', 'img', 'favicon.png')
 6 SYSTEMPATH/CodeIgniter.php(503): CodeIgniter\CodeIgniter->runController(Object(App\Controllers\HomepageController))
 7 SYSTEMPATH/CodeIgniter.php(361): CodeIgniter\CodeIgniter->handleRequest(null, Object(Config\Cache), false)
 8 FCPATH/index.php(79): CodeIgniter\CodeIgniter->run()
INFO - 2025-02-19 07:02:46 --> Session: Class initialized using 'CodeIgniter\Session\Handlers\FileHandler' driver.
INFO - 2025-02-19 07:02:46 --> Session: Class initialized using 'CodeIgniter\Session\Handlers\FileHandler' driver.
INFO - 2025-02-19 07:03:13 --> Session: Class initialized using 'CodeIgniter\Session\Handlers\FileHandler' driver.
INFO - 2025-02-19 07:03:31 --> Session: Class initialized using 'CodeIgniter\Session\Handlers\FileHandler' driver.
INFO - 2025-02-19 07:06:41 --> Session: Class initialized using 'CodeIgniter\Session\Handlers\FileHandler' driver.
INFO - 2025-02-19 07:06:44 --> Session: Class initialized using 'CodeIgniter\Session\Handlers\FileHandler' driver.
ERROR - 2025-02-19 07:06:44 --> mysqli_sql_exception: Unknown column 'homepage_assets' in 'where clause' in /var/www/html/vendor/codeigniter4/framework/system/Database/MySQLi/Connection.php:306
Stack trace:
#0 /var/www/html/vendor/codeigniter4/framework/system/Database/MySQLi/Connection.php(306): mysqli->query(' SELECT *  FROM...', 0)
#1 /var/www/html/vendor/codeigniter4/framework/system/Database/BaseConnection.php(693): CodeIgniter\Database\MySQLi\Connection->execute(' SELECT *  FROM...')
#2 /var/www/html/vendor/codeigniter4/framework/system/Database/BaseConnection.php(607): CodeIgniter\Database\BaseConnection->simpleQuery(' SELECT *  FROM...')
#3 /var/www/html/app/Controllers/HomepageController.php(135): CodeIgniter\Database\BaseConnection->query(' SELECT *  FROM...')
#4 /var/www/html/vendor/codeigniter4/framework/system/CodeIgniter.php(943): App\Controllers\HomepageController->Course_details_view('homepage_assets', 'img', 'favicon.png')
#5 /var/www/html/vendor/codeigniter4/framework/system/CodeIgniter.php(503): CodeIgniter\CodeIgniter->runController(Object(App\Controllers\HomepageController))
#6 /var/www/html/vendor/codeigniter4/framework/system/CodeIgniter.php(361): CodeIgniter\CodeIgniter->handleRequest(NULL, Object(Config\Cache), false)
#7 /var/www/html/index.php(79): CodeIgniter\CodeIgniter->run()
#8 {main}
CRITICAL - 2025-02-19 07:06:44 --> CodeIgniter\Database\Exceptions\DatabaseException: Unknown column 'homepage_assets' in 'where clause'
in SYSTEMPATH/Database/BaseConnection.php on line 647.
 1 APPPATH/Controllers/HomepageController.php(135): CodeIgniter\Database\BaseConnection->query(' SELECT *  FROM course_batch
                                WHERE course_id = homepage_assets')
 2 SYSTEMPATH/CodeIgniter.php(943): App\Controllers\HomepageController->Course_details_view('homepage_assets', 'img', 'favicon.png')
 3 SYSTEMPATH/CodeIgniter.php(503): CodeIgniter\CodeIgniter->runController(Object(App\Controllers\HomepageController))
 4 SYSTEMPATH/CodeIgniter.php(361): CodeIgniter\CodeIgniter->handleRequest(null, Object(Config\Cache), false)
 5 FCPATH/index.php(79): CodeIgniter\CodeIgniter->run()
CRITICAL - 2025-02-19 07:06:44 --> [Caused by] CodeIgniter\Database\Exceptions\DatabaseException: Unknown column 'homepage_assets' in 'where clause'
in SYSTEMPATH/Database/MySQLi/Connection.php on line 311.
 1 SYSTEMPATH/Database/BaseConnection.php(693): CodeIgniter\Database\MySQLi\Connection->execute(' SELECT *  FROM course_batch
                                WHERE course_id = homepage_assets')
 2 SYSTEMPATH/Database/BaseConnection.php(607): CodeIgniter\Database\BaseConnection->simpleQuery(' SELECT *  FROM course_batch
                                WHERE course_id = homepage_assets')
 3 APPPATH/Controllers/HomepageController.php(135): CodeIgniter\Database\BaseConnection->query(' SELECT *  FROM course_batch
                                WHERE course_id = homepage_assets')
 4 SYSTEMPATH/CodeIgniter.php(943): App\Controllers\HomepageController->Course_details_view('homepage_assets', 'img', 'favicon.png')
 5 SYSTEMPATH/CodeIgniter.php(503): CodeIgniter\CodeIgniter->runController(Object(App\Controllers\HomepageController))
 6 SYSTEMPATH/CodeIgniter.php(361): CodeIgniter\CodeIgniter->handleRequest(null, Object(Config\Cache), false)
 7 FCPATH/index.php(79): CodeIgniter\CodeIgniter->run()
CRITICAL - 2025-02-19 07:06:44 --> [Caused by] mysqli_sql_exception: Unknown column 'homepage_assets' in 'where clause'
in SYSTEMPATH/Database/MySQLi/Connection.php on line 306.
 1 SYSTEMPATH/Database/MySQLi/Connection.php(306): mysqli->query(' SELECT *  FROM course_batch
                                WHERE course_id = homepage_assets', 0)
 2 SYSTEMPATH/Database/BaseConnection.php(693): CodeIgniter\Database\MySQLi\Connection->execute(' SELECT *  FROM course_batch
                                WHERE course_id = homepage_assets')
 3 SYSTEMPATH/Database/BaseConnection.php(607): CodeIgniter\Database\BaseConnection->simpleQuery(' SELECT *  FROM course_batch
                                WHERE course_id = homepage_assets')
 4 APPPATH/Controllers/HomepageController.php(135): CodeIgniter\Database\BaseConnection->query(' SELECT *  FROM course_batch
                                WHERE course_id = homepage_assets')
 5 SYSTEMPATH/CodeIgniter.php(943): App\Controllers\HomepageController->Course_details_view('homepage_assets', 'img', 'favicon.png')
 6 SYSTEMPATH/CodeIgniter.php(503): CodeIgniter\CodeIgniter->runController(Object(App\Controllers\HomepageController))
 7 SYSTEMPATH/CodeIgniter.php(361): CodeIgniter\CodeIgniter->handleRequest(null, Object(Config\Cache), false)
 8 FCPATH/index.php(79): CodeIgniter\CodeIgniter->run()
INFO - 2025-02-19 07:13:56 --> Session: Class initialized using 'CodeIgniter\Session\Handlers\FileHandler' driver.
INFO - 2025-02-19 07:16:51 --> Session: Class initialized using 'CodeIgniter\Session\Handlers\FileHandler' driver.
INFO - 2025-02-19 07:17:58 --> Session: Class initialized using 'CodeIgniter\Session\Handlers\FileHandler' driver.
INFO - 2025-02-19 07:23:02 --> Session: Class initialized using 'CodeIgniter\Session\Handlers\FileHandler' driver.
INFO - 2025-02-19 07:23:02 --> Session: Class initialized using 'CodeIgniter\Session\Handlers\FileHandler' driver.
INFO - 2025-02-19 07:23:53 --> Session: Class initialized using 'CodeIgniter\Session\Handlers\FileHandler' driver.
INFO - 2025-02-19 07:23:57 --> Session: Class initialized using 'CodeIgniter\Session\Handlers\FileHandler' driver.
ERROR - 2025-02-19 07:23:57 --> mysqli_sql_exception: Unknown column 'homepage_assets' in 'where clause' in /var/www/html/vendor/codeigniter4/framework/system/Database/MySQLi/Connection.php:306
Stack trace:
#0 /var/www/html/vendor/codeigniter4/framework/system/Database/MySQLi/Connection.php(306): mysqli->query(' SELECT *  FROM...', 0)
#1 /var/www/html/vendor/codeigniter4/framework/system/Database/BaseConnection.php(693): CodeIgniter\Database\MySQLi\Connection->execute(' SELECT *  FROM...')
#2 /var/www/html/vendor/codeigniter4/framework/system/Database/BaseConnection.php(607): CodeIgniter\Database\BaseConnection->simpleQuery(' SELECT *  FROM...')
#3 /var/www/html/app/Controllers/HomepageController.php(135): CodeIgniter\Database\BaseConnection->query(' SELECT *  FROM...')
#4 /var/www/html/vendor/codeigniter4/framework/system/CodeIgniter.php(943): App\Controllers\HomepageController->Course_details_view('homepage_assets', 'img', 'favicon.png')
#5 /var/www/html/vendor/codeigniter4/framework/system/CodeIgniter.php(503): CodeIgniter\CodeIgniter->runController(Object(App\Controllers\HomepageController))
#6 /var/www/html/vendor/codeigniter4/framework/system/CodeIgniter.php(361): CodeIgniter\CodeIgniter->handleRequest(NULL, Object(Config\Cache), false)
#7 /var/www/html/index.php(79): CodeIgniter\CodeIgniter->run()
#8 {main}
CRITICAL - 2025-02-19 07:23:57 --> CodeIgniter\Database\Exceptions\DatabaseException: Unknown column 'homepage_assets' in 'where clause'
in SYSTEMPATH/Database/BaseConnection.php on line 647.
 1 APPPATH/Controllers/HomepageController.php(135): CodeIgniter\Database\BaseConnection->query(' SELECT *  FROM course_batch
                                WHERE course_id = homepage_assets')
 2 SYSTEMPATH/CodeIgniter.php(943): App\Controllers\HomepageController->Course_details_view('homepage_assets', 'img', 'favicon.png')
 3 SYSTEMPATH/CodeIgniter.php(503): CodeIgniter\CodeIgniter->runController(Object(App\Controllers\HomepageController))
 4 SYSTEMPATH/CodeIgniter.php(361): CodeIgniter\CodeIgniter->handleRequest(null, Object(Config\Cache), false)
 5 FCPATH/index.php(79): CodeIgniter\CodeIgniter->run()
CRITICAL - 2025-02-19 07:23:57 --> [Caused by] CodeIgniter\Database\Exceptions\DatabaseException: Unknown column 'homepage_assets' in 'where clause'
in SYSTEMPATH/Database/MySQLi/Connection.php on line 311.
 1 SYSTEMPATH/Database/BaseConnection.php(693): CodeIgniter\Database\MySQLi\Connection->execute(' SELECT *  FROM course_batch
                                WHERE course_id = homepage_assets')
 2 SYSTEMPATH/Database/BaseConnection.php(607): CodeIgniter\Database\BaseConnection->simpleQuery(' SELECT *  FROM course_batch
                                WHERE course_id = homepage_assets')
 3 APPPATH/Controllers/HomepageController.php(135): CodeIgniter\Database\BaseConnection->query(' SELECT *  FROM course_batch
                                WHERE course_id = homepage_assets')
 4 SYSTEMPATH/CodeIgniter.php(943): App\Controllers\HomepageController->Course_details_view('homepage_assets', 'img', 'favicon.png')
 5 SYSTEMPATH/CodeIgniter.php(503): CodeIgniter\CodeIgniter->runController(Object(App\Controllers\HomepageController))
 6 SYSTEMPATH/CodeIgniter.php(361): CodeIgniter\CodeIgniter->handleRequest(null, Object(Config\Cache), false)
 7 FCPATH/index.php(79): CodeIgniter\CodeIgniter->run()
CRITICAL - 2025-02-19 07:23:57 --> [Caused by] mysqli_sql_exception: Unknown column 'homepage_assets' in 'where clause'
in SYSTEMPATH/Database/MySQLi/Connection.php on line 306.
 1 SYSTEMPATH/Database/MySQLi/Connection.php(306): mysqli->query(' SELECT *  FROM course_batch
                                WHERE course_id = homepage_assets', 0)
 2 SYSTEMPATH/Database/BaseConnection.php(693): CodeIgniter\Database\MySQLi\Connection->execute(' SELECT *  FROM course_batch
                                WHERE course_id = homepage_assets')
 3 SYSTEMPATH/Database/BaseConnection.php(607): CodeIgniter\Database\BaseConnection->simpleQuery(' SELECT *  FROM course_batch
                                WHERE course_id = homepage_assets')
 4 APPPATH/Controllers/HomepageController.php(135): CodeIgniter\Database\BaseConnection->query(' SELECT *  FROM course_batch
                                WHERE course_id = homepage_assets')
 5 SYSTEMPATH/CodeIgniter.php(943): App\Controllers\HomepageController->Course_details_view('homepage_assets', 'img', 'favicon.png')
 6 SYSTEMPATH/CodeIgniter.php(503): CodeIgniter\CodeIgniter->runController(Object(App\Controllers\HomepageController))
 7 SYSTEMPATH/CodeIgniter.php(361): CodeIgniter\CodeIgniter->handleRequest(null, Object(Config\Cache), false)
 8 FCPATH/index.php(79): CodeIgniter\CodeIgniter->run()
INFO - 2025-02-19 07:25:03 --> Session: Class initialized using 'CodeIgniter\Session\Handlers\FileHandler' driver.
INFO - 2025-02-19 07:25:34 --> Session: Class initialized using 'CodeIgniter\Session\Handlers\FileHandler' driver.
INFO - 2025-02-19 07:25:50 --> Session: Class initialized using 'CodeIgniter\Session\Handlers\FileHandler' driver.
INFO - 2025-02-19 07:30:12 --> Session: Class initialized using 'CodeIgniter\Session\Handlers\FileHandler' driver.
INFO - 2025-02-19 07:45:28 --> Session: Class initialized using 'CodeIgniter\Session\Handlers\FileHandler' driver.
INFO - 2025-02-19 07:46:22 --> Session: Class initialized using 'CodeIgniter\Session\Handlers\FileHandler' driver.
INFO - 2025-02-19 07:46:24 --> Session: Class initialized using 'CodeIgniter\Session\Handlers\FileHandler' driver.
ERROR - 2025-02-19 07:46:24 --> mysqli_sql_exception: Unknown column 'homepage_assets' in 'where clause' in /var/www/html/vendor/codeigniter4/framework/system/Database/MySQLi/Connection.php:306
Stack trace:
#0 /var/www/html/vendor/codeigniter4/framework/system/Database/MySQLi/Connection.php(306): mysqli->query(' SELECT *  FROM...', 0)
#1 /var/www/html/vendor/codeigniter4/framework/system/Database/BaseConnection.php(693): CodeIgniter\Database\MySQLi\Connection->execute(' SELECT *  FROM...')
#2 /var/www/html/vendor/codeigniter4/framework/system/Database/BaseConnection.php(607): CodeIgniter\Database\BaseConnection->simpleQuery(' SELECT *  FROM...')
#3 /var/www/html/app/Controllers/HomepageController.php(135): CodeIgniter\Database\BaseConnection->query(' SELECT *  FROM...')
#4 /var/www/html/vendor/codeigniter4/framework/system/CodeIgniter.php(943): App\Controllers\HomepageController->Course_details_view('homepage_assets', 'img', 'favicon.png')
#5 /var/www/html/vendor/codeigniter4/framework/system/CodeIgniter.php(503): CodeIgniter\CodeIgniter->runController(Object(App\Controllers\HomepageController))
#6 /var/www/html/vendor/codeigniter4/framework/system/CodeIgniter.php(361): CodeIgniter\CodeIgniter->handleRequest(NULL, Object(Config\Cache), false)
#7 /var/www/html/index.php(79): CodeIgniter\CodeIgniter->run()
#8 {main}
CRITICAL - 2025-02-19 07:46:24 --> CodeIgniter\Database\Exceptions\DatabaseException: Unknown column 'homepage_assets' in 'where clause'
in SYSTEMPATH/Database/BaseConnection.php on line 647.
 1 APPPATH/Controllers/HomepageController.php(135): CodeIgniter\Database\BaseConnection->query(' SELECT *  FROM course_batch
                                WHERE course_id = homepage_assets')
 2 SYSTEMPATH/CodeIgniter.php(943): App\Controllers\HomepageController->Course_details_view('homepage_assets', 'img', 'favicon.png')
 3 SYSTEMPATH/CodeIgniter.php(503): CodeIgniter\CodeIgniter->runController(Object(App\Controllers\HomepageController))
 4 SYSTEMPATH/CodeIgniter.php(361): CodeIgniter\CodeIgniter->handleRequest(null, Object(Config\Cache), false)
 5 FCPATH/index.php(79): CodeIgniter\CodeIgniter->run()
CRITICAL - 2025-02-19 07:46:24 --> [Caused by] CodeIgniter\Database\Exceptions\DatabaseException: Unknown column 'homepage_assets' in 'where clause'
in SYSTEMPATH/Database/MySQLi/Connection.php on line 311.
 1 SYSTEMPATH/Database/BaseConnection.php(693): CodeIgniter\Database\MySQLi\Connection->execute(' SELECT *  FROM course_batch
                                WHERE course_id = homepage_assets')
 2 SYSTEMPATH/Database/BaseConnection.php(607): CodeIgniter\Database\BaseConnection->simpleQuery(' SELECT *  FROM course_batch
                                WHERE course_id = homepage_assets')
 3 APPPATH/Controllers/HomepageController.php(135): CodeIgniter\Database\BaseConnection->query(' SELECT *  FROM course_batch
                                WHERE course_id = homepage_assets')
 4 SYSTEMPATH/CodeIgniter.php(943): App\Controllers\HomepageController->Course_details_view('homepage_assets', 'img', 'favicon.png')
 5 SYSTEMPATH/CodeIgniter.php(503): CodeIgniter\CodeIgniter->runController(Object(App\Controllers\HomepageController))
 6 SYSTEMPATH/CodeIgniter.php(361): CodeIgniter\CodeIgniter->handleRequest(null, Object(Config\Cache), false)
 7 FCPATH/index.php(79): CodeIgniter\CodeIgniter->run()
CRITICAL - 2025-02-19 07:46:24 --> [Caused by] mysqli_sql_exception: Unknown column 'homepage_assets' in 'where clause'
in SYSTEMPATH/Database/MySQLi/Connection.php on line 306.
 1 SYSTEMPATH/Database/MySQLi/Connection.php(306): mysqli->query(' SELECT *  FROM course_batch
                                WHERE course_id = homepage_assets', 0)
 2 SYSTEMPATH/Database/BaseConnection.php(693): CodeIgniter\Database\MySQLi\Connection->execute(' SELECT *  FROM course_batch
                                WHERE course_id = homepage_assets')
 3 SYSTEMPATH/Database/BaseConnection.php(607): CodeIgniter\Database\BaseConnection->simpleQuery(' SELECT *  FROM course_batch
                                WHERE course_id = homepage_assets')
 4 APPPATH/Controllers/HomepageController.php(135): CodeIgniter\Database\BaseConnection->query(' SELECT *  FROM course_batch
                                WHERE course_id = homepage_assets')
 5 SYSTEMPATH/CodeIgniter.php(943): App\Controllers\HomepageController->Course_details_view('homepage_assets', 'img', 'favicon.png')
 6 SYSTEMPATH/CodeIgniter.php(503): CodeIgniter\CodeIgniter->runController(Object(App\Controllers\HomepageController))
 7 SYSTEMPATH/CodeIgniter.php(361): CodeIgniter\CodeIgniter->handleRequest(null, Object(Config\Cache), false)
 8 FCPATH/index.php(79): CodeIgniter\CodeIgniter->run()
INFO - 2025-02-19 08:03:22 --> Session: Class initialized using 'CodeIgniter\Session\Handlers\FileHandler' driver.
INFO - 2025-02-19 08:03:28 --> Session: Class initialized using 'CodeIgniter\Session\Handlers\FileHandler' driver.
ERROR - 2025-02-19 08:03:28 --> mysqli_sql_exception: Unknown column 'homepage_assets' in 'where clause' in /var/www/html/vendor/codeigniter4/framework/system/Database/MySQLi/Connection.php:306
Stack trace:
#0 /var/www/html/vendor/codeigniter4/framework/system/Database/MySQLi/Connection.php(306): mysqli->query(' SELECT *  FROM...', 0)
#1 /var/www/html/vendor/codeigniter4/framework/system/Database/BaseConnection.php(693): CodeIgniter\Database\MySQLi\Connection->execute(' SELECT *  FROM...')
#2 /var/www/html/vendor/codeigniter4/framework/system/Database/BaseConnection.php(607): CodeIgniter\Database\BaseConnection->simpleQuery(' SELECT *  FROM...')
#3 /var/www/html/app/Controllers/HomepageController.php(135): CodeIgniter\Database\BaseConnection->query(' SELECT *  FROM...')
#4 /var/www/html/vendor/codeigniter4/framework/system/CodeIgniter.php(943): App\Controllers\HomepageController->Course_details_view('homepage_assets', 'img', 'favicon.png')
#5 /var/www/html/vendor/codeigniter4/framework/system/CodeIgniter.php(503): CodeIgniter\CodeIgniter->runController(Object(App\Controllers\HomepageController))
#6 /var/www/html/vendor/codeigniter4/framework/system/CodeIgniter.php(361): CodeIgniter\CodeIgniter->handleRequest(NULL, Object(Config\Cache), false)
#7 /var/www/html/index.php(79): CodeIgniter\CodeIgniter->run()
#8 {main}
CRITICAL - 2025-02-19 08:03:28 --> CodeIgniter\Database\Exceptions\DatabaseException: Unknown column 'homepage_assets' in 'where clause'
in SYSTEMPATH/Database/BaseConnection.php on line 647.
 1 APPPATH/Controllers/HomepageController.php(135): CodeIgniter\Database\BaseConnection->query(' SELECT *  FROM course_batch
                                WHERE course_id = homepage_assets')
 2 SYSTEMPATH/CodeIgniter.php(943): App\Controllers\HomepageController->Course_details_view('homepage_assets', 'img', 'favicon.png')
 3 SYSTEMPATH/CodeIgniter.php(503): CodeIgniter\CodeIgniter->runController(Object(App\Controllers\HomepageController))
 4 SYSTEMPATH/CodeIgniter.php(361): CodeIgniter\CodeIgniter->handleRequest(null, Object(Config\Cache), false)
 5 FCPATH/index.php(79): CodeIgniter\CodeIgniter->run()
CRITICAL - 2025-02-19 08:03:28 --> [Caused by] CodeIgniter\Database\Exceptions\DatabaseException: Unknown column 'homepage_assets' in 'where clause'
in SYSTEMPATH/Database/MySQLi/Connection.php on line 311.
 1 SYSTEMPATH/Database/BaseConnection.php(693): CodeIgniter\Database\MySQLi\Connection->execute(' SELECT *  FROM course_batch
                                WHERE course_id = homepage_assets')
 2 SYSTEMPATH/Database/BaseConnection.php(607): CodeIgniter\Database\BaseConnection->simpleQuery(' SELECT *  FROM course_batch
                                WHERE course_id = homepage_assets')
 3 APPPATH/Controllers/HomepageController.php(135): CodeIgniter\Database\BaseConnection->query(' SELECT *  FROM course_batch
                                WHERE course_id = homepage_assets')
 4 SYSTEMPATH/CodeIgniter.php(943): App\Controllers\HomepageController->Course_details_view('homepage_assets', 'img', 'favicon.png')
 5 SYSTEMPATH/CodeIgniter.php(503): CodeIgniter\CodeIgniter->runController(Object(App\Controllers\HomepageController))
 6 SYSTEMPATH/CodeIgniter.php(361): CodeIgniter\CodeIgniter->handleRequest(null, Object(Config\Cache), false)
 7 FCPATH/index.php(79): CodeIgniter\CodeIgniter->run()
CRITICAL - 2025-02-19 08:03:28 --> [Caused by] mysqli_sql_exception: Unknown column 'homepage_assets' in 'where clause'
in SYSTEMPATH/Database/MySQLi/Connection.php on line 306.
 1 SYSTEMPATH/Database/MySQLi/Connection.php(306): mysqli->query(' SELECT *  FROM course_batch
                                WHERE course_id = homepage_assets', 0)
 2 SYSTEMPATH/Database/BaseConnection.php(693): CodeIgniter\Database\MySQLi\Connection->execute(' SELECT *  FROM course_batch
                                WHERE course_id = homepage_assets')
 3 SYSTEMPATH/Database/BaseConnection.php(607): CodeIgniter\Database\BaseConnection->simpleQuery(' SELECT *  FROM course_batch
                                WHERE course_id = homepage_assets')
 4 APPPATH/Controllers/HomepageController.php(135): CodeIgniter\Database\BaseConnection->query(' SELECT *  FROM course_batch
                                WHERE course_id = homepage_assets')
 5 SYSTEMPATH/CodeIgniter.php(943): App\Controllers\HomepageController->Course_details_view('homepage_assets', 'img', 'favicon.png')
 6 SYSTEMPATH/CodeIgniter.php(503): CodeIgniter\CodeIgniter->runController(Object(App\Controllers\HomepageController))
 7 SYSTEMPATH/CodeIgniter.php(361): CodeIgniter\CodeIgniter->handleRequest(null, Object(Config\Cache), false)
 8 FCPATH/index.php(79): CodeIgniter\CodeIgniter->run()
INFO - 2025-02-19 08:03:31 --> Session: Class initialized using 'CodeIgniter\Session\Handlers\FileHandler' driver.
ERROR - 2025-02-19 08:03:31 --> mysqli_sql_exception: Unknown column 'homepage_assets' in 'where clause' in /var/www/html/vendor/codeigniter4/framework/system/Database/MySQLi/Connection.php:306
Stack trace:
#0 /var/www/html/vendor/codeigniter4/framework/system/Database/MySQLi/Connection.php(306): mysqli->query(' SELECT *  FROM...', 0)
#1 /var/www/html/vendor/codeigniter4/framework/system/Database/BaseConnection.php(693): CodeIgniter\Database\MySQLi\Connection->execute(' SELECT *  FROM...')
#2 /var/www/html/vendor/codeigniter4/framework/system/Database/BaseConnection.php(607): CodeIgniter\Database\BaseConnection->simpleQuery(' SELECT *  FROM...')
#3 /var/www/html/app/Controllers/HomepageController.php(135): CodeIgniter\Database\BaseConnection->query(' SELECT *  FROM...')
#4 /var/www/html/vendor/codeigniter4/framework/system/CodeIgniter.php(943): App\Controllers\HomepageController->Course_details_view('homepage_assets', 'img', 'favicon.png')
#5 /var/www/html/vendor/codeigniter4/framework/system/CodeIgniter.php(503): CodeIgniter\CodeIgniter->runController(Object(App\Controllers\HomepageController))
#6 /var/www/html/vendor/codeigniter4/framework/system/CodeIgniter.php(361): CodeIgniter\CodeIgniter->handleRequest(NULL, Object(Config\Cache), false)
#7 /var/www/html/index.php(79): CodeIgniter\CodeIgniter->run()
#8 {main}
CRITICAL - 2025-02-19 08:03:31 --> CodeIgniter\Database\Exceptions\DatabaseException: Unknown column 'homepage_assets' in 'where clause'
in SYSTEMPATH/Database/BaseConnection.php on line 647.
 1 APPPATH/Controllers/HomepageController.php(135): CodeIgniter\Database\BaseConnection->query(' SELECT *  FROM course_batch
                                WHERE course_id = homepage_assets')
 2 SYSTEMPATH/CodeIgniter.php(943): App\Controllers\HomepageController->Course_details_view('homepage_assets', 'img', 'favicon.png')
 3 SYSTEMPATH/CodeIgniter.php(503): CodeIgniter\CodeIgniter->runController(Object(App\Controllers\HomepageController))
 4 SYSTEMPATH/CodeIgniter.php(361): CodeIgniter\CodeIgniter->handleRequest(null, Object(Config\Cache), false)
 5 FCPATH/index.php(79): CodeIgniter\CodeIgniter->run()
CRITICAL - 2025-02-19 08:03:31 --> [Caused by] CodeIgniter\Database\Exceptions\DatabaseException: Unknown column 'homepage_assets' in 'where clause'
in SYSTEMPATH/Database/MySQLi/Connection.php on line 311.
 1 SYSTEMPATH/Database/BaseConnection.php(693): CodeIgniter\Database\MySQLi\Connection->execute(' SELECT *  FROM course_batch
                                WHERE course_id = homepage_assets')
 2 SYSTEMPATH/Database/BaseConnection.php(607): CodeIgniter\Database\BaseConnection->simpleQuery(' SELECT *  FROM course_batch
                                WHERE course_id = homepage_assets')
 3 APPPATH/Controllers/HomepageController.php(135): CodeIgniter\Database\BaseConnection->query(' SELECT *  FROM course_batch
                                WHERE course_id = homepage_assets')
 4 SYSTEMPATH/CodeIgniter.php(943): App\Controllers\HomepageController->Course_details_view('homepage_assets', 'img', 'favicon.png')
 5 SYSTEMPATH/CodeIgniter.php(503): CodeIgniter\CodeIgniter->runController(Object(App\Controllers\HomepageController))
 6 SYSTEMPATH/CodeIgniter.php(361): CodeIgniter\CodeIgniter->handleRequest(null, Object(Config\Cache), false)
 7 FCPATH/index.php(79): CodeIgniter\CodeIgniter->run()
CRITICAL - 2025-02-19 08:03:31 --> [Caused by] mysqli_sql_exception: Unknown column 'homepage_assets' in 'where clause'
in SYSTEMPATH/Database/MySQLi/Connection.php on line 306.
 1 SYSTEMPATH/Database/MySQLi/Connection.php(306): mysqli->query(' SELECT *  FROM course_batch
                                WHERE course_id = homepage_assets', 0)
 2 SYSTEMPATH/Database/BaseConnection.php(693): CodeIgniter\Database\MySQLi\Connection->execute(' SELECT *  FROM course_batch
                                WHERE course_id = homepage_assets')
 3 SYSTEMPATH/Database/BaseConnection.php(607): CodeIgniter\Database\BaseConnection->simpleQuery(' SELECT *  FROM course_batch
                                WHERE course_id = homepage_assets')
 4 APPPATH/Controllers/HomepageController.php(135): CodeIgniter\Database\BaseConnection->query(' SELECT *  FROM course_batch
                                WHERE course_id = homepage_assets')
 5 SYSTEMPATH/CodeIgniter.php(943): App\Controllers\HomepageController->Course_details_view('homepage_assets', 'img', 'favicon.png')
 6 SYSTEMPATH/CodeIgniter.php(503): CodeIgniter\CodeIgniter->runController(Object(App\Controllers\HomepageController))
 7 SYSTEMPATH/CodeIgniter.php(361): CodeIgniter\CodeIgniter->handleRequest(null, Object(Config\Cache), false)
 8 FCPATH/index.php(79): CodeIgniter\CodeIgniter->run()
INFO - 2025-02-19 08:22:50 --> Session: Class initialized using 'CodeIgniter\Session\Handlers\FileHandler' driver.
INFO - 2025-02-19 08:22:56 --> Session: Class initialized using 'CodeIgniter\Session\Handlers\FileHandler' driver.
ERROR - 2025-02-19 08:22:56 --> mysqli_sql_exception: Unknown column 'homepage_assets' in 'where clause' in /var/www/html/vendor/codeigniter4/framework/system/Database/MySQLi/Connection.php:306
Stack trace:
#0 /var/www/html/vendor/codeigniter4/framework/system/Database/MySQLi/Connection.php(306): mysqli->query(' SELECT *  FROM...', 0)
#1 /var/www/html/vendor/codeigniter4/framework/system/Database/BaseConnection.php(693): CodeIgniter\Database\MySQLi\Connection->execute(' SELECT *  FROM...')
#2 /var/www/html/vendor/codeigniter4/framework/system/Database/BaseConnection.php(607): CodeIgniter\Database\BaseConnection->simpleQuery(' SELECT *  FROM...')
#3 /var/www/html/app/Controllers/HomepageController.php(135): CodeIgniter\Database\BaseConnection->query(' SELECT *  FROM...')
#4 /var/www/html/vendor/codeigniter4/framework/system/CodeIgniter.php(943): App\Controllers\HomepageController->Course_details_view('homepage_assets', 'img', 'favicon.png')
#5 /var/www/html/vendor/codeigniter4/framework/system/CodeIgniter.php(503): CodeIgniter\CodeIgniter->runController(Object(App\Controllers\HomepageController))
#6 /var/www/html/vendor/codeigniter4/framework/system/CodeIgniter.php(361): CodeIgniter\CodeIgniter->handleRequest(NULL, Object(Config\Cache), false)
#7 /var/www/html/index.php(79): CodeIgniter\CodeIgniter->run()
#8 {main}
CRITICAL - 2025-02-19 08:22:56 --> CodeIgniter\Database\Exceptions\DatabaseException: Unknown column 'homepage_assets' in 'where clause'
in SYSTEMPATH/Database/BaseConnection.php on line 647.
 1 APPPATH/Controllers/HomepageController.php(135): CodeIgniter\Database\BaseConnection->query(' SELECT *  FROM course_batch
                                WHERE course_id = homepage_assets')
 2 SYSTEMPATH/CodeIgniter.php(943): App\Controllers\HomepageController->Course_details_view('homepage_assets', 'img', 'favicon.png')
 3 SYSTEMPATH/CodeIgniter.php(503): CodeIgniter\CodeIgniter->runController(Object(App\Controllers\HomepageController))
 4 SYSTEMPATH/CodeIgniter.php(361): CodeIgniter\CodeIgniter->handleRequest(null, Object(Config\Cache), false)
 5 FCPATH/index.php(79): CodeIgniter\CodeIgniter->run()
CRITICAL - 2025-02-19 08:22:56 --> [Caused by] CodeIgniter\Database\Exceptions\DatabaseException: Unknown column 'homepage_assets' in 'where clause'
in SYSTEMPATH/Database/MySQLi/Connection.php on line 311.
 1 SYSTEMPATH/Database/BaseConnection.php(693): CodeIgniter\Database\MySQLi\Connection->execute(' SELECT *  FROM course_batch
                                WHERE course_id = homepage_assets')
 2 SYSTEMPATH/Database/BaseConnection.php(607): CodeIgniter\Database\BaseConnection->simpleQuery(' SELECT *  FROM course_batch
                                WHERE course_id = homepage_assets')
 3 APPPATH/Controllers/HomepageController.php(135): CodeIgniter\Database\BaseConnection->query(' SELECT *  FROM course_batch
                                WHERE course_id = homepage_assets')
 4 SYSTEMPATH/CodeIgniter.php(943): App\Controllers\HomepageController->Course_details_view('homepage_assets', 'img', 'favicon.png')
 5 SYSTEMPATH/CodeIgniter.php(503): CodeIgniter\CodeIgniter->runController(Object(App\Controllers\HomepageController))
 6 SYSTEMPATH/CodeIgniter.php(361): CodeIgniter\CodeIgniter->handleRequest(null, Object(Config\Cache), false)
 7 FCPATH/index.php(79): CodeIgniter\CodeIgniter->run()
CRITICAL - 2025-02-19 08:22:56 --> [Caused by] mysqli_sql_exception: Unknown column 'homepage_assets' in 'where clause'
in SYSTEMPATH/Database/MySQLi/Connection.php on line 306.
 1 SYSTEMPATH/Database/MySQLi/Connection.php(306): mysqli->query(' SELECT *  FROM course_batch
                                WHERE course_id = homepage_assets', 0)
 2 SYSTEMPATH/Database/BaseConnection.php(693): CodeIgniter\Database\MySQLi\Connection->execute(' SELECT *  FROM course_batch
                                WHERE course_id = homepage_assets')
 3 SYSTEMPATH/Database/BaseConnection.php(607): CodeIgniter\Database\BaseConnection->simpleQuery(' SELECT *  FROM course_batch
                                WHERE course_id = homepage_assets')
 4 APPPATH/Controllers/HomepageController.php(135): CodeIgniter\Database\BaseConnection->query(' SELECT *  FROM course_batch
                                WHERE course_id = homepage_assets')
 5 SYSTEMPATH/CodeIgniter.php(943): App\Controllers\HomepageController->Course_details_view('homepage_assets', 'img', 'favicon.png')
 6 SYSTEMPATH/CodeIgniter.php(503): CodeIgniter\CodeIgniter->runController(Object(App\Controllers\HomepageController))
 7 SYSTEMPATH/CodeIgniter.php(361): CodeIgniter\CodeIgniter->handleRequest(null, Object(Config\Cache), false)
 8 FCPATH/index.php(79): CodeIgniter\CodeIgniter->run()
INFO - 2025-02-19 08:30:30 --> Session: Class initialized using 'CodeIgniter\Session\Handlers\FileHandler' driver.
INFO - 2025-02-19 08:32:58 --> Session: Class initialized using 'CodeIgniter\Session\Handlers\FileHandler' driver.
INFO - 2025-02-19 08:33:01 --> Session: Class initialized using 'CodeIgniter\Session\Handlers\FileHandler' driver.
ERROR - 2025-02-19 08:33:01 --> mysqli_sql_exception: Unknown column 'homepage_assets' in 'where clause' in /var/www/html/vendor/codeigniter4/framework/system/Database/MySQLi/Connection.php:306
Stack trace:
#0 /var/www/html/vendor/codeigniter4/framework/system/Database/MySQLi/Connection.php(306): mysqli->query(' SELECT *  FROM...', 0)
#1 /var/www/html/vendor/codeigniter4/framework/system/Database/BaseConnection.php(693): CodeIgniter\Database\MySQLi\Connection->execute(' SELECT *  FROM...')
#2 /var/www/html/vendor/codeigniter4/framework/system/Database/BaseConnection.php(607): CodeIgniter\Database\BaseConnection->simpleQuery(' SELECT *  FROM...')
#3 /var/www/html/app/Controllers/HomepageController.php(135): CodeIgniter\Database\BaseConnection->query(' SELECT *  FROM...')
#4 /var/www/html/vendor/codeigniter4/framework/system/CodeIgniter.php(943): App\Controllers\HomepageController->Course_details_view('homepage_assets', 'img', 'favicon.png')
#5 /var/www/html/vendor/codeigniter4/framework/system/CodeIgniter.php(503): CodeIgniter\CodeIgniter->runController(Object(App\Controllers\HomepageController))
#6 /var/www/html/vendor/codeigniter4/framework/system/CodeIgniter.php(361): CodeIgniter\CodeIgniter->handleRequest(NULL, Object(Config\Cache), false)
#7 /var/www/html/index.php(79): CodeIgniter\CodeIgniter->run()
#8 {main}
CRITICAL - 2025-02-19 08:33:01 --> CodeIgniter\Database\Exceptions\DatabaseException: Unknown column 'homepage_assets' in 'where clause'
in SYSTEMPATH/Database/BaseConnection.php on line 647.
 1 APPPATH/Controllers/HomepageController.php(135): CodeIgniter\Database\BaseConnection->query(' SELECT *  FROM course_batch
                                WHERE course_id = homepage_assets')
 2 SYSTEMPATH/CodeIgniter.php(943): App\Controllers\HomepageController->Course_details_view('homepage_assets', 'img', 'favicon.png')
 3 SYSTEMPATH/CodeIgniter.php(503): CodeIgniter\CodeIgniter->runController(Object(App\Controllers\HomepageController))
 4 SYSTEMPATH/CodeIgniter.php(361): CodeIgniter\CodeIgniter->handleRequest(null, Object(Config\Cache), false)
 5 FCPATH/index.php(79): CodeIgniter\CodeIgniter->run()
CRITICAL - 2025-02-19 08:33:01 --> [Caused by] CodeIgniter\Database\Exceptions\DatabaseException: Unknown column 'homepage_assets' in 'where clause'
in SYSTEMPATH/Database/MySQLi/Connection.php on line 311.
 1 SYSTEMPATH/Database/BaseConnection.php(693): CodeIgniter\Database\MySQLi\Connection->execute(' SELECT *  FROM course_batch
                                WHERE course_id = homepage_assets')
 2 SYSTEMPATH/Database/BaseConnection.php(607): CodeIgniter\Database\BaseConnection->simpleQuery(' SELECT *  FROM course_batch
                                WHERE course_id = homepage_assets')
 3 APPPATH/Controllers/HomepageController.php(135): CodeIgniter\Database\BaseConnection->query(' SELECT *  FROM course_batch
                                WHERE course_id = homepage_assets')
 4 SYSTEMPATH/CodeIgniter.php(943): App\Controllers\HomepageController->Course_details_view('homepage_assets', 'img', 'favicon.png')
 5 SYSTEMPATH/CodeIgniter.php(503): CodeIgniter\CodeIgniter->runController(Object(App\Controllers\HomepageController))
 6 SYSTEMPATH/CodeIgniter.php(361): CodeIgniter\CodeIgniter->handleRequest(null, Object(Config\Cache), false)
 7 FCPATH/index.php(79): CodeIgniter\CodeIgniter->run()
CRITICAL - 2025-02-19 08:33:01 --> [Caused by] mysqli_sql_exception: Unknown column 'homepage_assets' in 'where clause'
in SYSTEMPATH/Database/MySQLi/Connection.php on line 306.
 1 SYSTEMPATH/Database/MySQLi/Connection.php(306): mysqli->query(' SELECT *  FROM course_batch
                                WHERE course_id = homepage_assets', 0)
 2 SYSTEMPATH/Database/BaseConnection.php(693): CodeIgniter\Database\MySQLi\Connection->execute(' SELECT *  FROM course_batch
                                WHERE course_id = homepage_assets')
 3 SYSTEMPATH/Database/BaseConnection.php(607): CodeIgniter\Database\BaseConnection->simpleQuery(' SELECT *  FROM course_batch
                                WHERE course_id = homepage_assets')
 4 APPPATH/Controllers/HomepageController.php(135): CodeIgniter\Database\BaseConnection->query(' SELECT *  FROM course_batch
                                WHERE course_id = homepage_assets')
 5 SYSTEMPATH/CodeIgniter.php(943): App\Controllers\HomepageController->Course_details_view('homepage_assets', 'img', 'favicon.png')
 6 SYSTEMPATH/CodeIgniter.php(503): CodeIgniter\CodeIgniter->runController(Object(App\Controllers\HomepageController))
 7 SYSTEMPATH/CodeIgniter.php(361): CodeIgniter\CodeIgniter->handleRequest(null, Object(Config\Cache), false)
 8 FCPATH/index.php(79): CodeIgniter\CodeIgniter->run()
INFO - 2025-02-19 08:34:54 --> Session: Class initialized using 'CodeIgniter\Session\Handlers\FileHandler' driver.
ERROR - 2025-02-19 08:34:54 --> mysqli_sql_exception: Unknown column 'homepage_assets' in 'where clause' in /var/www/html/vendor/codeigniter4/framework/system/Database/MySQLi/Connection.php:306
Stack trace:
#0 /var/www/html/vendor/codeigniter4/framework/system/Database/MySQLi/Connection.php(306): mysqli->query(' SELECT *  FROM...', 0)
#1 /var/www/html/vendor/codeigniter4/framework/system/Database/BaseConnection.php(693): CodeIgniter\Database\MySQLi\Connection->execute(' SELECT *  FROM...')
#2 /var/www/html/vendor/codeigniter4/framework/system/Database/BaseConnection.php(607): CodeIgniter\Database\BaseConnection->simpleQuery(' SELECT *  FROM...')
#3 /var/www/html/app/Controllers/HomepageController.php(135): CodeIgniter\Database\BaseConnection->query(' SELECT *  FROM...')
#4 /var/www/html/vendor/codeigniter4/framework/system/CodeIgniter.php(943): App\Controllers\HomepageController->Course_details_view('homepage_assets', 'img', 'favicon.png')
#5 /var/www/html/vendor/codeigniter4/framework/system/CodeIgniter.php(503): CodeIgniter\CodeIgniter->runController(Object(App\Controllers\HomepageController))
#6 /var/www/html/vendor/codeigniter4/framework/system/CodeIgniter.php(361): CodeIgniter\CodeIgniter->handleRequest(NULL, Object(Config\Cache), false)
#7 /var/www/html/index.php(79): CodeIgniter\CodeIgniter->run()
#8 {main}
CRITICAL - 2025-02-19 08:34:54 --> CodeIgniter\Database\Exceptions\DatabaseException: Unknown column 'homepage_assets' in 'where clause'
in SYSTEMPATH/Database/BaseConnection.php on line 647.
 1 APPPATH/Controllers/HomepageController.php(135): CodeIgniter\Database\BaseConnection->query(' SELECT *  FROM course_batch
                                WHERE course_id = homepage_assets')
 2 SYSTEMPATH/CodeIgniter.php(943): App\Controllers\HomepageController->Course_details_view('homepage_assets', 'img', 'favicon.png')
 3 SYSTEMPATH/CodeIgniter.php(503): CodeIgniter\CodeIgniter->runController(Object(App\Controllers\HomepageController))
 4 SYSTEMPATH/CodeIgniter.php(361): CodeIgniter\CodeIgniter->handleRequest(null, Object(Config\Cache), false)
 5 FCPATH/index.php(79): CodeIgniter\CodeIgniter->run()
CRITICAL - 2025-02-19 08:34:54 --> [Caused by] CodeIgniter\Database\Exceptions\DatabaseException: Unknown column 'homepage_assets' in 'where clause'
in SYSTEMPATH/Database/MySQLi/Connection.php on line 311.
 1 SYSTEMPATH/Database/BaseConnection.php(693): CodeIgniter\Database\MySQLi\Connection->execute(' SELECT *  FROM course_batch
                                WHERE course_id = homepage_assets')
 2 SYSTEMPATH/Database/BaseConnection.php(607): CodeIgniter\Database\BaseConnection->simpleQuery(' SELECT *  FROM course_batch
                                WHERE course_id = homepage_assets')
 3 APPPATH/Controllers/HomepageController.php(135): CodeIgniter\Database\BaseConnection->query(' SELECT *  FROM course_batch
                                WHERE course_id = homepage_assets')
 4 SYSTEMPATH/CodeIgniter.php(943): App\Controllers\HomepageController->Course_details_view('homepage_assets', 'img', 'favicon.png')
 5 SYSTEMPATH/CodeIgniter.php(503): CodeIgniter\CodeIgniter->runController(Object(App\Controllers\HomepageController))
 6 SYSTEMPATH/CodeIgniter.php(361): CodeIgniter\CodeIgniter->handleRequest(null, Object(Config\Cache), false)
 7 FCPATH/index.php(79): CodeIgniter\CodeIgniter->run()
CRITICAL - 2025-02-19 08:34:54 --> [Caused by] mysqli_sql_exception: Unknown column 'homepage_assets' in 'where clause'
in SYSTEMPATH/Database/MySQLi/Connection.php on line 306.
 1 SYSTEMPATH/Database/MySQLi/Connection.php(306): mysqli->query(' SELECT *  FROM course_batch
                                WHERE course_id = homepage_assets', 0)
 2 SYSTEMPATH/Database/BaseConnection.php(693): CodeIgniter\Database\MySQLi\Connection->execute(' SELECT *  FROM course_batch
                                WHERE course_id = homepage_assets')
 3 SYSTEMPATH/Database/BaseConnection.php(607): CodeIgniter\Database\BaseConnection->simpleQuery(' SELECT *  FROM course_batch
                                WHERE course_id = homepage_assets')
 4 APPPATH/Controllers/HomepageController.php(135): CodeIgniter\Database\BaseConnection->query(' SELECT *  FROM course_batch
                                WHERE course_id = homepage_assets')
 5 SYSTEMPATH/CodeIgniter.php(943): App\Controllers\HomepageController->Course_details_view('homepage_assets', 'img', 'favicon.png')
 6 SYSTEMPATH/CodeIgniter.php(503): CodeIgniter\CodeIgniter->runController(Object(App\Controllers\HomepageController))
 7 SYSTEMPATH/CodeIgniter.php(361): CodeIgniter\CodeIgniter->handleRequest(null, Object(Config\Cache), false)
 8 FCPATH/index.php(79): CodeIgniter\CodeIgniter->run()
INFO - 2025-02-19 08:36:42 --> Session: Class initialized using 'CodeIgniter\Session\Handlers\FileHandler' driver.
INFO - 2025-02-19 08:36:42 --> Session: Class initialized using 'CodeIgniter\Session\Handlers\FileHandler' driver.
INFO - 2025-02-19 08:55:46 --> Session: Class initialized using 'CodeIgniter\Session\Handlers\FileHandler' driver.
INFO - 2025-02-19 08:55:57 --> Session: Class initialized using 'CodeIgniter\Session\Handlers\FileHandler' driver.
ERROR - 2025-02-19 08:55:57 --> mysqli_sql_exception: Unknown column 'homepage_assets' in 'where clause' in /var/www/html/vendor/codeigniter4/framework/system/Database/MySQLi/Connection.php:306
Stack trace:
#0 /var/www/html/vendor/codeigniter4/framework/system/Database/MySQLi/Connection.php(306): mysqli->query(' SELECT *  FROM...', 0)
#1 /var/www/html/vendor/codeigniter4/framework/system/Database/BaseConnection.php(693): CodeIgniter\Database\MySQLi\Connection->execute(' SELECT *  FROM...')
#2 /var/www/html/vendor/codeigniter4/framework/system/Database/BaseConnection.php(607): CodeIgniter\Database\BaseConnection->simpleQuery(' SELECT *  FROM...')
#3 /var/www/html/app/Controllers/HomepageController.php(135): CodeIgniter\Database\BaseConnection->query(' SELECT *  FROM...')
#4 /var/www/html/vendor/codeigniter4/framework/system/CodeIgniter.php(943): App\Controllers\HomepageController->Course_details_view('homepage_assets', 'img', 'favicon.png')
#5 /var/www/html/vendor/codeigniter4/framework/system/CodeIgniter.php(503): CodeIgniter\CodeIgniter->runController(Object(App\Controllers\HomepageController))
#6 /var/www/html/vendor/codeigniter4/framework/system/CodeIgniter.php(361): CodeIgniter\CodeIgniter->handleRequest(NULL, Object(Config\Cache), false)
#7 /var/www/html/index.php(79): CodeIgniter\CodeIgniter->run()
#8 {main}
CRITICAL - 2025-02-19 08:55:57 --> CodeIgniter\Database\Exceptions\DatabaseException: Unknown column 'homepage_assets' in 'where clause'
in SYSTEMPATH/Database/BaseConnection.php on line 647.
 1 APPPATH/Controllers/HomepageController.php(135): CodeIgniter\Database\BaseConnection->query(' SELECT *  FROM course_batch
                                WHERE course_id = homepage_assets')
 2 SYSTEMPATH/CodeIgniter.php(943): App\Controllers\HomepageController->Course_details_view('homepage_assets', 'img', 'favicon.png')
 3 SYSTEMPATH/CodeIgniter.php(503): CodeIgniter\CodeIgniter->runController(Object(App\Controllers\HomepageController))
 4 SYSTEMPATH/CodeIgniter.php(361): CodeIgniter\CodeIgniter->handleRequest(null, Object(Config\Cache), false)
 5 FCPATH/index.php(79): CodeIgniter\CodeIgniter->run()
CRITICAL - 2025-02-19 08:55:57 --> [Caused by] CodeIgniter\Database\Exceptions\DatabaseException: Unknown column 'homepage_assets' in 'where clause'
in SYSTEMPATH/Database/MySQLi/Connection.php on line 311.
 1 SYSTEMPATH/Database/BaseConnection.php(693): CodeIgniter\Database\MySQLi\Connection->execute(' SELECT *  FROM course_batch
                                WHERE course_id = homepage_assets')
 2 SYSTEMPATH/Database/BaseConnection.php(607): CodeIgniter\Database\BaseConnection->simpleQuery(' SELECT *  FROM course_batch
                                WHERE course_id = homepage_assets')
 3 APPPATH/Controllers/HomepageController.php(135): CodeIgniter\Database\BaseConnection->query(' SELECT *  FROM course_batch
                                WHERE course_id = homepage_assets')
 4 SYSTEMPATH/CodeIgniter.php(943): App\Controllers\HomepageController->Course_details_view('homepage_assets', 'img', 'favicon.png')
 5 SYSTEMPATH/CodeIgniter.php(503): CodeIgniter\CodeIgniter->runController(Object(App\Controllers\HomepageController))
 6 SYSTEMPATH/CodeIgniter.php(361): CodeIgniter\CodeIgniter->handleRequest(null, Object(Config\Cache), false)
 7 FCPATH/index.php(79): CodeIgniter\CodeIgniter->run()
CRITICAL - 2025-02-19 08:55:57 --> [Caused by] mysqli_sql_exception: Unknown column 'homepage_assets' in 'where clause'
in SYSTEMPATH/Database/MySQLi/Connection.php on line 306.
 1 SYSTEMPATH/Database/MySQLi/Connection.php(306): mysqli->query(' SELECT *  FROM course_batch
                                WHERE course_id = homepage_assets', 0)
 2 SYSTEMPATH/Database/BaseConnection.php(693): CodeIgniter\Database\MySQLi\Connection->execute(' SELECT *  FROM course_batch
                                WHERE course_id = homepage_assets')
 3 SYSTEMPATH/Database/BaseConnection.php(607): CodeIgniter\Database\BaseConnection->simpleQuery(' SELECT *  FROM course_batch
                                WHERE course_id = homepage_assets')
 4 APPPATH/Controllers/HomepageController.php(135): CodeIgniter\Database\BaseConnection->query(' SELECT *  FROM course_batch
                                WHERE course_id = homepage_assets')
 5 SYSTEMPATH/CodeIgniter.php(943): App\Controllers\HomepageController->Course_details_view('homepage_assets', 'img', 'favicon.png')
 6 SYSTEMPATH/CodeIgniter.php(503): CodeIgniter\CodeIgniter->runController(Object(App\Controllers\HomepageController))
 7 SYSTEMPATH/CodeIgniter.php(361): CodeIgniter\CodeIgniter->handleRequest(null, Object(Config\Cache), false)
 8 FCPATH/index.php(79): CodeIgniter\CodeIgniter->run()
INFO - 2025-02-19 08:56:18 --> Session: Class initialized using 'CodeIgniter\Session\Handlers\FileHandler' driver.
INFO - 2025-02-19 08:56:19 --> Session: Class initialized using 'CodeIgniter\Session\Handlers\FileHandler' driver.
ERROR - 2025-02-19 08:56:19 --> mysqli_sql_exception: Unknown column 'homepage_assets' in 'where clause' in /var/www/html/vendor/codeigniter4/framework/system/Database/MySQLi/Connection.php:306
Stack trace:
#0 /var/www/html/vendor/codeigniter4/framework/system/Database/MySQLi/Connection.php(306): mysqli->query(' SELECT *  FROM...', 0)
#1 /var/www/html/vendor/codeigniter4/framework/system/Database/BaseConnection.php(693): CodeIgniter\Database\MySQLi\Connection->execute(' SELECT *  FROM...')
#2 /var/www/html/vendor/codeigniter4/framework/system/Database/BaseConnection.php(607): CodeIgniter\Database\BaseConnection->simpleQuery(' SELECT *  FROM...')
#3 /var/www/html/app/Controllers/HomepageController.php(135): CodeIgniter\Database\BaseConnection->query(' SELECT *  FROM...')
#4 /var/www/html/vendor/codeigniter4/framework/system/CodeIgniter.php(943): App\Controllers\HomepageController->Course_details_view('homepage_assets', 'img', 'favicon.png')
#5 /var/www/html/vendor/codeigniter4/framework/system/CodeIgniter.php(503): CodeIgniter\CodeIgniter->runController(Object(App\Controllers\HomepageController))
#6 /var/www/html/vendor/codeigniter4/framework/system/CodeIgniter.php(361): CodeIgniter\CodeIgniter->handleRequest(NULL, Object(Config\Cache), false)
#7 /var/www/html/index.php(79): CodeIgniter\CodeIgniter->run()
#8 {main}
CRITICAL - 2025-02-19 08:56:19 --> CodeIgniter\Database\Exceptions\DatabaseException: Unknown column 'homepage_assets' in 'where clause'
in SYSTEMPATH/Database/BaseConnection.php on line 647.
 1 APPPATH/Controllers/HomepageController.php(135): CodeIgniter\Database\BaseConnection->query(' SELECT *  FROM course_batch
                                WHERE course_id = homepage_assets')
 2 SYSTEMPATH/CodeIgniter.php(943): App\Controllers\HomepageController->Course_details_view('homepage_assets', 'img', 'favicon.png')
 3 SYSTEMPATH/CodeIgniter.php(503): CodeIgniter\CodeIgniter->runController(Object(App\Controllers\HomepageController))
 4 SYSTEMPATH/CodeIgniter.php(361): CodeIgniter\CodeIgniter->handleRequest(null, Object(Config\Cache), false)
 5 FCPATH/index.php(79): CodeIgniter\CodeIgniter->run()
CRITICAL - 2025-02-19 08:56:19 --> [Caused by] CodeIgniter\Database\Exceptions\DatabaseException: Unknown column 'homepage_assets' in 'where clause'
in SYSTEMPATH/Database/MySQLi/Connection.php on line 311.
 1 SYSTEMPATH/Database/BaseConnection.php(693): CodeIgniter\Database\MySQLi\Connection->execute(' SELECT *  FROM course_batch
                                WHERE course_id = homepage_assets')
 2 SYSTEMPATH/Database/BaseConnection.php(607): CodeIgniter\Database\BaseConnection->simpleQuery(' SELECT *  FROM course_batch
                                WHERE course_id = homepage_assets')
 3 APPPATH/Controllers/HomepageController.php(135): CodeIgniter\Database\BaseConnection->query(' SELECT *  FROM course_batch
                                WHERE course_id = homepage_assets')
 4 SYSTEMPATH/CodeIgniter.php(943): App\Controllers\HomepageController->Course_details_view('homepage_assets', 'img', 'favicon.png')
 5 SYSTEMPATH/CodeIgniter.php(503): CodeIgniter\CodeIgniter->runController(Object(App\Controllers\HomepageController))
 6 SYSTEMPATH/CodeIgniter.php(361): CodeIgniter\CodeIgniter->handleRequest(null, Object(Config\Cache), false)
 7 FCPATH/index.php(79): CodeIgniter\CodeIgniter->run()
CRITICAL - 2025-02-19 08:56:19 --> [Caused by] mysqli_sql_exception: Unknown column 'homepage_assets' in 'where clause'
in SYSTEMPATH/Database/MySQLi/Connection.php on line 306.
 1 SYSTEMPATH/Database/MySQLi/Connection.php(306): mysqli->query(' SELECT *  FROM course_batch
                                WHERE course_id = homepage_assets', 0)
 2 SYSTEMPATH/Database/BaseConnection.php(693): CodeIgniter\Database\MySQLi\Connection->execute(' SELECT *  FROM course_batch
                                WHERE course_id = homepage_assets')
 3 SYSTEMPATH/Database/BaseConnection.php(607): CodeIgniter\Database\BaseConnection->simpleQuery(' SELECT *  FROM course_batch
                                WHERE course_id = homepage_assets')
 4 APPPATH/Controllers/HomepageController.php(135): CodeIgniter\Database\BaseConnection->query(' SELECT *  FROM course_batch
                                WHERE course_id = homepage_assets')
 5 SYSTEMPATH/CodeIgniter.php(943): App\Controllers\HomepageController->Course_details_view('homepage_assets', 'img', 'favicon.png')
 6 SYSTEMPATH/CodeIgniter.php(503): CodeIgniter\CodeIgniter->runController(Object(App\Controllers\HomepageController))
 7 SYSTEMPATH/CodeIgniter.php(361): CodeIgniter\CodeIgniter->handleRequest(null, Object(Config\Cache), false)
 8 FCPATH/index.php(79): CodeIgniter\CodeIgniter->run()
INFO - 2025-02-19 09:01:30 --> Session: Class initialized using 'CodeIgniter\Session\Handlers\FileHandler' driver.
INFO - 2025-02-19 09:01:41 --> Session: Class initialized using 'CodeIgniter\Session\Handlers\FileHandler' driver.
ERROR - 2025-02-19 09:01:41 --> mysqli_sql_exception: Unknown column 'homepage_assets' in 'where clause' in /var/www/html/vendor/codeigniter4/framework/system/Database/MySQLi/Connection.php:306
Stack trace:
#0 /var/www/html/vendor/codeigniter4/framework/system/Database/MySQLi/Connection.php(306): mysqli->query(' SELECT *  FROM...', 0)
#1 /var/www/html/vendor/codeigniter4/framework/system/Database/BaseConnection.php(693): CodeIgniter\Database\MySQLi\Connection->execute(' SELECT *  FROM...')
#2 /var/www/html/vendor/codeigniter4/framework/system/Database/BaseConnection.php(607): CodeIgniter\Database\BaseConnection->simpleQuery(' SELECT *  FROM...')
#3 /var/www/html/app/Controllers/HomepageController.php(135): CodeIgniter\Database\BaseConnection->query(' SELECT *  FROM...')
#4 /var/www/html/vendor/codeigniter4/framework/system/CodeIgniter.php(943): App\Controllers\HomepageController->Course_details_view('homepage_assets', 'img', 'favicon.png')
#5 /var/www/html/vendor/codeigniter4/framework/system/CodeIgniter.php(503): CodeIgniter\CodeIgniter->runController(Object(App\Controllers\HomepageController))
#6 /var/www/html/vendor/codeigniter4/framework/system/CodeIgniter.php(361): CodeIgniter\CodeIgniter->handleRequest(NULL, Object(Config\Cache), false)
#7 /var/www/html/index.php(79): CodeIgniter\CodeIgniter->run()
#8 {main}
CRITICAL - 2025-02-19 09:01:41 --> CodeIgniter\Database\Exceptions\DatabaseException: Unknown column 'homepage_assets' in 'where clause'
in SYSTEMPATH/Database/BaseConnection.php on line 647.
 1 APPPATH/Controllers/HomepageController.php(135): CodeIgniter\Database\BaseConnection->query(' SELECT *  FROM course_batch
                                WHERE course_id = homepage_assets')
 2 SYSTEMPATH/CodeIgniter.php(943): App\Controllers\HomepageController->Course_details_view('homepage_assets', 'img', 'favicon.png')
 3 SYSTEMPATH/CodeIgniter.php(503): CodeIgniter\CodeIgniter->runController(Object(App\Controllers\HomepageController))
 4 SYSTEMPATH/CodeIgniter.php(361): CodeIgniter\CodeIgniter->handleRequest(null, Object(Config\Cache), false)
 5 FCPATH/index.php(79): CodeIgniter\CodeIgniter->run()
CRITICAL - 2025-02-19 09:01:41 --> [Caused by] CodeIgniter\Database\Exceptions\DatabaseException: Unknown column 'homepage_assets' in 'where clause'
in SYSTEMPATH/Database/MySQLi/Connection.php on line 311.
 1 SYSTEMPATH/Database/BaseConnection.php(693): CodeIgniter\Database\MySQLi\Connection->execute(' SELECT *  FROM course_batch
                                WHERE course_id = homepage_assets')
 2 SYSTEMPATH/Database/BaseConnection.php(607): CodeIgniter\Database\BaseConnection->simpleQuery(' SELECT *  FROM course_batch
                                WHERE course_id = homepage_assets')
 3 APPPATH/Controllers/HomepageController.php(135): CodeIgniter\Database\BaseConnection->query(' SELECT *  FROM course_batch
                                WHERE course_id = homepage_assets')
 4 SYSTEMPATH/CodeIgniter.php(943): App\Controllers\HomepageController->Course_details_view('homepage_assets', 'img', 'favicon.png')
 5 SYSTEMPATH/CodeIgniter.php(503): CodeIgniter\CodeIgniter->runController(Object(App\Controllers\HomepageController))
 6 SYSTEMPATH/CodeIgniter.php(361): CodeIgniter\CodeIgniter->handleRequest(null, Object(Config\Cache), false)
 7 FCPATH/index.php(79): CodeIgniter\CodeIgniter->run()
CRITICAL - 2025-02-19 09:01:41 --> [Caused by] mysqli_sql_exception: Unknown column 'homepage_assets' in 'where clause'
in SYSTEMPATH/Database/MySQLi/Connection.php on line 306.
 1 SYSTEMPATH/Database/MySQLi/Connection.php(306): mysqli->query(' SELECT *  FROM course_batch
                                WHERE course_id = homepage_assets', 0)
 2 SYSTEMPATH/Database/BaseConnection.php(693): CodeIgniter\Database\MySQLi\Connection->execute(' SELECT *  FROM course_batch
                                WHERE course_id = homepage_assets')
 3 SYSTEMPATH/Database/BaseConnection.php(607): CodeIgniter\Database\BaseConnection->simpleQuery(' SELECT *  FROM course_batch
                                WHERE course_id = homepage_assets')
 4 APPPATH/Controllers/HomepageController.php(135): CodeIgniter\Database\BaseConnection->query(' SELECT *  FROM course_batch
                                WHERE course_id = homepage_assets')
 5 SYSTEMPATH/CodeIgniter.php(943): App\Controllers\HomepageController->Course_details_view('homepage_assets', 'img', 'favicon.png')
 6 SYSTEMPATH/CodeIgniter.php(503): CodeIgniter\CodeIgniter->runController(Object(App\Controllers\HomepageController))
 7 SYSTEMPATH/CodeIgniter.php(361): CodeIgniter\CodeIgniter->handleRequest(null, Object(Config\Cache), false)
 8 FCPATH/index.php(79): CodeIgniter\CodeIgniter->run()
INFO - 2025-02-19 09:03:41 --> Session: Class initialized using 'CodeIgniter\Session\Handlers\FileHandler' driver.
INFO - 2025-02-19 09:03:45 --> Session: Class initialized using 'CodeIgniter\Session\Handlers\FileHandler' driver.
ERROR - 2025-02-19 09:03:45 --> mysqli_sql_exception: Unknown column 'homepage_assets' in 'where clause' in /var/www/html/vendor/codeigniter4/framework/system/Database/MySQLi/Connection.php:306
Stack trace:
#0 /var/www/html/vendor/codeigniter4/framework/system/Database/MySQLi/Connection.php(306): mysqli->query(' SELECT *  FROM...', 0)
#1 /var/www/html/vendor/codeigniter4/framework/system/Database/BaseConnection.php(693): CodeIgniter\Database\MySQLi\Connection->execute(' SELECT *  FROM...')
#2 /var/www/html/vendor/codeigniter4/framework/system/Database/BaseConnection.php(607): CodeIgniter\Database\BaseConnection->simpleQuery(' SELECT *  FROM...')
#3 /var/www/html/app/Controllers/HomepageController.php(135): CodeIgniter\Database\BaseConnection->query(' SELECT *  FROM...')
#4 /var/www/html/vendor/codeigniter4/framework/system/CodeIgniter.php(943): App\Controllers\HomepageController->Course_details_view('homepage_assets', 'img', 'favicon.png')
#5 /var/www/html/vendor/codeigniter4/framework/system/CodeIgniter.php(503): CodeIgniter\CodeIgniter->runController(Object(App\Controllers\HomepageController))
#6 /var/www/html/vendor/codeigniter4/framework/system/CodeIgniter.php(361): CodeIgniter\CodeIgniter->handleRequest(NULL, Object(Config\Cache), false)
#7 /var/www/html/index.php(79): CodeIgniter\CodeIgniter->run()
#8 {main}
CRITICAL - 2025-02-19 09:03:45 --> CodeIgniter\Database\Exceptions\DatabaseException: Unknown column 'homepage_assets' in 'where clause'
in SYSTEMPATH/Database/BaseConnection.php on line 647.
 1 APPPATH/Controllers/HomepageController.php(135): CodeIgniter\Database\BaseConnection->query(' SELECT *  FROM course_batch
                                WHERE course_id = homepage_assets')
 2 SYSTEMPATH/CodeIgniter.php(943): App\Controllers\HomepageController->Course_details_view('homepage_assets', 'img', 'favicon.png')
 3 SYSTEMPATH/CodeIgniter.php(503): CodeIgniter\CodeIgniter->runController(Object(App\Controllers\HomepageController))
 4 SYSTEMPATH/CodeIgniter.php(361): CodeIgniter\CodeIgniter->handleRequest(null, Object(Config\Cache), false)
 5 FCPATH/index.php(79): CodeIgniter\CodeIgniter->run()
CRITICAL - 2025-02-19 09:03:45 --> [Caused by] CodeIgniter\Database\Exceptions\DatabaseException: Unknown column 'homepage_assets' in 'where clause'
in SYSTEMPATH/Database/MySQLi/Connection.php on line 311.
 1 SYSTEMPATH/Database/BaseConnection.php(693): CodeIgniter\Database\MySQLi\Connection->execute(' SELECT *  FROM course_batch
                                WHERE course_id = homepage_assets')
 2 SYSTEMPATH/Database/BaseConnection.php(607): CodeIgniter\Database\BaseConnection->simpleQuery(' SELECT *  FROM course_batch
                                WHERE course_id = homepage_assets')
 3 APPPATH/Controllers/HomepageController.php(135): CodeIgniter\Database\BaseConnection->query(' SELECT *  FROM course_batch
                                WHERE course_id = homepage_assets')
 4 SYSTEMPATH/CodeIgniter.php(943): App\Controllers\HomepageController->Course_details_view('homepage_assets', 'img', 'favicon.png')
 5 SYSTEMPATH/CodeIgniter.php(503): CodeIgniter\CodeIgniter->runController(Object(App\Controllers\HomepageController))
 6 SYSTEMPATH/CodeIgniter.php(361): CodeIgniter\CodeIgniter->handleRequest(null, Object(Config\Cache), false)
 7 FCPATH/index.php(79): CodeIgniter\CodeIgniter->run()
CRITICAL - 2025-02-19 09:03:45 --> [Caused by] mysqli_sql_exception: Unknown column 'homepage_assets' in 'where clause'
in SYSTEMPATH/Database/MySQLi/Connection.php on line 306.
 1 SYSTEMPATH/Database/MySQLi/Connection.php(306): mysqli->query(' SELECT *  FROM course_batch
                                WHERE course_id = homepage_assets', 0)
 2 SYSTEMPATH/Database/BaseConnection.php(693): CodeIgniter\Database\MySQLi\Connection->execute(' SELECT *  FROM course_batch
                                WHERE course_id = homepage_assets')
 3 SYSTEMPATH/Database/BaseConnection.php(607): CodeIgniter\Database\BaseConnection->simpleQuery(' SELECT *  FROM course_batch
                                WHERE course_id = homepage_assets')
 4 APPPATH/Controllers/HomepageController.php(135): CodeIgniter\Database\BaseConnection->query(' SELECT *  FROM course_batch
                                WHERE course_id = homepage_assets')
 5 SYSTEMPATH/CodeIgniter.php(943): App\Controllers\HomepageController->Course_details_view('homepage_assets', 'img', 'favicon.png')
 6 SYSTEMPATH/CodeIgniter.php(503): CodeIgniter\CodeIgniter->runController(Object(App\Controllers\HomepageController))
 7 SYSTEMPATH/CodeIgniter.php(361): CodeIgniter\CodeIgniter->handleRequest(null, Object(Config\Cache), false)
 8 FCPATH/index.php(79): CodeIgniter\CodeIgniter->run()
INFO - 2025-02-19 09:05:55 --> Session: Class initialized using 'CodeIgniter\Session\Handlers\FileHandler' driver.
INFO - 2025-02-19 09:05:57 --> Session: Class initialized using 'CodeIgniter\Session\Handlers\FileHandler' driver.
INFO - 2025-02-19 09:07:46 --> Session: Class initialized using 'CodeIgniter\Session\Handlers\FileHandler' driver.
INFO - 2025-02-19 09:07:51 --> Session: Class initialized using 'CodeIgniter\Session\Handlers\FileHandler' driver.
ERROR - 2025-02-19 09:07:51 --> mysqli_sql_exception: Unknown column 'homepage_assets' in 'where clause' in /var/www/html/vendor/codeigniter4/framework/system/Database/MySQLi/Connection.php:306
Stack trace:
#0 /var/www/html/vendor/codeigniter4/framework/system/Database/MySQLi/Connection.php(306): mysqli->query(' SELECT *  FROM...', 0)
#1 /var/www/html/vendor/codeigniter4/framework/system/Database/BaseConnection.php(693): CodeIgniter\Database\MySQLi\Connection->execute(' SELECT *  FROM...')
#2 /var/www/html/vendor/codeigniter4/framework/system/Database/BaseConnection.php(607): CodeIgniter\Database\BaseConnection->simpleQuery(' SELECT *  FROM...')
#3 /var/www/html/app/Controllers/HomepageController.php(135): CodeIgniter\Database\BaseConnection->query(' SELECT *  FROM...')
#4 /var/www/html/vendor/codeigniter4/framework/system/CodeIgniter.php(943): App\Controllers\HomepageController->Course_details_view('homepage_assets', 'img', 'favicon.png')
#5 /var/www/html/vendor/codeigniter4/framework/system/CodeIgniter.php(503): CodeIgniter\CodeIgniter->runController(Object(App\Controllers\HomepageController))
#6 /var/www/html/vendor/codeigniter4/framework/system/CodeIgniter.php(361): CodeIgniter\CodeIgniter->handleRequest(NULL, Object(Config\Cache), false)
#7 /var/www/html/index.php(79): CodeIgniter\CodeIgniter->run()
#8 {main}
CRITICAL - 2025-02-19 09:07:51 --> CodeIgniter\Database\Exceptions\DatabaseException: Unknown column 'homepage_assets' in 'where clause'
in SYSTEMPATH/Database/BaseConnection.php on line 647.
 1 APPPATH/Controllers/HomepageController.php(135): CodeIgniter\Database\BaseConnection->query(' SELECT *  FROM course_batch
                                WHERE course_id = homepage_assets')
 2 SYSTEMPATH/CodeIgniter.php(943): App\Controllers\HomepageController->Course_details_view('homepage_assets', 'img', 'favicon.png')
 3 SYSTEMPATH/CodeIgniter.php(503): CodeIgniter\CodeIgniter->runController(Object(App\Controllers\HomepageController))
 4 SYSTEMPATH/CodeIgniter.php(361): CodeIgniter\CodeIgniter->handleRequest(null, Object(Config\Cache), false)
 5 FCPATH/index.php(79): CodeIgniter\CodeIgniter->run()
CRITICAL - 2025-02-19 09:07:51 --> [Caused by] CodeIgniter\Database\Exceptions\DatabaseException: Unknown column 'homepage_assets' in 'where clause'
in SYSTEMPATH/Database/MySQLi/Connection.php on line 311.
 1 SYSTEMPATH/Database/BaseConnection.php(693): CodeIgniter\Database\MySQLi\Connection->execute(' SELECT *  FROM course_batch
                                WHERE course_id = homepage_assets')
 2 SYSTEMPATH/Database/BaseConnection.php(607): CodeIgniter\Database\BaseConnection->simpleQuery(' SELECT *  FROM course_batch
                                WHERE course_id = homepage_assets')
 3 APPPATH/Controllers/HomepageController.php(135): CodeIgniter\Database\BaseConnection->query(' SELECT *  FROM course_batch
                                WHERE course_id = homepage_assets')
 4 SYSTEMPATH/CodeIgniter.php(943): App\Controllers\HomepageController->Course_details_view('homepage_assets', 'img', 'favicon.png')
 5 SYSTEMPATH/CodeIgniter.php(503): CodeIgniter\CodeIgniter->runController(Object(App\Controllers\HomepageController))
 6 SYSTEMPATH/CodeIgniter.php(361): CodeIgniter\CodeIgniter->handleRequest(null, Object(Config\Cache), false)
 7 FCPATH/index.php(79): CodeIgniter\CodeIgniter->run()
CRITICAL - 2025-02-19 09:07:51 --> [Caused by] mysqli_sql_exception: Unknown column 'homepage_assets' in 'where clause'
in SYSTEMPATH/Database/MySQLi/Connection.php on line 306.
 1 SYSTEMPATH/Database/MySQLi/Connection.php(306): mysqli->query(' SELECT *  FROM course_batch
                                WHERE course_id = homepage_assets', 0)
 2 SYSTEMPATH/Database/BaseConnection.php(693): CodeIgniter\Database\MySQLi\Connection->execute(' SELECT *  FROM course_batch
                                WHERE course_id = homepage_assets')
 3 SYSTEMPATH/Database/BaseConnection.php(607): CodeIgniter\Database\BaseConnection->simpleQuery(' SELECT *  FROM course_batch
                                WHERE course_id = homepage_assets')
 4 APPPATH/Controllers/HomepageController.php(135): CodeIgniter\Database\BaseConnection->query(' SELECT *  FROM course_batch
                                WHERE course_id = homepage_assets')
 5 SYSTEMPATH/CodeIgniter.php(943): App\Controllers\HomepageController->Course_details_view('homepage_assets', 'img', 'favicon.png')
 6 SYSTEMPATH/CodeIgniter.php(503): CodeIgniter\CodeIgniter->runController(Object(App\Controllers\HomepageController))
 7 SYSTEMPATH/CodeIgniter.php(361): CodeIgniter\CodeIgniter->handleRequest(null, Object(Config\Cache), false)
 8 FCPATH/index.php(79): CodeIgniter\CodeIgniter->run()
INFO - 2025-02-19 09:07:55 --> Session: Class initialized using 'CodeIgniter\Session\Handlers\FileHandler' driver.
ERROR - 2025-02-19 09:07:55 --> mysqli_sql_exception: Unknown column 'homepage_assets' in 'where clause' in /var/www/html/vendor/codeigniter4/framework/system/Database/MySQLi/Connection.php:306
Stack trace:
#0 /var/www/html/vendor/codeigniter4/framework/system/Database/MySQLi/Connection.php(306): mysqli->query(' SELECT *  FROM...', 0)
#1 /var/www/html/vendor/codeigniter4/framework/system/Database/BaseConnection.php(693): CodeIgniter\Database\MySQLi\Connection->execute(' SELECT *  FROM...')
#2 /var/www/html/vendor/codeigniter4/framework/system/Database/BaseConnection.php(607): CodeIgniter\Database\BaseConnection->simpleQuery(' SELECT *  FROM...')
#3 /var/www/html/app/Controllers/HomepageController.php(135): CodeIgniter\Database\BaseConnection->query(' SELECT *  FROM...')
#4 /var/www/html/vendor/codeigniter4/framework/system/CodeIgniter.php(943): App\Controllers\HomepageController->Course_details_view('homepage_assets', 'img', 'favicon.png')
#5 /var/www/html/vendor/codeigniter4/framework/system/CodeIgniter.php(503): CodeIgniter\CodeIgniter->runController(Object(App\Controllers\HomepageController))
#6 /var/www/html/vendor/codeigniter4/framework/system/CodeIgniter.php(361): CodeIgniter\CodeIgniter->handleRequest(NULL, Object(Config\Cache), false)
#7 /var/www/html/index.php(79): CodeIgniter\CodeIgniter->run()
#8 {main}
CRITICAL - 2025-02-19 09:07:55 --> CodeIgniter\Database\Exceptions\DatabaseException: Unknown column 'homepage_assets' in 'where clause'
in SYSTEMPATH/Database/BaseConnection.php on line 647.
 1 APPPATH/Controllers/HomepageController.php(135): CodeIgniter\Database\BaseConnection->query(' SELECT *  FROM course_batch
                                WHERE course_id = homepage_assets')
 2 SYSTEMPATH/CodeIgniter.php(943): App\Controllers\HomepageController->Course_details_view('homepage_assets', 'img', 'favicon.png')
 3 SYSTEMPATH/CodeIgniter.php(503): CodeIgniter\CodeIgniter->runController(Object(App\Controllers\HomepageController))
 4 SYSTEMPATH/CodeIgniter.php(361): CodeIgniter\CodeIgniter->handleRequest(null, Object(Config\Cache), false)
 5 FCPATH/index.php(79): CodeIgniter\CodeIgniter->run()
CRITICAL - 2025-02-19 09:07:55 --> [Caused by] CodeIgniter\Database\Exceptions\DatabaseException: Unknown column 'homepage_assets' in 'where clause'
in SYSTEMPATH/Database/MySQLi/Connection.php on line 311.
 1 SYSTEMPATH/Database/BaseConnection.php(693): CodeIgniter\Database\MySQLi\Connection->execute(' SELECT *  FROM course_batch
                                WHERE course_id = homepage_assets')
 2 SYSTEMPATH/Database/BaseConnection.php(607): CodeIgniter\Database\BaseConnection->simpleQuery(' SELECT *  FROM course_batch
                                WHERE course_id = homepage_assets')
 3 APPPATH/Controllers/HomepageController.php(135): CodeIgniter\Database\BaseConnection->query(' SELECT *  FROM course_batch
                                WHERE course_id = homepage_assets')
 4 SYSTEMPATH/CodeIgniter.php(943): App\Controllers\HomepageController->Course_details_view('homepage_assets', 'img', 'favicon.png')
 5 SYSTEMPATH/CodeIgniter.php(503): CodeIgniter\CodeIgniter->runController(Object(App\Controllers\HomepageController))
 6 SYSTEMPATH/CodeIgniter.php(361): CodeIgniter\CodeIgniter->handleRequest(null, Object(Config\Cache), false)
 7 FCPATH/index.php(79): CodeIgniter\CodeIgniter->run()
CRITICAL - 2025-02-19 09:07:55 --> [Caused by] mysqli_sql_exception: Unknown column 'homepage_assets' in 'where clause'
in SYSTEMPATH/Database/MySQLi/Connection.php on line 306.
 1 SYSTEMPATH/Database/MySQLi/Connection.php(306): mysqli->query(' SELECT *  FROM course_batch
                                WHERE course_id = homepage_assets', 0)
 2 SYSTEMPATH/Database/BaseConnection.php(693): CodeIgniter\Database\MySQLi\Connection->execute(' SELECT *  FROM course_batch
                                WHERE course_id = homepage_assets')
 3 SYSTEMPATH/Database/BaseConnection.php(607): CodeIgniter\Database\BaseConnection->simpleQuery(' SELECT *  FROM course_batch
                                WHERE course_id = homepage_assets')
 4 APPPATH/Controllers/HomepageController.php(135): CodeIgniter\Database\BaseConnection->query(' SELECT *  FROM course_batch
                                WHERE course_id = homepage_assets')
 5 SYSTEMPATH/CodeIgniter.php(943): App\Controllers\HomepageController->Course_details_view('homepage_assets', 'img', 'favicon.png')
 6 SYSTEMPATH/CodeIgniter.php(503): CodeIgniter\CodeIgniter->runController(Object(App\Controllers\HomepageController))
 7 SYSTEMPATH/CodeIgniter.php(361): CodeIgniter\CodeIgniter->handleRequest(null, Object(Config\Cache), false)
 8 FCPATH/index.php(79): CodeIgniter\CodeIgniter->run()
INFO - 2025-02-19 09:10:38 --> Session: Class initialized using 'CodeIgniter\Session\Handlers\FileHandler' driver.
INFO - 2025-02-19 09:11:32 --> Session: Class initialized using 'CodeIgniter\Session\Handlers\FileHandler' driver.
INFO - 2025-02-19 09:11:42 --> Session: Class initialized using 'CodeIgniter\Session\Handlers\FileHandler' driver.
INFO - 2025-02-19 09:11:42 --> Session: Class initialized using 'CodeIgniter\Session\Handlers\FileHandler' driver.
INFO - 2025-02-19 09:11:45 --> Session: Class initialized using 'CodeIgniter\Session\Handlers\FileHandler' driver.
INFO - 2025-02-19 09:11:48 --> Session: Class initialized using 'CodeIgniter\Session\Handlers\FileHandler' driver.
ERROR - 2025-02-19 09:11:48 --> mysqli_sql_exception: Unknown column 'homepage_assets' in 'where clause' in /var/www/html/vendor/codeigniter4/framework/system/Database/MySQLi/Connection.php:306
Stack trace:
#0 /var/www/html/vendor/codeigniter4/framework/system/Database/MySQLi/Connection.php(306): mysqli->query(' SELECT *  FROM...', 0)
#1 /var/www/html/vendor/codeigniter4/framework/system/Database/BaseConnection.php(693): CodeIgniter\Database\MySQLi\Connection->execute(' SELECT *  FROM...')
#2 /var/www/html/vendor/codeigniter4/framework/system/Database/BaseConnection.php(607): CodeIgniter\Database\BaseConnection->simpleQuery(' SELECT *  FROM...')
#3 /var/www/html/app/Controllers/HomepageController.php(135): CodeIgniter\Database\BaseConnection->query(' SELECT *  FROM...')
#4 /var/www/html/vendor/codeigniter4/framework/system/CodeIgniter.php(943): App\Controllers\HomepageController->Course_details_view('homepage_assets', 'img', 'favicon.png')
#5 /var/www/html/vendor/codeigniter4/framework/system/CodeIgniter.php(503): CodeIgniter\CodeIgniter->runController(Object(App\Controllers\HomepageController))
#6 /var/www/html/vendor/codeigniter4/framework/system/CodeIgniter.php(361): CodeIgniter\CodeIgniter->handleRequest(NULL, Object(Config\Cache), false)
#7 /var/www/html/index.php(79): CodeIgniter\CodeIgniter->run()
#8 {main}
CRITICAL - 2025-02-19 09:11:48 --> CodeIgniter\Database\Exceptions\DatabaseException: Unknown column 'homepage_assets' in 'where clause'
in SYSTEMPATH/Database/BaseConnection.php on line 647.
 1 APPPATH/Controllers/HomepageController.php(135): CodeIgniter\Database\BaseConnection->query(' SELECT *  FROM course_batch
                                WHERE course_id = homepage_assets')
 2 SYSTEMPATH/CodeIgniter.php(943): App\Controllers\HomepageController->Course_details_view('homepage_assets', 'img', 'favicon.png')
 3 SYSTEMPATH/CodeIgniter.php(503): CodeIgniter\CodeIgniter->runController(Object(App\Controllers\HomepageController))
 4 SYSTEMPATH/CodeIgniter.php(361): CodeIgniter\CodeIgniter->handleRequest(null, Object(Config\Cache), false)
 5 FCPATH/index.php(79): CodeIgniter\CodeIgniter->run()
CRITICAL - 2025-02-19 09:11:48 --> [Caused by] CodeIgniter\Database\Exceptions\DatabaseException: Unknown column 'homepage_assets' in 'where clause'
in SYSTEMPATH/Database/MySQLi/Connection.php on line 311.
 1 SYSTEMPATH/Database/BaseConnection.php(693): CodeIgniter\Database\MySQLi\Connection->execute(' SELECT *  FROM course_batch
                                WHERE course_id = homepage_assets')
 2 SYSTEMPATH/Database/BaseConnection.php(607): CodeIgniter\Database\BaseConnection->simpleQuery(' SELECT *  FROM course_batch
                                WHERE course_id = homepage_assets')
 3 APPPATH/Controllers/HomepageController.php(135): CodeIgniter\Database\BaseConnection->query(' SELECT *  FROM course_batch
                                WHERE course_id = homepage_assets')
 4 SYSTEMPATH/CodeIgniter.php(943): App\Controllers\HomepageController->Course_details_view('homepage_assets', 'img', 'favicon.png')
 5 SYSTEMPATH/CodeIgniter.php(503): CodeIgniter\CodeIgniter->runController(Object(App\Controllers\HomepageController))
 6 SYSTEMPATH/CodeIgniter.php(361): CodeIgniter\CodeIgniter->handleRequest(null, Object(Config\Cache), false)
 7 FCPATH/index.php(79): CodeIgniter\CodeIgniter->run()
CRITICAL - 2025-02-19 09:11:48 --> [Caused by] mysqli_sql_exception: Unknown column 'homepage_assets' in 'where clause'
in SYSTEMPATH/Database/MySQLi/Connection.php on line 306.
 1 SYSTEMPATH/Database/MySQLi/Connection.php(306): mysqli->query(' SELECT *  FROM course_batch
                                WHERE course_id = homepage_assets', 0)
 2 SYSTEMPATH/Database/BaseConnection.php(693): CodeIgniter\Database\MySQLi\Connection->execute(' SELECT *  FROM course_batch
                                WHERE course_id = homepage_assets')
 3 SYSTEMPATH/Database/BaseConnection.php(607): CodeIgniter\Database\BaseConnection->simpleQuery(' SELECT *  FROM course_batch
                                WHERE course_id = homepage_assets')
 4 APPPATH/Controllers/HomepageController.php(135): CodeIgniter\Database\BaseConnection->query(' SELECT *  FROM course_batch
                                WHERE course_id = homepage_assets')
 5 SYSTEMPATH/CodeIgniter.php(943): App\Controllers\HomepageController->Course_details_view('homepage_assets', 'img', 'favicon.png')
 6 SYSTEMPATH/CodeIgniter.php(503): CodeIgniter\CodeIgniter->runController(Object(App\Controllers\HomepageController))
 7 SYSTEMPATH/CodeIgniter.php(361): CodeIgniter\CodeIgniter->handleRequest(null, Object(Config\Cache), false)
 8 FCPATH/index.php(79): CodeIgniter\CodeIgniter->run()
INFO - 2025-02-19 09:23:50 --> Session: Class initialized using 'CodeIgniter\Session\Handlers\FileHandler' driver.
INFO - 2025-02-19 09:25:32 --> Session: Class initialized using 'CodeIgniter\Session\Handlers\FileHandler' driver.
INFO - 2025-02-19 09:36:26 --> Session: Class initialized using 'CodeIgniter\Session\Handlers\FileHandler' driver.
INFO - 2025-02-19 10:12:12 --> Session: Class initialized using 'CodeIgniter\Session\Handlers\FileHandler' driver.
INFO - 2025-02-19 10:25:25 --> Session: Class initialized using 'CodeIgniter\Session\Handlers\FileHandler' driver.
ERROR - 2025-02-19 10:25:25 --> mysqli_sql_exception: Unknown column 'homepage_assets' in 'where clause' in /var/www/html/vendor/codeigniter4/framework/system/Database/MySQLi/Connection.php:306
Stack trace:
#0 /var/www/html/vendor/codeigniter4/framework/system/Database/MySQLi/Connection.php(306): mysqli->query(' SELECT *  FROM...', 0)
#1 /var/www/html/vendor/codeigniter4/framework/system/Database/BaseConnection.php(693): CodeIgniter\Database\MySQLi\Connection->execute(' SELECT *  FROM...')
#2 /var/www/html/vendor/codeigniter4/framework/system/Database/BaseConnection.php(607): CodeIgniter\Database\BaseConnection->simpleQuery(' SELECT *  FROM...')
#3 /var/www/html/app/Controllers/HomepageController.php(135): CodeIgniter\Database\BaseConnection->query(' SELECT *  FROM...')
#4 /var/www/html/vendor/codeigniter4/framework/system/CodeIgniter.php(943): App\Controllers\HomepageController->Course_details_view('homepage_assets', 'img', 'favicon.png')
#5 /var/www/html/vendor/codeigniter4/framework/system/CodeIgniter.php(503): CodeIgniter\CodeIgniter->runController(Object(App\Controllers\HomepageController))
#6 /var/www/html/vendor/codeigniter4/framework/system/CodeIgniter.php(361): CodeIgniter\CodeIgniter->handleRequest(NULL, Object(Config\Cache), false)
#7 /var/www/html/index.php(79): CodeIgniter\CodeIgniter->run()
#8 {main}
CRITICAL - 2025-02-19 10:25:25 --> CodeIgniter\Database\Exceptions\DatabaseException: Unknown column 'homepage_assets' in 'where clause'
in SYSTEMPATH/Database/BaseConnection.php on line 647.
 1 APPPATH/Controllers/HomepageController.php(135): CodeIgniter\Database\BaseConnection->query(' SELECT *  FROM course_batch
                                WHERE course_id = homepage_assets')
 2 SYSTEMPATH/CodeIgniter.php(943): App\Controllers\HomepageController->Course_details_view('homepage_assets', 'img', 'favicon.png')
 3 SYSTEMPATH/CodeIgniter.php(503): CodeIgniter\CodeIgniter->runController(Object(App\Controllers\HomepageController))
 4 SYSTEMPATH/CodeIgniter.php(361): CodeIgniter\CodeIgniter->handleRequest(null, Object(Config\Cache), false)
 5 FCPATH/index.php(79): CodeIgniter\CodeIgniter->run()
CRITICAL - 2025-02-19 10:25:25 --> [Caused by] CodeIgniter\Database\Exceptions\DatabaseException: Unknown column 'homepage_assets' in 'where clause'
in SYSTEMPATH/Database/MySQLi/Connection.php on line 311.
 1 SYSTEMPATH/Database/BaseConnection.php(693): CodeIgniter\Database\MySQLi\Connection->execute(' SELECT *  FROM course_batch
                                WHERE course_id = homepage_assets')
 2 SYSTEMPATH/Database/BaseConnection.php(607): CodeIgniter\Database\BaseConnection->simpleQuery(' SELECT *  FROM course_batch
                                WHERE course_id = homepage_assets')
 3 APPPATH/Controllers/HomepageController.php(135): CodeIgniter\Database\BaseConnection->query(' SELECT *  FROM course_batch
                                WHERE course_id = homepage_assets')
 4 SYSTEMPATH/CodeIgniter.php(943): App\Controllers\HomepageController->Course_details_view('homepage_assets', 'img', 'favicon.png')
 5 SYSTEMPATH/CodeIgniter.php(503): CodeIgniter\CodeIgniter->runController(Object(App\Controllers\HomepageController))
 6 SYSTEMPATH/CodeIgniter.php(361): CodeIgniter\CodeIgniter->handleRequest(null, Object(Config\Cache), false)
 7 FCPATH/index.php(79): CodeIgniter\CodeIgniter->run()
CRITICAL - 2025-02-19 10:25:25 --> [Caused by] mysqli_sql_exception: Unknown column 'homepage_assets' in 'where clause'
in SYSTEMPATH/Database/MySQLi/Connection.php on line 306.
 1 SYSTEMPATH/Database/MySQLi/Connection.php(306): mysqli->query(' SELECT *  FROM course_batch
                                WHERE course_id = homepage_assets', 0)
 2 SYSTEMPATH/Database/BaseConnection.php(693): CodeIgniter\Database\MySQLi\Connection->execute(' SELECT *  FROM course_batch
                                WHERE course_id = homepage_assets')
 3 SYSTEMPATH/Database/BaseConnection.php(607): CodeIgniter\Database\BaseConnection->simpleQuery(' SELECT *  FROM course_batch
                                WHERE course_id = homepage_assets')
 4 APPPATH/Controllers/HomepageController.php(135): CodeIgniter\Database\BaseConnection->query(' SELECT *  FROM course_batch
                                WHERE course_id = homepage_assets')
 5 SYSTEMPATH/CodeIgniter.php(943): App\Controllers\HomepageController->Course_details_view('homepage_assets', 'img', 'favicon.png')
 6 SYSTEMPATH/CodeIgniter.php(503): CodeIgniter\CodeIgniter->runController(Object(App\Controllers\HomepageController))
 7 SYSTEMPATH/CodeIgniter.php(361): CodeIgniter\CodeIgniter->handleRequest(null, Object(Config\Cache), false)
 8 FCPATH/index.php(79): CodeIgniter\CodeIgniter->run()
INFO - 2025-02-19 11:03:21 --> Session: Class initialized using 'CodeIgniter\Session\Handlers\FileHandler' driver.
INFO - 2025-02-19 11:03:25 --> Session: Class initialized using 'CodeIgniter\Session\Handlers\FileHandler' driver.
ERROR - 2025-02-19 11:03:25 --> mysqli_sql_exception: Unknown column 'homepage_assets' in 'where clause' in /var/www/html/vendor/codeigniter4/framework/system/Database/MySQLi/Connection.php:306
Stack trace:
#0 /var/www/html/vendor/codeigniter4/framework/system/Database/MySQLi/Connection.php(306): mysqli->query(' SELECT *  FROM...', 0)
#1 /var/www/html/vendor/codeigniter4/framework/system/Database/BaseConnection.php(693): CodeIgniter\Database\MySQLi\Connection->execute(' SELECT *  FROM...')
#2 /var/www/html/vendor/codeigniter4/framework/system/Database/BaseConnection.php(607): CodeIgniter\Database\BaseConnection->simpleQuery(' SELECT *  FROM...')
#3 /var/www/html/app/Controllers/HomepageController.php(135): CodeIgniter\Database\BaseConnection->query(' SELECT *  FROM...')
#4 /var/www/html/vendor/codeigniter4/framework/system/CodeIgniter.php(943): App\Controllers\HomepageController->Course_details_view('homepage_assets', 'img', 'favicon.png')
#5 /var/www/html/vendor/codeigniter4/framework/system/CodeIgniter.php(503): CodeIgniter\CodeIgniter->runController(Object(App\Controllers\HomepageController))
#6 /var/www/html/vendor/codeigniter4/framework/system/CodeIgniter.php(361): CodeIgniter\CodeIgniter->handleRequest(NULL, Object(Config\Cache), false)
#7 /var/www/html/index.php(79): CodeIgniter\CodeIgniter->run()
#8 {main}
CRITICAL - 2025-02-19 11:03:25 --> CodeIgniter\Database\Exceptions\DatabaseException: Unknown column 'homepage_assets' in 'where clause'
in SYSTEMPATH/Database/BaseConnection.php on line 647.
 1 APPPATH/Controllers/HomepageController.php(135): CodeIgniter\Database\BaseConnection->query(' SELECT *  FROM course_batch
                                WHERE course_id = homepage_assets')
 2 SYSTEMPATH/CodeIgniter.php(943): App\Controllers\HomepageController->Course_details_view('homepage_assets', 'img', 'favicon.png')
 3 SYSTEMPATH/CodeIgniter.php(503): CodeIgniter\CodeIgniter->runController(Object(App\Controllers\HomepageController))
 4 SYSTEMPATH/CodeIgniter.php(361): CodeIgniter\CodeIgniter->handleRequest(null, Object(Config\Cache), false)
 5 FCPATH/index.php(79): CodeIgniter\CodeIgniter->run()
CRITICAL - 2025-02-19 11:03:25 --> [Caused by] CodeIgniter\Database\Exceptions\DatabaseException: Unknown column 'homepage_assets' in 'where clause'
in SYSTEMPATH/Database/MySQLi/Connection.php on line 311.
 1 SYSTEMPATH/Database/BaseConnection.php(693): CodeIgniter\Database\MySQLi\Connection->execute(' SELECT *  FROM course_batch
                                WHERE course_id = homepage_assets')
 2 SYSTEMPATH/Database/BaseConnection.php(607): CodeIgniter\Database\BaseConnection->simpleQuery(' SELECT *  FROM course_batch
                                WHERE course_id = homepage_assets')
 3 APPPATH/Controllers/HomepageController.php(135): CodeIgniter\Database\BaseConnection->query(' SELECT *  FROM course_batch
                                WHERE course_id = homepage_assets')
 4 SYSTEMPATH/CodeIgniter.php(943): App\Controllers\HomepageController->Course_details_view('homepage_assets', 'img', 'favicon.png')
 5 SYSTEMPATH/CodeIgniter.php(503): CodeIgniter\CodeIgniter->runController(Object(App\Controllers\HomepageController))
 6 SYSTEMPATH/CodeIgniter.php(361): CodeIgniter\CodeIgniter->handleRequest(null, Object(Config\Cache), false)
 7 FCPATH/index.php(79): CodeIgniter\CodeIgniter->run()
CRITICAL - 2025-02-19 11:03:25 --> [Caused by] mysqli_sql_exception: Unknown column 'homepage_assets' in 'where clause'
in SYSTEMPATH/Database/MySQLi/Connection.php on line 306.
 1 SYSTEMPATH/Database/MySQLi/Connection.php(306): mysqli->query(' SELECT *  FROM course_batch
                                WHERE course_id = homepage_assets', 0)
 2 SYSTEMPATH/Database/BaseConnection.php(693): CodeIgniter\Database\MySQLi\Connection->execute(' SELECT *  FROM course_batch
                                WHERE course_id = homepage_assets')
 3 SYSTEMPATH/Database/BaseConnection.php(607): CodeIgniter\Database\BaseConnection->simpleQuery(' SELECT *  FROM course_batch
                                WHERE course_id = homepage_assets')
 4 APPPATH/Controllers/HomepageController.php(135): CodeIgniter\Database\BaseConnection->query(' SELECT *  FROM course_batch
                                WHERE course_id = homepage_assets')
 5 SYSTEMPATH/CodeIgniter.php(943): App\Controllers\HomepageController->Course_details_view('homepage_assets', 'img', 'favicon.png')
 6 SYSTEMPATH/CodeIgniter.php(503): CodeIgniter\CodeIgniter->runController(Object(App\Controllers\HomepageController))
 7 SYSTEMPATH/CodeIgniter.php(361): CodeIgniter\CodeIgniter->handleRequest(null, Object(Config\Cache), false)
 8 FCPATH/index.php(79): CodeIgniter\CodeIgniter->run()
INFO - 2025-02-19 11:25:04 --> Session: Class initialized using 'CodeIgniter\Session\Handlers\FileHandler' driver.
INFO - 2025-02-19 11:25:18 --> Session: Class initialized using 'CodeIgniter\Session\Handlers\FileHandler' driver.
ERROR - 2025-02-19 11:25:18 --> mysqli_sql_exception: Unknown column 'homepage_assets' in 'where clause' in /var/www/html/vendor/codeigniter4/framework/system/Database/MySQLi/Connection.php:306
Stack trace:
#0 /var/www/html/vendor/codeigniter4/framework/system/Database/MySQLi/Connection.php(306): mysqli->query(' SELECT *  FROM...', 0)
#1 /var/www/html/vendor/codeigniter4/framework/system/Database/BaseConnection.php(693): CodeIgniter\Database\MySQLi\Connection->execute(' SELECT *  FROM...')
#2 /var/www/html/vendor/codeigniter4/framework/system/Database/BaseConnection.php(607): CodeIgniter\Database\BaseConnection->simpleQuery(' SELECT *  FROM...')
#3 /var/www/html/app/Controllers/HomepageController.php(135): CodeIgniter\Database\BaseConnection->query(' SELECT *  FROM...')
#4 /var/www/html/vendor/codeigniter4/framework/system/CodeIgniter.php(943): App\Controllers\HomepageController->Course_details_view('homepage_assets', 'img', 'logo.png')
#5 /var/www/html/vendor/codeigniter4/framework/system/CodeIgniter.php(503): CodeIgniter\CodeIgniter->runController(Object(App\Controllers\HomepageController))
#6 /var/www/html/vendor/codeigniter4/framework/system/CodeIgniter.php(361): CodeIgniter\CodeIgniter->handleRequest(NULL, Object(Config\Cache), false)
#7 /var/www/html/index.php(79): CodeIgniter\CodeIgniter->run()
#8 {main}
CRITICAL - 2025-02-19 11:25:18 --> CodeIgniter\Database\Exceptions\DatabaseException: Unknown column 'homepage_assets' in 'where clause'
in SYSTEMPATH/Database/BaseConnection.php on line 647.
 1 APPPATH/Controllers/HomepageController.php(135): CodeIgniter\Database\BaseConnection->query(' SELECT *  FROM course_batch
                                WHERE course_id = homepage_assets')
 2 SYSTEMPATH/CodeIgniter.php(943): App\Controllers\HomepageController->Course_details_view('homepage_assets', 'img', 'logo.png')
 3 SYSTEMPATH/CodeIgniter.php(503): CodeIgniter\CodeIgniter->runController(Object(App\Controllers\HomepageController))
 4 SYSTEMPATH/CodeIgniter.php(361): CodeIgniter\CodeIgniter->handleRequest(null, Object(Config\Cache), false)
 5 FCPATH/index.php(79): CodeIgniter\CodeIgniter->run()
CRITICAL - 2025-02-19 11:25:18 --> [Caused by] CodeIgniter\Database\Exceptions\DatabaseException: Unknown column 'homepage_assets' in 'where clause'
in SYSTEMPATH/Database/MySQLi/Connection.php on line 311.
 1 SYSTEMPATH/Database/BaseConnection.php(693): CodeIgniter\Database\MySQLi\Connection->execute(' SELECT *  FROM course_batch
                                WHERE course_id = homepage_assets')
 2 SYSTEMPATH/Database/BaseConnection.php(607): CodeIgniter\Database\BaseConnection->simpleQuery(' SELECT *  FROM course_batch
                                WHERE course_id = homepage_assets')
 3 APPPATH/Controllers/HomepageController.php(135): CodeIgniter\Database\BaseConnection->query(' SELECT *  FROM course_batch
                                WHERE course_id = homepage_assets')
 4 SYSTEMPATH/CodeIgniter.php(943): App\Controllers\HomepageController->Course_details_view('homepage_assets', 'img', 'logo.png')
 5 SYSTEMPATH/CodeIgniter.php(503): CodeIgniter\CodeIgniter->runController(Object(App\Controllers\HomepageController))
 6 SYSTEMPATH/CodeIgniter.php(361): CodeIgniter\CodeIgniter->handleRequest(null, Object(Config\Cache), false)
 7 FCPATH/index.php(79): CodeIgniter\CodeIgniter->run()
CRITICAL - 2025-02-19 11:25:18 --> [Caused by] mysqli_sql_exception: Unknown column 'homepage_assets' in 'where clause'
in SYSTEMPATH/Database/MySQLi/Connection.php on line 306.
 1 SYSTEMPATH/Database/MySQLi/Connection.php(306): mysqli->query(' SELECT *  FROM course_batch
                                WHERE course_id = homepage_assets', 0)
 2 SYSTEMPATH/Database/BaseConnection.php(693): CodeIgniter\Database\MySQLi\Connection->execute(' SELECT *  FROM course_batch
                                WHERE course_id = homepage_assets')
 3 SYSTEMPATH/Database/BaseConnection.php(607): CodeIgniter\Database\BaseConnection->simpleQuery(' SELECT *  FROM course_batch
                                WHERE course_id = homepage_assets')
 4 APPPATH/Controllers/HomepageController.php(135): CodeIgniter\Database\BaseConnection->query(' SELECT *  FROM course_batch
                                WHERE course_id = homepage_assets')
 5 SYSTEMPATH/CodeIgniter.php(943): App\Controllers\HomepageController->Course_details_view('homepage_assets', 'img', 'logo.png')
 6 SYSTEMPATH/CodeIgniter.php(503): CodeIgniter\CodeIgniter->runController(Object(App\Controllers\HomepageController))
 7 SYSTEMPATH/CodeIgniter.php(361): CodeIgniter\CodeIgniter->handleRequest(null, Object(Config\Cache), false)
 8 FCPATH/index.php(79): CodeIgniter\CodeIgniter->run()
INFO - 2025-02-19 11:26:56 --> Session: Class initialized using 'CodeIgniter\Session\Handlers\FileHandler' driver.
INFO - 2025-02-19 11:30:16 --> Session: Class initialized using 'CodeIgniter\Session\Handlers\FileHandler' driver.
INFO - 2025-02-19 11:47:59 --> Session: Class initialized using 'CodeIgniter\Session\Handlers\FileHandler' driver.
INFO - 2025-02-19 11:48:02 --> Session: Class initialized using 'CodeIgniter\Session\Handlers\FileHandler' driver.
INFO - 2025-02-19 11:48:03 --> Session: Class initialized using 'CodeIgniter\Session\Handlers\FileHandler' driver.
ERROR - 2025-02-19 11:48:03 --> mysqli_sql_exception: Unknown column 'homepage_assets' in 'where clause' in /var/www/html/vendor/codeigniter4/framework/system/Database/MySQLi/Connection.php:306
Stack trace:
#0 /var/www/html/vendor/codeigniter4/framework/system/Database/MySQLi/Connection.php(306): mysqli->query(' SELECT *  FROM...', 0)
#1 /var/www/html/vendor/codeigniter4/framework/system/Database/BaseConnection.php(693): CodeIgniter\Database\MySQLi\Connection->execute(' SELECT *  FROM...')
#2 /var/www/html/vendor/codeigniter4/framework/system/Database/BaseConnection.php(607): CodeIgniter\Database\BaseConnection->simpleQuery(' SELECT *  FROM...')
#3 /var/www/html/app/Controllers/HomepageController.php(135): CodeIgniter\Database\BaseConnection->query(' SELECT *  FROM...')
#4 /var/www/html/vendor/codeigniter4/framework/system/CodeIgniter.php(943): App\Controllers\HomepageController->Course_details_view('homepage_assets', 'img', 'apple-touch-ico...')
#5 /var/www/html/vendor/codeigniter4/framework/system/CodeIgniter.php(503): CodeIgniter\CodeIgniter->runController(Object(App\Controllers\HomepageController))
#6 /var/www/html/vendor/codeigniter4/framework/system/CodeIgniter.php(361): CodeIgniter\CodeIgniter->handleRequest(NULL, Object(Config\Cache), false)
#7 /var/www/html/index.php(79): CodeIgniter\CodeIgniter->run()
#8 {main}
CRITICAL - 2025-02-19 11:48:03 --> CodeIgniter\Database\Exceptions\DatabaseException: Unknown column 'homepage_assets' in 'where clause'
in SYSTEMPATH/Database/BaseConnection.php on line 647.
 1 APPPATH/Controllers/HomepageController.php(135): CodeIgniter\Database\BaseConnection->query(' SELECT *  FROM course_batch
                                WHERE course_id = homepage_assets')
 2 SYSTEMPATH/CodeIgniter.php(943): App\Controllers\HomepageController->Course_details_view('homepage_assets', 'img', 'apple-touch-icon.png')
 3 SYSTEMPATH/CodeIgniter.php(503): CodeIgniter\CodeIgniter->runController(Object(App\Controllers\HomepageController))
 4 SYSTEMPATH/CodeIgniter.php(361): CodeIgniter\CodeIgniter->handleRequest(null, Object(Config\Cache), false)
 5 FCPATH/index.php(79): CodeIgniter\CodeIgniter->run()
CRITICAL - 2025-02-19 11:48:03 --> [Caused by] CodeIgniter\Database\Exceptions\DatabaseException: Unknown column 'homepage_assets' in 'where clause'
in SYSTEMPATH/Database/MySQLi/Connection.php on line 311.
 1 SYSTEMPATH/Database/BaseConnection.php(693): CodeIgniter\Database\MySQLi\Connection->execute(' SELECT *  FROM course_batch
                                WHERE course_id = homepage_assets')
 2 SYSTEMPATH/Database/BaseConnection.php(607): CodeIgniter\Database\BaseConnection->simpleQuery(' SELECT *  FROM course_batch
                                WHERE course_id = homepage_assets')
 3 APPPATH/Controllers/HomepageController.php(135): CodeIgniter\Database\BaseConnection->query(' SELECT *  FROM course_batch
                                WHERE course_id = homepage_assets')
 4 SYSTEMPATH/CodeIgniter.php(943): App\Controllers\HomepageController->Course_details_view('homepage_assets', 'img', 'apple-touch-icon.png')
 5 SYSTEMPATH/CodeIgniter.php(503): CodeIgniter\CodeIgniter->runController(Object(App\Controllers\HomepageController))
 6 SYSTEMPATH/CodeIgniter.php(361): CodeIgniter\CodeIgniter->handleRequest(null, Object(Config\Cache), false)
 7 FCPATH/index.php(79): CodeIgniter\CodeIgniter->run()
CRITICAL - 2025-02-19 11:48:03 --> [Caused by] mysqli_sql_exception: Unknown column 'homepage_assets' in 'where clause'
in SYSTEMPATH/Database/MySQLi/Connection.php on line 306.
 1 SYSTEMPATH/Database/MySQLi/Connection.php(306): mysqli->query(' SELECT *  FROM course_batch
                                WHERE course_id = homepage_assets', 0)
 2 SYSTEMPATH/Database/BaseConnection.php(693): CodeIgniter\Database\MySQLi\Connection->execute(' SELECT *  FROM course_batch
                                WHERE course_id = homepage_assets')
 3 SYSTEMPATH/Database/BaseConnection.php(607): CodeIgniter\Database\BaseConnection->simpleQuery(' SELECT *  FROM course_batch
                                WHERE course_id = homepage_assets')
 4 APPPATH/Controllers/HomepageController.php(135): CodeIgniter\Database\BaseConnection->query(' SELECT *  FROM course_batch
                                WHERE course_id = homepage_assets')
 5 SYSTEMPATH/CodeIgniter.php(943): App\Controllers\HomepageController->Course_details_view('homepage_assets', 'img', 'apple-touch-icon.png')
 6 SYSTEMPATH/CodeIgniter.php(503): CodeIgniter\CodeIgniter->runController(Object(App\Controllers\HomepageController))
 7 SYSTEMPATH/CodeIgniter.php(361): CodeIgniter\CodeIgniter->handleRequest(null, Object(Config\Cache), false)
 8 FCPATH/index.php(79): CodeIgniter\CodeIgniter->run()
INFO - 2025-02-19 11:48:03 --> Session: Class initialized using 'CodeIgniter\Session\Handlers\FileHandler' driver.
ERROR - 2025-02-19 11:48:03 --> mysqli_sql_exception: Unknown column 'homepage_assets' in 'where clause' in /var/www/html/vendor/codeigniter4/framework/system/Database/MySQLi/Connection.php:306
Stack trace:
#0 /var/www/html/vendor/codeigniter4/framework/system/Database/MySQLi/Connection.php(306): mysqli->query(' SELECT *  FROM...', 0)
#1 /var/www/html/vendor/codeigniter4/framework/system/Database/BaseConnection.php(693): CodeIgniter\Database\MySQLi\Connection->execute(' SELECT *  FROM...')
#2 /var/www/html/vendor/codeigniter4/framework/system/Database/BaseConnection.php(607): CodeIgniter\Database\BaseConnection->simpleQuery(' SELECT *  FROM...')
#3 /var/www/html/app/Controllers/HomepageController.php(135): CodeIgniter\Database\BaseConnection->query(' SELECT *  FROM...')
#4 /var/www/html/vendor/codeigniter4/framework/system/CodeIgniter.php(943): App\Controllers\HomepageController->Course_details_view('homepage_assets', 'img', 'favicon.png')
#5 /var/www/html/vendor/codeigniter4/framework/system/CodeIgniter.php(503): CodeIgniter\CodeIgniter->runController(Object(App\Controllers\HomepageController))
#6 /var/www/html/vendor/codeigniter4/framework/system/CodeIgniter.php(361): CodeIgniter\CodeIgniter->handleRequest(NULL, Object(Config\Cache), false)
#7 /var/www/html/index.php(79): CodeIgniter\CodeIgniter->run()
#8 {main}
CRITICAL - 2025-02-19 11:48:03 --> CodeIgniter\Database\Exceptions\DatabaseException: Unknown column 'homepage_assets' in 'where clause'
in SYSTEMPATH/Database/BaseConnection.php on line 647.
 1 APPPATH/Controllers/HomepageController.php(135): CodeIgniter\Database\BaseConnection->query(' SELECT *  FROM course_batch
                                WHERE course_id = homepage_assets')
 2 SYSTEMPATH/CodeIgniter.php(943): App\Controllers\HomepageController->Course_details_view('homepage_assets', 'img', 'favicon.png')
 3 SYSTEMPATH/CodeIgniter.php(503): CodeIgniter\CodeIgniter->runController(Object(App\Controllers\HomepageController))
 4 SYSTEMPATH/CodeIgniter.php(361): CodeIgniter\CodeIgniter->handleRequest(null, Object(Config\Cache), false)
 5 FCPATH/index.php(79): CodeIgniter\CodeIgniter->run()
CRITICAL - 2025-02-19 11:48:03 --> [Caused by] CodeIgniter\Database\Exceptions\DatabaseException: Unknown column 'homepage_assets' in 'where clause'
in SYSTEMPATH/Database/MySQLi/Connection.php on line 311.
 1 SYSTEMPATH/Database/BaseConnection.php(693): CodeIgniter\Database\MySQLi\Connection->execute(' SELECT *  FROM course_batch
                                WHERE course_id = homepage_assets')
 2 SYSTEMPATH/Database/BaseConnection.php(607): CodeIgniter\Database\BaseConnection->simpleQuery(' SELECT *  FROM course_batch
                                WHERE course_id = homepage_assets')
 3 APPPATH/Controllers/HomepageController.php(135): CodeIgniter\Database\BaseConnection->query(' SELECT *  FROM course_batch
                                WHERE course_id = homepage_assets')
 4 SYSTEMPATH/CodeIgniter.php(943): App\Controllers\HomepageController->Course_details_view('homepage_assets', 'img', 'favicon.png')
 5 SYSTEMPATH/CodeIgniter.php(503): CodeIgniter\CodeIgniter->runController(Object(App\Controllers\HomepageController))
 6 SYSTEMPATH/CodeIgniter.php(361): CodeIgniter\CodeIgniter->handleRequest(null, Object(Config\Cache), false)
 7 FCPATH/index.php(79): CodeIgniter\CodeIgniter->run()
CRITICAL - 2025-02-19 11:48:03 --> [Caused by] mysqli_sql_exception: Unknown column 'homepage_assets' in 'where clause'
in SYSTEMPATH/Database/MySQLi/Connection.php on line 306.
 1 SYSTEMPATH/Database/MySQLi/Connection.php(306): mysqli->query(' SELECT *  FROM course_batch
                                WHERE course_id = homepage_assets', 0)
 2 SYSTEMPATH/Database/BaseConnection.php(693): CodeIgniter\Database\MySQLi\Connection->execute(' SELECT *  FROM course_batch
                                WHERE course_id = homepage_assets')
 3 SYSTEMPATH/Database/BaseConnection.php(607): CodeIgniter\Database\BaseConnection->simpleQuery(' SELECT *  FROM course_batch
                                WHERE course_id = homepage_assets')
 4 APPPATH/Controllers/HomepageController.php(135): CodeIgniter\Database\BaseConnection->query(' SELECT *  FROM course_batch
                                WHERE course_id = homepage_assets')
 5 SYSTEMPATH/CodeIgniter.php(943): App\Controllers\HomepageController->Course_details_view('homepage_assets', 'img', 'favicon.png')
 6 SYSTEMPATH/CodeIgniter.php(503): CodeIgniter\CodeIgniter->runController(Object(App\Controllers\HomepageController))
 7 SYSTEMPATH/CodeIgniter.php(361): CodeIgniter\CodeIgniter->handleRequest(null, Object(Config\Cache), false)
 8 FCPATH/index.php(79): CodeIgniter\CodeIgniter->run()
INFO - 2025-02-19 11:48:15 --> Session: Class initialized using 'CodeIgniter\Session\Handlers\FileHandler' driver.
INFO - 2025-02-19 12:58:50 --> Session: Class initialized using 'CodeIgniter\Session\Handlers\FileHandler' driver.
INFO - 2025-02-19 12:58:53 --> Session: Class initialized using 'CodeIgniter\Session\Handlers\FileHandler' driver.
ERROR - 2025-02-19 12:58:53 --> mysqli_sql_exception: Unknown column 'homepage_assets' in 'where clause' in /var/www/html/vendor/codeigniter4/framework/system/Database/MySQLi/Connection.php:306
Stack trace:
#0 /var/www/html/vendor/codeigniter4/framework/system/Database/MySQLi/Connection.php(306): mysqli->query(' SELECT *  FROM...', 0)
#1 /var/www/html/vendor/codeigniter4/framework/system/Database/BaseConnection.php(693): CodeIgniter\Database\MySQLi\Connection->execute(' SELECT *  FROM...')
#2 /var/www/html/vendor/codeigniter4/framework/system/Database/BaseConnection.php(607): CodeIgniter\Database\BaseConnection->simpleQuery(' SELECT *  FROM...')
#3 /var/www/html/app/Controllers/HomepageController.php(135): CodeIgniter\Database\BaseConnection->query(' SELECT *  FROM...')
#4 /var/www/html/vendor/codeigniter4/framework/system/CodeIgniter.php(943): App\Controllers\HomepageController->Course_details_view('homepage_assets', 'img', 'favicon.png')
#5 /var/www/html/vendor/codeigniter4/framework/system/CodeIgniter.php(503): CodeIgniter\CodeIgniter->runController(Object(App\Controllers\HomepageController))
#6 /var/www/html/vendor/codeigniter4/framework/system/CodeIgniter.php(361): CodeIgniter\CodeIgniter->handleRequest(NULL, Object(Config\Cache), false)
#7 /var/www/html/index.php(79): CodeIgniter\CodeIgniter->run()
#8 {main}
CRITICAL - 2025-02-19 12:58:53 --> CodeIgniter\Database\Exceptions\DatabaseException: Unknown column 'homepage_assets' in 'where clause'
in SYSTEMPATH/Database/BaseConnection.php on line 647.
 1 APPPATH/Controllers/HomepageController.php(135): CodeIgniter\Database\BaseConnection->query(' SELECT *  FROM course_batch
                                WHERE course_id = homepage_assets')
 2 SYSTEMPATH/CodeIgniter.php(943): App\Controllers\HomepageController->Course_details_view('homepage_assets', 'img', 'favicon.png')
 3 SYSTEMPATH/CodeIgniter.php(503): CodeIgniter\CodeIgniter->runController(Object(App\Controllers\HomepageController))
 4 SYSTEMPATH/CodeIgniter.php(361): CodeIgniter\CodeIgniter->handleRequest(null, Object(Config\Cache), false)
 5 FCPATH/index.php(79): CodeIgniter\CodeIgniter->run()
CRITICAL - 2025-02-19 12:58:53 --> [Caused by] CodeIgniter\Database\Exceptions\DatabaseException: Unknown column 'homepage_assets' in 'where clause'
in SYSTEMPATH/Database/MySQLi/Connection.php on line 311.
 1 SYSTEMPATH/Database/BaseConnection.php(693): CodeIgniter\Database\MySQLi\Connection->execute(' SELECT *  FROM course_batch
                                WHERE course_id = homepage_assets')
 2 SYSTEMPATH/Database/BaseConnection.php(607): CodeIgniter\Database\BaseConnection->simpleQuery(' SELECT *  FROM course_batch
                                WHERE course_id = homepage_assets')
 3 APPPATH/Controllers/HomepageController.php(135): CodeIgniter\Database\BaseConnection->query(' SELECT *  FROM course_batch
                                WHERE course_id = homepage_assets')
 4 SYSTEMPATH/CodeIgniter.php(943): App\Controllers\HomepageController->Course_details_view('homepage_assets', 'img', 'favicon.png')
 5 SYSTEMPATH/CodeIgniter.php(503): CodeIgniter\CodeIgniter->runController(Object(App\Controllers\HomepageController))
 6 SYSTEMPATH/CodeIgniter.php(361): CodeIgniter\CodeIgniter->handleRequest(null, Object(Config\Cache), false)
 7 FCPATH/index.php(79): CodeIgniter\CodeIgniter->run()
CRITICAL - 2025-02-19 12:58:53 --> [Caused by] mysqli_sql_exception: Unknown column 'homepage_assets' in 'where clause'
in SYSTEMPATH/Database/MySQLi/Connection.php on line 306.
 1 SYSTEMPATH/Database/MySQLi/Connection.php(306): mysqli->query(' SELECT *  FROM course_batch
                                WHERE course_id = homepage_assets', 0)
 2 SYSTEMPATH/Database/BaseConnection.php(693): CodeIgniter\Database\MySQLi\Connection->execute(' SELECT *  FROM course_batch
                                WHERE course_id = homepage_assets')
 3 SYSTEMPATH/Database/BaseConnection.php(607): CodeIgniter\Database\BaseConnection->simpleQuery(' SELECT *  FROM course_batch
                                WHERE course_id = homepage_assets')
 4 APPPATH/Controllers/HomepageController.php(135): CodeIgniter\Database\BaseConnection->query(' SELECT *  FROM course_batch
                                WHERE course_id = homepage_assets')
 5 SYSTEMPATH/CodeIgniter.php(943): App\Controllers\HomepageController->Course_details_view('homepage_assets', 'img', 'favicon.png')
 6 SYSTEMPATH/CodeIgniter.php(503): CodeIgniter\CodeIgniter->runController(Object(App\Controllers\HomepageController))
 7 SYSTEMPATH/CodeIgniter.php(361): CodeIgniter\CodeIgniter->handleRequest(null, Object(Config\Cache), false)
 8 FCPATH/index.php(79): CodeIgniter\CodeIgniter->run()
INFO - 2025-02-19 13:00:16 --> Session: Class initialized using 'CodeIgniter\Session\Handlers\FileHandler' driver.
INFO - 2025-02-19 13:00:16 --> Session: Class initialized using 'CodeIgniter\Session\Handlers\FileHandler' driver.
INFO - 2025-02-19 13:48:26 --> Session: Class initialized using 'CodeIgniter\Session\Handlers\FileHandler' driver.
INFO - 2025-02-19 13:48:28 --> Session: Class initialized using 'CodeIgniter\Session\Handlers\FileHandler' driver.
ERROR - 2025-02-19 13:48:28 --> mysqli_sql_exception: Unknown column 'homepage_assets' in 'where clause' in /var/www/html/vendor/codeigniter4/framework/system/Database/MySQLi/Connection.php:306
Stack trace:
#0 /var/www/html/vendor/codeigniter4/framework/system/Database/MySQLi/Connection.php(306): mysqli->query(' SELECT *  FROM...', 0)
#1 /var/www/html/vendor/codeigniter4/framework/system/Database/BaseConnection.php(693): CodeIgniter\Database\MySQLi\Connection->execute(' SELECT *  FROM...')
#2 /var/www/html/vendor/codeigniter4/framework/system/Database/BaseConnection.php(607): CodeIgniter\Database\BaseConnection->simpleQuery(' SELECT *  FROM...')
#3 /var/www/html/app/Controllers/HomepageController.php(135): CodeIgniter\Database\BaseConnection->query(' SELECT *  FROM...')
#4 /var/www/html/vendor/codeigniter4/framework/system/CodeIgniter.php(943): App\Controllers\HomepageController->Course_details_view('homepage_assets', 'img', 'favicon.png')
#5 /var/www/html/vendor/codeigniter4/framework/system/CodeIgniter.php(503): CodeIgniter\CodeIgniter->runController(Object(App\Controllers\HomepageController))
#6 /var/www/html/vendor/codeigniter4/framework/system/CodeIgniter.php(361): CodeIgniter\CodeIgniter->handleRequest(NULL, Object(Config\Cache), false)
#7 /var/www/html/index.php(79): CodeIgniter\CodeIgniter->run()
#8 {main}
CRITICAL - 2025-02-19 13:48:28 --> CodeIgniter\Database\Exceptions\DatabaseException: Unknown column 'homepage_assets' in 'where clause'
in SYSTEMPATH/Database/BaseConnection.php on line 647.
 1 APPPATH/Controllers/HomepageController.php(135): CodeIgniter\Database\BaseConnection->query(' SELECT *  FROM course_batch
                                WHERE course_id = homepage_assets')
 2 SYSTEMPATH/CodeIgniter.php(943): App\Controllers\HomepageController->Course_details_view('homepage_assets', 'img', 'favicon.png')
 3 SYSTEMPATH/CodeIgniter.php(503): CodeIgniter\CodeIgniter->runController(Object(App\Controllers\HomepageController))
 4 SYSTEMPATH/CodeIgniter.php(361): CodeIgniter\CodeIgniter->handleRequest(null, Object(Config\Cache), false)
 5 FCPATH/index.php(79): CodeIgniter\CodeIgniter->run()
CRITICAL - 2025-02-19 13:48:28 --> [Caused by] CodeIgniter\Database\Exceptions\DatabaseException: Unknown column 'homepage_assets' in 'where clause'
in SYSTEMPATH/Database/MySQLi/Connection.php on line 311.
 1 SYSTEMPATH/Database/BaseConnection.php(693): CodeIgniter\Database\MySQLi\Connection->execute(' SELECT *  FROM course_batch
                                WHERE course_id = homepage_assets')
 2 SYSTEMPATH/Database/BaseConnection.php(607): CodeIgniter\Database\BaseConnection->simpleQuery(' SELECT *  FROM course_batch
                                WHERE course_id = homepage_assets')
 3 APPPATH/Controllers/HomepageController.php(135): CodeIgniter\Database\BaseConnection->query(' SELECT *  FROM course_batch
                                WHERE course_id = homepage_assets')
 4 SYSTEMPATH/CodeIgniter.php(943): App\Controllers\HomepageController->Course_details_view('homepage_assets', 'img', 'favicon.png')
 5 SYSTEMPATH/CodeIgniter.php(503): CodeIgniter\CodeIgniter->runController(Object(App\Controllers\HomepageController))
 6 SYSTEMPATH/CodeIgniter.php(361): CodeIgniter\CodeIgniter->handleRequest(null, Object(Config\Cache), false)
 7 FCPATH/index.php(79): CodeIgniter\CodeIgniter->run()
CRITICAL - 2025-02-19 13:48:28 --> [Caused by] mysqli_sql_exception: Unknown column 'homepage_assets' in 'where clause'
in SYSTEMPATH/Database/MySQLi/Connection.php on line 306.
 1 SYSTEMPATH/Database/MySQLi/Connection.php(306): mysqli->query(' SELECT *  FROM course_batch
                                WHERE course_id = homepage_assets', 0)
 2 SYSTEMPATH/Database/BaseConnection.php(693): CodeIgniter\Database\MySQLi\Connection->execute(' SELECT *  FROM course_batch
                                WHERE course_id = homepage_assets')
 3 SYSTEMPATH/Database/BaseConnection.php(607): CodeIgniter\Database\BaseConnection->simpleQuery(' SELECT *  FROM course_batch
                                WHERE course_id = homepage_assets')
 4 APPPATH/Controllers/HomepageController.php(135): CodeIgniter\Database\BaseConnection->query(' SELECT *  FROM course_batch
                                WHERE course_id = homepage_assets')
 5 SYSTEMPATH/CodeIgniter.php(943): App\Controllers\HomepageController->Course_details_view('homepage_assets', 'img', 'favicon.png')
 6 SYSTEMPATH/CodeIgniter.php(503): CodeIgniter\CodeIgniter->runController(Object(App\Controllers\HomepageController))
 7 SYSTEMPATH/CodeIgniter.php(361): CodeIgniter\CodeIgniter->handleRequest(null, Object(Config\Cache), false)
 8 FCPATH/index.php(79): CodeIgniter\CodeIgniter->run()
INFO - 2025-02-19 14:15:54 --> Session: Class initialized using 'CodeIgniter\Session\Handlers\FileHandler' driver.
INFO - 2025-02-19 14:26:21 --> Session: Class initialized using 'CodeIgniter\Session\Handlers\FileHandler' driver.
INFO - 2025-02-19 14:26:25 --> Session: Class initialized using 'CodeIgniter\Session\Handlers\FileHandler' driver.
ERROR - 2025-02-19 14:26:25 --> mysqli_sql_exception: Unknown column 'homepage_assets' in 'where clause' in /var/www/html/vendor/codeigniter4/framework/system/Database/MySQLi/Connection.php:306
Stack trace:
#0 /var/www/html/vendor/codeigniter4/framework/system/Database/MySQLi/Connection.php(306): mysqli->query(' SELECT *  FROM...', 0)
#1 /var/www/html/vendor/codeigniter4/framework/system/Database/BaseConnection.php(693): CodeIgniter\Database\MySQLi\Connection->execute(' SELECT *  FROM...')
#2 /var/www/html/vendor/codeigniter4/framework/system/Database/BaseConnection.php(607): CodeIgniter\Database\BaseConnection->simpleQuery(' SELECT *  FROM...')
#3 /var/www/html/app/Controllers/HomepageController.php(135): CodeIgniter\Database\BaseConnection->query(' SELECT *  FROM...')
#4 /var/www/html/vendor/codeigniter4/framework/system/CodeIgniter.php(943): App\Controllers\HomepageController->Course_details_view('homepage_assets', 'img', 'favicon.png')
#5 /var/www/html/vendor/codeigniter4/framework/system/CodeIgniter.php(503): CodeIgniter\CodeIgniter->runController(Object(App\Controllers\HomepageController))
#6 /var/www/html/vendor/codeigniter4/framework/system/CodeIgniter.php(361): CodeIgniter\CodeIgniter->handleRequest(NULL, Object(Config\Cache), false)
#7 /var/www/html/index.php(79): CodeIgniter\CodeIgniter->run()
#8 {main}
CRITICAL - 2025-02-19 14:26:25 --> CodeIgniter\Database\Exceptions\DatabaseException: Unknown column 'homepage_assets' in 'where clause'
in SYSTEMPATH/Database/BaseConnection.php on line 647.
 1 APPPATH/Controllers/HomepageController.php(135): CodeIgniter\Database\BaseConnection->query(' SELECT *  FROM course_batch
                                WHERE course_id = homepage_assets')
 2 SYSTEMPATH/CodeIgniter.php(943): App\Controllers\HomepageController->Course_details_view('homepage_assets', 'img', 'favicon.png')
 3 SYSTEMPATH/CodeIgniter.php(503): CodeIgniter\CodeIgniter->runController(Object(App\Controllers\HomepageController))
 4 SYSTEMPATH/CodeIgniter.php(361): CodeIgniter\CodeIgniter->handleRequest(null, Object(Config\Cache), false)
 5 FCPATH/index.php(79): CodeIgniter\CodeIgniter->run()
CRITICAL - 2025-02-19 14:26:25 --> [Caused by] CodeIgniter\Database\Exceptions\DatabaseException: Unknown column 'homepage_assets' in 'where clause'
in SYSTEMPATH/Database/MySQLi/Connection.php on line 311.
 1 SYSTEMPATH/Database/BaseConnection.php(693): CodeIgniter\Database\MySQLi\Connection->execute(' SELECT *  FROM course_batch
                                WHERE course_id = homepage_assets')
 2 SYSTEMPATH/Database/BaseConnection.php(607): CodeIgniter\Database\BaseConnection->simpleQuery(' SELECT *  FROM course_batch
                                WHERE course_id = homepage_assets')
 3 APPPATH/Controllers/HomepageController.php(135): CodeIgniter\Database\BaseConnection->query(' SELECT *  FROM course_batch
                                WHERE course_id = homepage_assets')
 4 SYSTEMPATH/CodeIgniter.php(943): App\Controllers\HomepageController->Course_details_view('homepage_assets', 'img', 'favicon.png')
 5 SYSTEMPATH/CodeIgniter.php(503): CodeIgniter\CodeIgniter->runController(Object(App\Controllers\HomepageController))
 6 SYSTEMPATH/CodeIgniter.php(361): CodeIgniter\CodeIgniter->handleRequest(null, Object(Config\Cache), false)
 7 FCPATH/index.php(79): CodeIgniter\CodeIgniter->run()
CRITICAL - 2025-02-19 14:26:25 --> [Caused by] mysqli_sql_exception: Unknown column 'homepage_assets' in 'where clause'
in SYSTEMPATH/Database/MySQLi/Connection.php on line 306.
 1 SYSTEMPATH/Database/MySQLi/Connection.php(306): mysqli->query(' SELECT *  FROM course_batch
                                WHERE course_id = homepage_assets', 0)
 2 SYSTEMPATH/Database/BaseConnection.php(693): CodeIgniter\Database\MySQLi\Connection->execute(' SELECT *  FROM course_batch
                                WHERE course_id = homepage_assets')
 3 SYSTEMPATH/Database/BaseConnection.php(607): CodeIgniter\Database\BaseConnection->simpleQuery(' SELECT *  FROM course_batch
                                WHERE course_id = homepage_assets')
 4 APPPATH/Controllers/HomepageController.php(135): CodeIgniter\Database\BaseConnection->query(' SELECT *  FROM course_batch
                                WHERE course_id = homepage_assets')
 5 SYSTEMPATH/CodeIgniter.php(943): App\Controllers\HomepageController->Course_details_view('homepage_assets', 'img', 'favicon.png')
 6 SYSTEMPATH/CodeIgniter.php(503): CodeIgniter\CodeIgniter->runController(Object(App\Controllers\HomepageController))
 7 SYSTEMPATH/CodeIgniter.php(361): CodeIgniter\CodeIgniter->handleRequest(null, Object(Config\Cache), false)
 8 FCPATH/index.php(79): CodeIgniter\CodeIgniter->run()
INFO - 2025-02-19 14:46:44 --> Session: Class initialized using 'CodeIgniter\Session\Handlers\FileHandler' driver.
INFO - 2025-02-19 14:46:47 --> Session: Class initialized using 'CodeIgniter\Session\Handlers\FileHandler' driver.
INFO - 2025-02-19 15:06:42 --> Session: Class initialized using 'CodeIgniter\Session\Handlers\FileHandler' driver.
INFO - 2025-02-19 15:07:15 --> Session: Class initialized using 'CodeIgniter\Session\Handlers\FileHandler' driver.
INFO - 2025-02-19 15:07:22 --> Session: Class initialized using 'CodeIgniter\Session\Handlers\FileHandler' driver.
INFO - 2025-02-19 15:08:37 --> Session: Class initialized using 'CodeIgniter\Session\Handlers\FileHandler' driver.
INFO - 2025-02-19 15:09:07 --> Session: Class initialized using 'CodeIgniter\Session\Handlers\FileHandler' driver.
INFO - 2025-02-19 15:09:52 --> Session: Class initialized using 'CodeIgniter\Session\Handlers\FileHandler' driver.
INFO - 2025-02-19 15:11:47 --> Session: Class initialized using 'CodeIgniter\Session\Handlers\FileHandler' driver.
INFO - 2025-02-19 15:23:42 --> Session: Class initialized using 'CodeIgniter\Session\Handlers\FileHandler' driver.
INFO - 2025-02-19 15:23:50 --> Session: Class initialized using 'CodeIgniter\Session\Handlers\FileHandler' driver.
INFO - 2025-02-19 15:26:16 --> Session: Class initialized using 'CodeIgniter\Session\Handlers\FileHandler' driver.
INFO - 2025-02-19 15:27:25 --> Session: Class initialized using 'CodeIgniter\Session\Handlers\FileHandler' driver.
INFO - 2025-02-19 15:34:07 --> Session: Class initialized using 'CodeIgniter\Session\Handlers\FileHandler' driver.
INFO - 2025-02-19 15:36:14 --> Session: Class initialized using 'CodeIgniter\Session\Handlers\FileHandler' driver.
INFO - 2025-02-19 15:36:22 --> Session: Class initialized using 'CodeIgniter\Session\Handlers\FileHandler' driver.
ERROR - 2025-02-19 15:36:22 --> mysqli_sql_exception: Unknown column 'homepage_assets' in 'where clause' in /var/www/html/vendor/codeigniter4/framework/system/Database/MySQLi/Connection.php:306
Stack trace:
#0 /var/www/html/vendor/codeigniter4/framework/system/Database/MySQLi/Connection.php(306): mysqli->query(' SELECT *  FROM...', 0)
#1 /var/www/html/vendor/codeigniter4/framework/system/Database/BaseConnection.php(693): CodeIgniter\Database\MySQLi\Connection->execute(' SELECT *  FROM...')
#2 /var/www/html/vendor/codeigniter4/framework/system/Database/BaseConnection.php(607): CodeIgniter\Database\BaseConnection->simpleQuery(' SELECT *  FROM...')
#3 /var/www/html/app/Controllers/HomepageController.php(135): CodeIgniter\Database\BaseConnection->query(' SELECT *  FROM...')
#4 /var/www/html/vendor/codeigniter4/framework/system/CodeIgniter.php(943): App\Controllers\HomepageController->Course_details_view('homepage_assets', 'img', 'favicon.png')
#5 /var/www/html/vendor/codeigniter4/framework/system/CodeIgniter.php(503): CodeIgniter\CodeIgniter->runController(Object(App\Controllers\HomepageController))
#6 /var/www/html/vendor/codeigniter4/framework/system/CodeIgniter.php(361): CodeIgniter\CodeIgniter->handleRequest(NULL, Object(Config\Cache), false)
#7 /var/www/html/index.php(79): CodeIgniter\CodeIgniter->run()
#8 {main}
CRITICAL - 2025-02-19 15:36:22 --> CodeIgniter\Database\Exceptions\DatabaseException: Unknown column 'homepage_assets' in 'where clause'
in SYSTEMPATH/Database/BaseConnection.php on line 647.
 1 APPPATH/Controllers/HomepageController.php(135): CodeIgniter\Database\BaseConnection->query(' SELECT *  FROM course_batch
                                WHERE course_id = homepage_assets')
 2 SYSTEMPATH/CodeIgniter.php(943): App\Controllers\HomepageController->Course_details_view('homepage_assets', 'img', 'favicon.png')
 3 SYSTEMPATH/CodeIgniter.php(503): CodeIgniter\CodeIgniter->runController(Object(App\Controllers\HomepageController))
 4 SYSTEMPATH/CodeIgniter.php(361): CodeIgniter\CodeIgniter->handleRequest(null, Object(Config\Cache), false)
 5 FCPATH/index.php(79): CodeIgniter\CodeIgniter->run()
CRITICAL - 2025-02-19 15:36:22 --> [Caused by] CodeIgniter\Database\Exceptions\DatabaseException: Unknown column 'homepage_assets' in 'where clause'
in SYSTEMPATH/Database/MySQLi/Connection.php on line 311.
 1 SYSTEMPATH/Database/BaseConnection.php(693): CodeIgniter\Database\MySQLi\Connection->execute(' SELECT *  FROM course_batch
                                WHERE course_id = homepage_assets')
 2 SYSTEMPATH/Database/BaseConnection.php(607): CodeIgniter\Database\BaseConnection->simpleQuery(' SELECT *  FROM course_batch
                                WHERE course_id = homepage_assets')
 3 APPPATH/Controllers/HomepageController.php(135): CodeIgniter\Database\BaseConnection->query(' SELECT *  FROM course_batch
                                WHERE course_id = homepage_assets')
 4 SYSTEMPATH/CodeIgniter.php(943): App\Controllers\HomepageController->Course_details_view('homepage_assets', 'img', 'favicon.png')
 5 SYSTEMPATH/CodeIgniter.php(503): CodeIgniter\CodeIgniter->runController(Object(App\Controllers\HomepageController))
 6 SYSTEMPATH/CodeIgniter.php(361): CodeIgniter\CodeIgniter->handleRequest(null, Object(Config\Cache), false)
 7 FCPATH/index.php(79): CodeIgniter\CodeIgniter->run()
CRITICAL - 2025-02-19 15:36:22 --> [Caused by] mysqli_sql_exception: Unknown column 'homepage_assets' in 'where clause'
in SYSTEMPATH/Database/MySQLi/Connection.php on line 306.
 1 SYSTEMPATH/Database/MySQLi/Connection.php(306): mysqli->query(' SELECT *  FROM course_batch
                                WHERE course_id = homepage_assets', 0)
 2 SYSTEMPATH/Database/BaseConnection.php(693): CodeIgniter\Database\MySQLi\Connection->execute(' SELECT *  FROM course_batch
                                WHERE course_id = homepage_assets')
 3 SYSTEMPATH/Database/BaseConnection.php(607): CodeIgniter\Database\BaseConnection->simpleQuery(' SELECT *  FROM course_batch
                                WHERE course_id = homepage_assets')
 4 APPPATH/Controllers/HomepageController.php(135): CodeIgniter\Database\BaseConnection->query(' SELECT *  FROM course_batch
                                WHERE course_id = homepage_assets')
 5 SYSTEMPATH/CodeIgniter.php(943): App\Controllers\HomepageController->Course_details_view('homepage_assets', 'img', 'favicon.png')
 6 SYSTEMPATH/CodeIgniter.php(503): CodeIgniter\CodeIgniter->runController(Object(App\Controllers\HomepageController))
 7 SYSTEMPATH/CodeIgniter.php(361): CodeIgniter\CodeIgniter->handleRequest(null, Object(Config\Cache), false)
 8 FCPATH/index.php(79): CodeIgniter\CodeIgniter->run()
INFO - 2025-02-19 15:37:39 --> Session: Class initialized using 'CodeIgniter\Session\Handlers\FileHandler' driver.
INFO - 2025-02-19 15:48:42 --> Session: Class initialized using 'CodeIgniter\Session\Handlers\FileHandler' driver.
INFO - 2025-02-19 16:02:44 --> Session: Class initialized using 'CodeIgniter\Session\Handlers\FileHandler' driver.
INFO - 2025-02-19 16:36:40 --> Session: Class initialized using 'CodeIgniter\Session\Handlers\FileHandler' driver.
INFO - 2025-02-19 16:43:42 --> Session: Class initialized using 'CodeIgniter\Session\Handlers\FileHandler' driver.
INFO - 2025-02-19 17:29:32 --> Session: Class initialized using 'CodeIgniter\Session\Handlers\FileHandler' driver.
INFO - 2025-02-19 17:29:38 --> Session: Class initialized using 'CodeIgniter\Session\Handlers\FileHandler' driver.
ERROR - 2025-02-19 17:29:38 --> mysqli_sql_exception: Unknown column 'homepage_assets' in 'where clause' in /var/www/html/vendor/codeigniter4/framework/system/Database/MySQLi/Connection.php:306
Stack trace:
#0 /var/www/html/vendor/codeigniter4/framework/system/Database/MySQLi/Connection.php(306): mysqli->query(' SELECT *  FROM...', 0)
#1 /var/www/html/vendor/codeigniter4/framework/system/Database/BaseConnection.php(693): CodeIgniter\Database\MySQLi\Connection->execute(' SELECT *  FROM...')
#2 /var/www/html/vendor/codeigniter4/framework/system/Database/BaseConnection.php(607): CodeIgniter\Database\BaseConnection->simpleQuery(' SELECT *  FROM...')
#3 /var/www/html/app/Controllers/HomepageController.php(135): CodeIgniter\Database\BaseConnection->query(' SELECT *  FROM...')
#4 /var/www/html/vendor/codeigniter4/framework/system/CodeIgniter.php(943): App\Controllers\HomepageController->Course_details_view('homepage_assets', 'img', 'favicon.png')
#5 /var/www/html/vendor/codeigniter4/framework/system/CodeIgniter.php(503): CodeIgniter\CodeIgniter->runController(Object(App\Controllers\HomepageController))
#6 /var/www/html/vendor/codeigniter4/framework/system/CodeIgniter.php(361): CodeIgniter\CodeIgniter->handleRequest(NULL, Object(Config\Cache), false)
#7 /var/www/html/index.php(79): CodeIgniter\CodeIgniter->run()
#8 {main}
CRITICAL - 2025-02-19 17:29:38 --> CodeIgniter\Database\Exceptions\DatabaseException: Unknown column 'homepage_assets' in 'where clause'
in SYSTEMPATH/Database/BaseConnection.php on line 647.
 1 APPPATH/Controllers/HomepageController.php(135): CodeIgniter\Database\BaseConnection->query(' SELECT *  FROM course_batch
                                WHERE course_id = homepage_assets')
 2 SYSTEMPATH/CodeIgniter.php(943): App\Controllers\HomepageController->Course_details_view('homepage_assets', 'img', 'favicon.png')
 3 SYSTEMPATH/CodeIgniter.php(503): CodeIgniter\CodeIgniter->runController(Object(App\Controllers\HomepageController))
 4 SYSTEMPATH/CodeIgniter.php(361): CodeIgniter\CodeIgniter->handleRequest(null, Object(Config\Cache), false)
 5 FCPATH/index.php(79): CodeIgniter\CodeIgniter->run()
CRITICAL - 2025-02-19 17:29:38 --> [Caused by] CodeIgniter\Database\Exceptions\DatabaseException: Unknown column 'homepage_assets' in 'where clause'
in SYSTEMPATH/Database/MySQLi/Connection.php on line 311.
 1 SYSTEMPATH/Database/BaseConnection.php(693): CodeIgniter\Database\MySQLi\Connection->execute(' SELECT *  FROM course_batch
                                WHERE course_id = homepage_assets')
 2 SYSTEMPATH/Database/BaseConnection.php(607): CodeIgniter\Database\BaseConnection->simpleQuery(' SELECT *  FROM course_batch
                                WHERE course_id = homepage_assets')
 3 APPPATH/Controllers/HomepageController.php(135): CodeIgniter\Database\BaseConnection->query(' SELECT *  FROM course_batch
                                WHERE course_id = homepage_assets')
 4 SYSTEMPATH/CodeIgniter.php(943): App\Controllers\HomepageController->Course_details_view('homepage_assets', 'img', 'favicon.png')
 5 SYSTEMPATH/CodeIgniter.php(503): CodeIgniter\CodeIgniter->runController(Object(App\Controllers\HomepageController))
 6 SYSTEMPATH/CodeIgniter.php(361): CodeIgniter\CodeIgniter->handleRequest(null, Object(Config\Cache), false)
 7 FCPATH/index.php(79): CodeIgniter\CodeIgniter->run()
CRITICAL - 2025-02-19 17:29:38 --> [Caused by] mysqli_sql_exception: Unknown column 'homepage_assets' in 'where clause'
in SYSTEMPATH/Database/MySQLi/Connection.php on line 306.
 1 SYSTEMPATH/Database/MySQLi/Connection.php(306): mysqli->query(' SELECT *  FROM course_batch
                                WHERE course_id = homepage_assets', 0)
 2 SYSTEMPATH/Database/BaseConnection.php(693): CodeIgniter\Database\MySQLi\Connection->execute(' SELECT *  FROM course_batch
                                WHERE course_id = homepage_assets')
 3 SYSTEMPATH/Database/BaseConnection.php(607): CodeIgniter\Database\BaseConnection->simpleQuery(' SELECT *  FROM course_batch
                                WHERE course_id = homepage_assets')
 4 APPPATH/Controllers/HomepageController.php(135): CodeIgniter\Database\BaseConnection->query(' SELECT *  FROM course_batch
                                WHERE course_id = homepage_assets')
 5 SYSTEMPATH/CodeIgniter.php(943): App\Controllers\HomepageController->Course_details_view('homepage_assets', 'img', 'favicon.png')
 6 SYSTEMPATH/CodeIgniter.php(503): CodeIgniter\CodeIgniter->runController(Object(App\Controllers\HomepageController))
 7 SYSTEMPATH/CodeIgniter.php(361): CodeIgniter\CodeIgniter->handleRequest(null, Object(Config\Cache), false)
 8 FCPATH/index.php(79): CodeIgniter\CodeIgniter->run()
INFO - 2025-02-19 17:34:32 --> Session: Class initialized using 'CodeIgniter\Session\Handlers\FileHandler' driver.
INFO - 2025-02-19 17:34:48 --> Session: Class initialized using 'CodeIgniter\Session\Handlers\FileHandler' driver.
INFO - 2025-02-19 17:37:44 --> Session: Class initialized using 'CodeIgniter\Session\Handlers\FileHandler' driver.
INFO - 2025-02-19 17:37:49 --> Session: Class initialized using 'CodeIgniter\Session\Handlers\FileHandler' driver.
ERROR - 2025-02-19 17:37:49 --> mysqli_sql_exception: Unknown column 'homepage_assets' in 'where clause' in /var/www/html/vendor/codeigniter4/framework/system/Database/MySQLi/Connection.php:306
Stack trace:
#0 /var/www/html/vendor/codeigniter4/framework/system/Database/MySQLi/Connection.php(306): mysqli->query(' SELECT *  FROM...', 0)
#1 /var/www/html/vendor/codeigniter4/framework/system/Database/BaseConnection.php(693): CodeIgniter\Database\MySQLi\Connection->execute(' SELECT *  FROM...')
#2 /var/www/html/vendor/codeigniter4/framework/system/Database/BaseConnection.php(607): CodeIgniter\Database\BaseConnection->simpleQuery(' SELECT *  FROM...')
#3 /var/www/html/app/Controllers/HomepageController.php(135): CodeIgniter\Database\BaseConnection->query(' SELECT *  FROM...')
#4 /var/www/html/vendor/codeigniter4/framework/system/CodeIgniter.php(943): App\Controllers\HomepageController->Course_details_view('homepage_assets', 'img', 'favicon.png')
#5 /var/www/html/vendor/codeigniter4/framework/system/CodeIgniter.php(503): CodeIgniter\CodeIgniter->runController(Object(App\Controllers\HomepageController))
#6 /var/www/html/vendor/codeigniter4/framework/system/CodeIgniter.php(361): CodeIgniter\CodeIgniter->handleRequest(NULL, Object(Config\Cache), false)
#7 /var/www/html/index.php(79): CodeIgniter\CodeIgniter->run()
#8 {main}
CRITICAL - 2025-02-19 17:37:49 --> CodeIgniter\Database\Exceptions\DatabaseException: Unknown column 'homepage_assets' in 'where clause'
in SYSTEMPATH/Database/BaseConnection.php on line 647.
 1 APPPATH/Controllers/HomepageController.php(135): CodeIgniter\Database\BaseConnection->query(' SELECT *  FROM course_batch
                                WHERE course_id = homepage_assets')
 2 SYSTEMPATH/CodeIgniter.php(943): App\Controllers\HomepageController->Course_details_view('homepage_assets', 'img', 'favicon.png')
 3 SYSTEMPATH/CodeIgniter.php(503): CodeIgniter\CodeIgniter->runController(Object(App\Controllers\HomepageController))
 4 SYSTEMPATH/CodeIgniter.php(361): CodeIgniter\CodeIgniter->handleRequest(null, Object(Config\Cache), false)
 5 FCPATH/index.php(79): CodeIgniter\CodeIgniter->run()
CRITICAL - 2025-02-19 17:37:49 --> [Caused by] CodeIgniter\Database\Exceptions\DatabaseException: Unknown column 'homepage_assets' in 'where clause'
in SYSTEMPATH/Database/MySQLi/Connection.php on line 311.
 1 SYSTEMPATH/Database/BaseConnection.php(693): CodeIgniter\Database\MySQLi\Connection->execute(' SELECT *  FROM course_batch
                                WHERE course_id = homepage_assets')
 2 SYSTEMPATH/Database/BaseConnection.php(607): CodeIgniter\Database\BaseConnection->simpleQuery(' SELECT *  FROM course_batch
                                WHERE course_id = homepage_assets')
 3 APPPATH/Controllers/HomepageController.php(135): CodeIgniter\Database\BaseConnection->query(' SELECT *  FROM course_batch
                                WHERE course_id = homepage_assets')
 4 SYSTEMPATH/CodeIgniter.php(943): App\Controllers\HomepageController->Course_details_view('homepage_assets', 'img', 'favicon.png')
 5 SYSTEMPATH/CodeIgniter.php(503): CodeIgniter\CodeIgniter->runController(Object(App\Controllers\HomepageController))
 6 SYSTEMPATH/CodeIgniter.php(361): CodeIgniter\CodeIgniter->handleRequest(null, Object(Config\Cache), false)
 7 FCPATH/index.php(79): CodeIgniter\CodeIgniter->run()
CRITICAL - 2025-02-19 17:37:49 --> [Caused by] mysqli_sql_exception: Unknown column 'homepage_assets' in 'where clause'
in SYSTEMPATH/Database/MySQLi/Connection.php on line 306.
 1 SYSTEMPATH/Database/MySQLi/Connection.php(306): mysqli->query(' SELECT *  FROM course_batch
                                WHERE course_id = homepage_assets', 0)
 2 SYSTEMPATH/Database/BaseConnection.php(693): CodeIgniter\Database\MySQLi\Connection->execute(' SELECT *  FROM course_batch
                                WHERE course_id = homepage_assets')
 3 SYSTEMPATH/Database/BaseConnection.php(607): CodeIgniter\Database\BaseConnection->simpleQuery(' SELECT *  FROM course_batch
                                WHERE course_id = homepage_assets')
 4 APPPATH/Controllers/HomepageController.php(135): CodeIgniter\Database\BaseConnection->query(' SELECT *  FROM course_batch
                                WHERE course_id = homepage_assets')
 5 SYSTEMPATH/CodeIgniter.php(943): App\Controllers\HomepageController->Course_details_view('homepage_assets', 'img', 'favicon.png')
 6 SYSTEMPATH/CodeIgniter.php(503): CodeIgniter\CodeIgniter->runController(Object(App\Controllers\HomepageController))
 7 SYSTEMPATH/CodeIgniter.php(361): CodeIgniter\CodeIgniter->handleRequest(null, Object(Config\Cache), false)
 8 FCPATH/index.php(79): CodeIgniter\CodeIgniter->run()
INFO - 2025-02-19 17:37:49 --> Session: Class initialized using 'CodeIgniter\Session\Handlers\FileHandler' driver.
ERROR - 2025-02-19 17:37:49 --> mysqli_sql_exception: Unknown column 'homepage_assets' in 'where clause' in /var/www/html/vendor/codeigniter4/framework/system/Database/MySQLi/Connection.php:306
Stack trace:
#0 /var/www/html/vendor/codeigniter4/framework/system/Database/MySQLi/Connection.php(306): mysqli->query(' SELECT *  FROM...', 0)
#1 /var/www/html/vendor/codeigniter4/framework/system/Database/BaseConnection.php(693): CodeIgniter\Database\MySQLi\Connection->execute(' SELECT *  FROM...')
#2 /var/www/html/vendor/codeigniter4/framework/system/Database/BaseConnection.php(607): CodeIgniter\Database\BaseConnection->simpleQuery(' SELECT *  FROM...')
#3 /var/www/html/app/Controllers/HomepageController.php(135): CodeIgniter\Database\BaseConnection->query(' SELECT *  FROM...')
#4 /var/www/html/vendor/codeigniter4/framework/system/CodeIgniter.php(943): App\Controllers\HomepageController->Course_details_view('homepage_assets', 'img', 'apple-touch-ico...')
#5 /var/www/html/vendor/codeigniter4/framework/system/CodeIgniter.php(503): CodeIgniter\CodeIgniter->runController(Object(App\Controllers\HomepageController))
#6 /var/www/html/vendor/codeigniter4/framework/system/CodeIgniter.php(361): CodeIgniter\CodeIgniter->handleRequest(NULL, Object(Config\Cache), false)
#7 /var/www/html/index.php(79): CodeIgniter\CodeIgniter->run()
#8 {main}
CRITICAL - 2025-02-19 17:37:49 --> CodeIgniter\Database\Exceptions\DatabaseException: Unknown column 'homepage_assets' in 'where clause'
in SYSTEMPATH/Database/BaseConnection.php on line 647.
 1 APPPATH/Controllers/HomepageController.php(135): CodeIgniter\Database\BaseConnection->query(' SELECT *  FROM course_batch
                                WHERE course_id = homepage_assets')
 2 SYSTEMPATH/CodeIgniter.php(943): App\Controllers\HomepageController->Course_details_view('homepage_assets', 'img', 'apple-touch-icon.png')
 3 SYSTEMPATH/CodeIgniter.php(503): CodeIgniter\CodeIgniter->runController(Object(App\Controllers\HomepageController))
 4 SYSTEMPATH/CodeIgniter.php(361): CodeIgniter\CodeIgniter->handleRequest(null, Object(Config\Cache), false)
 5 FCPATH/index.php(79): CodeIgniter\CodeIgniter->run()
CRITICAL - 2025-02-19 17:37:49 --> [Caused by] CodeIgniter\Database\Exceptions\DatabaseException: Unknown column 'homepage_assets' in 'where clause'
in SYSTEMPATH/Database/MySQLi/Connection.php on line 311.
 1 SYSTEMPATH/Database/BaseConnection.php(693): CodeIgniter\Database\MySQLi\Connection->execute(' SELECT *  FROM course_batch
                                WHERE course_id = homepage_assets')
 2 SYSTEMPATH/Database/BaseConnection.php(607): CodeIgniter\Database\BaseConnection->simpleQuery(' SELECT *  FROM course_batch
                                WHERE course_id = homepage_assets')
 3 APPPATH/Controllers/HomepageController.php(135): CodeIgniter\Database\BaseConnection->query(' SELECT *  FROM course_batch
                                WHERE course_id = homepage_assets')
 4 SYSTEMPATH/CodeIgniter.php(943): App\Controllers\HomepageController->Course_details_view('homepage_assets', 'img', 'apple-touch-icon.png')
 5 SYSTEMPATH/CodeIgniter.php(503): CodeIgniter\CodeIgniter->runController(Object(App\Controllers\HomepageController))
 6 SYSTEMPATH/CodeIgniter.php(361): CodeIgniter\CodeIgniter->handleRequest(null, Object(Config\Cache), false)
 7 FCPATH/index.php(79): CodeIgniter\CodeIgniter->run()
CRITICAL - 2025-02-19 17:37:49 --> [Caused by] mysqli_sql_exception: Unknown column 'homepage_assets' in 'where clause'
in SYSTEMPATH/Database/MySQLi/Connection.php on line 306.
 1 SYSTEMPATH/Database/MySQLi/Connection.php(306): mysqli->query(' SELECT *  FROM course_batch
                                WHERE course_id = homepage_assets', 0)
 2 SYSTEMPATH/Database/BaseConnection.php(693): CodeIgniter\Database\MySQLi\Connection->execute(' SELECT *  FROM course_batch
                                WHERE course_id = homepage_assets')
 3 SYSTEMPATH/Database/BaseConnection.php(607): CodeIgniter\Database\BaseConnection->simpleQuery(' SELECT *  FROM course_batch
                                WHERE course_id = homepage_assets')
 4 APPPATH/Controllers/HomepageController.php(135): CodeIgniter\Database\BaseConnection->query(' SELECT *  FROM course_batch
                                WHERE course_id = homepage_assets')
 5 SYSTEMPATH/CodeIgniter.php(943): App\Controllers\HomepageController->Course_details_view('homepage_assets', 'img', 'apple-touch-icon.png')
 6 SYSTEMPATH/CodeIgniter.php(503): CodeIgniter\CodeIgniter->runController(Object(App\Controllers\HomepageController))
 7 SYSTEMPATH/CodeIgniter.php(361): CodeIgniter\CodeIgniter->handleRequest(null, Object(Config\Cache), false)
 8 FCPATH/index.php(79): CodeIgniter\CodeIgniter->run()
INFO - 2025-02-19 17:45:45 --> Session: Class initialized using 'CodeIgniter\Session\Handlers\FileHandler' driver.
INFO - 2025-02-19 17:52:20 --> Session: Class initialized using 'CodeIgniter\Session\Handlers\FileHandler' driver.
INFO - 2025-02-19 18:23:37 --> Session: Class initialized using 'CodeIgniter\Session\Handlers\FileHandler' driver.
INFO - 2025-02-19 18:23:39 --> Session: Class initialized using 'CodeIgniter\Session\Handlers\FileHandler' driver.
INFO - 2025-02-19 18:23:39 --> Session: Class initialized using 'CodeIgniter\Session\Handlers\FileHandler' driver.
INFO - 2025-02-19 18:23:42 --> Session: Class initialized using 'CodeIgniter\Session\Handlers\FileHandler' driver.
INFO - 2025-02-19 18:23:44 --> Session: Class initialized using 'CodeIgniter\Session\Handlers\FileHandler' driver.
INFO - 2025-02-19 18:23:44 --> Session: Class initialized using 'CodeIgniter\Session\Handlers\FileHandler' driver.
INFO - 2025-02-19 18:23:44 --> Session: Class initialized using 'CodeIgniter\Session\Handlers\FileHandler' driver.
INFO - 2025-02-19 18:23:45 --> Session: Class initialized using 'CodeIgniter\Session\Handlers\FileHandler' driver.
INFO - 2025-02-19 18:24:06 --> Session: Class initialized using 'CodeIgniter\Session\Handlers\FileHandler' driver.
INFO - 2025-02-19 18:24:08 --> Session: Class initialized using 'CodeIgniter\Session\Handlers\FileHandler' driver.
ERROR - 2025-02-19 18:24:08 --> mysqli_sql_exception: Unknown column 'homepage_assets' in 'where clause' in /var/www/html/vendor/codeigniter4/framework/system/Database/MySQLi/Connection.php:306
Stack trace:
#0 /var/www/html/vendor/codeigniter4/framework/system/Database/MySQLi/Connection.php(306): mysqli->query(' SELECT *  FROM...', 0)
#1 /var/www/html/vendor/codeigniter4/framework/system/Database/BaseConnection.php(693): CodeIgniter\Database\MySQLi\Connection->execute(' SELECT *  FROM...')
#2 /var/www/html/vendor/codeigniter4/framework/system/Database/BaseConnection.php(607): CodeIgniter\Database\BaseConnection->simpleQuery(' SELECT *  FROM...')
#3 /var/www/html/app/Controllers/HomepageController.php(135): CodeIgniter\Database\BaseConnection->query(' SELECT *  FROM...')
#4 /var/www/html/vendor/codeigniter4/framework/system/CodeIgniter.php(943): App\Controllers\HomepageController->Course_details_view('homepage_assets', 'img', 'favicon.png')
#5 /var/www/html/vendor/codeigniter4/framework/system/CodeIgniter.php(503): CodeIgniter\CodeIgniter->runController(Object(App\Controllers\HomepageController))
#6 /var/www/html/vendor/codeigniter4/framework/system/CodeIgniter.php(361): CodeIgniter\CodeIgniter->handleRequest(NULL, Object(Config\Cache), false)
#7 /var/www/html/index.php(79): CodeIgniter\CodeIgniter->run()
#8 {main}
CRITICAL - 2025-02-19 18:24:08 --> CodeIgniter\Database\Exceptions\DatabaseException: Unknown column 'homepage_assets' in 'where clause'
in SYSTEMPATH/Database/BaseConnection.php on line 647.
 1 APPPATH/Controllers/HomepageController.php(135): CodeIgniter\Database\BaseConnection->query(' SELECT *  FROM course_batch
                                WHERE course_id = homepage_assets')
 2 SYSTEMPATH/CodeIgniter.php(943): App\Controllers\HomepageController->Course_details_view('homepage_assets', 'img', 'favicon.png')
 3 SYSTEMPATH/CodeIgniter.php(503): CodeIgniter\CodeIgniter->runController(Object(App\Controllers\HomepageController))
 4 SYSTEMPATH/CodeIgniter.php(361): CodeIgniter\CodeIgniter->handleRequest(null, Object(Config\Cache), false)
 5 FCPATH/index.php(79): CodeIgniter\CodeIgniter->run()
CRITICAL - 2025-02-19 18:24:08 --> [Caused by] CodeIgniter\Database\Exceptions\DatabaseException: Unknown column 'homepage_assets' in 'where clause'
in SYSTEMPATH/Database/MySQLi/Connection.php on line 311.
 1 SYSTEMPATH/Database/BaseConnection.php(693): CodeIgniter\Database\MySQLi\Connection->execute(' SELECT *  FROM course_batch
                                WHERE course_id = homepage_assets')
 2 SYSTEMPATH/Database/BaseConnection.php(607): CodeIgniter\Database\BaseConnection->simpleQuery(' SELECT *  FROM course_batch
                                WHERE course_id = homepage_assets')
 3 APPPATH/Controllers/HomepageController.php(135): CodeIgniter\Database\BaseConnection->query(' SELECT *  FROM course_batch
                                WHERE course_id = homepage_assets')
 4 SYSTEMPATH/CodeIgniter.php(943): App\Controllers\HomepageController->Course_details_view('homepage_assets', 'img', 'favicon.png')
 5 SYSTEMPATH/CodeIgniter.php(503): CodeIgniter\CodeIgniter->runController(Object(App\Controllers\HomepageController))
 6 SYSTEMPATH/CodeIgniter.php(361): CodeIgniter\CodeIgniter->handleRequest(null, Object(Config\Cache), false)
 7 FCPATH/index.php(79): CodeIgniter\CodeIgniter->run()
CRITICAL - 2025-02-19 18:24:08 --> [Caused by] mysqli_sql_exception: Unknown column 'homepage_assets' in 'where clause'
in SYSTEMPATH/Database/MySQLi/Connection.php on line 306.
 1 SYSTEMPATH/Database/MySQLi/Connection.php(306): mysqli->query(' SELECT *  FROM course_batch
                                WHERE course_id = homepage_assets', 0)
 2 SYSTEMPATH/Database/BaseConnection.php(693): CodeIgniter\Database\MySQLi\Connection->execute(' SELECT *  FROM course_batch
                                WHERE course_id = homepage_assets')
 3 SYSTEMPATH/Database/BaseConnection.php(607): CodeIgniter\Database\BaseConnection->simpleQuery(' SELECT *  FROM course_batch
                                WHERE course_id = homepage_assets')
 4 APPPATH/Controllers/HomepageController.php(135): CodeIgniter\Database\BaseConnection->query(' SELECT *  FROM course_batch
                                WHERE course_id = homepage_assets')
 5 SYSTEMPATH/CodeIgniter.php(943): App\Controllers\HomepageController->Course_details_view('homepage_assets', 'img', 'favicon.png')
 6 SYSTEMPATH/CodeIgniter.php(503): CodeIgniter\CodeIgniter->runController(Object(App\Controllers\HomepageController))
 7 SYSTEMPATH/CodeIgniter.php(361): CodeIgniter\CodeIgniter->handleRequest(null, Object(Config\Cache), false)
 8 FCPATH/index.php(79): CodeIgniter\CodeIgniter->run()
INFO - 2025-02-19 18:24:08 --> Session: Class initialized using 'CodeIgniter\Session\Handlers\FileHandler' driver.
ERROR - 2025-02-19 18:24:08 --> mysqli_sql_exception: Unknown column 'homepage_assets' in 'where clause' in /var/www/html/vendor/codeigniter4/framework/system/Database/MySQLi/Connection.php:306
Stack trace:
#0 /var/www/html/vendor/codeigniter4/framework/system/Database/MySQLi/Connection.php(306): mysqli->query(' SELECT *  FROM...', 0)
#1 /var/www/html/vendor/codeigniter4/framework/system/Database/BaseConnection.php(693): CodeIgniter\Database\MySQLi\Connection->execute(' SELECT *  FROM...')
#2 /var/www/html/vendor/codeigniter4/framework/system/Database/BaseConnection.php(607): CodeIgniter\Database\BaseConnection->simpleQuery(' SELECT *  FROM...')
#3 /var/www/html/app/Controllers/HomepageController.php(135): CodeIgniter\Database\BaseConnection->query(' SELECT *  FROM...')
#4 /var/www/html/vendor/codeigniter4/framework/system/CodeIgniter.php(943): App\Controllers\HomepageController->Course_details_view('homepage_assets', 'img', 'apple-touch-ico...')
#5 /var/www/html/vendor/codeigniter4/framework/system/CodeIgniter.php(503): CodeIgniter\CodeIgniter->runController(Object(App\Controllers\HomepageController))
#6 /var/www/html/vendor/codeigniter4/framework/system/CodeIgniter.php(361): CodeIgniter\CodeIgniter->handleRequest(NULL, Object(Config\Cache), false)
#7 /var/www/html/index.php(79): CodeIgniter\CodeIgniter->run()
#8 {main}
CRITICAL - 2025-02-19 18:24:08 --> CodeIgniter\Database\Exceptions\DatabaseException: Unknown column 'homepage_assets' in 'where clause'
in SYSTEMPATH/Database/BaseConnection.php on line 647.
 1 APPPATH/Controllers/HomepageController.php(135): CodeIgniter\Database\BaseConnection->query(' SELECT *  FROM course_batch
                                WHERE course_id = homepage_assets')
 2 SYSTEMPATH/CodeIgniter.php(943): App\Controllers\HomepageController->Course_details_view('homepage_assets', 'img', 'apple-touch-icon.png')
 3 SYSTEMPATH/CodeIgniter.php(503): CodeIgniter\CodeIgniter->runController(Object(App\Controllers\HomepageController))
 4 SYSTEMPATH/CodeIgniter.php(361): CodeIgniter\CodeIgniter->handleRequest(null, Object(Config\Cache), false)
 5 FCPATH/index.php(79): CodeIgniter\CodeIgniter->run()
CRITICAL - 2025-02-19 18:24:08 --> [Caused by] CodeIgniter\Database\Exceptions\DatabaseException: Unknown column 'homepage_assets' in 'where clause'
in SYSTEMPATH/Database/MySQLi/Connection.php on line 311.
 1 SYSTEMPATH/Database/BaseConnection.php(693): CodeIgniter\Database\MySQLi\Connection->execute(' SELECT *  FROM course_batch
                                WHERE course_id = homepage_assets')
 2 SYSTEMPATH/Database/BaseConnection.php(607): CodeIgniter\Database\BaseConnection->simpleQuery(' SELECT *  FROM course_batch
                                WHERE course_id = homepage_assets')
 3 APPPATH/Controllers/HomepageController.php(135): CodeIgniter\Database\BaseConnection->query(' SELECT *  FROM course_batch
                                WHERE course_id = homepage_assets')
 4 SYSTEMPATH/CodeIgniter.php(943): App\Controllers\HomepageController->Course_details_view('homepage_assets', 'img', 'apple-touch-icon.png')
 5 SYSTEMPATH/CodeIgniter.php(503): CodeIgniter\CodeIgniter->runController(Object(App\Controllers\HomepageController))
 6 SYSTEMPATH/CodeIgniter.php(361): CodeIgniter\CodeIgniter->handleRequest(null, Object(Config\Cache), false)
 7 FCPATH/index.php(79): CodeIgniter\CodeIgniter->run()
CRITICAL - 2025-02-19 18:24:08 --> [Caused by] mysqli_sql_exception: Unknown column 'homepage_assets' in 'where clause'
in SYSTEMPATH/Database/MySQLi/Connection.php on line 306.
 1 SYSTEMPATH/Database/MySQLi/Connection.php(306): mysqli->query(' SELECT *  FROM course_batch
                                WHERE course_id = homepage_assets', 0)
 2 SYSTEMPATH/Database/BaseConnection.php(693): CodeIgniter\Database\MySQLi\Connection->execute(' SELECT *  FROM course_batch
                                WHERE course_id = homepage_assets')
 3 SYSTEMPATH/Database/BaseConnection.php(607): CodeIgniter\Database\BaseConnection->simpleQuery(' SELECT *  FROM course_batch
                                WHERE course_id = homepage_assets')
 4 APPPATH/Controllers/HomepageController.php(135): CodeIgniter\Database\BaseConnection->query(' SELECT *  FROM course_batch
                                WHERE course_id = homepage_assets')
 5 SYSTEMPATH/CodeIgniter.php(943): App\Controllers\HomepageController->Course_details_view('homepage_assets', 'img', 'apple-touch-icon.png')
 6 SYSTEMPATH/CodeIgniter.php(503): CodeIgniter\CodeIgniter->runController(Object(App\Controllers\HomepageController))
 7 SYSTEMPATH/CodeIgniter.php(361): CodeIgniter\CodeIgniter->handleRequest(null, Object(Config\Cache), false)
 8 FCPATH/index.php(79): CodeIgniter\CodeIgniter->run()
INFO - 2025-02-19 18:24:09 --> Session: Class initialized using 'CodeIgniter\Session\Handlers\FileHandler' driver.
INFO - 2025-02-19 19:14:23 --> Session: Class initialized using 'CodeIgniter\Session\Handlers\FileHandler' driver.
INFO - 2025-02-19 19:14:29 --> Session: Class initialized using 'CodeIgniter\Session\Handlers\FileHandler' driver.
ERROR - 2025-02-19 19:14:29 --> mysqli_sql_exception: Unknown column 'homepage_assets' in 'where clause' in /var/www/html/vendor/codeigniter4/framework/system/Database/MySQLi/Connection.php:306
Stack trace:
#0 /var/www/html/vendor/codeigniter4/framework/system/Database/MySQLi/Connection.php(306): mysqli->query(' SELECT *  FROM...', 0)
#1 /var/www/html/vendor/codeigniter4/framework/system/Database/BaseConnection.php(693): CodeIgniter\Database\MySQLi\Connection->execute(' SELECT *  FROM...')
#2 /var/www/html/vendor/codeigniter4/framework/system/Database/BaseConnection.php(607): CodeIgniter\Database\BaseConnection->simpleQuery(' SELECT *  FROM...')
#3 /var/www/html/app/Controllers/HomepageController.php(135): CodeIgniter\Database\BaseConnection->query(' SELECT *  FROM...')
#4 /var/www/html/vendor/codeigniter4/framework/system/CodeIgniter.php(943): App\Controllers\HomepageController->Course_details_view('homepage_assets', 'img', 'favicon.png')
#5 /var/www/html/vendor/codeigniter4/framework/system/CodeIgniter.php(503): CodeIgniter\CodeIgniter->runController(Object(App\Controllers\HomepageController))
#6 /var/www/html/vendor/codeigniter4/framework/system/CodeIgniter.php(361): CodeIgniter\CodeIgniter->handleRequest(NULL, Object(Config\Cache), false)
#7 /var/www/html/index.php(79): CodeIgniter\CodeIgniter->run()
#8 {main}
CRITICAL - 2025-02-19 19:14:29 --> CodeIgniter\Database\Exceptions\DatabaseException: Unknown column 'homepage_assets' in 'where clause'
in SYSTEMPATH/Database/BaseConnection.php on line 647.
 1 APPPATH/Controllers/HomepageController.php(135): CodeIgniter\Database\BaseConnection->query(' SELECT *  FROM course_batch
                                WHERE course_id = homepage_assets')
 2 SYSTEMPATH/CodeIgniter.php(943): App\Controllers\HomepageController->Course_details_view('homepage_assets', 'img', 'favicon.png')
 3 SYSTEMPATH/CodeIgniter.php(503): CodeIgniter\CodeIgniter->runController(Object(App\Controllers\HomepageController))
 4 SYSTEMPATH/CodeIgniter.php(361): CodeIgniter\CodeIgniter->handleRequest(null, Object(Config\Cache), false)
 5 FCPATH/index.php(79): CodeIgniter\CodeIgniter->run()
CRITICAL - 2025-02-19 19:14:29 --> [Caused by] CodeIgniter\Database\Exceptions\DatabaseException: Unknown column 'homepage_assets' in 'where clause'
in SYSTEMPATH/Database/MySQLi/Connection.php on line 311.
 1 SYSTEMPATH/Database/BaseConnection.php(693): CodeIgniter\Database\MySQLi\Connection->execute(' SELECT *  FROM course_batch
                                WHERE course_id = homepage_assets')
 2 SYSTEMPATH/Database/BaseConnection.php(607): CodeIgniter\Database\BaseConnection->simpleQuery(' SELECT *  FROM course_batch
                                WHERE course_id = homepage_assets')
 3 APPPATH/Controllers/HomepageController.php(135): CodeIgniter\Database\BaseConnection->query(' SELECT *  FROM course_batch
                                WHERE course_id = homepage_assets')
 4 SYSTEMPATH/CodeIgniter.php(943): App\Controllers\HomepageController->Course_details_view('homepage_assets', 'img', 'favicon.png')
 5 SYSTEMPATH/CodeIgniter.php(503): CodeIgniter\CodeIgniter->runController(Object(App\Controllers\HomepageController))
 6 SYSTEMPATH/CodeIgniter.php(361): CodeIgniter\CodeIgniter->handleRequest(null, Object(Config\Cache), false)
 7 FCPATH/index.php(79): CodeIgniter\CodeIgniter->run()
CRITICAL - 2025-02-19 19:14:29 --> [Caused by] mysqli_sql_exception: Unknown column 'homepage_assets' in 'where clause'
in SYSTEMPATH/Database/MySQLi/Connection.php on line 306.
 1 SYSTEMPATH/Database/MySQLi/Connection.php(306): mysqli->query(' SELECT *  FROM course_batch
                                WHERE course_id = homepage_assets', 0)
 2 SYSTEMPATH/Database/BaseConnection.php(693): CodeIgniter\Database\MySQLi\Connection->execute(' SELECT *  FROM course_batch
                                WHERE course_id = homepage_assets')
 3 SYSTEMPATH/Database/BaseConnection.php(607): CodeIgniter\Database\BaseConnection->simpleQuery(' SELECT *  FROM course_batch
                                WHERE course_id = homepage_assets')
 4 APPPATH/Controllers/HomepageController.php(135): CodeIgniter\Database\BaseConnection->query(' SELECT *  FROM course_batch
                                WHERE course_id = homepage_assets')
 5 SYSTEMPATH/CodeIgniter.php(943): App\Controllers\HomepageController->Course_details_view('homepage_assets', 'img', 'favicon.png')
 6 SYSTEMPATH/CodeIgniter.php(503): CodeIgniter\CodeIgniter->runController(Object(App\Controllers\HomepageController))
 7 SYSTEMPATH/CodeIgniter.php(361): CodeIgniter\CodeIgniter->handleRequest(null, Object(Config\Cache), false)
 8 FCPATH/index.php(79): CodeIgniter\CodeIgniter->run()
INFO - 2025-02-19 19:33:07 --> Session: Class initialized using 'CodeIgniter\Session\Handlers\FileHandler' driver.
INFO - 2025-02-19 20:56:12 --> Session: Class initialized using 'CodeIgniter\Session\Handlers\FileHandler' driver.
INFO - 2025-02-19 21:07:35 --> Session: Class initialized using 'CodeIgniter\Session\Handlers\FileHandler' driver.
INFO - 2025-02-19 21:07:41 --> Session: Class initialized using 'CodeIgniter\Session\Handlers\FileHandler' driver.
INFO - 2025-02-19 21:07:44 --> Session: Class initialized using 'CodeIgniter\Session\Handlers\FileHandler' driver.
INFO - 2025-02-19 22:51:42 --> Session: Class initialized using 'CodeIgniter\Session\Handlers\FileHandler' driver.
