INFO - 2025-01-29 01:00:06 --> Session: Class initialized using 'CodeIgniter\Session\Handlers\FileHandler' driver.
INFO - 2025-01-29 01:40:43 --> Session: Class initialized using 'CodeIgniter\Session\Handlers\FileHandler' driver.
INFO - 2025-01-29 01:49:06 --> Session: Class initialized using 'CodeIgniter\Session\Handlers\FileHandler' driver.
INFO - 2025-01-29 02:05:47 --> Session: Class initialized using 'CodeIgniter\Session\Handlers\FileHandler' driver.
INFO - 2025-01-29 02:17:04 --> Session: Class initialized using 'CodeIgniter\Session\Handlers\FileHandler' driver.
INFO - 2025-01-29 02:25:52 --> Session: Class initialized using 'CodeIgniter\Session\Handlers\FileHandler' driver.
CRITICAL - 2025-01-29 02:25:52 --> ErrorException: Undefined variable: course_title
in APPPATH/Views/student/course_details_left_contain.php on line 24.
 1 APPPATH/Views/student/course_details_left_contain.php(24): CodeIgniter\Debug\Exceptions->errorHandler(8, 'Undefined variable: course_title', '/var/www/html/app/Views/student/course_details_left_contain.php', 24, [...])
 2 APPPATH/Views/student/CourseDetailsView.php(67): include_once('/var/www/html/app/Views/student/course_details_left_contain.php')
 3 SYSTEMPATH/View/View.php(228): include('/var/www/html/app/Views/student/CourseDetailsView.php')
 4 SYSTEMPATH/View/View.php(231): CodeIgniter\View\View->CodeIgniter\View\{closure}()
 5 SYSTEMPATH/Common.php(1178): CodeIgniter\View\View->render('student/CourseDetailsView', [], true)
 6 APPPATH/Controllers/HomepageController.php(157): view('student/CourseDetailsView', [...])
 7 SYSTEMPATH/CodeIgniter.php(943): App\Controllers\HomepageController->Course_details_view('66')
 8 SYSTEMPATH/CodeIgniter.php(503): CodeIgniter\CodeIgniter->runController(Object(App\Controllers\HomepageController))
 9 SYSTEMPATH/CodeIgniter.php(361): CodeIgniter\CodeIgniter->handleRequest(null, Object(Config\Cache), false)
10 FCPATH/index.php(79): CodeIgniter\CodeIgniter->run()
INFO - 2025-01-29 02:29:14 --> Session: Class initialized using 'CodeIgniter\Session\Handlers\FileHandler' driver.
INFO - 2025-01-29 03:04:17 --> Session: Class initialized using 'CodeIgniter\Session\Handlers\FileHandler' driver.
INFO - 2025-01-29 03:04:19 --> Session: Class initialized using 'CodeIgniter\Session\Handlers\FileHandler' driver.
INFO - 2025-01-29 03:06:34 --> Session: Class initialized using 'CodeIgniter\Session\Handlers\FileHandler' driver.
INFO - 2025-01-29 04:00:23 --> Session: Class initialized using 'CodeIgniter\Session\Handlers\FileHandler' driver.
INFO - 2025-01-29 05:42:01 --> Session: Class initialized using 'CodeIgniter\Session\Handlers\FileHandler' driver.
INFO - 2025-01-29 05:47:12 --> Session: Class initialized using 'CodeIgniter\Session\Handlers\FileHandler' driver.
INFO - 2025-01-29 05:47:26 --> Session: Class initialized using 'CodeIgniter\Session\Handlers\FileHandler' driver.
INFO - 2025-01-29 05:47:37 --> Session: Class initialized using 'CodeIgniter\Session\Handlers\FileHandler' driver.
INFO - 2025-01-29 05:47:39 --> Session: Class initialized using 'CodeIgniter\Session\Handlers\FileHandler' driver.
ERROR - 2025-01-29 05:47:39 --> mysqli_sql_exception: Unknown column 'homepage_assets' in 'where clause' in /var/www/html/vendor/codeigniter4/framework/system/Database/MySQLi/Connection.php:306
Stack trace:
#0 /var/www/html/vendor/codeigniter4/framework/system/Database/MySQLi/Connection.php(306): mysqli->query(' SELECT *  FROM...', 0)
#1 /var/www/html/vendor/codeigniter4/framework/system/Database/BaseConnection.php(693): CodeIgniter\Database\MySQLi\Connection->execute(' SELECT *  FROM...')
#2 /var/www/html/vendor/codeigniter4/framework/system/Database/BaseConnection.php(607): CodeIgniter\Database\BaseConnection->simpleQuery(' SELECT *  FROM...')
#3 /var/www/html/app/Controllers/HomepageController.php(135): CodeIgniter\Database\BaseConnection->query(' SELECT *  FROM...')
#4 /var/www/html/vendor/codeigniter4/framework/system/CodeIgniter.php(943): App\Controllers\HomepageController->Course_details_view('homepage_assets', 'img', 'apple-touch-ico...')
#5 /var/www/html/vendor/codeigniter4/framework/system/CodeIgniter.php(503): CodeIgniter\CodeIgniter->runController(Object(App\Controllers\HomepageController))
#6 /var/www/html/vendor/codeigniter4/framework/system/CodeIgniter.php(361): CodeIgniter\CodeIgniter->handleRequest(NULL, Object(Config\Cache), false)
#7 /var/www/html/index.php(79): CodeIgniter\CodeIgniter->run()
#8 {main}
CRITICAL - 2025-01-29 05:47:39 --> CodeIgniter\Database\Exceptions\DatabaseException: Unknown column 'homepage_assets' in 'where clause'
in SYSTEMPATH/Database/BaseConnection.php on line 647.
 1 APPPATH/Controllers/HomepageController.php(135): CodeIgniter\Database\BaseConnection->query(' SELECT *  FROM course_batch
                                WHERE course_id = homepage_assets')
 2 SYSTEMPATH/CodeIgniter.php(943): App\Controllers\HomepageController->Course_details_view('homepage_assets', 'img', 'apple-touch-icon.png')
 3 SYSTEMPATH/CodeIgniter.php(503): CodeIgniter\CodeIgniter->runController(Object(App\Controllers\HomepageController))
 4 SYSTEMPATH/CodeIgniter.php(361): CodeIgniter\CodeIgniter->handleRequest(null, Object(Config\Cache), false)
 5 FCPATH/index.php(79): CodeIgniter\CodeIgniter->run()
CRITICAL - 2025-01-29 05:47:39 --> [Caused by] CodeIgniter\Database\Exceptions\DatabaseException: Unknown column 'homepage_assets' in 'where clause'
in SYSTEMPATH/Database/MySQLi/Connection.php on line 311.
 1 SYSTEMPATH/Database/BaseConnection.php(693): CodeIgniter\Database\MySQLi\Connection->execute(' SELECT *  FROM course_batch
                                WHERE course_id = homepage_assets')
 2 SYSTEMPATH/Database/BaseConnection.php(607): CodeIgniter\Database\BaseConnection->simpleQuery(' SELECT *  FROM course_batch
                                WHERE course_id = homepage_assets')
 3 APPPATH/Controllers/HomepageController.php(135): CodeIgniter\Database\BaseConnection->query(' SELECT *  FROM course_batch
                                WHERE course_id = homepage_assets')
 4 SYSTEMPATH/CodeIgniter.php(943): App\Controllers\HomepageController->Course_details_view('homepage_assets', 'img', 'apple-touch-icon.png')
 5 SYSTEMPATH/CodeIgniter.php(503): CodeIgniter\CodeIgniter->runController(Object(App\Controllers\HomepageController))
 6 SYSTEMPATH/CodeIgniter.php(361): CodeIgniter\CodeIgniter->handleRequest(null, Object(Config\Cache), false)
 7 FCPATH/index.php(79): CodeIgniter\CodeIgniter->run()
CRITICAL - 2025-01-29 05:47:39 --> [Caused by] mysqli_sql_exception: Unknown column 'homepage_assets' in 'where clause'
in SYSTEMPATH/Database/MySQLi/Connection.php on line 306.
 1 SYSTEMPATH/Database/MySQLi/Connection.php(306): mysqli->query(' SELECT *  FROM course_batch
                                WHERE course_id = homepage_assets', 0)
 2 SYSTEMPATH/Database/BaseConnection.php(693): CodeIgniter\Database\MySQLi\Connection->execute(' SELECT *  FROM course_batch
                                WHERE course_id = homepage_assets')
 3 SYSTEMPATH/Database/BaseConnection.php(607): CodeIgniter\Database\BaseConnection->simpleQuery(' SELECT *  FROM course_batch
                                WHERE course_id = homepage_assets')
 4 APPPATH/Controllers/HomepageController.php(135): CodeIgniter\Database\BaseConnection->query(' SELECT *  FROM course_batch
                                WHERE course_id = homepage_assets')
 5 SYSTEMPATH/CodeIgniter.php(943): App\Controllers\HomepageController->Course_details_view('homepage_assets', 'img', 'apple-touch-icon.png')
 6 SYSTEMPATH/CodeIgniter.php(503): CodeIgniter\CodeIgniter->runController(Object(App\Controllers\HomepageController))
 7 SYSTEMPATH/CodeIgniter.php(361): CodeIgniter\CodeIgniter->handleRequest(null, Object(Config\Cache), false)
 8 FCPATH/index.php(79): CodeIgniter\CodeIgniter->run()
INFO - 2025-01-29 05:47:39 --> Session: Class initialized using 'CodeIgniter\Session\Handlers\FileHandler' driver.
ERROR - 2025-01-29 05:47:39 --> mysqli_sql_exception: Unknown column 'homepage_assets' in 'where clause' in /var/www/html/vendor/codeigniter4/framework/system/Database/MySQLi/Connection.php:306
Stack trace:
#0 /var/www/html/vendor/codeigniter4/framework/system/Database/MySQLi/Connection.php(306): mysqli->query(' SELECT *  FROM...', 0)
#1 /var/www/html/vendor/codeigniter4/framework/system/Database/BaseConnection.php(693): CodeIgniter\Database\MySQLi\Connection->execute(' SELECT *  FROM...')
#2 /var/www/html/vendor/codeigniter4/framework/system/Database/BaseConnection.php(607): CodeIgniter\Database\BaseConnection->simpleQuery(' SELECT *  FROM...')
#3 /var/www/html/app/Controllers/HomepageController.php(135): CodeIgniter\Database\BaseConnection->query(' SELECT *  FROM...')
#4 /var/www/html/vendor/codeigniter4/framework/system/CodeIgniter.php(943): App\Controllers\HomepageController->Course_details_view('homepage_assets', 'img', 'favicon.png')
#5 /var/www/html/vendor/codeigniter4/framework/system/CodeIgniter.php(503): CodeIgniter\CodeIgniter->runController(Object(App\Controllers\HomepageController))
#6 /var/www/html/vendor/codeigniter4/framework/system/CodeIgniter.php(361): CodeIgniter\CodeIgniter->handleRequest(NULL, Object(Config\Cache), false)
#7 /var/www/html/index.php(79): CodeIgniter\CodeIgniter->run()
#8 {main}
CRITICAL - 2025-01-29 05:47:39 --> CodeIgniter\Database\Exceptions\DatabaseException: Unknown column 'homepage_assets' in 'where clause'
in SYSTEMPATH/Database/BaseConnection.php on line 647.
 1 APPPATH/Controllers/HomepageController.php(135): CodeIgniter\Database\BaseConnection->query(' SELECT *  FROM course_batch
                                WHERE course_id = homepage_assets')
 2 SYSTEMPATH/CodeIgniter.php(943): App\Controllers\HomepageController->Course_details_view('homepage_assets', 'img', 'favicon.png')
 3 SYSTEMPATH/CodeIgniter.php(503): CodeIgniter\CodeIgniter->runController(Object(App\Controllers\HomepageController))
 4 SYSTEMPATH/CodeIgniter.php(361): CodeIgniter\CodeIgniter->handleRequest(null, Object(Config\Cache), false)
 5 FCPATH/index.php(79): CodeIgniter\CodeIgniter->run()
CRITICAL - 2025-01-29 05:47:39 --> [Caused by] CodeIgniter\Database\Exceptions\DatabaseException: Unknown column 'homepage_assets' in 'where clause'
in SYSTEMPATH/Database/MySQLi/Connection.php on line 311.
 1 SYSTEMPATH/Database/BaseConnection.php(693): CodeIgniter\Database\MySQLi\Connection->execute(' SELECT *  FROM course_batch
                                WHERE course_id = homepage_assets')
 2 SYSTEMPATH/Database/BaseConnection.php(607): CodeIgniter\Database\BaseConnection->simpleQuery(' SELECT *  FROM course_batch
                                WHERE course_id = homepage_assets')
 3 APPPATH/Controllers/HomepageController.php(135): CodeIgniter\Database\BaseConnection->query(' SELECT *  FROM course_batch
                                WHERE course_id = homepage_assets')
 4 SYSTEMPATH/CodeIgniter.php(943): App\Controllers\HomepageController->Course_details_view('homepage_assets', 'img', 'favicon.png')
 5 SYSTEMPATH/CodeIgniter.php(503): CodeIgniter\CodeIgniter->runController(Object(App\Controllers\HomepageController))
 6 SYSTEMPATH/CodeIgniter.php(361): CodeIgniter\CodeIgniter->handleRequest(null, Object(Config\Cache), false)
 7 FCPATH/index.php(79): CodeIgniter\CodeIgniter->run()
CRITICAL - 2025-01-29 05:47:39 --> [Caused by] mysqli_sql_exception: Unknown column 'homepage_assets' in 'where clause'
in SYSTEMPATH/Database/MySQLi/Connection.php on line 306.
 1 SYSTEMPATH/Database/MySQLi/Connection.php(306): mysqli->query(' SELECT *  FROM course_batch
                                WHERE course_id = homepage_assets', 0)
 2 SYSTEMPATH/Database/BaseConnection.php(693): CodeIgniter\Database\MySQLi\Connection->execute(' SELECT *  FROM course_batch
                                WHERE course_id = homepage_assets')
 3 SYSTEMPATH/Database/BaseConnection.php(607): CodeIgniter\Database\BaseConnection->simpleQuery(' SELECT *  FROM course_batch
                                WHERE course_id = homepage_assets')
 4 APPPATH/Controllers/HomepageController.php(135): CodeIgniter\Database\BaseConnection->query(' SELECT *  FROM course_batch
                                WHERE course_id = homepage_assets')
 5 SYSTEMPATH/CodeIgniter.php(943): App\Controllers\HomepageController->Course_details_view('homepage_assets', 'img', 'favicon.png')
 6 SYSTEMPATH/CodeIgniter.php(503): CodeIgniter\CodeIgniter->runController(Object(App\Controllers\HomepageController))
 7 SYSTEMPATH/CodeIgniter.php(361): CodeIgniter\CodeIgniter->handleRequest(null, Object(Config\Cache), false)
 8 FCPATH/index.php(79): CodeIgniter\CodeIgniter->run()
INFO - 2025-01-29 05:48:33 --> Session: Class initialized using 'CodeIgniter\Session\Handlers\FileHandler' driver.
INFO - 2025-01-29 05:48:49 --> Session: Class initialized using 'CodeIgniter\Session\Handlers\FileHandler' driver.
INFO - 2025-01-29 05:48:49 --> Session: Class initialized using 'CodeIgniter\Session\Handlers\FileHandler' driver.
INFO - 2025-01-29 05:49:00 --> Session: Class initialized using 'CodeIgniter\Session\Handlers\FileHandler' driver.
INFO - 2025-01-29 06:03:32 --> Session: Class initialized using 'CodeIgniter\Session\Handlers\FileHandler' driver.
INFO - 2025-01-29 06:03:43 --> Session: Class initialized using 'CodeIgniter\Session\Handlers\FileHandler' driver.
INFO - 2025-01-29 06:04:52 --> Session: Class initialized using 'CodeIgniter\Session\Handlers\FileHandler' driver.
INFO - 2025-01-29 06:04:52 --> Session: Class initialized using 'CodeIgniter\Session\Handlers\FileHandler' driver.
INFO - 2025-01-29 06:05:02 --> Session: Class initialized using 'CodeIgniter\Session\Handlers\FileHandler' driver.
INFO - 2025-01-29 06:06:00 --> Session: Class initialized using 'CodeIgniter\Session\Handlers\FileHandler' driver.
INFO - 2025-01-29 06:06:01 --> Session: Class initialized using 'CodeIgniter\Session\Handlers\FileHandler' driver.
INFO - 2025-01-29 06:06:12 --> Session: Class initialized using 'CodeIgniter\Session\Handlers\FileHandler' driver.
INFO - 2025-01-29 06:06:16 --> Session: Class initialized using 'CodeIgniter\Session\Handlers\FileHandler' driver.
INFO - 2025-01-29 06:06:17 --> Session: Class initialized using 'CodeIgniter\Session\Handlers\FileHandler' driver.
ERROR - 2025-01-29 06:06:17 --> mysqli_sql_exception: Unknown column 'homepage_assets' in 'where clause' in /var/www/html/vendor/codeigniter4/framework/system/Database/MySQLi/Connection.php:306
Stack trace:
#0 /var/www/html/vendor/codeigniter4/framework/system/Database/MySQLi/Connection.php(306): mysqli->query(' SELECT *  FROM...', 0)
#1 /var/www/html/vendor/codeigniter4/framework/system/Database/BaseConnection.php(693): CodeIgniter\Database\MySQLi\Connection->execute(' SELECT *  FROM...')
#2 /var/www/html/vendor/codeigniter4/framework/system/Database/BaseConnection.php(607): CodeIgniter\Database\BaseConnection->simpleQuery(' SELECT *  FROM...')
#3 /var/www/html/app/Controllers/HomepageController.php(135): CodeIgniter\Database\BaseConnection->query(' SELECT *  FROM...')
#4 /var/www/html/vendor/codeigniter4/framework/system/CodeIgniter.php(943): App\Controllers\HomepageController->Course_details_view('homepage_assets', 'img', 'apple-touch-ico...')
#5 /var/www/html/vendor/codeigniter4/framework/system/CodeIgniter.php(503): CodeIgniter\CodeIgniter->runController(Object(App\Controllers\HomepageController))
#6 /var/www/html/vendor/codeigniter4/framework/system/CodeIgniter.php(361): CodeIgniter\CodeIgniter->handleRequest(NULL, Object(Config\Cache), false)
#7 /var/www/html/index.php(79): CodeIgniter\CodeIgniter->run()
#8 {main}
CRITICAL - 2025-01-29 06:06:17 --> CodeIgniter\Database\Exceptions\DatabaseException: Unknown column 'homepage_assets' in 'where clause'
in SYSTEMPATH/Database/BaseConnection.php on line 647.
 1 APPPATH/Controllers/HomepageController.php(135): CodeIgniter\Database\BaseConnection->query(' SELECT *  FROM course_batch
                                WHERE course_id = homepage_assets')
 2 SYSTEMPATH/CodeIgniter.php(943): App\Controllers\HomepageController->Course_details_view('homepage_assets', 'img', 'apple-touch-icon.png')
 3 SYSTEMPATH/CodeIgniter.php(503): CodeIgniter\CodeIgniter->runController(Object(App\Controllers\HomepageController))
 4 SYSTEMPATH/CodeIgniter.php(361): CodeIgniter\CodeIgniter->handleRequest(null, Object(Config\Cache), false)
 5 FCPATH/index.php(79): CodeIgniter\CodeIgniter->run()
CRITICAL - 2025-01-29 06:06:17 --> [Caused by] CodeIgniter\Database\Exceptions\DatabaseException: Unknown column 'homepage_assets' in 'where clause'
in SYSTEMPATH/Database/MySQLi/Connection.php on line 311.
 1 SYSTEMPATH/Database/BaseConnection.php(693): CodeIgniter\Database\MySQLi\Connection->execute(' SELECT *  FROM course_batch
                                WHERE course_id = homepage_assets')
 2 SYSTEMPATH/Database/BaseConnection.php(607): CodeIgniter\Database\BaseConnection->simpleQuery(' SELECT *  FROM course_batch
                                WHERE course_id = homepage_assets')
 3 APPPATH/Controllers/HomepageController.php(135): CodeIgniter\Database\BaseConnection->query(' SELECT *  FROM course_batch
                                WHERE course_id = homepage_assets')
 4 SYSTEMPATH/CodeIgniter.php(943): App\Controllers\HomepageController->Course_details_view('homepage_assets', 'img', 'apple-touch-icon.png')
 5 SYSTEMPATH/CodeIgniter.php(503): CodeIgniter\CodeIgniter->runController(Object(App\Controllers\HomepageController))
 6 SYSTEMPATH/CodeIgniter.php(361): CodeIgniter\CodeIgniter->handleRequest(null, Object(Config\Cache), false)
 7 FCPATH/index.php(79): CodeIgniter\CodeIgniter->run()
CRITICAL - 2025-01-29 06:06:17 --> [Caused by] mysqli_sql_exception: Unknown column 'homepage_assets' in 'where clause'
in SYSTEMPATH/Database/MySQLi/Connection.php on line 306.
 1 SYSTEMPATH/Database/MySQLi/Connection.php(306): mysqli->query(' SELECT *  FROM course_batch
                                WHERE course_id = homepage_assets', 0)
 2 SYSTEMPATH/Database/BaseConnection.php(693): CodeIgniter\Database\MySQLi\Connection->execute(' SELECT *  FROM course_batch
                                WHERE course_id = homepage_assets')
 3 SYSTEMPATH/Database/BaseConnection.php(607): CodeIgniter\Database\BaseConnection->simpleQuery(' SELECT *  FROM course_batch
                                WHERE course_id = homepage_assets')
 4 APPPATH/Controllers/HomepageController.php(135): CodeIgniter\Database\BaseConnection->query(' SELECT *  FROM course_batch
                                WHERE course_id = homepage_assets')
 5 SYSTEMPATH/CodeIgniter.php(943): App\Controllers\HomepageController->Course_details_view('homepage_assets', 'img', 'apple-touch-icon.png')
 6 SYSTEMPATH/CodeIgniter.php(503): CodeIgniter\CodeIgniter->runController(Object(App\Controllers\HomepageController))
 7 SYSTEMPATH/CodeIgniter.php(361): CodeIgniter\CodeIgniter->handleRequest(null, Object(Config\Cache), false)
 8 FCPATH/index.php(79): CodeIgniter\CodeIgniter->run()
INFO - 2025-01-29 06:06:17 --> Session: Class initialized using 'CodeIgniter\Session\Handlers\FileHandler' driver.
ERROR - 2025-01-29 06:06:17 --> mysqli_sql_exception: Unknown column 'homepage_assets' in 'where clause' in /var/www/html/vendor/codeigniter4/framework/system/Database/MySQLi/Connection.php:306
Stack trace:
#0 /var/www/html/vendor/codeigniter4/framework/system/Database/MySQLi/Connection.php(306): mysqli->query(' SELECT *  FROM...', 0)
#1 /var/www/html/vendor/codeigniter4/framework/system/Database/BaseConnection.php(693): CodeIgniter\Database\MySQLi\Connection->execute(' SELECT *  FROM...')
#2 /var/www/html/vendor/codeigniter4/framework/system/Database/BaseConnection.php(607): CodeIgniter\Database\BaseConnection->simpleQuery(' SELECT *  FROM...')
#3 /var/www/html/app/Controllers/HomepageController.php(135): CodeIgniter\Database\BaseConnection->query(' SELECT *  FROM...')
#4 /var/www/html/vendor/codeigniter4/framework/system/CodeIgniter.php(943): App\Controllers\HomepageController->Course_details_view('homepage_assets', 'img', 'favicon.png')
#5 /var/www/html/vendor/codeigniter4/framework/system/CodeIgniter.php(503): CodeIgniter\CodeIgniter->runController(Object(App\Controllers\HomepageController))
#6 /var/www/html/vendor/codeigniter4/framework/system/CodeIgniter.php(361): CodeIgniter\CodeIgniter->handleRequest(NULL, Object(Config\Cache), false)
#7 /var/www/html/index.php(79): CodeIgniter\CodeIgniter->run()
#8 {main}
CRITICAL - 2025-01-29 06:06:17 --> CodeIgniter\Database\Exceptions\DatabaseException: Unknown column 'homepage_assets' in 'where clause'
in SYSTEMPATH/Database/BaseConnection.php on line 647.
 1 APPPATH/Controllers/HomepageController.php(135): CodeIgniter\Database\BaseConnection->query(' SELECT *  FROM course_batch
                                WHERE course_id = homepage_assets')
 2 SYSTEMPATH/CodeIgniter.php(943): App\Controllers\HomepageController->Course_details_view('homepage_assets', 'img', 'favicon.png')
 3 SYSTEMPATH/CodeIgniter.php(503): CodeIgniter\CodeIgniter->runController(Object(App\Controllers\HomepageController))
 4 SYSTEMPATH/CodeIgniter.php(361): CodeIgniter\CodeIgniter->handleRequest(null, Object(Config\Cache), false)
 5 FCPATH/index.php(79): CodeIgniter\CodeIgniter->run()
CRITICAL - 2025-01-29 06:06:17 --> [Caused by] CodeIgniter\Database\Exceptions\DatabaseException: Unknown column 'homepage_assets' in 'where clause'
in SYSTEMPATH/Database/MySQLi/Connection.php on line 311.
 1 SYSTEMPATH/Database/BaseConnection.php(693): CodeIgniter\Database\MySQLi\Connection->execute(' SELECT *  FROM course_batch
                                WHERE course_id = homepage_assets')
 2 SYSTEMPATH/Database/BaseConnection.php(607): CodeIgniter\Database\BaseConnection->simpleQuery(' SELECT *  FROM course_batch
                                WHERE course_id = homepage_assets')
 3 APPPATH/Controllers/HomepageController.php(135): CodeIgniter\Database\BaseConnection->query(' SELECT *  FROM course_batch
                                WHERE course_id = homepage_assets')
 4 SYSTEMPATH/CodeIgniter.php(943): App\Controllers\HomepageController->Course_details_view('homepage_assets', 'img', 'favicon.png')
 5 SYSTEMPATH/CodeIgniter.php(503): CodeIgniter\CodeIgniter->runController(Object(App\Controllers\HomepageController))
 6 SYSTEMPATH/CodeIgniter.php(361): CodeIgniter\CodeIgniter->handleRequest(null, Object(Config\Cache), false)
 7 FCPATH/index.php(79): CodeIgniter\CodeIgniter->run()
CRITICAL - 2025-01-29 06:06:17 --> [Caused by] mysqli_sql_exception: Unknown column 'homepage_assets' in 'where clause'
in SYSTEMPATH/Database/MySQLi/Connection.php on line 306.
 1 SYSTEMPATH/Database/MySQLi/Connection.php(306): mysqli->query(' SELECT *  FROM course_batch
                                WHERE course_id = homepage_assets', 0)
 2 SYSTEMPATH/Database/BaseConnection.php(693): CodeIgniter\Database\MySQLi\Connection->execute(' SELECT *  FROM course_batch
                                WHERE course_id = homepage_assets')
 3 SYSTEMPATH/Database/BaseConnection.php(607): CodeIgniter\Database\BaseConnection->simpleQuery(' SELECT *  FROM course_batch
                                WHERE course_id = homepage_assets')
 4 APPPATH/Controllers/HomepageController.php(135): CodeIgniter\Database\BaseConnection->query(' SELECT *  FROM course_batch
                                WHERE course_id = homepage_assets')
 5 SYSTEMPATH/CodeIgniter.php(943): App\Controllers\HomepageController->Course_details_view('homepage_assets', 'img', 'favicon.png')
 6 SYSTEMPATH/CodeIgniter.php(503): CodeIgniter\CodeIgniter->runController(Object(App\Controllers\HomepageController))
 7 SYSTEMPATH/CodeIgniter.php(361): CodeIgniter\CodeIgniter->handleRequest(null, Object(Config\Cache), false)
 8 FCPATH/index.php(79): CodeIgniter\CodeIgniter->run()
INFO - 2025-01-29 06:06:36 --> Session: Class initialized using 'CodeIgniter\Session\Handlers\FileHandler' driver.
INFO - 2025-01-29 06:06:38 --> Session: Class initialized using 'CodeIgniter\Session\Handlers\FileHandler' driver.
ERROR - 2025-01-29 06:06:38 --> mysqli_sql_exception: Unknown column 'homepage_assets' in 'where clause' in /var/www/html/vendor/codeigniter4/framework/system/Database/MySQLi/Connection.php:306
Stack trace:
#0 /var/www/html/vendor/codeigniter4/framework/system/Database/MySQLi/Connection.php(306): mysqli->query(' SELECT *  FROM...', 0)
#1 /var/www/html/vendor/codeigniter4/framework/system/Database/BaseConnection.php(693): CodeIgniter\Database\MySQLi\Connection->execute(' SELECT *  FROM...')
#2 /var/www/html/vendor/codeigniter4/framework/system/Database/BaseConnection.php(607): CodeIgniter\Database\BaseConnection->simpleQuery(' SELECT *  FROM...')
#3 /var/www/html/app/Controllers/HomepageController.php(135): CodeIgniter\Database\BaseConnection->query(' SELECT *  FROM...')
#4 /var/www/html/vendor/codeigniter4/framework/system/CodeIgniter.php(943): App\Controllers\HomepageController->Course_details_view('homepage_assets', 'img', 'apple-touch-ico...')
#5 /var/www/html/vendor/codeigniter4/framework/system/CodeIgniter.php(503): CodeIgniter\CodeIgniter->runController(Object(App\Controllers\HomepageController))
#6 /var/www/html/vendor/codeigniter4/framework/system/CodeIgniter.php(361): CodeIgniter\CodeIgniter->handleRequest(NULL, Object(Config\Cache), false)
#7 /var/www/html/index.php(79): CodeIgniter\CodeIgniter->run()
#8 {main}
CRITICAL - 2025-01-29 06:06:38 --> CodeIgniter\Database\Exceptions\DatabaseException: Unknown column 'homepage_assets' in 'where clause'
in SYSTEMPATH/Database/BaseConnection.php on line 647.
 1 APPPATH/Controllers/HomepageController.php(135): CodeIgniter\Database\BaseConnection->query(' SELECT *  FROM course_batch
                                WHERE course_id = homepage_assets')
 2 SYSTEMPATH/CodeIgniter.php(943): App\Controllers\HomepageController->Course_details_view('homepage_assets', 'img', 'apple-touch-icon.png')
 3 SYSTEMPATH/CodeIgniter.php(503): CodeIgniter\CodeIgniter->runController(Object(App\Controllers\HomepageController))
 4 SYSTEMPATH/CodeIgniter.php(361): CodeIgniter\CodeIgniter->handleRequest(null, Object(Config\Cache), false)
 5 FCPATH/index.php(79): CodeIgniter\CodeIgniter->run()
CRITICAL - 2025-01-29 06:06:38 --> [Caused by] CodeIgniter\Database\Exceptions\DatabaseException: Unknown column 'homepage_assets' in 'where clause'
in SYSTEMPATH/Database/MySQLi/Connection.php on line 311.
 1 SYSTEMPATH/Database/BaseConnection.php(693): CodeIgniter\Database\MySQLi\Connection->execute(' SELECT *  FROM course_batch
                                WHERE course_id = homepage_assets')
 2 SYSTEMPATH/Database/BaseConnection.php(607): CodeIgniter\Database\BaseConnection->simpleQuery(' SELECT *  FROM course_batch
                                WHERE course_id = homepage_assets')
 3 APPPATH/Controllers/HomepageController.php(135): CodeIgniter\Database\BaseConnection->query(' SELECT *  FROM course_batch
                                WHERE course_id = homepage_assets')
 4 SYSTEMPATH/CodeIgniter.php(943): App\Controllers\HomepageController->Course_details_view('homepage_assets', 'img', 'apple-touch-icon.png')
 5 SYSTEMPATH/CodeIgniter.php(503): CodeIgniter\CodeIgniter->runController(Object(App\Controllers\HomepageController))
 6 SYSTEMPATH/CodeIgniter.php(361): CodeIgniter\CodeIgniter->handleRequest(null, Object(Config\Cache), false)
 7 FCPATH/index.php(79): CodeIgniter\CodeIgniter->run()
CRITICAL - 2025-01-29 06:06:38 --> [Caused by] mysqli_sql_exception: Unknown column 'homepage_assets' in 'where clause'
in SYSTEMPATH/Database/MySQLi/Connection.php on line 306.
 1 SYSTEMPATH/Database/MySQLi/Connection.php(306): mysqli->query(' SELECT *  FROM course_batch
                                WHERE course_id = homepage_assets', 0)
 2 SYSTEMPATH/Database/BaseConnection.php(693): CodeIgniter\Database\MySQLi\Connection->execute(' SELECT *  FROM course_batch
                                WHERE course_id = homepage_assets')
 3 SYSTEMPATH/Database/BaseConnection.php(607): CodeIgniter\Database\BaseConnection->simpleQuery(' SELECT *  FROM course_batch
                                WHERE course_id = homepage_assets')
 4 APPPATH/Controllers/HomepageController.php(135): CodeIgniter\Database\BaseConnection->query(' SELECT *  FROM course_batch
                                WHERE course_id = homepage_assets')
 5 SYSTEMPATH/CodeIgniter.php(943): App\Controllers\HomepageController->Course_details_view('homepage_assets', 'img', 'apple-touch-icon.png')
 6 SYSTEMPATH/CodeIgniter.php(503): CodeIgniter\CodeIgniter->runController(Object(App\Controllers\HomepageController))
 7 SYSTEMPATH/CodeIgniter.php(361): CodeIgniter\CodeIgniter->handleRequest(null, Object(Config\Cache), false)
 8 FCPATH/index.php(79): CodeIgniter\CodeIgniter->run()
INFO - 2025-01-29 06:06:38 --> Session: Class initialized using 'CodeIgniter\Session\Handlers\FileHandler' driver.
ERROR - 2025-01-29 06:06:38 --> mysqli_sql_exception: Unknown column 'homepage_assets' in 'where clause' in /var/www/html/vendor/codeigniter4/framework/system/Database/MySQLi/Connection.php:306
Stack trace:
#0 /var/www/html/vendor/codeigniter4/framework/system/Database/MySQLi/Connection.php(306): mysqli->query(' SELECT *  FROM...', 0)
#1 /var/www/html/vendor/codeigniter4/framework/system/Database/BaseConnection.php(693): CodeIgniter\Database\MySQLi\Connection->execute(' SELECT *  FROM...')
#2 /var/www/html/vendor/codeigniter4/framework/system/Database/BaseConnection.php(607): CodeIgniter\Database\BaseConnection->simpleQuery(' SELECT *  FROM...')
#3 /var/www/html/app/Controllers/HomepageController.php(135): CodeIgniter\Database\BaseConnection->query(' SELECT *  FROM...')
#4 /var/www/html/vendor/codeigniter4/framework/system/CodeIgniter.php(943): App\Controllers\HomepageController->Course_details_view('homepage_assets', 'img', 'favicon.png')
#5 /var/www/html/vendor/codeigniter4/framework/system/CodeIgniter.php(503): CodeIgniter\CodeIgniter->runController(Object(App\Controllers\HomepageController))
#6 /var/www/html/vendor/codeigniter4/framework/system/CodeIgniter.php(361): CodeIgniter\CodeIgniter->handleRequest(NULL, Object(Config\Cache), false)
#7 /var/www/html/index.php(79): CodeIgniter\CodeIgniter->run()
#8 {main}
CRITICAL - 2025-01-29 06:06:38 --> CodeIgniter\Database\Exceptions\DatabaseException: Unknown column 'homepage_assets' in 'where clause'
in SYSTEMPATH/Database/BaseConnection.php on line 647.
 1 APPPATH/Controllers/HomepageController.php(135): CodeIgniter\Database\BaseConnection->query(' SELECT *  FROM course_batch
                                WHERE course_id = homepage_assets')
 2 SYSTEMPATH/CodeIgniter.php(943): App\Controllers\HomepageController->Course_details_view('homepage_assets', 'img', 'favicon.png')
 3 SYSTEMPATH/CodeIgniter.php(503): CodeIgniter\CodeIgniter->runController(Object(App\Controllers\HomepageController))
 4 SYSTEMPATH/CodeIgniter.php(361): CodeIgniter\CodeIgniter->handleRequest(null, Object(Config\Cache), false)
 5 FCPATH/index.php(79): CodeIgniter\CodeIgniter->run()
CRITICAL - 2025-01-29 06:06:38 --> [Caused by] CodeIgniter\Database\Exceptions\DatabaseException: Unknown column 'homepage_assets' in 'where clause'
in SYSTEMPATH/Database/MySQLi/Connection.php on line 311.
 1 SYSTEMPATH/Database/BaseConnection.php(693): CodeIgniter\Database\MySQLi\Connection->execute(' SELECT *  FROM course_batch
                                WHERE course_id = homepage_assets')
 2 SYSTEMPATH/Database/BaseConnection.php(607): CodeIgniter\Database\BaseConnection->simpleQuery(' SELECT *  FROM course_batch
                                WHERE course_id = homepage_assets')
 3 APPPATH/Controllers/HomepageController.php(135): CodeIgniter\Database\BaseConnection->query(' SELECT *  FROM course_batch
                                WHERE course_id = homepage_assets')
 4 SYSTEMPATH/CodeIgniter.php(943): App\Controllers\HomepageController->Course_details_view('homepage_assets', 'img', 'favicon.png')
 5 SYSTEMPATH/CodeIgniter.php(503): CodeIgniter\CodeIgniter->runController(Object(App\Controllers\HomepageController))
 6 SYSTEMPATH/CodeIgniter.php(361): CodeIgniter\CodeIgniter->handleRequest(null, Object(Config\Cache), false)
 7 FCPATH/index.php(79): CodeIgniter\CodeIgniter->run()
CRITICAL - 2025-01-29 06:06:38 --> [Caused by] mysqli_sql_exception: Unknown column 'homepage_assets' in 'where clause'
in SYSTEMPATH/Database/MySQLi/Connection.php on line 306.
 1 SYSTEMPATH/Database/MySQLi/Connection.php(306): mysqli->query(' SELECT *  FROM course_batch
                                WHERE course_id = homepage_assets', 0)
 2 SYSTEMPATH/Database/BaseConnection.php(693): CodeIgniter\Database\MySQLi\Connection->execute(' SELECT *  FROM course_batch
                                WHERE course_id = homepage_assets')
 3 SYSTEMPATH/Database/BaseConnection.php(607): CodeIgniter\Database\BaseConnection->simpleQuery(' SELECT *  FROM course_batch
                                WHERE course_id = homepage_assets')
 4 APPPATH/Controllers/HomepageController.php(135): CodeIgniter\Database\BaseConnection->query(' SELECT *  FROM course_batch
                                WHERE course_id = homepage_assets')
 5 SYSTEMPATH/CodeIgniter.php(943): App\Controllers\HomepageController->Course_details_view('homepage_assets', 'img', 'favicon.png')
 6 SYSTEMPATH/CodeIgniter.php(503): CodeIgniter\CodeIgniter->runController(Object(App\Controllers\HomepageController))
 7 SYSTEMPATH/CodeIgniter.php(361): CodeIgniter\CodeIgniter->handleRequest(null, Object(Config\Cache), false)
 8 FCPATH/index.php(79): CodeIgniter\CodeIgniter->run()
INFO - 2025-01-29 06:06:56 --> Session: Class initialized using 'CodeIgniter\Session\Handlers\FileHandler' driver.
INFO - 2025-01-29 06:11:42 --> Session: Class initialized using 'CodeIgniter\Session\Handlers\FileHandler' driver.
INFO - 2025-01-29 06:11:42 --> Session: Class initialized using 'CodeIgniter\Session\Handlers\FileHandler' driver.
INFO - 2025-01-29 06:11:49 --> Session: Class initialized using 'CodeIgniter\Session\Handlers\FileHandler' driver.
INFO - 2025-01-29 06:11:51 --> Session: Class initialized using 'CodeIgniter\Session\Handlers\FileHandler' driver.
ERROR - 2025-01-29 06:11:51 --> mysqli_sql_exception: Unknown column 'homepage_assets' in 'where clause' in /var/www/html/vendor/codeigniter4/framework/system/Database/MySQLi/Connection.php:306
Stack trace:
#0 /var/www/html/vendor/codeigniter4/framework/system/Database/MySQLi/Connection.php(306): mysqli->query(' SELECT *  FROM...', 0)
#1 /var/www/html/vendor/codeigniter4/framework/system/Database/BaseConnection.php(693): CodeIgniter\Database\MySQLi\Connection->execute(' SELECT *  FROM...')
#2 /var/www/html/vendor/codeigniter4/framework/system/Database/BaseConnection.php(607): CodeIgniter\Database\BaseConnection->simpleQuery(' SELECT *  FROM...')
#3 /var/www/html/app/Controllers/HomepageController.php(135): CodeIgniter\Database\BaseConnection->query(' SELECT *  FROM...')
#4 /var/www/html/vendor/codeigniter4/framework/system/CodeIgniter.php(943): App\Controllers\HomepageController->Course_details_view('homepage_assets', 'img', 'favicon.png')
#5 /var/www/html/vendor/codeigniter4/framework/system/CodeIgniter.php(503): CodeIgniter\CodeIgniter->runController(Object(App\Controllers\HomepageController))
#6 /var/www/html/vendor/codeigniter4/framework/system/CodeIgniter.php(361): CodeIgniter\CodeIgniter->handleRequest(NULL, Object(Config\Cache), false)
#7 /var/www/html/index.php(79): CodeIgniter\CodeIgniter->run()
#8 {main}
CRITICAL - 2025-01-29 06:11:51 --> CodeIgniter\Database\Exceptions\DatabaseException: Unknown column 'homepage_assets' in 'where clause'
in SYSTEMPATH/Database/BaseConnection.php on line 647.
 1 APPPATH/Controllers/HomepageController.php(135): CodeIgniter\Database\BaseConnection->query(' SELECT *  FROM course_batch
                                WHERE course_id = homepage_assets')
 2 SYSTEMPATH/CodeIgniter.php(943): App\Controllers\HomepageController->Course_details_view('homepage_assets', 'img', 'favicon.png')
 3 SYSTEMPATH/CodeIgniter.php(503): CodeIgniter\CodeIgniter->runController(Object(App\Controllers\HomepageController))
 4 SYSTEMPATH/CodeIgniter.php(361): CodeIgniter\CodeIgniter->handleRequest(null, Object(Config\Cache), false)
 5 FCPATH/index.php(79): CodeIgniter\CodeIgniter->run()
CRITICAL - 2025-01-29 06:11:51 --> [Caused by] CodeIgniter\Database\Exceptions\DatabaseException: Unknown column 'homepage_assets' in 'where clause'
in SYSTEMPATH/Database/MySQLi/Connection.php on line 311.
 1 SYSTEMPATH/Database/BaseConnection.php(693): CodeIgniter\Database\MySQLi\Connection->execute(' SELECT *  FROM course_batch
                                WHERE course_id = homepage_assets')
 2 SYSTEMPATH/Database/BaseConnection.php(607): CodeIgniter\Database\BaseConnection->simpleQuery(' SELECT *  FROM course_batch
                                WHERE course_id = homepage_assets')
 3 APPPATH/Controllers/HomepageController.php(135): CodeIgniter\Database\BaseConnection->query(' SELECT *  FROM course_batch
                                WHERE course_id = homepage_assets')
 4 SYSTEMPATH/CodeIgniter.php(943): App\Controllers\HomepageController->Course_details_view('homepage_assets', 'img', 'favicon.png')
 5 SYSTEMPATH/CodeIgniter.php(503): CodeIgniter\CodeIgniter->runController(Object(App\Controllers\HomepageController))
 6 SYSTEMPATH/CodeIgniter.php(361): CodeIgniter\CodeIgniter->handleRequest(null, Object(Config\Cache), false)
 7 FCPATH/index.php(79): CodeIgniter\CodeIgniter->run()
CRITICAL - 2025-01-29 06:11:51 --> [Caused by] mysqli_sql_exception: Unknown column 'homepage_assets' in 'where clause'
in SYSTEMPATH/Database/MySQLi/Connection.php on line 306.
 1 SYSTEMPATH/Database/MySQLi/Connection.php(306): mysqli->query(' SELECT *  FROM course_batch
                                WHERE course_id = homepage_assets', 0)
 2 SYSTEMPATH/Database/BaseConnection.php(693): CodeIgniter\Database\MySQLi\Connection->execute(' SELECT *  FROM course_batch
                                WHERE course_id = homepage_assets')
 3 SYSTEMPATH/Database/BaseConnection.php(607): CodeIgniter\Database\BaseConnection->simpleQuery(' SELECT *  FROM course_batch
                                WHERE course_id = homepage_assets')
 4 APPPATH/Controllers/HomepageController.php(135): CodeIgniter\Database\BaseConnection->query(' SELECT *  FROM course_batch
                                WHERE course_id = homepage_assets')
 5 SYSTEMPATH/CodeIgniter.php(943): App\Controllers\HomepageController->Course_details_view('homepage_assets', 'img', 'favicon.png')
 6 SYSTEMPATH/CodeIgniter.php(503): CodeIgniter\CodeIgniter->runController(Object(App\Controllers\HomepageController))
 7 SYSTEMPATH/CodeIgniter.php(361): CodeIgniter\CodeIgniter->handleRequest(null, Object(Config\Cache), false)
 8 FCPATH/index.php(79): CodeIgniter\CodeIgniter->run()
INFO - 2025-01-29 06:11:51 --> Session: Class initialized using 'CodeIgniter\Session\Handlers\FileHandler' driver.
ERROR - 2025-01-29 06:11:51 --> mysqli_sql_exception: Unknown column 'homepage_assets' in 'where clause' in /var/www/html/vendor/codeigniter4/framework/system/Database/MySQLi/Connection.php:306
Stack trace:
#0 /var/www/html/vendor/codeigniter4/framework/system/Database/MySQLi/Connection.php(306): mysqli->query(' SELECT *  FROM...', 0)
#1 /var/www/html/vendor/codeigniter4/framework/system/Database/BaseConnection.php(693): CodeIgniter\Database\MySQLi\Connection->execute(' SELECT *  FROM...')
#2 /var/www/html/vendor/codeigniter4/framework/system/Database/BaseConnection.php(607): CodeIgniter\Database\BaseConnection->simpleQuery(' SELECT *  FROM...')
#3 /var/www/html/app/Controllers/HomepageController.php(135): CodeIgniter\Database\BaseConnection->query(' SELECT *  FROM...')
#4 /var/www/html/vendor/codeigniter4/framework/system/CodeIgniter.php(943): App\Controllers\HomepageController->Course_details_view('homepage_assets', 'img', 'apple-touch-ico...')
#5 /var/www/html/vendor/codeigniter4/framework/system/CodeIgniter.php(503): CodeIgniter\CodeIgniter->runController(Object(App\Controllers\HomepageController))
#6 /var/www/html/vendor/codeigniter4/framework/system/CodeIgniter.php(361): CodeIgniter\CodeIgniter->handleRequest(NULL, Object(Config\Cache), false)
#7 /var/www/html/index.php(79): CodeIgniter\CodeIgniter->run()
#8 {main}
CRITICAL - 2025-01-29 06:11:51 --> CodeIgniter\Database\Exceptions\DatabaseException: Unknown column 'homepage_assets' in 'where clause'
in SYSTEMPATH/Database/BaseConnection.php on line 647.
 1 APPPATH/Controllers/HomepageController.php(135): CodeIgniter\Database\BaseConnection->query(' SELECT *  FROM course_batch
                                WHERE course_id = homepage_assets')
 2 SYSTEMPATH/CodeIgniter.php(943): App\Controllers\HomepageController->Course_details_view('homepage_assets', 'img', 'apple-touch-icon.png')
 3 SYSTEMPATH/CodeIgniter.php(503): CodeIgniter\CodeIgniter->runController(Object(App\Controllers\HomepageController))
 4 SYSTEMPATH/CodeIgniter.php(361): CodeIgniter\CodeIgniter->handleRequest(null, Object(Config\Cache), false)
 5 FCPATH/index.php(79): CodeIgniter\CodeIgniter->run()
CRITICAL - 2025-01-29 06:11:51 --> [Caused by] CodeIgniter\Database\Exceptions\DatabaseException: Unknown column 'homepage_assets' in 'where clause'
in SYSTEMPATH/Database/MySQLi/Connection.php on line 311.
 1 SYSTEMPATH/Database/BaseConnection.php(693): CodeIgniter\Database\MySQLi\Connection->execute(' SELECT *  FROM course_batch
                                WHERE course_id = homepage_assets')
 2 SYSTEMPATH/Database/BaseConnection.php(607): CodeIgniter\Database\BaseConnection->simpleQuery(' SELECT *  FROM course_batch
                                WHERE course_id = homepage_assets')
 3 APPPATH/Controllers/HomepageController.php(135): CodeIgniter\Database\BaseConnection->query(' SELECT *  FROM course_batch
                                WHERE course_id = homepage_assets')
 4 SYSTEMPATH/CodeIgniter.php(943): App\Controllers\HomepageController->Course_details_view('homepage_assets', 'img', 'apple-touch-icon.png')
 5 SYSTEMPATH/CodeIgniter.php(503): CodeIgniter\CodeIgniter->runController(Object(App\Controllers\HomepageController))
 6 SYSTEMPATH/CodeIgniter.php(361): CodeIgniter\CodeIgniter->handleRequest(null, Object(Config\Cache), false)
 7 FCPATH/index.php(79): CodeIgniter\CodeIgniter->run()
CRITICAL - 2025-01-29 06:11:51 --> [Caused by] mysqli_sql_exception: Unknown column 'homepage_assets' in 'where clause'
in SYSTEMPATH/Database/MySQLi/Connection.php on line 306.
 1 SYSTEMPATH/Database/MySQLi/Connection.php(306): mysqli->query(' SELECT *  FROM course_batch
                                WHERE course_id = homepage_assets', 0)
 2 SYSTEMPATH/Database/BaseConnection.php(693): CodeIgniter\Database\MySQLi\Connection->execute(' SELECT *  FROM course_batch
                                WHERE course_id = homepage_assets')
 3 SYSTEMPATH/Database/BaseConnection.php(607): CodeIgniter\Database\BaseConnection->simpleQuery(' SELECT *  FROM course_batch
                                WHERE course_id = homepage_assets')
 4 APPPATH/Controllers/HomepageController.php(135): CodeIgniter\Database\BaseConnection->query(' SELECT *  FROM course_batch
                                WHERE course_id = homepage_assets')
 5 SYSTEMPATH/CodeIgniter.php(943): App\Controllers\HomepageController->Course_details_view('homepage_assets', 'img', 'apple-touch-icon.png')
 6 SYSTEMPATH/CodeIgniter.php(503): CodeIgniter\CodeIgniter->runController(Object(App\Controllers\HomepageController))
 7 SYSTEMPATH/CodeIgniter.php(361): CodeIgniter\CodeIgniter->handleRequest(null, Object(Config\Cache), false)
 8 FCPATH/index.php(79): CodeIgniter\CodeIgniter->run()
INFO - 2025-01-29 06:12:12 --> Session: Class initialized using 'CodeIgniter\Session\Handlers\FileHandler' driver.
INFO - 2025-01-29 06:13:12 --> Session: Class initialized using 'CodeIgniter\Session\Handlers\FileHandler' driver.
INFO - 2025-01-29 06:13:28 --> Session: Class initialized using 'CodeIgniter\Session\Handlers\FileHandler' driver.
INFO - 2025-01-29 06:13:29 --> Session: Class initialized using 'CodeIgniter\Session\Handlers\FileHandler' driver.
ERROR - 2025-01-29 06:13:29 --> mysqli_sql_exception: Unknown column 'homepage_assets' in 'where clause' in /var/www/html/vendor/codeigniter4/framework/system/Database/MySQLi/Connection.php:306
Stack trace:
#0 /var/www/html/vendor/codeigniter4/framework/system/Database/MySQLi/Connection.php(306): mysqli->query(' SELECT *  FROM...', 0)
#1 /var/www/html/vendor/codeigniter4/framework/system/Database/BaseConnection.php(693): CodeIgniter\Database\MySQLi\Connection->execute(' SELECT *  FROM...')
#2 /var/www/html/vendor/codeigniter4/framework/system/Database/BaseConnection.php(607): CodeIgniter\Database\BaseConnection->simpleQuery(' SELECT *  FROM...')
#3 /var/www/html/app/Controllers/HomepageController.php(135): CodeIgniter\Database\BaseConnection->query(' SELECT *  FROM...')
#4 /var/www/html/vendor/codeigniter4/framework/system/CodeIgniter.php(943): App\Controllers\HomepageController->Course_details_view('homepage_assets', 'img', 'favicon.png')
#5 /var/www/html/vendor/codeigniter4/framework/system/CodeIgniter.php(503): CodeIgniter\CodeIgniter->runController(Object(App\Controllers\HomepageController))
#6 /var/www/html/vendor/codeigniter4/framework/system/CodeIgniter.php(361): CodeIgniter\CodeIgniter->handleRequest(NULL, Object(Config\Cache), false)
#7 /var/www/html/index.php(79): CodeIgniter\CodeIgniter->run()
#8 {main}
CRITICAL - 2025-01-29 06:13:29 --> CodeIgniter\Database\Exceptions\DatabaseException: Unknown column 'homepage_assets' in 'where clause'
in SYSTEMPATH/Database/BaseConnection.php on line 647.
 1 APPPATH/Controllers/HomepageController.php(135): CodeIgniter\Database\BaseConnection->query(' SELECT *  FROM course_batch
                                WHERE course_id = homepage_assets')
 2 SYSTEMPATH/CodeIgniter.php(943): App\Controllers\HomepageController->Course_details_view('homepage_assets', 'img', 'favicon.png')
 3 SYSTEMPATH/CodeIgniter.php(503): CodeIgniter\CodeIgniter->runController(Object(App\Controllers\HomepageController))
 4 SYSTEMPATH/CodeIgniter.php(361): CodeIgniter\CodeIgniter->handleRequest(null, Object(Config\Cache), false)
 5 FCPATH/index.php(79): CodeIgniter\CodeIgniter->run()
CRITICAL - 2025-01-29 06:13:29 --> [Caused by] CodeIgniter\Database\Exceptions\DatabaseException: Unknown column 'homepage_assets' in 'where clause'
in SYSTEMPATH/Database/MySQLi/Connection.php on line 311.
 1 SYSTEMPATH/Database/BaseConnection.php(693): CodeIgniter\Database\MySQLi\Connection->execute(' SELECT *  FROM course_batch
                                WHERE course_id = homepage_assets')
 2 SYSTEMPATH/Database/BaseConnection.php(607): CodeIgniter\Database\BaseConnection->simpleQuery(' SELECT *  FROM course_batch
                                WHERE course_id = homepage_assets')
 3 APPPATH/Controllers/HomepageController.php(135): CodeIgniter\Database\BaseConnection->query(' SELECT *  FROM course_batch
                                WHERE course_id = homepage_assets')
 4 SYSTEMPATH/CodeIgniter.php(943): App\Controllers\HomepageController->Course_details_view('homepage_assets', 'img', 'favicon.png')
 5 SYSTEMPATH/CodeIgniter.php(503): CodeIgniter\CodeIgniter->runController(Object(App\Controllers\HomepageController))
 6 SYSTEMPATH/CodeIgniter.php(361): CodeIgniter\CodeIgniter->handleRequest(null, Object(Config\Cache), false)
 7 FCPATH/index.php(79): CodeIgniter\CodeIgniter->run()
CRITICAL - 2025-01-29 06:13:29 --> [Caused by] mysqli_sql_exception: Unknown column 'homepage_assets' in 'where clause'
in SYSTEMPATH/Database/MySQLi/Connection.php on line 306.
 1 SYSTEMPATH/Database/MySQLi/Connection.php(306): mysqli->query(' SELECT *  FROM course_batch
                                WHERE course_id = homepage_assets', 0)
 2 SYSTEMPATH/Database/BaseConnection.php(693): CodeIgniter\Database\MySQLi\Connection->execute(' SELECT *  FROM course_batch
                                WHERE course_id = homepage_assets')
 3 SYSTEMPATH/Database/BaseConnection.php(607): CodeIgniter\Database\BaseConnection->simpleQuery(' SELECT *  FROM course_batch
                                WHERE course_id = homepage_assets')
 4 APPPATH/Controllers/HomepageController.php(135): CodeIgniter\Database\BaseConnection->query(' SELECT *  FROM course_batch
                                WHERE course_id = homepage_assets')
 5 SYSTEMPATH/CodeIgniter.php(943): App\Controllers\HomepageController->Course_details_view('homepage_assets', 'img', 'favicon.png')
 6 SYSTEMPATH/CodeIgniter.php(503): CodeIgniter\CodeIgniter->runController(Object(App\Controllers\HomepageController))
 7 SYSTEMPATH/CodeIgniter.php(361): CodeIgniter\CodeIgniter->handleRequest(null, Object(Config\Cache), false)
 8 FCPATH/index.php(79): CodeIgniter\CodeIgniter->run()
INFO - 2025-01-29 06:13:29 --> Session: Class initialized using 'CodeIgniter\Session\Handlers\FileHandler' driver.
ERROR - 2025-01-29 06:13:29 --> mysqli_sql_exception: Unknown column 'homepage_assets' in 'where clause' in /var/www/html/vendor/codeigniter4/framework/system/Database/MySQLi/Connection.php:306
Stack trace:
#0 /var/www/html/vendor/codeigniter4/framework/system/Database/MySQLi/Connection.php(306): mysqli->query(' SELECT *  FROM...', 0)
#1 /var/www/html/vendor/codeigniter4/framework/system/Database/BaseConnection.php(693): CodeIgniter\Database\MySQLi\Connection->execute(' SELECT *  FROM...')
#2 /var/www/html/vendor/codeigniter4/framework/system/Database/BaseConnection.php(607): CodeIgniter\Database\BaseConnection->simpleQuery(' SELECT *  FROM...')
#3 /var/www/html/app/Controllers/HomepageController.php(135): CodeIgniter\Database\BaseConnection->query(' SELECT *  FROM...')
#4 /var/www/html/vendor/codeigniter4/framework/system/CodeIgniter.php(943): App\Controllers\HomepageController->Course_details_view('homepage_assets', 'img', 'apple-touch-ico...')
#5 /var/www/html/vendor/codeigniter4/framework/system/CodeIgniter.php(503): CodeIgniter\CodeIgniter->runController(Object(App\Controllers\HomepageController))
#6 /var/www/html/vendor/codeigniter4/framework/system/CodeIgniter.php(361): CodeIgniter\CodeIgniter->handleRequest(NULL, Object(Config\Cache), false)
#7 /var/www/html/index.php(79): CodeIgniter\CodeIgniter->run()
#8 {main}
CRITICAL - 2025-01-29 06:13:29 --> CodeIgniter\Database\Exceptions\DatabaseException: Unknown column 'homepage_assets' in 'where clause'
in SYSTEMPATH/Database/BaseConnection.php on line 647.
 1 APPPATH/Controllers/HomepageController.php(135): CodeIgniter\Database\BaseConnection->query(' SELECT *  FROM course_batch
                                WHERE course_id = homepage_assets')
 2 SYSTEMPATH/CodeIgniter.php(943): App\Controllers\HomepageController->Course_details_view('homepage_assets', 'img', 'apple-touch-icon.png')
 3 SYSTEMPATH/CodeIgniter.php(503): CodeIgniter\CodeIgniter->runController(Object(App\Controllers\HomepageController))
 4 SYSTEMPATH/CodeIgniter.php(361): CodeIgniter\CodeIgniter->handleRequest(null, Object(Config\Cache), false)
 5 FCPATH/index.php(79): CodeIgniter\CodeIgniter->run()
CRITICAL - 2025-01-29 06:13:29 --> [Caused by] CodeIgniter\Database\Exceptions\DatabaseException: Unknown column 'homepage_assets' in 'where clause'
in SYSTEMPATH/Database/MySQLi/Connection.php on line 311.
 1 SYSTEMPATH/Database/BaseConnection.php(693): CodeIgniter\Database\MySQLi\Connection->execute(' SELECT *  FROM course_batch
                                WHERE course_id = homepage_assets')
 2 SYSTEMPATH/Database/BaseConnection.php(607): CodeIgniter\Database\BaseConnection->simpleQuery(' SELECT *  FROM course_batch
                                WHERE course_id = homepage_assets')
 3 APPPATH/Controllers/HomepageController.php(135): CodeIgniter\Database\BaseConnection->query(' SELECT *  FROM course_batch
                                WHERE course_id = homepage_assets')
 4 SYSTEMPATH/CodeIgniter.php(943): App\Controllers\HomepageController->Course_details_view('homepage_assets', 'img', 'apple-touch-icon.png')
 5 SYSTEMPATH/CodeIgniter.php(503): CodeIgniter\CodeIgniter->runController(Object(App\Controllers\HomepageController))
 6 SYSTEMPATH/CodeIgniter.php(361): CodeIgniter\CodeIgniter->handleRequest(null, Object(Config\Cache), false)
 7 FCPATH/index.php(79): CodeIgniter\CodeIgniter->run()
CRITICAL - 2025-01-29 06:13:29 --> [Caused by] mysqli_sql_exception: Unknown column 'homepage_assets' in 'where clause'
in SYSTEMPATH/Database/MySQLi/Connection.php on line 306.
 1 SYSTEMPATH/Database/MySQLi/Connection.php(306): mysqli->query(' SELECT *  FROM course_batch
                                WHERE course_id = homepage_assets', 0)
 2 SYSTEMPATH/Database/BaseConnection.php(693): CodeIgniter\Database\MySQLi\Connection->execute(' SELECT *  FROM course_batch
                                WHERE course_id = homepage_assets')
 3 SYSTEMPATH/Database/BaseConnection.php(607): CodeIgniter\Database\BaseConnection->simpleQuery(' SELECT *  FROM course_batch
                                WHERE course_id = homepage_assets')
 4 APPPATH/Controllers/HomepageController.php(135): CodeIgniter\Database\BaseConnection->query(' SELECT *  FROM course_batch
                                WHERE course_id = homepage_assets')
 5 SYSTEMPATH/CodeIgniter.php(943): App\Controllers\HomepageController->Course_details_view('homepage_assets', 'img', 'apple-touch-icon.png')
 6 SYSTEMPATH/CodeIgniter.php(503): CodeIgniter\CodeIgniter->runController(Object(App\Controllers\HomepageController))
 7 SYSTEMPATH/CodeIgniter.php(361): CodeIgniter\CodeIgniter->handleRequest(null, Object(Config\Cache), false)
 8 FCPATH/index.php(79): CodeIgniter\CodeIgniter->run()
INFO - 2025-01-29 06:15:56 --> Session: Class initialized using 'CodeIgniter\Session\Handlers\FileHandler' driver.
INFO - 2025-01-29 06:19:36 --> Session: Class initialized using 'CodeIgniter\Session\Handlers\FileHandler' driver.
INFO - 2025-01-29 06:20:34 --> Session: Class initialized using 'CodeIgniter\Session\Handlers\FileHandler' driver.
INFO - 2025-01-29 06:21:52 --> Session: Class initialized using 'CodeIgniter\Session\Handlers\FileHandler' driver.
INFO - 2025-01-29 06:21:52 --> Session: Class initialized using 'CodeIgniter\Session\Handlers\FileHandler' driver.
INFO - 2025-01-29 06:21:56 --> Session: Class initialized using 'CodeIgniter\Session\Handlers\FileHandler' driver.
INFO - 2025-01-29 06:22:42 --> Session: Class initialized using 'CodeIgniter\Session\Handlers\FileHandler' driver.
INFO - 2025-01-29 06:22:42 --> Session: Class initialized using 'CodeIgniter\Session\Handlers\FileHandler' driver.
INFO - 2025-01-29 06:22:47 --> Session: Class initialized using 'CodeIgniter\Session\Handlers\FileHandler' driver.
INFO - 2025-01-29 06:23:16 --> Session: Class initialized using 'CodeIgniter\Session\Handlers\FileHandler' driver.
INFO - 2025-01-29 06:23:17 --> Session: Class initialized using 'CodeIgniter\Session\Handlers\FileHandler' driver.
INFO - 2025-01-29 06:23:22 --> Session: Class initialized using 'CodeIgniter\Session\Handlers\FileHandler' driver.
INFO - 2025-01-29 06:23:23 --> Session: Class initialized using 'CodeIgniter\Session\Handlers\FileHandler' driver.
ERROR - 2025-01-29 06:23:23 --> mysqli_sql_exception: Unknown column 'homepage_assets' in 'where clause' in /var/www/html/vendor/codeigniter4/framework/system/Database/MySQLi/Connection.php:306
Stack trace:
#0 /var/www/html/vendor/codeigniter4/framework/system/Database/MySQLi/Connection.php(306): mysqli->query(' SELECT *  FROM...', 0)
#1 /var/www/html/vendor/codeigniter4/framework/system/Database/BaseConnection.php(693): CodeIgniter\Database\MySQLi\Connection->execute(' SELECT *  FROM...')
#2 /var/www/html/vendor/codeigniter4/framework/system/Database/BaseConnection.php(607): CodeIgniter\Database\BaseConnection->simpleQuery(' SELECT *  FROM...')
#3 /var/www/html/app/Controllers/HomepageController.php(135): CodeIgniter\Database\BaseConnection->query(' SELECT *  FROM...')
#4 /var/www/html/vendor/codeigniter4/framework/system/CodeIgniter.php(943): App\Controllers\HomepageController->Course_details_view('homepage_assets', 'img', 'apple-touch-ico...')
#5 /var/www/html/vendor/codeigniter4/framework/system/CodeIgniter.php(503): CodeIgniter\CodeIgniter->runController(Object(App\Controllers\HomepageController))
#6 /var/www/html/vendor/codeigniter4/framework/system/CodeIgniter.php(361): CodeIgniter\CodeIgniter->handleRequest(NULL, Object(Config\Cache), false)
#7 /var/www/html/index.php(79): CodeIgniter\CodeIgniter->run()
#8 {main}
CRITICAL - 2025-01-29 06:23:23 --> CodeIgniter\Database\Exceptions\DatabaseException: Unknown column 'homepage_assets' in 'where clause'
in SYSTEMPATH/Database/BaseConnection.php on line 647.
 1 APPPATH/Controllers/HomepageController.php(135): CodeIgniter\Database\BaseConnection->query(' SELECT *  FROM course_batch
                                WHERE course_id = homepage_assets')
 2 SYSTEMPATH/CodeIgniter.php(943): App\Controllers\HomepageController->Course_details_view('homepage_assets', 'img', 'apple-touch-icon.png')
 3 SYSTEMPATH/CodeIgniter.php(503): CodeIgniter\CodeIgniter->runController(Object(App\Controllers\HomepageController))
 4 SYSTEMPATH/CodeIgniter.php(361): CodeIgniter\CodeIgniter->handleRequest(null, Object(Config\Cache), false)
 5 FCPATH/index.php(79): CodeIgniter\CodeIgniter->run()
CRITICAL - 2025-01-29 06:23:23 --> [Caused by] CodeIgniter\Database\Exceptions\DatabaseException: Unknown column 'homepage_assets' in 'where clause'
in SYSTEMPATH/Database/MySQLi/Connection.php on line 311.
 1 SYSTEMPATH/Database/BaseConnection.php(693): CodeIgniter\Database\MySQLi\Connection->execute(' SELECT *  FROM course_batch
                                WHERE course_id = homepage_assets')
 2 SYSTEMPATH/Database/BaseConnection.php(607): CodeIgniter\Database\BaseConnection->simpleQuery(' SELECT *  FROM course_batch
                                WHERE course_id = homepage_assets')
 3 APPPATH/Controllers/HomepageController.php(135): CodeIgniter\Database\BaseConnection->query(' SELECT *  FROM course_batch
                                WHERE course_id = homepage_assets')
 4 SYSTEMPATH/CodeIgniter.php(943): App\Controllers\HomepageController->Course_details_view('homepage_assets', 'img', 'apple-touch-icon.png')
 5 SYSTEMPATH/CodeIgniter.php(503): CodeIgniter\CodeIgniter->runController(Object(App\Controllers\HomepageController))
 6 SYSTEMPATH/CodeIgniter.php(361): CodeIgniter\CodeIgniter->handleRequest(null, Object(Config\Cache), false)
 7 FCPATH/index.php(79): CodeIgniter\CodeIgniter->run()
CRITICAL - 2025-01-29 06:23:23 --> [Caused by] mysqli_sql_exception: Unknown column 'homepage_assets' in 'where clause'
in SYSTEMPATH/Database/MySQLi/Connection.php on line 306.
 1 SYSTEMPATH/Database/MySQLi/Connection.php(306): mysqli->query(' SELECT *  FROM course_batch
                                WHERE course_id = homepage_assets', 0)
 2 SYSTEMPATH/Database/BaseConnection.php(693): CodeIgniter\Database\MySQLi\Connection->execute(' SELECT *  FROM course_batch
                                WHERE course_id = homepage_assets')
 3 SYSTEMPATH/Database/BaseConnection.php(607): CodeIgniter\Database\BaseConnection->simpleQuery(' SELECT *  FROM course_batch
                                WHERE course_id = homepage_assets')
 4 APPPATH/Controllers/HomepageController.php(135): CodeIgniter\Database\BaseConnection->query(' SELECT *  FROM course_batch
                                WHERE course_id = homepage_assets')
 5 SYSTEMPATH/CodeIgniter.php(943): App\Controllers\HomepageController->Course_details_view('homepage_assets', 'img', 'apple-touch-icon.png')
 6 SYSTEMPATH/CodeIgniter.php(503): CodeIgniter\CodeIgniter->runController(Object(App\Controllers\HomepageController))
 7 SYSTEMPATH/CodeIgniter.php(361): CodeIgniter\CodeIgniter->handleRequest(null, Object(Config\Cache), false)
 8 FCPATH/index.php(79): CodeIgniter\CodeIgniter->run()
INFO - 2025-01-29 06:23:24 --> Session: Class initialized using 'CodeIgniter\Session\Handlers\FileHandler' driver.
ERROR - 2025-01-29 06:23:24 --> mysqli_sql_exception: Unknown column 'homepage_assets' in 'where clause' in /var/www/html/vendor/codeigniter4/framework/system/Database/MySQLi/Connection.php:306
Stack trace:
#0 /var/www/html/vendor/codeigniter4/framework/system/Database/MySQLi/Connection.php(306): mysqli->query(' SELECT *  FROM...', 0)
#1 /var/www/html/vendor/codeigniter4/framework/system/Database/BaseConnection.php(693): CodeIgniter\Database\MySQLi\Connection->execute(' SELECT *  FROM...')
#2 /var/www/html/vendor/codeigniter4/framework/system/Database/BaseConnection.php(607): CodeIgniter\Database\BaseConnection->simpleQuery(' SELECT *  FROM...')
#3 /var/www/html/app/Controllers/HomepageController.php(135): CodeIgniter\Database\BaseConnection->query(' SELECT *  FROM...')
#4 /var/www/html/vendor/codeigniter4/framework/system/CodeIgniter.php(943): App\Controllers\HomepageController->Course_details_view('homepage_assets', 'img', 'favicon.png')
#5 /var/www/html/vendor/codeigniter4/framework/system/CodeIgniter.php(503): CodeIgniter\CodeIgniter->runController(Object(App\Controllers\HomepageController))
#6 /var/www/html/vendor/codeigniter4/framework/system/CodeIgniter.php(361): CodeIgniter\CodeIgniter->handleRequest(NULL, Object(Config\Cache), false)
#7 /var/www/html/index.php(79): CodeIgniter\CodeIgniter->run()
#8 {main}
CRITICAL - 2025-01-29 06:23:24 --> CodeIgniter\Database\Exceptions\DatabaseException: Unknown column 'homepage_assets' in 'where clause'
in SYSTEMPATH/Database/BaseConnection.php on line 647.
 1 APPPATH/Controllers/HomepageController.php(135): CodeIgniter\Database\BaseConnection->query(' SELECT *  FROM course_batch
                                WHERE course_id = homepage_assets')
 2 SYSTEMPATH/CodeIgniter.php(943): App\Controllers\HomepageController->Course_details_view('homepage_assets', 'img', 'favicon.png')
 3 SYSTEMPATH/CodeIgniter.php(503): CodeIgniter\CodeIgniter->runController(Object(App\Controllers\HomepageController))
 4 SYSTEMPATH/CodeIgniter.php(361): CodeIgniter\CodeIgniter->handleRequest(null, Object(Config\Cache), false)
 5 FCPATH/index.php(79): CodeIgniter\CodeIgniter->run()
CRITICAL - 2025-01-29 06:23:24 --> [Caused by] CodeIgniter\Database\Exceptions\DatabaseException: Unknown column 'homepage_assets' in 'where clause'
in SYSTEMPATH/Database/MySQLi/Connection.php on line 311.
 1 SYSTEMPATH/Database/BaseConnection.php(693): CodeIgniter\Database\MySQLi\Connection->execute(' SELECT *  FROM course_batch
                                WHERE course_id = homepage_assets')
 2 SYSTEMPATH/Database/BaseConnection.php(607): CodeIgniter\Database\BaseConnection->simpleQuery(' SELECT *  FROM course_batch
                                WHERE course_id = homepage_assets')
 3 APPPATH/Controllers/HomepageController.php(135): CodeIgniter\Database\BaseConnection->query(' SELECT *  FROM course_batch
                                WHERE course_id = homepage_assets')
 4 SYSTEMPATH/CodeIgniter.php(943): App\Controllers\HomepageController->Course_details_view('homepage_assets', 'img', 'favicon.png')
 5 SYSTEMPATH/CodeIgniter.php(503): CodeIgniter\CodeIgniter->runController(Object(App\Controllers\HomepageController))
 6 SYSTEMPATH/CodeIgniter.php(361): CodeIgniter\CodeIgniter->handleRequest(null, Object(Config\Cache), false)
 7 FCPATH/index.php(79): CodeIgniter\CodeIgniter->run()
CRITICAL - 2025-01-29 06:23:24 --> [Caused by] mysqli_sql_exception: Unknown column 'homepage_assets' in 'where clause'
in SYSTEMPATH/Database/MySQLi/Connection.php on line 306.
 1 SYSTEMPATH/Database/MySQLi/Connection.php(306): mysqli->query(' SELECT *  FROM course_batch
                                WHERE course_id = homepage_assets', 0)
 2 SYSTEMPATH/Database/BaseConnection.php(693): CodeIgniter\Database\MySQLi\Connection->execute(' SELECT *  FROM course_batch
                                WHERE course_id = homepage_assets')
 3 SYSTEMPATH/Database/BaseConnection.php(607): CodeIgniter\Database\BaseConnection->simpleQuery(' SELECT *  FROM course_batch
                                WHERE course_id = homepage_assets')
 4 APPPATH/Controllers/HomepageController.php(135): CodeIgniter\Database\BaseConnection->query(' SELECT *  FROM course_batch
                                WHERE course_id = homepage_assets')
 5 SYSTEMPATH/CodeIgniter.php(943): App\Controllers\HomepageController->Course_details_view('homepage_assets', 'img', 'favicon.png')
 6 SYSTEMPATH/CodeIgniter.php(503): CodeIgniter\CodeIgniter->runController(Object(App\Controllers\HomepageController))
 7 SYSTEMPATH/CodeIgniter.php(361): CodeIgniter\CodeIgniter->handleRequest(null, Object(Config\Cache), false)
 8 FCPATH/index.php(79): CodeIgniter\CodeIgniter->run()
INFO - 2025-01-29 06:23:48 --> Session: Class initialized using 'CodeIgniter\Session\Handlers\FileHandler' driver.
INFO - 2025-01-29 06:24:39 --> Session: Class initialized using 'CodeIgniter\Session\Handlers\FileHandler' driver.
INFO - 2025-01-29 06:24:44 --> Session: Class initialized using 'CodeIgniter\Session\Handlers\FileHandler' driver.
INFO - 2025-01-29 06:25:40 --> Session: Class initialized using 'CodeIgniter\Session\Handlers\FileHandler' driver.
INFO - 2025-01-29 06:25:59 --> Session: Class initialized using 'CodeIgniter\Session\Handlers\FileHandler' driver.
INFO - 2025-01-29 06:26:16 --> Session: Class initialized using 'CodeIgniter\Session\Handlers\FileHandler' driver.
INFO - 2025-01-29 06:26:29 --> Session: Class initialized using 'CodeIgniter\Session\Handlers\FileHandler' driver.
INFO - 2025-01-29 06:26:44 --> Session: Class initialized using 'CodeIgniter\Session\Handlers\FileHandler' driver.
INFO - 2025-01-29 06:28:12 --> Session: Class initialized using 'CodeIgniter\Session\Handlers\FileHandler' driver.
INFO - 2025-01-29 06:28:24 --> Session: Class initialized using 'CodeIgniter\Session\Handlers\FileHandler' driver.
INFO - 2025-01-29 06:28:38 --> Session: Class initialized using 'CodeIgniter\Session\Handlers\FileHandler' driver.
INFO - 2025-01-29 06:28:55 --> Session: Class initialized using 'CodeIgniter\Session\Handlers\FileHandler' driver.
INFO - 2025-01-29 06:29:11 --> Session: Class initialized using 'CodeIgniter\Session\Handlers\FileHandler' driver.
INFO - 2025-01-29 06:29:21 --> Session: Class initialized using 'CodeIgniter\Session\Handlers\FileHandler' driver.
INFO - 2025-01-29 06:29:23 --> Session: Class initialized using 'CodeIgniter\Session\Handlers\FileHandler' driver.
ERROR - 2025-01-29 06:29:23 --> mysqli_sql_exception: Unknown column 'homepage_assets' in 'where clause' in /var/www/html/vendor/codeigniter4/framework/system/Database/MySQLi/Connection.php:306
Stack trace:
#0 /var/www/html/vendor/codeigniter4/framework/system/Database/MySQLi/Connection.php(306): mysqli->query(' SELECT *  FROM...', 0)
#1 /var/www/html/vendor/codeigniter4/framework/system/Database/BaseConnection.php(693): CodeIgniter\Database\MySQLi\Connection->execute(' SELECT *  FROM...')
#2 /var/www/html/vendor/codeigniter4/framework/system/Database/BaseConnection.php(607): CodeIgniter\Database\BaseConnection->simpleQuery(' SELECT *  FROM...')
#3 /var/www/html/app/Controllers/HomepageController.php(135): CodeIgniter\Database\BaseConnection->query(' SELECT *  FROM...')
#4 /var/www/html/vendor/codeigniter4/framework/system/CodeIgniter.php(943): App\Controllers\HomepageController->Course_details_view('homepage_assets', 'img', 'apple-touch-ico...')
#5 /var/www/html/vendor/codeigniter4/framework/system/CodeIgniter.php(503): CodeIgniter\CodeIgniter->runController(Object(App\Controllers\HomepageController))
#6 /var/www/html/vendor/codeigniter4/framework/system/CodeIgniter.php(361): CodeIgniter\CodeIgniter->handleRequest(NULL, Object(Config\Cache), false)
#7 /var/www/html/index.php(79): CodeIgniter\CodeIgniter->run()
#8 {main}
CRITICAL - 2025-01-29 06:29:23 --> CodeIgniter\Database\Exceptions\DatabaseException: Unknown column 'homepage_assets' in 'where clause'
in SYSTEMPATH/Database/BaseConnection.php on line 647.
 1 APPPATH/Controllers/HomepageController.php(135): CodeIgniter\Database\BaseConnection->query(' SELECT *  FROM course_batch
                                WHERE course_id = homepage_assets')
 2 SYSTEMPATH/CodeIgniter.php(943): App\Controllers\HomepageController->Course_details_view('homepage_assets', 'img', 'apple-touch-icon.png')
 3 SYSTEMPATH/CodeIgniter.php(503): CodeIgniter\CodeIgniter->runController(Object(App\Controllers\HomepageController))
 4 SYSTEMPATH/CodeIgniter.php(361): CodeIgniter\CodeIgniter->handleRequest(null, Object(Config\Cache), false)
 5 FCPATH/index.php(79): CodeIgniter\CodeIgniter->run()
CRITICAL - 2025-01-29 06:29:23 --> [Caused by] CodeIgniter\Database\Exceptions\DatabaseException: Unknown column 'homepage_assets' in 'where clause'
in SYSTEMPATH/Database/MySQLi/Connection.php on line 311.
 1 SYSTEMPATH/Database/BaseConnection.php(693): CodeIgniter\Database\MySQLi\Connection->execute(' SELECT *  FROM course_batch
                                WHERE course_id = homepage_assets')
 2 SYSTEMPATH/Database/BaseConnection.php(607): CodeIgniter\Database\BaseConnection->simpleQuery(' SELECT *  FROM course_batch
                                WHERE course_id = homepage_assets')
 3 APPPATH/Controllers/HomepageController.php(135): CodeIgniter\Database\BaseConnection->query(' SELECT *  FROM course_batch
                                WHERE course_id = homepage_assets')
 4 SYSTEMPATH/CodeIgniter.php(943): App\Controllers\HomepageController->Course_details_view('homepage_assets', 'img', 'apple-touch-icon.png')
 5 SYSTEMPATH/CodeIgniter.php(503): CodeIgniter\CodeIgniter->runController(Object(App\Controllers\HomepageController))
 6 SYSTEMPATH/CodeIgniter.php(361): CodeIgniter\CodeIgniter->handleRequest(null, Object(Config\Cache), false)
 7 FCPATH/index.php(79): CodeIgniter\CodeIgniter->run()
CRITICAL - 2025-01-29 06:29:23 --> [Caused by] mysqli_sql_exception: Unknown column 'homepage_assets' in 'where clause'
in SYSTEMPATH/Database/MySQLi/Connection.php on line 306.
 1 SYSTEMPATH/Database/MySQLi/Connection.php(306): mysqli->query(' SELECT *  FROM course_batch
                                WHERE course_id = homepage_assets', 0)
 2 SYSTEMPATH/Database/BaseConnection.php(693): CodeIgniter\Database\MySQLi\Connection->execute(' SELECT *  FROM course_batch
                                WHERE course_id = homepage_assets')
 3 SYSTEMPATH/Database/BaseConnection.php(607): CodeIgniter\Database\BaseConnection->simpleQuery(' SELECT *  FROM course_batch
                                WHERE course_id = homepage_assets')
 4 APPPATH/Controllers/HomepageController.php(135): CodeIgniter\Database\BaseConnection->query(' SELECT *  FROM course_batch
                                WHERE course_id = homepage_assets')
 5 SYSTEMPATH/CodeIgniter.php(943): App\Controllers\HomepageController->Course_details_view('homepage_assets', 'img', 'apple-touch-icon.png')
 6 SYSTEMPATH/CodeIgniter.php(503): CodeIgniter\CodeIgniter->runController(Object(App\Controllers\HomepageController))
 7 SYSTEMPATH/CodeIgniter.php(361): CodeIgniter\CodeIgniter->handleRequest(null, Object(Config\Cache), false)
 8 FCPATH/index.php(79): CodeIgniter\CodeIgniter->run()
INFO - 2025-01-29 06:29:23 --> Session: Class initialized using 'CodeIgniter\Session\Handlers\FileHandler' driver.
ERROR - 2025-01-29 06:29:23 --> mysqli_sql_exception: Unknown column 'homepage_assets' in 'where clause' in /var/www/html/vendor/codeigniter4/framework/system/Database/MySQLi/Connection.php:306
Stack trace:
#0 /var/www/html/vendor/codeigniter4/framework/system/Database/MySQLi/Connection.php(306): mysqli->query(' SELECT *  FROM...', 0)
#1 /var/www/html/vendor/codeigniter4/framework/system/Database/BaseConnection.php(693): CodeIgniter\Database\MySQLi\Connection->execute(' SELECT *  FROM...')
#2 /var/www/html/vendor/codeigniter4/framework/system/Database/BaseConnection.php(607): CodeIgniter\Database\BaseConnection->simpleQuery(' SELECT *  FROM...')
#3 /var/www/html/app/Controllers/HomepageController.php(135): CodeIgniter\Database\BaseConnection->query(' SELECT *  FROM...')
#4 /var/www/html/vendor/codeigniter4/framework/system/CodeIgniter.php(943): App\Controllers\HomepageController->Course_details_view('homepage_assets', 'img', 'favicon.png')
#5 /var/www/html/vendor/codeigniter4/framework/system/CodeIgniter.php(503): CodeIgniter\CodeIgniter->runController(Object(App\Controllers\HomepageController))
#6 /var/www/html/vendor/codeigniter4/framework/system/CodeIgniter.php(361): CodeIgniter\CodeIgniter->handleRequest(NULL, Object(Config\Cache), false)
#7 /var/www/html/index.php(79): CodeIgniter\CodeIgniter->run()
#8 {main}
CRITICAL - 2025-01-29 06:29:23 --> CodeIgniter\Database\Exceptions\DatabaseException: Unknown column 'homepage_assets' in 'where clause'
in SYSTEMPATH/Database/BaseConnection.php on line 647.
 1 APPPATH/Controllers/HomepageController.php(135): CodeIgniter\Database\BaseConnection->query(' SELECT *  FROM course_batch
                                WHERE course_id = homepage_assets')
 2 SYSTEMPATH/CodeIgniter.php(943): App\Controllers\HomepageController->Course_details_view('homepage_assets', 'img', 'favicon.png')
 3 SYSTEMPATH/CodeIgniter.php(503): CodeIgniter\CodeIgniter->runController(Object(App\Controllers\HomepageController))
 4 SYSTEMPATH/CodeIgniter.php(361): CodeIgniter\CodeIgniter->handleRequest(null, Object(Config\Cache), false)
 5 FCPATH/index.php(79): CodeIgniter\CodeIgniter->run()
CRITICAL - 2025-01-29 06:29:23 --> [Caused by] CodeIgniter\Database\Exceptions\DatabaseException: Unknown column 'homepage_assets' in 'where clause'
in SYSTEMPATH/Database/MySQLi/Connection.php on line 311.
 1 SYSTEMPATH/Database/BaseConnection.php(693): CodeIgniter\Database\MySQLi\Connection->execute(' SELECT *  FROM course_batch
                                WHERE course_id = homepage_assets')
 2 SYSTEMPATH/Database/BaseConnection.php(607): CodeIgniter\Database\BaseConnection->simpleQuery(' SELECT *  FROM course_batch
                                WHERE course_id = homepage_assets')
 3 APPPATH/Controllers/HomepageController.php(135): CodeIgniter\Database\BaseConnection->query(' SELECT *  FROM course_batch
                                WHERE course_id = homepage_assets')
 4 SYSTEMPATH/CodeIgniter.php(943): App\Controllers\HomepageController->Course_details_view('homepage_assets', 'img', 'favicon.png')
 5 SYSTEMPATH/CodeIgniter.php(503): CodeIgniter\CodeIgniter->runController(Object(App\Controllers\HomepageController))
 6 SYSTEMPATH/CodeIgniter.php(361): CodeIgniter\CodeIgniter->handleRequest(null, Object(Config\Cache), false)
 7 FCPATH/index.php(79): CodeIgniter\CodeIgniter->run()
CRITICAL - 2025-01-29 06:29:23 --> [Caused by] mysqli_sql_exception: Unknown column 'homepage_assets' in 'where clause'
in SYSTEMPATH/Database/MySQLi/Connection.php on line 306.
 1 SYSTEMPATH/Database/MySQLi/Connection.php(306): mysqli->query(' SELECT *  FROM course_batch
                                WHERE course_id = homepage_assets', 0)
 2 SYSTEMPATH/Database/BaseConnection.php(693): CodeIgniter\Database\MySQLi\Connection->execute(' SELECT *  FROM course_batch
                                WHERE course_id = homepage_assets')
 3 SYSTEMPATH/Database/BaseConnection.php(607): CodeIgniter\Database\BaseConnection->simpleQuery(' SELECT *  FROM course_batch
                                WHERE course_id = homepage_assets')
 4 APPPATH/Controllers/HomepageController.php(135): CodeIgniter\Database\BaseConnection->query(' SELECT *  FROM course_batch
                                WHERE course_id = homepage_assets')
 5 SYSTEMPATH/CodeIgniter.php(943): App\Controllers\HomepageController->Course_details_view('homepage_assets', 'img', 'favicon.png')
 6 SYSTEMPATH/CodeIgniter.php(503): CodeIgniter\CodeIgniter->runController(Object(App\Controllers\HomepageController))
 7 SYSTEMPATH/CodeIgniter.php(361): CodeIgniter\CodeIgniter->handleRequest(null, Object(Config\Cache), false)
 8 FCPATH/index.php(79): CodeIgniter\CodeIgniter->run()
INFO - 2025-01-29 06:35:54 --> Session: Class initialized using 'CodeIgniter\Session\Handlers\FileHandler' driver.
INFO - 2025-01-29 06:55:06 --> Session: Class initialized using 'CodeIgniter\Session\Handlers\FileHandler' driver.
INFO - 2025-01-29 06:56:22 --> Session: Class initialized using 'CodeIgniter\Session\Handlers\FileHandler' driver.
INFO - 2025-01-29 07:17:09 --> Session: Class initialized using 'CodeIgniter\Session\Handlers\FileHandler' driver.
INFO - 2025-01-29 07:38:27 --> Session: Class initialized using 'CodeIgniter\Session\Handlers\FileHandler' driver.
INFO - 2025-01-29 07:47:39 --> Session: Class initialized using 'CodeIgniter\Session\Handlers\FileHandler' driver.
INFO - 2025-01-29 07:47:41 --> Session: Class initialized using 'CodeIgniter\Session\Handlers\FileHandler' driver.
ERROR - 2025-01-29 07:47:41 --> mysqli_sql_exception: Unknown column 'homepage_assets' in 'where clause' in /var/www/html/vendor/codeigniter4/framework/system/Database/MySQLi/Connection.php:306
Stack trace:
#0 /var/www/html/vendor/codeigniter4/framework/system/Database/MySQLi/Connection.php(306): mysqli->query(' SELECT *  FROM...', 0)
#1 /var/www/html/vendor/codeigniter4/framework/system/Database/BaseConnection.php(693): CodeIgniter\Database\MySQLi\Connection->execute(' SELECT *  FROM...')
#2 /var/www/html/vendor/codeigniter4/framework/system/Database/BaseConnection.php(607): CodeIgniter\Database\BaseConnection->simpleQuery(' SELECT *  FROM...')
#3 /var/www/html/app/Controllers/HomepageController.php(135): CodeIgniter\Database\BaseConnection->query(' SELECT *  FROM...')
#4 /var/www/html/vendor/codeigniter4/framework/system/CodeIgniter.php(943): App\Controllers\HomepageController->Course_details_view('homepage_assets', 'img', 'apple-touch-ico...')
#5 /var/www/html/vendor/codeigniter4/framework/system/CodeIgniter.php(503): CodeIgniter\CodeIgniter->runController(Object(App\Controllers\HomepageController))
#6 /var/www/html/vendor/codeigniter4/framework/system/CodeIgniter.php(361): CodeIgniter\CodeIgniter->handleRequest(NULL, Object(Config\Cache), false)
#7 /var/www/html/index.php(79): CodeIgniter\CodeIgniter->run()
#8 {main}
CRITICAL - 2025-01-29 07:47:41 --> CodeIgniter\Database\Exceptions\DatabaseException: Unknown column 'homepage_assets' in 'where clause'
in SYSTEMPATH/Database/BaseConnection.php on line 647.
 1 APPPATH/Controllers/HomepageController.php(135): CodeIgniter\Database\BaseConnection->query(' SELECT *  FROM course_batch
                                WHERE course_id = homepage_assets')
 2 SYSTEMPATH/CodeIgniter.php(943): App\Controllers\HomepageController->Course_details_view('homepage_assets', 'img', 'apple-touch-icon.png')
 3 SYSTEMPATH/CodeIgniter.php(503): CodeIgniter\CodeIgniter->runController(Object(App\Controllers\HomepageController))
 4 SYSTEMPATH/CodeIgniter.php(361): CodeIgniter\CodeIgniter->handleRequest(null, Object(Config\Cache), false)
 5 FCPATH/index.php(79): CodeIgniter\CodeIgniter->run()
CRITICAL - 2025-01-29 07:47:41 --> [Caused by] CodeIgniter\Database\Exceptions\DatabaseException: Unknown column 'homepage_assets' in 'where clause'
in SYSTEMPATH/Database/MySQLi/Connection.php on line 311.
 1 SYSTEMPATH/Database/BaseConnection.php(693): CodeIgniter\Database\MySQLi\Connection->execute(' SELECT *  FROM course_batch
                                WHERE course_id = homepage_assets')
 2 SYSTEMPATH/Database/BaseConnection.php(607): CodeIgniter\Database\BaseConnection->simpleQuery(' SELECT *  FROM course_batch
                                WHERE course_id = homepage_assets')
 3 APPPATH/Controllers/HomepageController.php(135): CodeIgniter\Database\BaseConnection->query(' SELECT *  FROM course_batch
                                WHERE course_id = homepage_assets')
 4 SYSTEMPATH/CodeIgniter.php(943): App\Controllers\HomepageController->Course_details_view('homepage_assets', 'img', 'apple-touch-icon.png')
 5 SYSTEMPATH/CodeIgniter.php(503): CodeIgniter\CodeIgniter->runController(Object(App\Controllers\HomepageController))
 6 SYSTEMPATH/CodeIgniter.php(361): CodeIgniter\CodeIgniter->handleRequest(null, Object(Config\Cache), false)
 7 FCPATH/index.php(79): CodeIgniter\CodeIgniter->run()
CRITICAL - 2025-01-29 07:47:41 --> [Caused by] mysqli_sql_exception: Unknown column 'homepage_assets' in 'where clause'
in SYSTEMPATH/Database/MySQLi/Connection.php on line 306.
 1 SYSTEMPATH/Database/MySQLi/Connection.php(306): mysqli->query(' SELECT *  FROM course_batch
                                WHERE course_id = homepage_assets', 0)
 2 SYSTEMPATH/Database/BaseConnection.php(693): CodeIgniter\Database\MySQLi\Connection->execute(' SELECT *  FROM course_batch
                                WHERE course_id = homepage_assets')
 3 SYSTEMPATH/Database/BaseConnection.php(607): CodeIgniter\Database\BaseConnection->simpleQuery(' SELECT *  FROM course_batch
                                WHERE course_id = homepage_assets')
 4 APPPATH/Controllers/HomepageController.php(135): CodeIgniter\Database\BaseConnection->query(' SELECT *  FROM course_batch
                                WHERE course_id = homepage_assets')
 5 SYSTEMPATH/CodeIgniter.php(943): App\Controllers\HomepageController->Course_details_view('homepage_assets', 'img', 'apple-touch-icon.png')
 6 SYSTEMPATH/CodeIgniter.php(503): CodeIgniter\CodeIgniter->runController(Object(App\Controllers\HomepageController))
 7 SYSTEMPATH/CodeIgniter.php(361): CodeIgniter\CodeIgniter->handleRequest(null, Object(Config\Cache), false)
 8 FCPATH/index.php(79): CodeIgniter\CodeIgniter->run()
INFO - 2025-01-29 07:47:42 --> Session: Class initialized using 'CodeIgniter\Session\Handlers\FileHandler' driver.
ERROR - 2025-01-29 07:47:42 --> mysqli_sql_exception: Unknown column 'homepage_assets' in 'where clause' in /var/www/html/vendor/codeigniter4/framework/system/Database/MySQLi/Connection.php:306
Stack trace:
#0 /var/www/html/vendor/codeigniter4/framework/system/Database/MySQLi/Connection.php(306): mysqli->query(' SELECT *  FROM...', 0)
#1 /var/www/html/vendor/codeigniter4/framework/system/Database/BaseConnection.php(693): CodeIgniter\Database\MySQLi\Connection->execute(' SELECT *  FROM...')
#2 /var/www/html/vendor/codeigniter4/framework/system/Database/BaseConnection.php(607): CodeIgniter\Database\BaseConnection->simpleQuery(' SELECT *  FROM...')
#3 /var/www/html/app/Controllers/HomepageController.php(135): CodeIgniter\Database\BaseConnection->query(' SELECT *  FROM...')
#4 /var/www/html/vendor/codeigniter4/framework/system/CodeIgniter.php(943): App\Controllers\HomepageController->Course_details_view('homepage_assets', 'img', 'favicon.png')
#5 /var/www/html/vendor/codeigniter4/framework/system/CodeIgniter.php(503): CodeIgniter\CodeIgniter->runController(Object(App\Controllers\HomepageController))
#6 /var/www/html/vendor/codeigniter4/framework/system/CodeIgniter.php(361): CodeIgniter\CodeIgniter->handleRequest(NULL, Object(Config\Cache), false)
#7 /var/www/html/index.php(79): CodeIgniter\CodeIgniter->run()
#8 {main}
CRITICAL - 2025-01-29 07:47:42 --> CodeIgniter\Database\Exceptions\DatabaseException: Unknown column 'homepage_assets' in 'where clause'
in SYSTEMPATH/Database/BaseConnection.php on line 647.
 1 APPPATH/Controllers/HomepageController.php(135): CodeIgniter\Database\BaseConnection->query(' SELECT *  FROM course_batch
                                WHERE course_id = homepage_assets')
 2 SYSTEMPATH/CodeIgniter.php(943): App\Controllers\HomepageController->Course_details_view('homepage_assets', 'img', 'favicon.png')
 3 SYSTEMPATH/CodeIgniter.php(503): CodeIgniter\CodeIgniter->runController(Object(App\Controllers\HomepageController))
 4 SYSTEMPATH/CodeIgniter.php(361): CodeIgniter\CodeIgniter->handleRequest(null, Object(Config\Cache), false)
 5 FCPATH/index.php(79): CodeIgniter\CodeIgniter->run()
CRITICAL - 2025-01-29 07:47:42 --> [Caused by] CodeIgniter\Database\Exceptions\DatabaseException: Unknown column 'homepage_assets' in 'where clause'
in SYSTEMPATH/Database/MySQLi/Connection.php on line 311.
 1 SYSTEMPATH/Database/BaseConnection.php(693): CodeIgniter\Database\MySQLi\Connection->execute(' SELECT *  FROM course_batch
                                WHERE course_id = homepage_assets')
 2 SYSTEMPATH/Database/BaseConnection.php(607): CodeIgniter\Database\BaseConnection->simpleQuery(' SELECT *  FROM course_batch
                                WHERE course_id = homepage_assets')
 3 APPPATH/Controllers/HomepageController.php(135): CodeIgniter\Database\BaseConnection->query(' SELECT *  FROM course_batch
                                WHERE course_id = homepage_assets')
 4 SYSTEMPATH/CodeIgniter.php(943): App\Controllers\HomepageController->Course_details_view('homepage_assets', 'img', 'favicon.png')
 5 SYSTEMPATH/CodeIgniter.php(503): CodeIgniter\CodeIgniter->runController(Object(App\Controllers\HomepageController))
 6 SYSTEMPATH/CodeIgniter.php(361): CodeIgniter\CodeIgniter->handleRequest(null, Object(Config\Cache), false)
 7 FCPATH/index.php(79): CodeIgniter\CodeIgniter->run()
CRITICAL - 2025-01-29 07:47:42 --> [Caused by] mysqli_sql_exception: Unknown column 'homepage_assets' in 'where clause'
in SYSTEMPATH/Database/MySQLi/Connection.php on line 306.
 1 SYSTEMPATH/Database/MySQLi/Connection.php(306): mysqli->query(' SELECT *  FROM course_batch
                                WHERE course_id = homepage_assets', 0)
 2 SYSTEMPATH/Database/BaseConnection.php(693): CodeIgniter\Database\MySQLi\Connection->execute(' SELECT *  FROM course_batch
                                WHERE course_id = homepage_assets')
 3 SYSTEMPATH/Database/BaseConnection.php(607): CodeIgniter\Database\BaseConnection->simpleQuery(' SELECT *  FROM course_batch
                                WHERE course_id = homepage_assets')
 4 APPPATH/Controllers/HomepageController.php(135): CodeIgniter\Database\BaseConnection->query(' SELECT *  FROM course_batch
                                WHERE course_id = homepage_assets')
 5 SYSTEMPATH/CodeIgniter.php(943): App\Controllers\HomepageController->Course_details_view('homepage_assets', 'img', 'favicon.png')
 6 SYSTEMPATH/CodeIgniter.php(503): CodeIgniter\CodeIgniter->runController(Object(App\Controllers\HomepageController))
 7 SYSTEMPATH/CodeIgniter.php(361): CodeIgniter\CodeIgniter->handleRequest(null, Object(Config\Cache), false)
 8 FCPATH/index.php(79): CodeIgniter\CodeIgniter->run()
INFO - 2025-01-29 07:49:06 --> Session: Class initialized using 'CodeIgniter\Session\Handlers\FileHandler' driver.
INFO - 2025-01-29 07:55:02 --> Session: Class initialized using 'CodeIgniter\Session\Handlers\FileHandler' driver.
INFO - 2025-01-29 07:55:59 --> Session: Class initialized using 'CodeIgniter\Session\Handlers\FileHandler' driver.
INFO - 2025-01-29 07:57:23 --> Session: Class initialized using 'CodeIgniter\Session\Handlers\FileHandler' driver.
INFO - 2025-01-29 07:57:23 --> Session: Class initialized using 'CodeIgniter\Session\Handlers\FileHandler' driver.
INFO - 2025-01-29 07:57:28 --> Session: Class initialized using 'CodeIgniter\Session\Handlers\FileHandler' driver.
INFO - 2025-01-29 07:57:44 --> Session: Class initialized using 'CodeIgniter\Session\Handlers\FileHandler' driver.
INFO - 2025-01-29 07:57:44 --> Session: Class initialized using 'CodeIgniter\Session\Handlers\FileHandler' driver.
INFO - 2025-01-29 07:57:49 --> Session: Class initialized using 'CodeIgniter\Session\Handlers\FileHandler' driver.
INFO - 2025-01-29 07:57:50 --> Session: Class initialized using 'CodeIgniter\Session\Handlers\FileHandler' driver.
ERROR - 2025-01-29 07:57:50 --> mysqli_sql_exception: Unknown column 'homepage_assets' in 'where clause' in /var/www/html/vendor/codeigniter4/framework/system/Database/MySQLi/Connection.php:306
Stack trace:
#0 /var/www/html/vendor/codeigniter4/framework/system/Database/MySQLi/Connection.php(306): mysqli->query(' SELECT *  FROM...', 0)
#1 /var/www/html/vendor/codeigniter4/framework/system/Database/BaseConnection.php(693): CodeIgniter\Database\MySQLi\Connection->execute(' SELECT *  FROM...')
#2 /var/www/html/vendor/codeigniter4/framework/system/Database/BaseConnection.php(607): CodeIgniter\Database\BaseConnection->simpleQuery(' SELECT *  FROM...')
#3 /var/www/html/app/Controllers/HomepageController.php(135): CodeIgniter\Database\BaseConnection->query(' SELECT *  FROM...')
#4 /var/www/html/vendor/codeigniter4/framework/system/CodeIgniter.php(943): App\Controllers\HomepageController->Course_details_view('homepage_assets', 'img', 'favicon.png')
#5 /var/www/html/vendor/codeigniter4/framework/system/CodeIgniter.php(503): CodeIgniter\CodeIgniter->runController(Object(App\Controllers\HomepageController))
#6 /var/www/html/vendor/codeigniter4/framework/system/CodeIgniter.php(361): CodeIgniter\CodeIgniter->handleRequest(NULL, Object(Config\Cache), false)
#7 /var/www/html/index.php(79): CodeIgniter\CodeIgniter->run()
#8 {main}
CRITICAL - 2025-01-29 07:57:50 --> CodeIgniter\Database\Exceptions\DatabaseException: Unknown column 'homepage_assets' in 'where clause'
in SYSTEMPATH/Database/BaseConnection.php on line 647.
 1 APPPATH/Controllers/HomepageController.php(135): CodeIgniter\Database\BaseConnection->query(' SELECT *  FROM course_batch
                                WHERE course_id = homepage_assets')
 2 SYSTEMPATH/CodeIgniter.php(943): App\Controllers\HomepageController->Course_details_view('homepage_assets', 'img', 'favicon.png')
 3 SYSTEMPATH/CodeIgniter.php(503): CodeIgniter\CodeIgniter->runController(Object(App\Controllers\HomepageController))
 4 SYSTEMPATH/CodeIgniter.php(361): CodeIgniter\CodeIgniter->handleRequest(null, Object(Config\Cache), false)
 5 FCPATH/index.php(79): CodeIgniter\CodeIgniter->run()
CRITICAL - 2025-01-29 07:57:50 --> [Caused by] CodeIgniter\Database\Exceptions\DatabaseException: Unknown column 'homepage_assets' in 'where clause'
in SYSTEMPATH/Database/MySQLi/Connection.php on line 311.
 1 SYSTEMPATH/Database/BaseConnection.php(693): CodeIgniter\Database\MySQLi\Connection->execute(' SELECT *  FROM course_batch
                                WHERE course_id = homepage_assets')
 2 SYSTEMPATH/Database/BaseConnection.php(607): CodeIgniter\Database\BaseConnection->simpleQuery(' SELECT *  FROM course_batch
                                WHERE course_id = homepage_assets')
 3 APPPATH/Controllers/HomepageController.php(135): CodeIgniter\Database\BaseConnection->query(' SELECT *  FROM course_batch
                                WHERE course_id = homepage_assets')
 4 SYSTEMPATH/CodeIgniter.php(943): App\Controllers\HomepageController->Course_details_view('homepage_assets', 'img', 'favicon.png')
 5 SYSTEMPATH/CodeIgniter.php(503): CodeIgniter\CodeIgniter->runController(Object(App\Controllers\HomepageController))
 6 SYSTEMPATH/CodeIgniter.php(361): CodeIgniter\CodeIgniter->handleRequest(null, Object(Config\Cache), false)
 7 FCPATH/index.php(79): CodeIgniter\CodeIgniter->run()
CRITICAL - 2025-01-29 07:57:50 --> [Caused by] mysqli_sql_exception: Unknown column 'homepage_assets' in 'where clause'
in SYSTEMPATH/Database/MySQLi/Connection.php on line 306.
 1 SYSTEMPATH/Database/MySQLi/Connection.php(306): mysqli->query(' SELECT *  FROM course_batch
                                WHERE course_id = homepage_assets', 0)
 2 SYSTEMPATH/Database/BaseConnection.php(693): CodeIgniter\Database\MySQLi\Connection->execute(' SELECT *  FROM course_batch
                                WHERE course_id = homepage_assets')
 3 SYSTEMPATH/Database/BaseConnection.php(607): CodeIgniter\Database\BaseConnection->simpleQuery(' SELECT *  FROM course_batch
                                WHERE course_id = homepage_assets')
 4 APPPATH/Controllers/HomepageController.php(135): CodeIgniter\Database\BaseConnection->query(' SELECT *  FROM course_batch
                                WHERE course_id = homepage_assets')
 5 SYSTEMPATH/CodeIgniter.php(943): App\Controllers\HomepageController->Course_details_view('homepage_assets', 'img', 'favicon.png')
 6 SYSTEMPATH/CodeIgniter.php(503): CodeIgniter\CodeIgniter->runController(Object(App\Controllers\HomepageController))
 7 SYSTEMPATH/CodeIgniter.php(361): CodeIgniter\CodeIgniter->handleRequest(null, Object(Config\Cache), false)
 8 FCPATH/index.php(79): CodeIgniter\CodeIgniter->run()
INFO - 2025-01-29 07:57:50 --> Session: Class initialized using 'CodeIgniter\Session\Handlers\FileHandler' driver.
ERROR - 2025-01-29 07:57:50 --> mysqli_sql_exception: Unknown column 'homepage_assets' in 'where clause' in /var/www/html/vendor/codeigniter4/framework/system/Database/MySQLi/Connection.php:306
Stack trace:
#0 /var/www/html/vendor/codeigniter4/framework/system/Database/MySQLi/Connection.php(306): mysqli->query(' SELECT *  FROM...', 0)
#1 /var/www/html/vendor/codeigniter4/framework/system/Database/BaseConnection.php(693): CodeIgniter\Database\MySQLi\Connection->execute(' SELECT *  FROM...')
#2 /var/www/html/vendor/codeigniter4/framework/system/Database/BaseConnection.php(607): CodeIgniter\Database\BaseConnection->simpleQuery(' SELECT *  FROM...')
#3 /var/www/html/app/Controllers/HomepageController.php(135): CodeIgniter\Database\BaseConnection->query(' SELECT *  FROM...')
#4 /var/www/html/vendor/codeigniter4/framework/system/CodeIgniter.php(943): App\Controllers\HomepageController->Course_details_view('homepage_assets', 'img', 'apple-touch-ico...')
#5 /var/www/html/vendor/codeigniter4/framework/system/CodeIgniter.php(503): CodeIgniter\CodeIgniter->runController(Object(App\Controllers\HomepageController))
#6 /var/www/html/vendor/codeigniter4/framework/system/CodeIgniter.php(361): CodeIgniter\CodeIgniter->handleRequest(NULL, Object(Config\Cache), false)
#7 /var/www/html/index.php(79): CodeIgniter\CodeIgniter->run()
#8 {main}
CRITICAL - 2025-01-29 07:57:50 --> CodeIgniter\Database\Exceptions\DatabaseException: Unknown column 'homepage_assets' in 'where clause'
in SYSTEMPATH/Database/BaseConnection.php on line 647.
 1 APPPATH/Controllers/HomepageController.php(135): CodeIgniter\Database\BaseConnection->query(' SELECT *  FROM course_batch
                                WHERE course_id = homepage_assets')
 2 SYSTEMPATH/CodeIgniter.php(943): App\Controllers\HomepageController->Course_details_view('homepage_assets', 'img', 'apple-touch-icon.png')
 3 SYSTEMPATH/CodeIgniter.php(503): CodeIgniter\CodeIgniter->runController(Object(App\Controllers\HomepageController))
 4 SYSTEMPATH/CodeIgniter.php(361): CodeIgniter\CodeIgniter->handleRequest(null, Object(Config\Cache), false)
 5 FCPATH/index.php(79): CodeIgniter\CodeIgniter->run()
CRITICAL - 2025-01-29 07:57:50 --> [Caused by] CodeIgniter\Database\Exceptions\DatabaseException: Unknown column 'homepage_assets' in 'where clause'
in SYSTEMPATH/Database/MySQLi/Connection.php on line 311.
 1 SYSTEMPATH/Database/BaseConnection.php(693): CodeIgniter\Database\MySQLi\Connection->execute(' SELECT *  FROM course_batch
                                WHERE course_id = homepage_assets')
 2 SYSTEMPATH/Database/BaseConnection.php(607): CodeIgniter\Database\BaseConnection->simpleQuery(' SELECT *  FROM course_batch
                                WHERE course_id = homepage_assets')
 3 APPPATH/Controllers/HomepageController.php(135): CodeIgniter\Database\BaseConnection->query(' SELECT *  FROM course_batch
                                WHERE course_id = homepage_assets')
 4 SYSTEMPATH/CodeIgniter.php(943): App\Controllers\HomepageController->Course_details_view('homepage_assets', 'img', 'apple-touch-icon.png')
 5 SYSTEMPATH/CodeIgniter.php(503): CodeIgniter\CodeIgniter->runController(Object(App\Controllers\HomepageController))
 6 SYSTEMPATH/CodeIgniter.php(361): CodeIgniter\CodeIgniter->handleRequest(null, Object(Config\Cache), false)
 7 FCPATH/index.php(79): CodeIgniter\CodeIgniter->run()
CRITICAL - 2025-01-29 07:57:50 --> [Caused by] mysqli_sql_exception: Unknown column 'homepage_assets' in 'where clause'
in SYSTEMPATH/Database/MySQLi/Connection.php on line 306.
 1 SYSTEMPATH/Database/MySQLi/Connection.php(306): mysqli->query(' SELECT *  FROM course_batch
                                WHERE course_id = homepage_assets', 0)
 2 SYSTEMPATH/Database/BaseConnection.php(693): CodeIgniter\Database\MySQLi\Connection->execute(' SELECT *  FROM course_batch
                                WHERE course_id = homepage_assets')
 3 SYSTEMPATH/Database/BaseConnection.php(607): CodeIgniter\Database\BaseConnection->simpleQuery(' SELECT *  FROM course_batch
                                WHERE course_id = homepage_assets')
 4 APPPATH/Controllers/HomepageController.php(135): CodeIgniter\Database\BaseConnection->query(' SELECT *  FROM course_batch
                                WHERE course_id = homepage_assets')
 5 SYSTEMPATH/CodeIgniter.php(943): App\Controllers\HomepageController->Course_details_view('homepage_assets', 'img', 'apple-touch-icon.png')
 6 SYSTEMPATH/CodeIgniter.php(503): CodeIgniter\CodeIgniter->runController(Object(App\Controllers\HomepageController))
 7 SYSTEMPATH/CodeIgniter.php(361): CodeIgniter\CodeIgniter->handleRequest(null, Object(Config\Cache), false)
 8 FCPATH/index.php(79): CodeIgniter\CodeIgniter->run()
INFO - 2025-01-29 07:57:58 --> Session: Class initialized using 'CodeIgniter\Session\Handlers\FileHandler' driver.
INFO - 2025-01-29 07:59:49 --> Session: Class initialized using 'CodeIgniter\Session\Handlers\FileHandler' driver.
INFO - 2025-01-29 08:02:42 --> Session: Class initialized using 'CodeIgniter\Session\Handlers\FileHandler' driver.
INFO - 2025-01-29 08:03:22 --> Session: Class initialized using 'CodeIgniter\Session\Handlers\FileHandler' driver.
INFO - 2025-01-29 08:05:01 --> Session: Class initialized using 'CodeIgniter\Session\Handlers\FileHandler' driver.
INFO - 2025-01-29 08:05:07 --> Session: Class initialized using 'CodeIgniter\Session\Handlers\FileHandler' driver.
INFO - 2025-01-29 08:05:15 --> Session: Class initialized using 'CodeIgniter\Session\Handlers\FileHandler' driver.
INFO - 2025-01-29 08:05:23 --> Session: Class initialized using 'CodeIgniter\Session\Handlers\FileHandler' driver.
INFO - 2025-01-29 08:05:27 --> Session: Class initialized using 'CodeIgniter\Session\Handlers\FileHandler' driver.
INFO - 2025-01-29 08:08:40 --> Session: Class initialized using 'CodeIgniter\Session\Handlers\FileHandler' driver.
INFO - 2025-01-29 08:08:45 --> Session: Class initialized using 'CodeIgniter\Session\Handlers\FileHandler' driver.
INFO - 2025-01-29 08:08:49 --> Session: Class initialized using 'CodeIgniter\Session\Handlers\FileHandler' driver.
INFO - 2025-01-29 08:08:52 --> Session: Class initialized using 'CodeIgniter\Session\Handlers\FileHandler' driver.
INFO - 2025-01-29 08:08:56 --> Session: Class initialized using 'CodeIgniter\Session\Handlers\FileHandler' driver.
INFO - 2025-01-29 08:09:14 --> Session: Class initialized using 'CodeIgniter\Session\Handlers\FileHandler' driver.
INFO - 2025-01-29 08:09:19 --> Session: Class initialized using 'CodeIgniter\Session\Handlers\FileHandler' driver.
INFO - 2025-01-29 08:09:23 --> Session: Class initialized using 'CodeIgniter\Session\Handlers\FileHandler' driver.
INFO - 2025-01-29 08:09:30 --> Session: Class initialized using 'CodeIgniter\Session\Handlers\FileHandler' driver.
INFO - 2025-01-29 08:09:32 --> Session: Class initialized using 'CodeIgniter\Session\Handlers\FileHandler' driver.
ERROR - 2025-01-29 08:09:32 --> mysqli_sql_exception: Unknown column 'homepage_assets' in 'where clause' in /var/www/html/vendor/codeigniter4/framework/system/Database/MySQLi/Connection.php:306
Stack trace:
#0 /var/www/html/vendor/codeigniter4/framework/system/Database/MySQLi/Connection.php(306): mysqli->query(' SELECT *  FROM...', 0)
#1 /var/www/html/vendor/codeigniter4/framework/system/Database/BaseConnection.php(693): CodeIgniter\Database\MySQLi\Connection->execute(' SELECT *  FROM...')
#2 /var/www/html/vendor/codeigniter4/framework/system/Database/BaseConnection.php(607): CodeIgniter\Database\BaseConnection->simpleQuery(' SELECT *  FROM...')
#3 /var/www/html/app/Controllers/HomepageController.php(135): CodeIgniter\Database\BaseConnection->query(' SELECT *  FROM...')
#4 /var/www/html/vendor/codeigniter4/framework/system/CodeIgniter.php(943): App\Controllers\HomepageController->Course_details_view('homepage_assets', 'img', 'favicon.png')
#5 /var/www/html/vendor/codeigniter4/framework/system/CodeIgniter.php(503): CodeIgniter\CodeIgniter->runController(Object(App\Controllers\HomepageController))
#6 /var/www/html/vendor/codeigniter4/framework/system/CodeIgniter.php(361): CodeIgniter\CodeIgniter->handleRequest(NULL, Object(Config\Cache), false)
#7 /var/www/html/index.php(79): CodeIgniter\CodeIgniter->run()
#8 {main}
CRITICAL - 2025-01-29 08:09:32 --> CodeIgniter\Database\Exceptions\DatabaseException: Unknown column 'homepage_assets' in 'where clause'
in SYSTEMPATH/Database/BaseConnection.php on line 647.
 1 APPPATH/Controllers/HomepageController.php(135): CodeIgniter\Database\BaseConnection->query(' SELECT *  FROM course_batch
                                WHERE course_id = homepage_assets')
 2 SYSTEMPATH/CodeIgniter.php(943): App\Controllers\HomepageController->Course_details_view('homepage_assets', 'img', 'favicon.png')
 3 SYSTEMPATH/CodeIgniter.php(503): CodeIgniter\CodeIgniter->runController(Object(App\Controllers\HomepageController))
 4 SYSTEMPATH/CodeIgniter.php(361): CodeIgniter\CodeIgniter->handleRequest(null, Object(Config\Cache), false)
 5 FCPATH/index.php(79): CodeIgniter\CodeIgniter->run()
CRITICAL - 2025-01-29 08:09:32 --> [Caused by] CodeIgniter\Database\Exceptions\DatabaseException: Unknown column 'homepage_assets' in 'where clause'
in SYSTEMPATH/Database/MySQLi/Connection.php on line 311.
 1 SYSTEMPATH/Database/BaseConnection.php(693): CodeIgniter\Database\MySQLi\Connection->execute(' SELECT *  FROM course_batch
                                WHERE course_id = homepage_assets')
 2 SYSTEMPATH/Database/BaseConnection.php(607): CodeIgniter\Database\BaseConnection->simpleQuery(' SELECT *  FROM course_batch
                                WHERE course_id = homepage_assets')
 3 APPPATH/Controllers/HomepageController.php(135): CodeIgniter\Database\BaseConnection->query(' SELECT *  FROM course_batch
                                WHERE course_id = homepage_assets')
 4 SYSTEMPATH/CodeIgniter.php(943): App\Controllers\HomepageController->Course_details_view('homepage_assets', 'img', 'favicon.png')
 5 SYSTEMPATH/CodeIgniter.php(503): CodeIgniter\CodeIgniter->runController(Object(App\Controllers\HomepageController))
 6 SYSTEMPATH/CodeIgniter.php(361): CodeIgniter\CodeIgniter->handleRequest(null, Object(Config\Cache), false)
 7 FCPATH/index.php(79): CodeIgniter\CodeIgniter->run()
CRITICAL - 2025-01-29 08:09:32 --> [Caused by] mysqli_sql_exception: Unknown column 'homepage_assets' in 'where clause'
in SYSTEMPATH/Database/MySQLi/Connection.php on line 306.
 1 SYSTEMPATH/Database/MySQLi/Connection.php(306): mysqli->query(' SELECT *  FROM course_batch
                                WHERE course_id = homepage_assets', 0)
 2 SYSTEMPATH/Database/BaseConnection.php(693): CodeIgniter\Database\MySQLi\Connection->execute(' SELECT *  FROM course_batch
                                WHERE course_id = homepage_assets')
 3 SYSTEMPATH/Database/BaseConnection.php(607): CodeIgniter\Database\BaseConnection->simpleQuery(' SELECT *  FROM course_batch
                                WHERE course_id = homepage_assets')
 4 APPPATH/Controllers/HomepageController.php(135): CodeIgniter\Database\BaseConnection->query(' SELECT *  FROM course_batch
                                WHERE course_id = homepage_assets')
 5 SYSTEMPATH/CodeIgniter.php(943): App\Controllers\HomepageController->Course_details_view('homepage_assets', 'img', 'favicon.png')
 6 SYSTEMPATH/CodeIgniter.php(503): CodeIgniter\CodeIgniter->runController(Object(App\Controllers\HomepageController))
 7 SYSTEMPATH/CodeIgniter.php(361): CodeIgniter\CodeIgniter->handleRequest(null, Object(Config\Cache), false)
 8 FCPATH/index.php(79): CodeIgniter\CodeIgniter->run()
INFO - 2025-01-29 08:09:32 --> Session: Class initialized using 'CodeIgniter\Session\Handlers\FileHandler' driver.
ERROR - 2025-01-29 08:09:32 --> mysqli_sql_exception: Unknown column 'homepage_assets' in 'where clause' in /var/www/html/vendor/codeigniter4/framework/system/Database/MySQLi/Connection.php:306
Stack trace:
#0 /var/www/html/vendor/codeigniter4/framework/system/Database/MySQLi/Connection.php(306): mysqli->query(' SELECT *  FROM...', 0)
#1 /var/www/html/vendor/codeigniter4/framework/system/Database/BaseConnection.php(693): CodeIgniter\Database\MySQLi\Connection->execute(' SELECT *  FROM...')
#2 /var/www/html/vendor/codeigniter4/framework/system/Database/BaseConnection.php(607): CodeIgniter\Database\BaseConnection->simpleQuery(' SELECT *  FROM...')
#3 /var/www/html/app/Controllers/HomepageController.php(135): CodeIgniter\Database\BaseConnection->query(' SELECT *  FROM...')
#4 /var/www/html/vendor/codeigniter4/framework/system/CodeIgniter.php(943): App\Controllers\HomepageController->Course_details_view('homepage_assets', 'img', 'apple-touch-ico...')
#5 /var/www/html/vendor/codeigniter4/framework/system/CodeIgniter.php(503): CodeIgniter\CodeIgniter->runController(Object(App\Controllers\HomepageController))
#6 /var/www/html/vendor/codeigniter4/framework/system/CodeIgniter.php(361): CodeIgniter\CodeIgniter->handleRequest(NULL, Object(Config\Cache), false)
#7 /var/www/html/index.php(79): CodeIgniter\CodeIgniter->run()
#8 {main}
CRITICAL - 2025-01-29 08:09:32 --> CodeIgniter\Database\Exceptions\DatabaseException: Unknown column 'homepage_assets' in 'where clause'
in SYSTEMPATH/Database/BaseConnection.php on line 647.
 1 APPPATH/Controllers/HomepageController.php(135): CodeIgniter\Database\BaseConnection->query(' SELECT *  FROM course_batch
                                WHERE course_id = homepage_assets')
 2 SYSTEMPATH/CodeIgniter.php(943): App\Controllers\HomepageController->Course_details_view('homepage_assets', 'img', 'apple-touch-icon.png')
 3 SYSTEMPATH/CodeIgniter.php(503): CodeIgniter\CodeIgniter->runController(Object(App\Controllers\HomepageController))
 4 SYSTEMPATH/CodeIgniter.php(361): CodeIgniter\CodeIgniter->handleRequest(null, Object(Config\Cache), false)
 5 FCPATH/index.php(79): CodeIgniter\CodeIgniter->run()
CRITICAL - 2025-01-29 08:09:32 --> [Caused by] CodeIgniter\Database\Exceptions\DatabaseException: Unknown column 'homepage_assets' in 'where clause'
in SYSTEMPATH/Database/MySQLi/Connection.php on line 311.
 1 SYSTEMPATH/Database/BaseConnection.php(693): CodeIgniter\Database\MySQLi\Connection->execute(' SELECT *  FROM course_batch
                                WHERE course_id = homepage_assets')
 2 SYSTEMPATH/Database/BaseConnection.php(607): CodeIgniter\Database\BaseConnection->simpleQuery(' SELECT *  FROM course_batch
                                WHERE course_id = homepage_assets')
 3 APPPATH/Controllers/HomepageController.php(135): CodeIgniter\Database\BaseConnection->query(' SELECT *  FROM course_batch
                                WHERE course_id = homepage_assets')
 4 SYSTEMPATH/CodeIgniter.php(943): App\Controllers\HomepageController->Course_details_view('homepage_assets', 'img', 'apple-touch-icon.png')
 5 SYSTEMPATH/CodeIgniter.php(503): CodeIgniter\CodeIgniter->runController(Object(App\Controllers\HomepageController))
 6 SYSTEMPATH/CodeIgniter.php(361): CodeIgniter\CodeIgniter->handleRequest(null, Object(Config\Cache), false)
 7 FCPATH/index.php(79): CodeIgniter\CodeIgniter->run()
CRITICAL - 2025-01-29 08:09:32 --> [Caused by] mysqli_sql_exception: Unknown column 'homepage_assets' in 'where clause'
in SYSTEMPATH/Database/MySQLi/Connection.php on line 306.
 1 SYSTEMPATH/Database/MySQLi/Connection.php(306): mysqli->query(' SELECT *  FROM course_batch
                                WHERE course_id = homepage_assets', 0)
 2 SYSTEMPATH/Database/BaseConnection.php(693): CodeIgniter\Database\MySQLi\Connection->execute(' SELECT *  FROM course_batch
                                WHERE course_id = homepage_assets')
 3 SYSTEMPATH/Database/BaseConnection.php(607): CodeIgniter\Database\BaseConnection->simpleQuery(' SELECT *  FROM course_batch
                                WHERE course_id = homepage_assets')
 4 APPPATH/Controllers/HomepageController.php(135): CodeIgniter\Database\BaseConnection->query(' SELECT *  FROM course_batch
                                WHERE course_id = homepage_assets')
 5 SYSTEMPATH/CodeIgniter.php(943): App\Controllers\HomepageController->Course_details_view('homepage_assets', 'img', 'apple-touch-icon.png')
 6 SYSTEMPATH/CodeIgniter.php(503): CodeIgniter\CodeIgniter->runController(Object(App\Controllers\HomepageController))
 7 SYSTEMPATH/CodeIgniter.php(361): CodeIgniter\CodeIgniter->handleRequest(null, Object(Config\Cache), false)
 8 FCPATH/index.php(79): CodeIgniter\CodeIgniter->run()
INFO - 2025-01-29 08:10:38 --> Session: Class initialized using 'CodeIgniter\Session\Handlers\FileHandler' driver.
INFO - 2025-01-29 08:10:38 --> Session: Class initialized using 'CodeIgniter\Session\Handlers\FileHandler' driver.
INFO - 2025-01-29 08:10:43 --> Session: Class initialized using 'CodeIgniter\Session\Handlers\FileHandler' driver.
INFO - 2025-01-29 08:11:05 --> Session: Class initialized using 'CodeIgniter\Session\Handlers\FileHandler' driver.
INFO - 2025-01-29 08:20:02 --> Session: Class initialized using 'CodeIgniter\Session\Handlers\FileHandler' driver.
INFO - 2025-01-29 08:42:09 --> Session: Class initialized using 'CodeIgniter\Session\Handlers\FileHandler' driver.
INFO - 2025-01-29 08:52:35 --> Session: Class initialized using 'CodeIgniter\Session\Handlers\FileHandler' driver.
INFO - 2025-01-29 08:56:49 --> Session: Class initialized using 'CodeIgniter\Session\Handlers\FileHandler' driver.
INFO - 2025-01-29 09:03:56 --> Session: Class initialized using 'CodeIgniter\Session\Handlers\FileHandler' driver.
INFO - 2025-01-29 09:25:45 --> Session: Class initialized using 'CodeIgniter\Session\Handlers\FileHandler' driver.
INFO - 2025-01-29 09:49:32 --> Session: Class initialized using 'CodeIgniter\Session\Handlers\FileHandler' driver.
INFO - 2025-01-29 09:58:03 --> Session: Class initialized using 'CodeIgniter\Session\Handlers\FileHandler' driver.
INFO - 2025-01-29 09:58:04 --> Session: Class initialized using 'CodeIgniter\Session\Handlers\FileHandler' driver.
ERROR - 2025-01-29 09:58:04 --> mysqli_sql_exception: Unknown column 'homepage_assets' in 'where clause' in /var/www/html/vendor/codeigniter4/framework/system/Database/MySQLi/Connection.php:306
Stack trace:
#0 /var/www/html/vendor/codeigniter4/framework/system/Database/MySQLi/Connection.php(306): mysqli->query(' SELECT *  FROM...', 0)
#1 /var/www/html/vendor/codeigniter4/framework/system/Database/BaseConnection.php(693): CodeIgniter\Database\MySQLi\Connection->execute(' SELECT *  FROM...')
#2 /var/www/html/vendor/codeigniter4/framework/system/Database/BaseConnection.php(607): CodeIgniter\Database\BaseConnection->simpleQuery(' SELECT *  FROM...')
#3 /var/www/html/app/Controllers/HomepageController.php(135): CodeIgniter\Database\BaseConnection->query(' SELECT *  FROM...')
#4 /var/www/html/vendor/codeigniter4/framework/system/CodeIgniter.php(943): App\Controllers\HomepageController->Course_details_view('homepage_assets', 'img', 'apple-touch-ico...')
#5 /var/www/html/vendor/codeigniter4/framework/system/CodeIgniter.php(503): CodeIgniter\CodeIgniter->runController(Object(App\Controllers\HomepageController))
#6 /var/www/html/vendor/codeigniter4/framework/system/CodeIgniter.php(361): CodeIgniter\CodeIgniter->handleRequest(NULL, Object(Config\Cache), false)
#7 /var/www/html/index.php(79): CodeIgniter\CodeIgniter->run()
#8 {main}
CRITICAL - 2025-01-29 09:58:04 --> CodeIgniter\Database\Exceptions\DatabaseException: Unknown column 'homepage_assets' in 'where clause'
in SYSTEMPATH/Database/BaseConnection.php on line 647.
 1 APPPATH/Controllers/HomepageController.php(135): CodeIgniter\Database\BaseConnection->query(' SELECT *  FROM course_batch
                                WHERE course_id = homepage_assets')
 2 SYSTEMPATH/CodeIgniter.php(943): App\Controllers\HomepageController->Course_details_view('homepage_assets', 'img', 'apple-touch-icon.png')
 3 SYSTEMPATH/CodeIgniter.php(503): CodeIgniter\CodeIgniter->runController(Object(App\Controllers\HomepageController))
 4 SYSTEMPATH/CodeIgniter.php(361): CodeIgniter\CodeIgniter->handleRequest(null, Object(Config\Cache), false)
 5 FCPATH/index.php(79): CodeIgniter\CodeIgniter->run()
CRITICAL - 2025-01-29 09:58:04 --> [Caused by] CodeIgniter\Database\Exceptions\DatabaseException: Unknown column 'homepage_assets' in 'where clause'
in SYSTEMPATH/Database/MySQLi/Connection.php on line 311.
 1 SYSTEMPATH/Database/BaseConnection.php(693): CodeIgniter\Database\MySQLi\Connection->execute(' SELECT *  FROM course_batch
                                WHERE course_id = homepage_assets')
 2 SYSTEMPATH/Database/BaseConnection.php(607): CodeIgniter\Database\BaseConnection->simpleQuery(' SELECT *  FROM course_batch
                                WHERE course_id = homepage_assets')
 3 APPPATH/Controllers/HomepageController.php(135): CodeIgniter\Database\BaseConnection->query(' SELECT *  FROM course_batch
                                WHERE course_id = homepage_assets')
 4 SYSTEMPATH/CodeIgniter.php(943): App\Controllers\HomepageController->Course_details_view('homepage_assets', 'img', 'apple-touch-icon.png')
 5 SYSTEMPATH/CodeIgniter.php(503): CodeIgniter\CodeIgniter->runController(Object(App\Controllers\HomepageController))
 6 SYSTEMPATH/CodeIgniter.php(361): CodeIgniter\CodeIgniter->handleRequest(null, Object(Config\Cache), false)
 7 FCPATH/index.php(79): CodeIgniter\CodeIgniter->run()
CRITICAL - 2025-01-29 09:58:04 --> [Caused by] mysqli_sql_exception: Unknown column 'homepage_assets' in 'where clause'
in SYSTEMPATH/Database/MySQLi/Connection.php on line 306.
 1 SYSTEMPATH/Database/MySQLi/Connection.php(306): mysqli->query(' SELECT *  FROM course_batch
                                WHERE course_id = homepage_assets', 0)
 2 SYSTEMPATH/Database/BaseConnection.php(693): CodeIgniter\Database\MySQLi\Connection->execute(' SELECT *  FROM course_batch
                                WHERE course_id = homepage_assets')
 3 SYSTEMPATH/Database/BaseConnection.php(607): CodeIgniter\Database\BaseConnection->simpleQuery(' SELECT *  FROM course_batch
                                WHERE course_id = homepage_assets')
 4 APPPATH/Controllers/HomepageController.php(135): CodeIgniter\Database\BaseConnection->query(' SELECT *  FROM course_batch
                                WHERE course_id = homepage_assets')
 5 SYSTEMPATH/CodeIgniter.php(943): App\Controllers\HomepageController->Course_details_view('homepage_assets', 'img', 'apple-touch-icon.png')
 6 SYSTEMPATH/CodeIgniter.php(503): CodeIgniter\CodeIgniter->runController(Object(App\Controllers\HomepageController))
 7 SYSTEMPATH/CodeIgniter.php(361): CodeIgniter\CodeIgniter->handleRequest(null, Object(Config\Cache), false)
 8 FCPATH/index.php(79): CodeIgniter\CodeIgniter->run()
INFO - 2025-01-29 09:58:04 --> Session: Class initialized using 'CodeIgniter\Session\Handlers\FileHandler' driver.
ERROR - 2025-01-29 09:58:04 --> mysqli_sql_exception: Unknown column 'homepage_assets' in 'where clause' in /var/www/html/vendor/codeigniter4/framework/system/Database/MySQLi/Connection.php:306
Stack trace:
#0 /var/www/html/vendor/codeigniter4/framework/system/Database/MySQLi/Connection.php(306): mysqli->query(' SELECT *  FROM...', 0)
#1 /var/www/html/vendor/codeigniter4/framework/system/Database/BaseConnection.php(693): CodeIgniter\Database\MySQLi\Connection->execute(' SELECT *  FROM...')
#2 /var/www/html/vendor/codeigniter4/framework/system/Database/BaseConnection.php(607): CodeIgniter\Database\BaseConnection->simpleQuery(' SELECT *  FROM...')
#3 /var/www/html/app/Controllers/HomepageController.php(135): CodeIgniter\Database\BaseConnection->query(' SELECT *  FROM...')
#4 /var/www/html/vendor/codeigniter4/framework/system/CodeIgniter.php(943): App\Controllers\HomepageController->Course_details_view('homepage_assets', 'img', 'favicon.png')
#5 /var/www/html/vendor/codeigniter4/framework/system/CodeIgniter.php(503): CodeIgniter\CodeIgniter->runController(Object(App\Controllers\HomepageController))
#6 /var/www/html/vendor/codeigniter4/framework/system/CodeIgniter.php(361): CodeIgniter\CodeIgniter->handleRequest(NULL, Object(Config\Cache), false)
#7 /var/www/html/index.php(79): CodeIgniter\CodeIgniter->run()
#8 {main}
CRITICAL - 2025-01-29 09:58:04 --> CodeIgniter\Database\Exceptions\DatabaseException: Unknown column 'homepage_assets' in 'where clause'
in SYSTEMPATH/Database/BaseConnection.php on line 647.
 1 APPPATH/Controllers/HomepageController.php(135): CodeIgniter\Database\BaseConnection->query(' SELECT *  FROM course_batch
                                WHERE course_id = homepage_assets')
 2 SYSTEMPATH/CodeIgniter.php(943): App\Controllers\HomepageController->Course_details_view('homepage_assets', 'img', 'favicon.png')
 3 SYSTEMPATH/CodeIgniter.php(503): CodeIgniter\CodeIgniter->runController(Object(App\Controllers\HomepageController))
 4 SYSTEMPATH/CodeIgniter.php(361): CodeIgniter\CodeIgniter->handleRequest(null, Object(Config\Cache), false)
 5 FCPATH/index.php(79): CodeIgniter\CodeIgniter->run()
CRITICAL - 2025-01-29 09:58:04 --> [Caused by] CodeIgniter\Database\Exceptions\DatabaseException: Unknown column 'homepage_assets' in 'where clause'
in SYSTEMPATH/Database/MySQLi/Connection.php on line 311.
 1 SYSTEMPATH/Database/BaseConnection.php(693): CodeIgniter\Database\MySQLi\Connection->execute(' SELECT *  FROM course_batch
                                WHERE course_id = homepage_assets')
 2 SYSTEMPATH/Database/BaseConnection.php(607): CodeIgniter\Database\BaseConnection->simpleQuery(' SELECT *  FROM course_batch
                                WHERE course_id = homepage_assets')
 3 APPPATH/Controllers/HomepageController.php(135): CodeIgniter\Database\BaseConnection->query(' SELECT *  FROM course_batch
                                WHERE course_id = homepage_assets')
 4 SYSTEMPATH/CodeIgniter.php(943): App\Controllers\HomepageController->Course_details_view('homepage_assets', 'img', 'favicon.png')
 5 SYSTEMPATH/CodeIgniter.php(503): CodeIgniter\CodeIgniter->runController(Object(App\Controllers\HomepageController))
 6 SYSTEMPATH/CodeIgniter.php(361): CodeIgniter\CodeIgniter->handleRequest(null, Object(Config\Cache), false)
 7 FCPATH/index.php(79): CodeIgniter\CodeIgniter->run()
CRITICAL - 2025-01-29 09:58:04 --> [Caused by] mysqli_sql_exception: Unknown column 'homepage_assets' in 'where clause'
in SYSTEMPATH/Database/MySQLi/Connection.php on line 306.
 1 SYSTEMPATH/Database/MySQLi/Connection.php(306): mysqli->query(' SELECT *  FROM course_batch
                                WHERE course_id = homepage_assets', 0)
 2 SYSTEMPATH/Database/BaseConnection.php(693): CodeIgniter\Database\MySQLi\Connection->execute(' SELECT *  FROM course_batch
                                WHERE course_id = homepage_assets')
 3 SYSTEMPATH/Database/BaseConnection.php(607): CodeIgniter\Database\BaseConnection->simpleQuery(' SELECT *  FROM course_batch
                                WHERE course_id = homepage_assets')
 4 APPPATH/Controllers/HomepageController.php(135): CodeIgniter\Database\BaseConnection->query(' SELECT *  FROM course_batch
                                WHERE course_id = homepage_assets')
 5 SYSTEMPATH/CodeIgniter.php(943): App\Controllers\HomepageController->Course_details_view('homepage_assets', 'img', 'favicon.png')
 6 SYSTEMPATH/CodeIgniter.php(503): CodeIgniter\CodeIgniter->runController(Object(App\Controllers\HomepageController))
 7 SYSTEMPATH/CodeIgniter.php(361): CodeIgniter\CodeIgniter->handleRequest(null, Object(Config\Cache), false)
 8 FCPATH/index.php(79): CodeIgniter\CodeIgniter->run()
INFO - 2025-01-29 09:58:58 --> Session: Class initialized using 'CodeIgniter\Session\Handlers\FileHandler' driver.
INFO - 2025-01-29 09:58:59 --> Session: Class initialized using 'CodeIgniter\Session\Handlers\FileHandler' driver.
INFO - 2025-01-29 09:59:03 --> Session: Class initialized using 'CodeIgniter\Session\Handlers\FileHandler' driver.
INFO - 2025-01-29 10:00:14 --> Session: Class initialized using 'CodeIgniter\Session\Handlers\FileHandler' driver.
INFO - 2025-01-29 10:00:15 --> Session: Class initialized using 'CodeIgniter\Session\Handlers\FileHandler' driver.
INFO - 2025-01-29 10:00:19 --> Session: Class initialized using 'CodeIgniter\Session\Handlers\FileHandler' driver.
INFO - 2025-01-29 10:01:06 --> Session: Class initialized using 'CodeIgniter\Session\Handlers\FileHandler' driver.
INFO - 2025-01-29 10:01:07 --> Session: Class initialized using 'CodeIgniter\Session\Handlers\FileHandler' driver.
INFO - 2025-01-29 10:01:10 --> Session: Class initialized using 'CodeIgniter\Session\Handlers\FileHandler' driver.
INFO - 2025-01-29 10:01:48 --> Session: Class initialized using 'CodeIgniter\Session\Handlers\FileHandler' driver.
INFO - 2025-01-29 10:01:49 --> Session: Class initialized using 'CodeIgniter\Session\Handlers\FileHandler' driver.
INFO - 2025-01-29 10:01:54 --> Session: Class initialized using 'CodeIgniter\Session\Handlers\FileHandler' driver.
INFO - 2025-01-29 10:02:15 --> Session: Class initialized using 'CodeIgniter\Session\Handlers\FileHandler' driver.
INFO - 2025-01-29 10:02:16 --> Session: Class initialized using 'CodeIgniter\Session\Handlers\FileHandler' driver.
INFO - 2025-01-29 10:02:20 --> Session: Class initialized using 'CodeIgniter\Session\Handlers\FileHandler' driver.
INFO - 2025-01-29 10:02:39 --> Session: Class initialized using 'CodeIgniter\Session\Handlers\FileHandler' driver.
INFO - 2025-01-29 10:02:40 --> Session: Class initialized using 'CodeIgniter\Session\Handlers\FileHandler' driver.
INFO - 2025-01-29 10:02:43 --> Session: Class initialized using 'CodeIgniter\Session\Handlers\FileHandler' driver.
INFO - 2025-01-29 10:02:55 --> Session: Class initialized using 'CodeIgniter\Session\Handlers\FileHandler' driver.
INFO - 2025-01-29 10:02:57 --> Session: Class initialized using 'CodeIgniter\Session\Handlers\FileHandler' driver.
INFO - 2025-01-29 10:03:02 --> Session: Class initialized using 'CodeIgniter\Session\Handlers\FileHandler' driver.
INFO - 2025-01-29 10:03:04 --> Session: Class initialized using 'CodeIgniter\Session\Handlers\FileHandler' driver.
ERROR - 2025-01-29 10:03:04 --> mysqli_sql_exception: Unknown column 'homepage_assets' in 'where clause' in /var/www/html/vendor/codeigniter4/framework/system/Database/MySQLi/Connection.php:306
Stack trace:
#0 /var/www/html/vendor/codeigniter4/framework/system/Database/MySQLi/Connection.php(306): mysqli->query(' SELECT *  FROM...', 0)
#1 /var/www/html/vendor/codeigniter4/framework/system/Database/BaseConnection.php(693): CodeIgniter\Database\MySQLi\Connection->execute(' SELECT *  FROM...')
#2 /var/www/html/vendor/codeigniter4/framework/system/Database/BaseConnection.php(607): CodeIgniter\Database\BaseConnection->simpleQuery(' SELECT *  FROM...')
#3 /var/www/html/app/Controllers/HomepageController.php(135): CodeIgniter\Database\BaseConnection->query(' SELECT *  FROM...')
#4 /var/www/html/vendor/codeigniter4/framework/system/CodeIgniter.php(943): App\Controllers\HomepageController->Course_details_view('homepage_assets', 'img', 'apple-touch-ico...')
#5 /var/www/html/vendor/codeigniter4/framework/system/CodeIgniter.php(503): CodeIgniter\CodeIgniter->runController(Object(App\Controllers\HomepageController))
#6 /var/www/html/vendor/codeigniter4/framework/system/CodeIgniter.php(361): CodeIgniter\CodeIgniter->handleRequest(NULL, Object(Config\Cache), false)
#7 /var/www/html/index.php(79): CodeIgniter\CodeIgniter->run()
#8 {main}
CRITICAL - 2025-01-29 10:03:04 --> CodeIgniter\Database\Exceptions\DatabaseException: Unknown column 'homepage_assets' in 'where clause'
in SYSTEMPATH/Database/BaseConnection.php on line 647.
 1 APPPATH/Controllers/HomepageController.php(135): CodeIgniter\Database\BaseConnection->query(' SELECT *  FROM course_batch
                                WHERE course_id = homepage_assets')
 2 SYSTEMPATH/CodeIgniter.php(943): App\Controllers\HomepageController->Course_details_view('homepage_assets', 'img', 'apple-touch-icon.png')
 3 SYSTEMPATH/CodeIgniter.php(503): CodeIgniter\CodeIgniter->runController(Object(App\Controllers\HomepageController))
 4 SYSTEMPATH/CodeIgniter.php(361): CodeIgniter\CodeIgniter->handleRequest(null, Object(Config\Cache), false)
 5 FCPATH/index.php(79): CodeIgniter\CodeIgniter->run()
CRITICAL - 2025-01-29 10:03:04 --> [Caused by] CodeIgniter\Database\Exceptions\DatabaseException: Unknown column 'homepage_assets' in 'where clause'
in SYSTEMPATH/Database/MySQLi/Connection.php on line 311.
 1 SYSTEMPATH/Database/BaseConnection.php(693): CodeIgniter\Database\MySQLi\Connection->execute(' SELECT *  FROM course_batch
                                WHERE course_id = homepage_assets')
 2 SYSTEMPATH/Database/BaseConnection.php(607): CodeIgniter\Database\BaseConnection->simpleQuery(' SELECT *  FROM course_batch
                                WHERE course_id = homepage_assets')
 3 APPPATH/Controllers/HomepageController.php(135): CodeIgniter\Database\BaseConnection->query(' SELECT *  FROM course_batch
                                WHERE course_id = homepage_assets')
 4 SYSTEMPATH/CodeIgniter.php(943): App\Controllers\HomepageController->Course_details_view('homepage_assets', 'img', 'apple-touch-icon.png')
 5 SYSTEMPATH/CodeIgniter.php(503): CodeIgniter\CodeIgniter->runController(Object(App\Controllers\HomepageController))
 6 SYSTEMPATH/CodeIgniter.php(361): CodeIgniter\CodeIgniter->handleRequest(null, Object(Config\Cache), false)
 7 FCPATH/index.php(79): CodeIgniter\CodeIgniter->run()
CRITICAL - 2025-01-29 10:03:04 --> [Caused by] mysqli_sql_exception: Unknown column 'homepage_assets' in 'where clause'
in SYSTEMPATH/Database/MySQLi/Connection.php on line 306.
 1 SYSTEMPATH/Database/MySQLi/Connection.php(306): mysqli->query(' SELECT *  FROM course_batch
                                WHERE course_id = homepage_assets', 0)
 2 SYSTEMPATH/Database/BaseConnection.php(693): CodeIgniter\Database\MySQLi\Connection->execute(' SELECT *  FROM course_batch
                                WHERE course_id = homepage_assets')
 3 SYSTEMPATH/Database/BaseConnection.php(607): CodeIgniter\Database\BaseConnection->simpleQuery(' SELECT *  FROM course_batch
                                WHERE course_id = homepage_assets')
 4 APPPATH/Controllers/HomepageController.php(135): CodeIgniter\Database\BaseConnection->query(' SELECT *  FROM course_batch
                                WHERE course_id = homepage_assets')
 5 SYSTEMPATH/CodeIgniter.php(943): App\Controllers\HomepageController->Course_details_view('homepage_assets', 'img', 'apple-touch-icon.png')
 6 SYSTEMPATH/CodeIgniter.php(503): CodeIgniter\CodeIgniter->runController(Object(App\Controllers\HomepageController))
 7 SYSTEMPATH/CodeIgniter.php(361): CodeIgniter\CodeIgniter->handleRequest(null, Object(Config\Cache), false)
 8 FCPATH/index.php(79): CodeIgniter\CodeIgniter->run()
INFO - 2025-01-29 10:03:04 --> Session: Class initialized using 'CodeIgniter\Session\Handlers\FileHandler' driver.
ERROR - 2025-01-29 10:03:04 --> mysqli_sql_exception: Unknown column 'homepage_assets' in 'where clause' in /var/www/html/vendor/codeigniter4/framework/system/Database/MySQLi/Connection.php:306
Stack trace:
#0 /var/www/html/vendor/codeigniter4/framework/system/Database/MySQLi/Connection.php(306): mysqli->query(' SELECT *  FROM...', 0)
#1 /var/www/html/vendor/codeigniter4/framework/system/Database/BaseConnection.php(693): CodeIgniter\Database\MySQLi\Connection->execute(' SELECT *  FROM...')
#2 /var/www/html/vendor/codeigniter4/framework/system/Database/BaseConnection.php(607): CodeIgniter\Database\BaseConnection->simpleQuery(' SELECT *  FROM...')
#3 /var/www/html/app/Controllers/HomepageController.php(135): CodeIgniter\Database\BaseConnection->query(' SELECT *  FROM...')
#4 /var/www/html/vendor/codeigniter4/framework/system/CodeIgniter.php(943): App\Controllers\HomepageController->Course_details_view('homepage_assets', 'img', 'favicon.png')
#5 /var/www/html/vendor/codeigniter4/framework/system/CodeIgniter.php(503): CodeIgniter\CodeIgniter->runController(Object(App\Controllers\HomepageController))
#6 /var/www/html/vendor/codeigniter4/framework/system/CodeIgniter.php(361): CodeIgniter\CodeIgniter->handleRequest(NULL, Object(Config\Cache), false)
#7 /var/www/html/index.php(79): CodeIgniter\CodeIgniter->run()
#8 {main}
CRITICAL - 2025-01-29 10:03:04 --> CodeIgniter\Database\Exceptions\DatabaseException: Unknown column 'homepage_assets' in 'where clause'
in SYSTEMPATH/Database/BaseConnection.php on line 647.
 1 APPPATH/Controllers/HomepageController.php(135): CodeIgniter\Database\BaseConnection->query(' SELECT *  FROM course_batch
                                WHERE course_id = homepage_assets')
 2 SYSTEMPATH/CodeIgniter.php(943): App\Controllers\HomepageController->Course_details_view('homepage_assets', 'img', 'favicon.png')
 3 SYSTEMPATH/CodeIgniter.php(503): CodeIgniter\CodeIgniter->runController(Object(App\Controllers\HomepageController))
 4 SYSTEMPATH/CodeIgniter.php(361): CodeIgniter\CodeIgniter->handleRequest(null, Object(Config\Cache), false)
 5 FCPATH/index.php(79): CodeIgniter\CodeIgniter->run()
CRITICAL - 2025-01-29 10:03:04 --> [Caused by] CodeIgniter\Database\Exceptions\DatabaseException: Unknown column 'homepage_assets' in 'where clause'
in SYSTEMPATH/Database/MySQLi/Connection.php on line 311.
 1 SYSTEMPATH/Database/BaseConnection.php(693): CodeIgniter\Database\MySQLi\Connection->execute(' SELECT *  FROM course_batch
                                WHERE course_id = homepage_assets')
 2 SYSTEMPATH/Database/BaseConnection.php(607): CodeIgniter\Database\BaseConnection->simpleQuery(' SELECT *  FROM course_batch
                                WHERE course_id = homepage_assets')
 3 APPPATH/Controllers/HomepageController.php(135): CodeIgniter\Database\BaseConnection->query(' SELECT *  FROM course_batch
                                WHERE course_id = homepage_assets')
 4 SYSTEMPATH/CodeIgniter.php(943): App\Controllers\HomepageController->Course_details_view('homepage_assets', 'img', 'favicon.png')
 5 SYSTEMPATH/CodeIgniter.php(503): CodeIgniter\CodeIgniter->runController(Object(App\Controllers\HomepageController))
 6 SYSTEMPATH/CodeIgniter.php(361): CodeIgniter\CodeIgniter->handleRequest(null, Object(Config\Cache), false)
 7 FCPATH/index.php(79): CodeIgniter\CodeIgniter->run()
CRITICAL - 2025-01-29 10:03:04 --> [Caused by] mysqli_sql_exception: Unknown column 'homepage_assets' in 'where clause'
in SYSTEMPATH/Database/MySQLi/Connection.php on line 306.
 1 SYSTEMPATH/Database/MySQLi/Connection.php(306): mysqli->query(' SELECT *  FROM course_batch
                                WHERE course_id = homepage_assets', 0)
 2 SYSTEMPATH/Database/BaseConnection.php(693): CodeIgniter\Database\MySQLi\Connection->execute(' SELECT *  FROM course_batch
                                WHERE course_id = homepage_assets')
 3 SYSTEMPATH/Database/BaseConnection.php(607): CodeIgniter\Database\BaseConnection->simpleQuery(' SELECT *  FROM course_batch
                                WHERE course_id = homepage_assets')
 4 APPPATH/Controllers/HomepageController.php(135): CodeIgniter\Database\BaseConnection->query(' SELECT *  FROM course_batch
                                WHERE course_id = homepage_assets')
 5 SYSTEMPATH/CodeIgniter.php(943): App\Controllers\HomepageController->Course_details_view('homepage_assets', 'img', 'favicon.png')
 6 SYSTEMPATH/CodeIgniter.php(503): CodeIgniter\CodeIgniter->runController(Object(App\Controllers\HomepageController))
 7 SYSTEMPATH/CodeIgniter.php(361): CodeIgniter\CodeIgniter->handleRequest(null, Object(Config\Cache), false)
 8 FCPATH/index.php(79): CodeIgniter\CodeIgniter->run()
INFO - 2025-01-29 10:03:37 --> Session: Class initialized using 'CodeIgniter\Session\Handlers\FileHandler' driver.
INFO - 2025-01-29 10:03:58 --> Session: Class initialized using 'CodeIgniter\Session\Handlers\FileHandler' driver.
INFO - 2025-01-29 10:03:58 --> Session: Class initialized using 'CodeIgniter\Session\Handlers\FileHandler' driver.
INFO - 2025-01-29 10:04:03 --> Session: Class initialized using 'CodeIgniter\Session\Handlers\FileHandler' driver.
INFO - 2025-01-29 10:04:04 --> Session: Class initialized using 'CodeIgniter\Session\Handlers\FileHandler' driver.
ERROR - 2025-01-29 10:04:04 --> mysqli_sql_exception: Unknown column 'homepage_assets' in 'where clause' in /var/www/html/vendor/codeigniter4/framework/system/Database/MySQLi/Connection.php:306
Stack trace:
#0 /var/www/html/vendor/codeigniter4/framework/system/Database/MySQLi/Connection.php(306): mysqli->query(' SELECT *  FROM...', 0)
#1 /var/www/html/vendor/codeigniter4/framework/system/Database/BaseConnection.php(693): CodeIgniter\Database\MySQLi\Connection->execute(' SELECT *  FROM...')
#2 /var/www/html/vendor/codeigniter4/framework/system/Database/BaseConnection.php(607): CodeIgniter\Database\BaseConnection->simpleQuery(' SELECT *  FROM...')
#3 /var/www/html/app/Controllers/HomepageController.php(135): CodeIgniter\Database\BaseConnection->query(' SELECT *  FROM...')
#4 /var/www/html/vendor/codeigniter4/framework/system/CodeIgniter.php(943): App\Controllers\HomepageController->Course_details_view('homepage_assets', 'img', 'apple-touch-ico...')
#5 /var/www/html/vendor/codeigniter4/framework/system/CodeIgniter.php(503): CodeIgniter\CodeIgniter->runController(Object(App\Controllers\HomepageController))
#6 /var/www/html/vendor/codeigniter4/framework/system/CodeIgniter.php(361): CodeIgniter\CodeIgniter->handleRequest(NULL, Object(Config\Cache), false)
#7 /var/www/html/index.php(79): CodeIgniter\CodeIgniter->run()
#8 {main}
CRITICAL - 2025-01-29 10:04:04 --> CodeIgniter\Database\Exceptions\DatabaseException: Unknown column 'homepage_assets' in 'where clause'
in SYSTEMPATH/Database/BaseConnection.php on line 647.
 1 APPPATH/Controllers/HomepageController.php(135): CodeIgniter\Database\BaseConnection->query(' SELECT *  FROM course_batch
                                WHERE course_id = homepage_assets')
 2 SYSTEMPATH/CodeIgniter.php(943): App\Controllers\HomepageController->Course_details_view('homepage_assets', 'img', 'apple-touch-icon.png')
 3 SYSTEMPATH/CodeIgniter.php(503): CodeIgniter\CodeIgniter->runController(Object(App\Controllers\HomepageController))
 4 SYSTEMPATH/CodeIgniter.php(361): CodeIgniter\CodeIgniter->handleRequest(null, Object(Config\Cache), false)
 5 FCPATH/index.php(79): CodeIgniter\CodeIgniter->run()
CRITICAL - 2025-01-29 10:04:04 --> [Caused by] CodeIgniter\Database\Exceptions\DatabaseException: Unknown column 'homepage_assets' in 'where clause'
in SYSTEMPATH/Database/MySQLi/Connection.php on line 311.
 1 SYSTEMPATH/Database/BaseConnection.php(693): CodeIgniter\Database\MySQLi\Connection->execute(' SELECT *  FROM course_batch
                                WHERE course_id = homepage_assets')
 2 SYSTEMPATH/Database/BaseConnection.php(607): CodeIgniter\Database\BaseConnection->simpleQuery(' SELECT *  FROM course_batch
                                WHERE course_id = homepage_assets')
 3 APPPATH/Controllers/HomepageController.php(135): CodeIgniter\Database\BaseConnection->query(' SELECT *  FROM course_batch
                                WHERE course_id = homepage_assets')
 4 SYSTEMPATH/CodeIgniter.php(943): App\Controllers\HomepageController->Course_details_view('homepage_assets', 'img', 'apple-touch-icon.png')
 5 SYSTEMPATH/CodeIgniter.php(503): CodeIgniter\CodeIgniter->runController(Object(App\Controllers\HomepageController))
 6 SYSTEMPATH/CodeIgniter.php(361): CodeIgniter\CodeIgniter->handleRequest(null, Object(Config\Cache), false)
 7 FCPATH/index.php(79): CodeIgniter\CodeIgniter->run()
CRITICAL - 2025-01-29 10:04:04 --> [Caused by] mysqli_sql_exception: Unknown column 'homepage_assets' in 'where clause'
in SYSTEMPATH/Database/MySQLi/Connection.php on line 306.
 1 SYSTEMPATH/Database/MySQLi/Connection.php(306): mysqli->query(' SELECT *  FROM course_batch
                                WHERE course_id = homepage_assets', 0)
 2 SYSTEMPATH/Database/BaseConnection.php(693): CodeIgniter\Database\MySQLi\Connection->execute(' SELECT *  FROM course_batch
                                WHERE course_id = homepage_assets')
 3 SYSTEMPATH/Database/BaseConnection.php(607): CodeIgniter\Database\BaseConnection->simpleQuery(' SELECT *  FROM course_batch
                                WHERE course_id = homepage_assets')
 4 APPPATH/Controllers/HomepageController.php(135): CodeIgniter\Database\BaseConnection->query(' SELECT *  FROM course_batch
                                WHERE course_id = homepage_assets')
 5 SYSTEMPATH/CodeIgniter.php(943): App\Controllers\HomepageController->Course_details_view('homepage_assets', 'img', 'apple-touch-icon.png')
 6 SYSTEMPATH/CodeIgniter.php(503): CodeIgniter\CodeIgniter->runController(Object(App\Controllers\HomepageController))
 7 SYSTEMPATH/CodeIgniter.php(361): CodeIgniter\CodeIgniter->handleRequest(null, Object(Config\Cache), false)
 8 FCPATH/index.php(79): CodeIgniter\CodeIgniter->run()
INFO - 2025-01-29 10:04:04 --> Session: Class initialized using 'CodeIgniter\Session\Handlers\FileHandler' driver.
ERROR - 2025-01-29 10:04:04 --> mysqli_sql_exception: Unknown column 'homepage_assets' in 'where clause' in /var/www/html/vendor/codeigniter4/framework/system/Database/MySQLi/Connection.php:306
Stack trace:
#0 /var/www/html/vendor/codeigniter4/framework/system/Database/MySQLi/Connection.php(306): mysqli->query(' SELECT *  FROM...', 0)
#1 /var/www/html/vendor/codeigniter4/framework/system/Database/BaseConnection.php(693): CodeIgniter\Database\MySQLi\Connection->execute(' SELECT *  FROM...')
#2 /var/www/html/vendor/codeigniter4/framework/system/Database/BaseConnection.php(607): CodeIgniter\Database\BaseConnection->simpleQuery(' SELECT *  FROM...')
#3 /var/www/html/app/Controllers/HomepageController.php(135): CodeIgniter\Database\BaseConnection->query(' SELECT *  FROM...')
#4 /var/www/html/vendor/codeigniter4/framework/system/CodeIgniter.php(943): App\Controllers\HomepageController->Course_details_view('homepage_assets', 'img', 'favicon.png')
#5 /var/www/html/vendor/codeigniter4/framework/system/CodeIgniter.php(503): CodeIgniter\CodeIgniter->runController(Object(App\Controllers\HomepageController))
#6 /var/www/html/vendor/codeigniter4/framework/system/CodeIgniter.php(361): CodeIgniter\CodeIgniter->handleRequest(NULL, Object(Config\Cache), false)
#7 /var/www/html/index.php(79): CodeIgniter\CodeIgniter->run()
#8 {main}
CRITICAL - 2025-01-29 10:04:04 --> CodeIgniter\Database\Exceptions\DatabaseException: Unknown column 'homepage_assets' in 'where clause'
in SYSTEMPATH/Database/BaseConnection.php on line 647.
 1 APPPATH/Controllers/HomepageController.php(135): CodeIgniter\Database\BaseConnection->query(' SELECT *  FROM course_batch
                                WHERE course_id = homepage_assets')
 2 SYSTEMPATH/CodeIgniter.php(943): App\Controllers\HomepageController->Course_details_view('homepage_assets', 'img', 'favicon.png')
 3 SYSTEMPATH/CodeIgniter.php(503): CodeIgniter\CodeIgniter->runController(Object(App\Controllers\HomepageController))
 4 SYSTEMPATH/CodeIgniter.php(361): CodeIgniter\CodeIgniter->handleRequest(null, Object(Config\Cache), false)
 5 FCPATH/index.php(79): CodeIgniter\CodeIgniter->run()
CRITICAL - 2025-01-29 10:04:04 --> [Caused by] CodeIgniter\Database\Exceptions\DatabaseException: Unknown column 'homepage_assets' in 'where clause'
in SYSTEMPATH/Database/MySQLi/Connection.php on line 311.
 1 SYSTEMPATH/Database/BaseConnection.php(693): CodeIgniter\Database\MySQLi\Connection->execute(' SELECT *  FROM course_batch
                                WHERE course_id = homepage_assets')
 2 SYSTEMPATH/Database/BaseConnection.php(607): CodeIgniter\Database\BaseConnection->simpleQuery(' SELECT *  FROM course_batch
                                WHERE course_id = homepage_assets')
 3 APPPATH/Controllers/HomepageController.php(135): CodeIgniter\Database\BaseConnection->query(' SELECT *  FROM course_batch
                                WHERE course_id = homepage_assets')
 4 SYSTEMPATH/CodeIgniter.php(943): App\Controllers\HomepageController->Course_details_view('homepage_assets', 'img', 'favicon.png')
 5 SYSTEMPATH/CodeIgniter.php(503): CodeIgniter\CodeIgniter->runController(Object(App\Controllers\HomepageController))
 6 SYSTEMPATH/CodeIgniter.php(361): CodeIgniter\CodeIgniter->handleRequest(null, Object(Config\Cache), false)
 7 FCPATH/index.php(79): CodeIgniter\CodeIgniter->run()
CRITICAL - 2025-01-29 10:04:04 --> [Caused by] mysqli_sql_exception: Unknown column 'homepage_assets' in 'where clause'
in SYSTEMPATH/Database/MySQLi/Connection.php on line 306.
 1 SYSTEMPATH/Database/MySQLi/Connection.php(306): mysqli->query(' SELECT *  FROM course_batch
                                WHERE course_id = homepage_assets', 0)
 2 SYSTEMPATH/Database/BaseConnection.php(693): CodeIgniter\Database\MySQLi\Connection->execute(' SELECT *  FROM course_batch
                                WHERE course_id = homepage_assets')
 3 SYSTEMPATH/Database/BaseConnection.php(607): CodeIgniter\Database\BaseConnection->simpleQuery(' SELECT *  FROM course_batch
                                WHERE course_id = homepage_assets')
 4 APPPATH/Controllers/HomepageController.php(135): CodeIgniter\Database\BaseConnection->query(' SELECT *  FROM course_batch
                                WHERE course_id = homepage_assets')
 5 SYSTEMPATH/CodeIgniter.php(943): App\Controllers\HomepageController->Course_details_view('homepage_assets', 'img', 'favicon.png')
 6 SYSTEMPATH/CodeIgniter.php(503): CodeIgniter\CodeIgniter->runController(Object(App\Controllers\HomepageController))
 7 SYSTEMPATH/CodeIgniter.php(361): CodeIgniter\CodeIgniter->handleRequest(null, Object(Config\Cache), false)
 8 FCPATH/index.php(79): CodeIgniter\CodeIgniter->run()
INFO - 2025-01-29 10:07:29 --> Session: Class initialized using 'CodeIgniter\Session\Handlers\FileHandler' driver.
INFO - 2025-01-29 10:09:21 --> Session: Class initialized using 'CodeIgniter\Session\Handlers\FileHandler' driver.
INFO - 2025-01-29 10:09:35 --> Session: Class initialized using 'CodeIgniter\Session\Handlers\FileHandler' driver.
INFO - 2025-01-29 10:09:40 --> Session: Class initialized using 'CodeIgniter\Session\Handlers\FileHandler' driver.
ERROR - 2025-01-29 10:09:40 --> mysqli_sql_exception: Unknown column 'homepage_assets' in 'where clause' in /var/www/html/vendor/codeigniter4/framework/system/Database/MySQLi/Connection.php:306
Stack trace:
#0 /var/www/html/vendor/codeigniter4/framework/system/Database/MySQLi/Connection.php(306): mysqli->query(' SELECT *  FROM...', 0)
#1 /var/www/html/vendor/codeigniter4/framework/system/Database/BaseConnection.php(693): CodeIgniter\Database\MySQLi\Connection->execute(' SELECT *  FROM...')
#2 /var/www/html/vendor/codeigniter4/framework/system/Database/BaseConnection.php(607): CodeIgniter\Database\BaseConnection->simpleQuery(' SELECT *  FROM...')
#3 /var/www/html/app/Controllers/HomepageController.php(135): CodeIgniter\Database\BaseConnection->query(' SELECT *  FROM...')
#4 /var/www/html/vendor/codeigniter4/framework/system/CodeIgniter.php(943): App\Controllers\HomepageController->Course_details_view('homepage_assets', 'img', 'favicon.png')
#5 /var/www/html/vendor/codeigniter4/framework/system/CodeIgniter.php(503): CodeIgniter\CodeIgniter->runController(Object(App\Controllers\HomepageController))
#6 /var/www/html/vendor/codeigniter4/framework/system/CodeIgniter.php(361): CodeIgniter\CodeIgniter->handleRequest(NULL, Object(Config\Cache), false)
#7 /var/www/html/index.php(79): CodeIgniter\CodeIgniter->run()
#8 {main}
CRITICAL - 2025-01-29 10:09:40 --> CodeIgniter\Database\Exceptions\DatabaseException: Unknown column 'homepage_assets' in 'where clause'
in SYSTEMPATH/Database/BaseConnection.php on line 647.
 1 APPPATH/Controllers/HomepageController.php(135): CodeIgniter\Database\BaseConnection->query(' SELECT *  FROM course_batch
                                WHERE course_id = homepage_assets')
 2 SYSTEMPATH/CodeIgniter.php(943): App\Controllers\HomepageController->Course_details_view('homepage_assets', 'img', 'favicon.png')
 3 SYSTEMPATH/CodeIgniter.php(503): CodeIgniter\CodeIgniter->runController(Object(App\Controllers\HomepageController))
 4 SYSTEMPATH/CodeIgniter.php(361): CodeIgniter\CodeIgniter->handleRequest(null, Object(Config\Cache), false)
 5 FCPATH/index.php(79): CodeIgniter\CodeIgniter->run()
CRITICAL - 2025-01-29 10:09:40 --> [Caused by] CodeIgniter\Database\Exceptions\DatabaseException: Unknown column 'homepage_assets' in 'where clause'
in SYSTEMPATH/Database/MySQLi/Connection.php on line 311.
 1 SYSTEMPATH/Database/BaseConnection.php(693): CodeIgniter\Database\MySQLi\Connection->execute(' SELECT *  FROM course_batch
                                WHERE course_id = homepage_assets')
 2 SYSTEMPATH/Database/BaseConnection.php(607): CodeIgniter\Database\BaseConnection->simpleQuery(' SELECT *  FROM course_batch
                                WHERE course_id = homepage_assets')
 3 APPPATH/Controllers/HomepageController.php(135): CodeIgniter\Database\BaseConnection->query(' SELECT *  FROM course_batch
                                WHERE course_id = homepage_assets')
 4 SYSTEMPATH/CodeIgniter.php(943): App\Controllers\HomepageController->Course_details_view('homepage_assets', 'img', 'favicon.png')
 5 SYSTEMPATH/CodeIgniter.php(503): CodeIgniter\CodeIgniter->runController(Object(App\Controllers\HomepageController))
 6 SYSTEMPATH/CodeIgniter.php(361): CodeIgniter\CodeIgniter->handleRequest(null, Object(Config\Cache), false)
 7 FCPATH/index.php(79): CodeIgniter\CodeIgniter->run()
CRITICAL - 2025-01-29 10:09:40 --> [Caused by] mysqli_sql_exception: Unknown column 'homepage_assets' in 'where clause'
in SYSTEMPATH/Database/MySQLi/Connection.php on line 306.
 1 SYSTEMPATH/Database/MySQLi/Connection.php(306): mysqli->query(' SELECT *  FROM course_batch
                                WHERE course_id = homepage_assets', 0)
 2 SYSTEMPATH/Database/BaseConnection.php(693): CodeIgniter\Database\MySQLi\Connection->execute(' SELECT *  FROM course_batch
                                WHERE course_id = homepage_assets')
 3 SYSTEMPATH/Database/BaseConnection.php(607): CodeIgniter\Database\BaseConnection->simpleQuery(' SELECT *  FROM course_batch
                                WHERE course_id = homepage_assets')
 4 APPPATH/Controllers/HomepageController.php(135): CodeIgniter\Database\BaseConnection->query(' SELECT *  FROM course_batch
                                WHERE course_id = homepage_assets')
 5 SYSTEMPATH/CodeIgniter.php(943): App\Controllers\HomepageController->Course_details_view('homepage_assets', 'img', 'favicon.png')
 6 SYSTEMPATH/CodeIgniter.php(503): CodeIgniter\CodeIgniter->runController(Object(App\Controllers\HomepageController))
 7 SYSTEMPATH/CodeIgniter.php(361): CodeIgniter\CodeIgniter->handleRequest(null, Object(Config\Cache), false)
 8 FCPATH/index.php(79): CodeIgniter\CodeIgniter->run()
INFO - 2025-01-29 10:09:40 --> Session: Class initialized using 'CodeIgniter\Session\Handlers\FileHandler' driver.
ERROR - 2025-01-29 10:09:40 --> mysqli_sql_exception: Unknown column 'homepage_assets' in 'where clause' in /var/www/html/vendor/codeigniter4/framework/system/Database/MySQLi/Connection.php:306
Stack trace:
#0 /var/www/html/vendor/codeigniter4/framework/system/Database/MySQLi/Connection.php(306): mysqli->query(' SELECT *  FROM...', 0)
#1 /var/www/html/vendor/codeigniter4/framework/system/Database/BaseConnection.php(693): CodeIgniter\Database\MySQLi\Connection->execute(' SELECT *  FROM...')
#2 /var/www/html/vendor/codeigniter4/framework/system/Database/BaseConnection.php(607): CodeIgniter\Database\BaseConnection->simpleQuery(' SELECT *  FROM...')
#3 /var/www/html/app/Controllers/HomepageController.php(135): CodeIgniter\Database\BaseConnection->query(' SELECT *  FROM...')
#4 /var/www/html/vendor/codeigniter4/framework/system/CodeIgniter.php(943): App\Controllers\HomepageController->Course_details_view('homepage_assets', 'img', 'apple-touch-ico...')
#5 /var/www/html/vendor/codeigniter4/framework/system/CodeIgniter.php(503): CodeIgniter\CodeIgniter->runController(Object(App\Controllers\HomepageController))
#6 /var/www/html/vendor/codeigniter4/framework/system/CodeIgniter.php(361): CodeIgniter\CodeIgniter->handleRequest(NULL, Object(Config\Cache), false)
#7 /var/www/html/index.php(79): CodeIgniter\CodeIgniter->run()
#8 {main}
CRITICAL - 2025-01-29 10:09:40 --> CodeIgniter\Database\Exceptions\DatabaseException: Unknown column 'homepage_assets' in 'where clause'
in SYSTEMPATH/Database/BaseConnection.php on line 647.
 1 APPPATH/Controllers/HomepageController.php(135): CodeIgniter\Database\BaseConnection->query(' SELECT *  FROM course_batch
                                WHERE course_id = homepage_assets')
 2 SYSTEMPATH/CodeIgniter.php(943): App\Controllers\HomepageController->Course_details_view('homepage_assets', 'img', 'apple-touch-icon.png')
 3 SYSTEMPATH/CodeIgniter.php(503): CodeIgniter\CodeIgniter->runController(Object(App\Controllers\HomepageController))
 4 SYSTEMPATH/CodeIgniter.php(361): CodeIgniter\CodeIgniter->handleRequest(null, Object(Config\Cache), false)
 5 FCPATH/index.php(79): CodeIgniter\CodeIgniter->run()
CRITICAL - 2025-01-29 10:09:40 --> [Caused by] CodeIgniter\Database\Exceptions\DatabaseException: Unknown column 'homepage_assets' in 'where clause'
in SYSTEMPATH/Database/MySQLi/Connection.php on line 311.
 1 SYSTEMPATH/Database/BaseConnection.php(693): CodeIgniter\Database\MySQLi\Connection->execute(' SELECT *  FROM course_batch
                                WHERE course_id = homepage_assets')
 2 SYSTEMPATH/Database/BaseConnection.php(607): CodeIgniter\Database\BaseConnection->simpleQuery(' SELECT *  FROM course_batch
                                WHERE course_id = homepage_assets')
 3 APPPATH/Controllers/HomepageController.php(135): CodeIgniter\Database\BaseConnection->query(' SELECT *  FROM course_batch
                                WHERE course_id = homepage_assets')
 4 SYSTEMPATH/CodeIgniter.php(943): App\Controllers\HomepageController->Course_details_view('homepage_assets', 'img', 'apple-touch-icon.png')
 5 SYSTEMPATH/CodeIgniter.php(503): CodeIgniter\CodeIgniter->runController(Object(App\Controllers\HomepageController))
 6 SYSTEMPATH/CodeIgniter.php(361): CodeIgniter\CodeIgniter->handleRequest(null, Object(Config\Cache), false)
 7 FCPATH/index.php(79): CodeIgniter\CodeIgniter->run()
CRITICAL - 2025-01-29 10:09:40 --> [Caused by] mysqli_sql_exception: Unknown column 'homepage_assets' in 'where clause'
in SYSTEMPATH/Database/MySQLi/Connection.php on line 306.
 1 SYSTEMPATH/Database/MySQLi/Connection.php(306): mysqli->query(' SELECT *  FROM course_batch
                                WHERE course_id = homepage_assets', 0)
 2 SYSTEMPATH/Database/BaseConnection.php(693): CodeIgniter\Database\MySQLi\Connection->execute(' SELECT *  FROM course_batch
                                WHERE course_id = homepage_assets')
 3 SYSTEMPATH/Database/BaseConnection.php(607): CodeIgniter\Database\BaseConnection->simpleQuery(' SELECT *  FROM course_batch
                                WHERE course_id = homepage_assets')
 4 APPPATH/Controllers/HomepageController.php(135): CodeIgniter\Database\BaseConnection->query(' SELECT *  FROM course_batch
                                WHERE course_id = homepage_assets')
 5 SYSTEMPATH/CodeIgniter.php(943): App\Controllers\HomepageController->Course_details_view('homepage_assets', 'img', 'apple-touch-icon.png')
 6 SYSTEMPATH/CodeIgniter.php(503): CodeIgniter\CodeIgniter->runController(Object(App\Controllers\HomepageController))
 7 SYSTEMPATH/CodeIgniter.php(361): CodeIgniter\CodeIgniter->handleRequest(null, Object(Config\Cache), false)
 8 FCPATH/index.php(79): CodeIgniter\CodeIgniter->run()
INFO - 2025-01-29 10:10:05 --> Session: Class initialized using 'CodeIgniter\Session\Handlers\FileHandler' driver.
INFO - 2025-01-29 10:10:07 --> Session: Class initialized using 'CodeIgniter\Session\Handlers\FileHandler' driver.
INFO - 2025-01-29 10:10:07 --> Session: Class initialized using 'CodeIgniter\Session\Handlers\FileHandler' driver.
INFO - 2025-01-29 10:10:16 --> Session: Class initialized using 'CodeIgniter\Session\Handlers\FileHandler' driver.
INFO - 2025-01-29 10:13:50 --> Session: Class initialized using 'CodeIgniter\Session\Handlers\FileHandler' driver.
INFO - 2025-01-29 10:17:16 --> Session: Class initialized using 'CodeIgniter\Session\Handlers\FileHandler' driver.
INFO - 2025-01-29 10:17:24 --> Session: Class initialized using 'CodeIgniter\Session\Handlers\FileHandler' driver.
INFO - 2025-01-29 10:17:36 --> Session: Class initialized using 'CodeIgniter\Session\Handlers\FileHandler' driver.
INFO - 2025-01-29 10:17:37 --> Session: Class initialized using 'CodeIgniter\Session\Handlers\FileHandler' driver.
INFO - 2025-01-29 10:17:41 --> Session: Class initialized using 'CodeIgniter\Session\Handlers\FileHandler' driver.
ERROR - 2025-01-29 10:17:41 --> mysqli_sql_exception: Unknown column 'homepage_assets' in 'where clause' in /var/www/html/vendor/codeigniter4/framework/system/Database/MySQLi/Connection.php:306
Stack trace:
#0 /var/www/html/vendor/codeigniter4/framework/system/Database/MySQLi/Connection.php(306): mysqli->query(' SELECT *  FROM...', 0)
#1 /var/www/html/vendor/codeigniter4/framework/system/Database/BaseConnection.php(693): CodeIgniter\Database\MySQLi\Connection->execute(' SELECT *  FROM...')
#2 /var/www/html/vendor/codeigniter4/framework/system/Database/BaseConnection.php(607): CodeIgniter\Database\BaseConnection->simpleQuery(' SELECT *  FROM...')
#3 /var/www/html/app/Controllers/HomepageController.php(135): CodeIgniter\Database\BaseConnection->query(' SELECT *  FROM...')
#4 /var/www/html/vendor/codeigniter4/framework/system/CodeIgniter.php(943): App\Controllers\HomepageController->Course_details_view('homepage_assets', 'img', 'favicon.png')
#5 /var/www/html/vendor/codeigniter4/framework/system/CodeIgniter.php(503): CodeIgniter\CodeIgniter->runController(Object(App\Controllers\HomepageController))
#6 /var/www/html/vendor/codeigniter4/framework/system/CodeIgniter.php(361): CodeIgniter\CodeIgniter->handleRequest(NULL, Object(Config\Cache), false)
#7 /var/www/html/index.php(79): CodeIgniter\CodeIgniter->run()
#8 {main}
CRITICAL - 2025-01-29 10:17:41 --> CodeIgniter\Database\Exceptions\DatabaseException: Unknown column 'homepage_assets' in 'where clause'
in SYSTEMPATH/Database/BaseConnection.php on line 647.
 1 APPPATH/Controllers/HomepageController.php(135): CodeIgniter\Database\BaseConnection->query(' SELECT *  FROM course_batch
                                WHERE course_id = homepage_assets')
 2 SYSTEMPATH/CodeIgniter.php(943): App\Controllers\HomepageController->Course_details_view('homepage_assets', 'img', 'favicon.png')
 3 SYSTEMPATH/CodeIgniter.php(503): CodeIgniter\CodeIgniter->runController(Object(App\Controllers\HomepageController))
 4 SYSTEMPATH/CodeIgniter.php(361): CodeIgniter\CodeIgniter->handleRequest(null, Object(Config\Cache), false)
 5 FCPATH/index.php(79): CodeIgniter\CodeIgniter->run()
CRITICAL - 2025-01-29 10:17:41 --> [Caused by] CodeIgniter\Database\Exceptions\DatabaseException: Unknown column 'homepage_assets' in 'where clause'
in SYSTEMPATH/Database/MySQLi/Connection.php on line 311.
 1 SYSTEMPATH/Database/BaseConnection.php(693): CodeIgniter\Database\MySQLi\Connection->execute(' SELECT *  FROM course_batch
                                WHERE course_id = homepage_assets')
 2 SYSTEMPATH/Database/BaseConnection.php(607): CodeIgniter\Database\BaseConnection->simpleQuery(' SELECT *  FROM course_batch
                                WHERE course_id = homepage_assets')
 3 APPPATH/Controllers/HomepageController.php(135): CodeIgniter\Database\BaseConnection->query(' SELECT *  FROM course_batch
                                WHERE course_id = homepage_assets')
 4 SYSTEMPATH/CodeIgniter.php(943): App\Controllers\HomepageController->Course_details_view('homepage_assets', 'img', 'favicon.png')
 5 SYSTEMPATH/CodeIgniter.php(503): CodeIgniter\CodeIgniter->runController(Object(App\Controllers\HomepageController))
 6 SYSTEMPATH/CodeIgniter.php(361): CodeIgniter\CodeIgniter->handleRequest(null, Object(Config\Cache), false)
 7 FCPATH/index.php(79): CodeIgniter\CodeIgniter->run()
CRITICAL - 2025-01-29 10:17:41 --> [Caused by] mysqli_sql_exception: Unknown column 'homepage_assets' in 'where clause'
in SYSTEMPATH/Database/MySQLi/Connection.php on line 306.
 1 SYSTEMPATH/Database/MySQLi/Connection.php(306): mysqli->query(' SELECT *  FROM course_batch
                                WHERE course_id = homepage_assets', 0)
 2 SYSTEMPATH/Database/BaseConnection.php(693): CodeIgniter\Database\MySQLi\Connection->execute(' SELECT *  FROM course_batch
                                WHERE course_id = homepage_assets')
 3 SYSTEMPATH/Database/BaseConnection.php(607): CodeIgniter\Database\BaseConnection->simpleQuery(' SELECT *  FROM course_batch
                                WHERE course_id = homepage_assets')
 4 APPPATH/Controllers/HomepageController.php(135): CodeIgniter\Database\BaseConnection->query(' SELECT *  FROM course_batch
                                WHERE course_id = homepage_assets')
 5 SYSTEMPATH/CodeIgniter.php(943): App\Controllers\HomepageController->Course_details_view('homepage_assets', 'img', 'favicon.png')
 6 SYSTEMPATH/CodeIgniter.php(503): CodeIgniter\CodeIgniter->runController(Object(App\Controllers\HomepageController))
 7 SYSTEMPATH/CodeIgniter.php(361): CodeIgniter\CodeIgniter->handleRequest(null, Object(Config\Cache), false)
 8 FCPATH/index.php(79): CodeIgniter\CodeIgniter->run()
INFO - 2025-01-29 10:17:47 --> Session: Class initialized using 'CodeIgniter\Session\Handlers\FileHandler' driver.
INFO - 2025-01-29 10:17:47 --> Session: Class initialized using 'CodeIgniter\Session\Handlers\FileHandler' driver.
INFO - 2025-01-29 10:17:47 --> Session: Class initialized using 'CodeIgniter\Session\Handlers\FileHandler' driver.
INFO - 2025-01-29 10:17:54 --> Session: Class initialized using 'CodeIgniter\Session\Handlers\FileHandler' driver.
INFO - 2025-01-29 10:18:58 --> Session: Class initialized using 'CodeIgniter\Session\Handlers\FileHandler' driver.
INFO - 2025-01-29 10:18:59 --> Session: Class initialized using 'CodeIgniter\Session\Handlers\FileHandler' driver.
ERROR - 2025-01-29 10:18:59 --> mysqli_sql_exception: Unknown column 'homepage_assets' in 'where clause' in /var/www/html/vendor/codeigniter4/framework/system/Database/MySQLi/Connection.php:306
Stack trace:
#0 /var/www/html/vendor/codeigniter4/framework/system/Database/MySQLi/Connection.php(306): mysqli->query(' SELECT *  FROM...', 0)
#1 /var/www/html/vendor/codeigniter4/framework/system/Database/BaseConnection.php(693): CodeIgniter\Database\MySQLi\Connection->execute(' SELECT *  FROM...')
#2 /var/www/html/vendor/codeigniter4/framework/system/Database/BaseConnection.php(607): CodeIgniter\Database\BaseConnection->simpleQuery(' SELECT *  FROM...')
#3 /var/www/html/app/Controllers/HomepageController.php(135): CodeIgniter\Database\BaseConnection->query(' SELECT *  FROM...')
#4 /var/www/html/vendor/codeigniter4/framework/system/CodeIgniter.php(943): App\Controllers\HomepageController->Course_details_view('homepage_assets', 'img', 'favicon.png')
#5 /var/www/html/vendor/codeigniter4/framework/system/CodeIgniter.php(503): CodeIgniter\CodeIgniter->runController(Object(App\Controllers\HomepageController))
#6 /var/www/html/vendor/codeigniter4/framework/system/CodeIgniter.php(361): CodeIgniter\CodeIgniter->handleRequest(NULL, Object(Config\Cache), false)
#7 /var/www/html/index.php(79): CodeIgniter\CodeIgniter->run()
#8 {main}
CRITICAL - 2025-01-29 10:18:59 --> CodeIgniter\Database\Exceptions\DatabaseException: Unknown column 'homepage_assets' in 'where clause'
in SYSTEMPATH/Database/BaseConnection.php on line 647.
 1 APPPATH/Controllers/HomepageController.php(135): CodeIgniter\Database\BaseConnection->query(' SELECT *  FROM course_batch
                                WHERE course_id = homepage_assets')
 2 SYSTEMPATH/CodeIgniter.php(943): App\Controllers\HomepageController->Course_details_view('homepage_assets', 'img', 'favicon.png')
 3 SYSTEMPATH/CodeIgniter.php(503): CodeIgniter\CodeIgniter->runController(Object(App\Controllers\HomepageController))
 4 SYSTEMPATH/CodeIgniter.php(361): CodeIgniter\CodeIgniter->handleRequest(null, Object(Config\Cache), false)
 5 FCPATH/index.php(79): CodeIgniter\CodeIgniter->run()
CRITICAL - 2025-01-29 10:18:59 --> [Caused by] CodeIgniter\Database\Exceptions\DatabaseException: Unknown column 'homepage_assets' in 'where clause'
in SYSTEMPATH/Database/MySQLi/Connection.php on line 311.
 1 SYSTEMPATH/Database/BaseConnection.php(693): CodeIgniter\Database\MySQLi\Connection->execute(' SELECT *  FROM course_batch
                                WHERE course_id = homepage_assets')
 2 SYSTEMPATH/Database/BaseConnection.php(607): CodeIgniter\Database\BaseConnection->simpleQuery(' SELECT *  FROM course_batch
                                WHERE course_id = homepage_assets')
 3 APPPATH/Controllers/HomepageController.php(135): CodeIgniter\Database\BaseConnection->query(' SELECT *  FROM course_batch
                                WHERE course_id = homepage_assets')
 4 SYSTEMPATH/CodeIgniter.php(943): App\Controllers\HomepageController->Course_details_view('homepage_assets', 'img', 'favicon.png')
 5 SYSTEMPATH/CodeIgniter.php(503): CodeIgniter\CodeIgniter->runController(Object(App\Controllers\HomepageController))
 6 SYSTEMPATH/CodeIgniter.php(361): CodeIgniter\CodeIgniter->handleRequest(null, Object(Config\Cache), false)
 7 FCPATH/index.php(79): CodeIgniter\CodeIgniter->run()
CRITICAL - 2025-01-29 10:18:59 --> [Caused by] mysqli_sql_exception: Unknown column 'homepage_assets' in 'where clause'
in SYSTEMPATH/Database/MySQLi/Connection.php on line 306.
 1 SYSTEMPATH/Database/MySQLi/Connection.php(306): mysqli->query(' SELECT *  FROM course_batch
                                WHERE course_id = homepage_assets', 0)
 2 SYSTEMPATH/Database/BaseConnection.php(693): CodeIgniter\Database\MySQLi\Connection->execute(' SELECT *  FROM course_batch
                                WHERE course_id = homepage_assets')
 3 SYSTEMPATH/Database/BaseConnection.php(607): CodeIgniter\Database\BaseConnection->simpleQuery(' SELECT *  FROM course_batch
                                WHERE course_id = homepage_assets')
 4 APPPATH/Controllers/HomepageController.php(135): CodeIgniter\Database\BaseConnection->query(' SELECT *  FROM course_batch
                                WHERE course_id = homepage_assets')
 5 SYSTEMPATH/CodeIgniter.php(943): App\Controllers\HomepageController->Course_details_view('homepage_assets', 'img', 'favicon.png')
 6 SYSTEMPATH/CodeIgniter.php(503): CodeIgniter\CodeIgniter->runController(Object(App\Controllers\HomepageController))
 7 SYSTEMPATH/CodeIgniter.php(361): CodeIgniter\CodeIgniter->handleRequest(null, Object(Config\Cache), false)
 8 FCPATH/index.php(79): CodeIgniter\CodeIgniter->run()
INFO - 2025-01-29 10:19:01 --> Session: Class initialized using 'CodeIgniter\Session\Handlers\FileHandler' driver.
ERROR - 2025-01-29 10:19:01 --> mysqli_sql_exception: Unknown column 'homepage_assets' in 'where clause' in /var/www/html/vendor/codeigniter4/framework/system/Database/MySQLi/Connection.php:306
Stack trace:
#0 /var/www/html/vendor/codeigniter4/framework/system/Database/MySQLi/Connection.php(306): mysqli->query(' SELECT *  FROM...', 0)
#1 /var/www/html/vendor/codeigniter4/framework/system/Database/BaseConnection.php(693): CodeIgniter\Database\MySQLi\Connection->execute(' SELECT *  FROM...')
#2 /var/www/html/vendor/codeigniter4/framework/system/Database/BaseConnection.php(607): CodeIgniter\Database\BaseConnection->simpleQuery(' SELECT *  FROM...')
#3 /var/www/html/app/Controllers/HomepageController.php(135): CodeIgniter\Database\BaseConnection->query(' SELECT *  FROM...')
#4 /var/www/html/vendor/codeigniter4/framework/system/CodeIgniter.php(943): App\Controllers\HomepageController->Course_details_view('homepage_assets', 'img', 'favicon.png')
#5 /var/www/html/vendor/codeigniter4/framework/system/CodeIgniter.php(503): CodeIgniter\CodeIgniter->runController(Object(App\Controllers\HomepageController))
#6 /var/www/html/vendor/codeigniter4/framework/system/CodeIgniter.php(361): CodeIgniter\CodeIgniter->handleRequest(NULL, Object(Config\Cache), false)
#7 /var/www/html/index.php(79): CodeIgniter\CodeIgniter->run()
#8 {main}
CRITICAL - 2025-01-29 10:19:01 --> CodeIgniter\Database\Exceptions\DatabaseException: Unknown column 'homepage_assets' in 'where clause'
in SYSTEMPATH/Database/BaseConnection.php on line 647.
 1 APPPATH/Controllers/HomepageController.php(135): CodeIgniter\Database\BaseConnection->query(' SELECT *  FROM course_batch
                                WHERE course_id = homepage_assets')
 2 SYSTEMPATH/CodeIgniter.php(943): App\Controllers\HomepageController->Course_details_view('homepage_assets', 'img', 'favicon.png')
 3 SYSTEMPATH/CodeIgniter.php(503): CodeIgniter\CodeIgniter->runController(Object(App\Controllers\HomepageController))
 4 SYSTEMPATH/CodeIgniter.php(361): CodeIgniter\CodeIgniter->handleRequest(null, Object(Config\Cache), false)
 5 FCPATH/index.php(79): CodeIgniter\CodeIgniter->run()
CRITICAL - 2025-01-29 10:19:01 --> [Caused by] CodeIgniter\Database\Exceptions\DatabaseException: Unknown column 'homepage_assets' in 'where clause'
in SYSTEMPATH/Database/MySQLi/Connection.php on line 311.
 1 SYSTEMPATH/Database/BaseConnection.php(693): CodeIgniter\Database\MySQLi\Connection->execute(' SELECT *  FROM course_batch
                                WHERE course_id = homepage_assets')
 2 SYSTEMPATH/Database/BaseConnection.php(607): CodeIgniter\Database\BaseConnection->simpleQuery(' SELECT *  FROM course_batch
                                WHERE course_id = homepage_assets')
 3 APPPATH/Controllers/HomepageController.php(135): CodeIgniter\Database\BaseConnection->query(' SELECT *  FROM course_batch
                                WHERE course_id = homepage_assets')
 4 SYSTEMPATH/CodeIgniter.php(943): App\Controllers\HomepageController->Course_details_view('homepage_assets', 'img', 'favicon.png')
 5 SYSTEMPATH/CodeIgniter.php(503): CodeIgniter\CodeIgniter->runController(Object(App\Controllers\HomepageController))
 6 SYSTEMPATH/CodeIgniter.php(361): CodeIgniter\CodeIgniter->handleRequest(null, Object(Config\Cache), false)
 7 FCPATH/index.php(79): CodeIgniter\CodeIgniter->run()
CRITICAL - 2025-01-29 10:19:01 --> [Caused by] mysqli_sql_exception: Unknown column 'homepage_assets' in 'where clause'
in SYSTEMPATH/Database/MySQLi/Connection.php on line 306.
 1 SYSTEMPATH/Database/MySQLi/Connection.php(306): mysqli->query(' SELECT *  FROM course_batch
                                WHERE course_id = homepage_assets', 0)
 2 SYSTEMPATH/Database/BaseConnection.php(693): CodeIgniter\Database\MySQLi\Connection->execute(' SELECT *  FROM course_batch
                                WHERE course_id = homepage_assets')
 3 SYSTEMPATH/Database/BaseConnection.php(607): CodeIgniter\Database\BaseConnection->simpleQuery(' SELECT *  FROM course_batch
                                WHERE course_id = homepage_assets')
 4 APPPATH/Controllers/HomepageController.php(135): CodeIgniter\Database\BaseConnection->query(' SELECT *  FROM course_batch
                                WHERE course_id = homepage_assets')
 5 SYSTEMPATH/CodeIgniter.php(943): App\Controllers\HomepageController->Course_details_view('homepage_assets', 'img', 'favicon.png')
 6 SYSTEMPATH/CodeIgniter.php(503): CodeIgniter\CodeIgniter->runController(Object(App\Controllers\HomepageController))
 7 SYSTEMPATH/CodeIgniter.php(361): CodeIgniter\CodeIgniter->handleRequest(null, Object(Config\Cache), false)
 8 FCPATH/index.php(79): CodeIgniter\CodeIgniter->run()
INFO - 2025-01-29 10:19:32 --> Session: Class initialized using 'CodeIgniter\Session\Handlers\FileHandler' driver.
INFO - 2025-01-29 10:20:02 --> Session: Class initialized using 'CodeIgniter\Session\Handlers\FileHandler' driver.
INFO - 2025-01-29 10:27:32 --> Session: Class initialized using 'CodeIgniter\Session\Handlers\FileHandler' driver.
INFO - 2025-01-29 10:27:36 --> Session: Class initialized using 'CodeIgniter\Session\Handlers\FileHandler' driver.
ERROR - 2025-01-29 10:27:36 --> mysqli_sql_exception: Unknown column 'homepage_assets' in 'where clause' in /var/www/html/vendor/codeigniter4/framework/system/Database/MySQLi/Connection.php:306
Stack trace:
#0 /var/www/html/vendor/codeigniter4/framework/system/Database/MySQLi/Connection.php(306): mysqli->query(' SELECT *  FROM...', 0)
#1 /var/www/html/vendor/codeigniter4/framework/system/Database/BaseConnection.php(693): CodeIgniter\Database\MySQLi\Connection->execute(' SELECT *  FROM...')
#2 /var/www/html/vendor/codeigniter4/framework/system/Database/BaseConnection.php(607): CodeIgniter\Database\BaseConnection->simpleQuery(' SELECT *  FROM...')
#3 /var/www/html/app/Controllers/HomepageController.php(135): CodeIgniter\Database\BaseConnection->query(' SELECT *  FROM...')
#4 /var/www/html/vendor/codeigniter4/framework/system/CodeIgniter.php(943): App\Controllers\HomepageController->Course_details_view('homepage_assets', 'img', 'favicon.png')
#5 /var/www/html/vendor/codeigniter4/framework/system/CodeIgniter.php(503): CodeIgniter\CodeIgniter->runController(Object(App\Controllers\HomepageController))
#6 /var/www/html/vendor/codeigniter4/framework/system/CodeIgniter.php(361): CodeIgniter\CodeIgniter->handleRequest(NULL, Object(Config\Cache), false)
#7 /var/www/html/index.php(79): CodeIgniter\CodeIgniter->run()
#8 {main}
CRITICAL - 2025-01-29 10:27:36 --> CodeIgniter\Database\Exceptions\DatabaseException: Unknown column 'homepage_assets' in 'where clause'
in SYSTEMPATH/Database/BaseConnection.php on line 647.
 1 APPPATH/Controllers/HomepageController.php(135): CodeIgniter\Database\BaseConnection->query(' SELECT *  FROM course_batch
                                WHERE course_id = homepage_assets')
 2 SYSTEMPATH/CodeIgniter.php(943): App\Controllers\HomepageController->Course_details_view('homepage_assets', 'img', 'favicon.png')
 3 SYSTEMPATH/CodeIgniter.php(503): CodeIgniter\CodeIgniter->runController(Object(App\Controllers\HomepageController))
 4 SYSTEMPATH/CodeIgniter.php(361): CodeIgniter\CodeIgniter->handleRequest(null, Object(Config\Cache), false)
 5 FCPATH/index.php(79): CodeIgniter\CodeIgniter->run()
CRITICAL - 2025-01-29 10:27:36 --> [Caused by] CodeIgniter\Database\Exceptions\DatabaseException: Unknown column 'homepage_assets' in 'where clause'
in SYSTEMPATH/Database/MySQLi/Connection.php on line 311.
 1 SYSTEMPATH/Database/BaseConnection.php(693): CodeIgniter\Database\MySQLi\Connection->execute(' SELECT *  FROM course_batch
                                WHERE course_id = homepage_assets')
 2 SYSTEMPATH/Database/BaseConnection.php(607): CodeIgniter\Database\BaseConnection->simpleQuery(' SELECT *  FROM course_batch
                                WHERE course_id = homepage_assets')
 3 APPPATH/Controllers/HomepageController.php(135): CodeIgniter\Database\BaseConnection->query(' SELECT *  FROM course_batch
                                WHERE course_id = homepage_assets')
 4 SYSTEMPATH/CodeIgniter.php(943): App\Controllers\HomepageController->Course_details_view('homepage_assets', 'img', 'favicon.png')
 5 SYSTEMPATH/CodeIgniter.php(503): CodeIgniter\CodeIgniter->runController(Object(App\Controllers\HomepageController))
 6 SYSTEMPATH/CodeIgniter.php(361): CodeIgniter\CodeIgniter->handleRequest(null, Object(Config\Cache), false)
 7 FCPATH/index.php(79): CodeIgniter\CodeIgniter->run()
CRITICAL - 2025-01-29 10:27:36 --> [Caused by] mysqli_sql_exception: Unknown column 'homepage_assets' in 'where clause'
in SYSTEMPATH/Database/MySQLi/Connection.php on line 306.
 1 SYSTEMPATH/Database/MySQLi/Connection.php(306): mysqli->query(' SELECT *  FROM course_batch
                                WHERE course_id = homepage_assets', 0)
 2 SYSTEMPATH/Database/BaseConnection.php(693): CodeIgniter\Database\MySQLi\Connection->execute(' SELECT *  FROM course_batch
                                WHERE course_id = homepage_assets')
 3 SYSTEMPATH/Database/BaseConnection.php(607): CodeIgniter\Database\BaseConnection->simpleQuery(' SELECT *  FROM course_batch
                                WHERE course_id = homepage_assets')
 4 APPPATH/Controllers/HomepageController.php(135): CodeIgniter\Database\BaseConnection->query(' SELECT *  FROM course_batch
                                WHERE course_id = homepage_assets')
 5 SYSTEMPATH/CodeIgniter.php(943): App\Controllers\HomepageController->Course_details_view('homepage_assets', 'img', 'favicon.png')
 6 SYSTEMPATH/CodeIgniter.php(503): CodeIgniter\CodeIgniter->runController(Object(App\Controllers\HomepageController))
 7 SYSTEMPATH/CodeIgniter.php(361): CodeIgniter\CodeIgniter->handleRequest(null, Object(Config\Cache), false)
 8 FCPATH/index.php(79): CodeIgniter\CodeIgniter->run()
INFO - 2025-01-29 10:27:38 --> Session: Class initialized using 'CodeIgniter\Session\Handlers\FileHandler' driver.
INFO - 2025-01-29 10:27:38 --> Session: Class initialized using 'CodeIgniter\Session\Handlers\FileHandler' driver.
INFO - 2025-01-29 10:27:45 --> Session: Class initialized using 'CodeIgniter\Session\Handlers\FileHandler' driver.
INFO - 2025-01-29 10:27:45 --> Session: Class initialized using 'CodeIgniter\Session\Handlers\FileHandler' driver.
INFO - 2025-01-29 10:32:19 --> Session: Class initialized using 'CodeIgniter\Session\Handlers\FileHandler' driver.
INFO - 2025-01-29 10:32:19 --> Session: Class initialized using 'CodeIgniter\Session\Handlers\FileHandler' driver.
INFO - 2025-01-29 10:33:27 --> Session: Class initialized using 'CodeIgniter\Session\Handlers\FileHandler' driver.
INFO - 2025-01-29 10:33:36 --> Session: Class initialized using 'CodeIgniter\Session\Handlers\FileHandler' driver.
ERROR - 2025-01-29 10:33:36 --> mysqli_sql_exception: Unknown column 'homepage_assets' in 'where clause' in /var/www/html/vendor/codeigniter4/framework/system/Database/MySQLi/Connection.php:306
Stack trace:
#0 /var/www/html/vendor/codeigniter4/framework/system/Database/MySQLi/Connection.php(306): mysqli->query(' SELECT *  FROM...', 0)
#1 /var/www/html/vendor/codeigniter4/framework/system/Database/BaseConnection.php(693): CodeIgniter\Database\MySQLi\Connection->execute(' SELECT *  FROM...')
#2 /var/www/html/vendor/codeigniter4/framework/system/Database/BaseConnection.php(607): CodeIgniter\Database\BaseConnection->simpleQuery(' SELECT *  FROM...')
#3 /var/www/html/app/Controllers/HomepageController.php(135): CodeIgniter\Database\BaseConnection->query(' SELECT *  FROM...')
#4 /var/www/html/vendor/codeigniter4/framework/system/CodeIgniter.php(943): App\Controllers\HomepageController->Course_details_view('homepage_assets', 'img', 'favicon.png')
#5 /var/www/html/vendor/codeigniter4/framework/system/CodeIgniter.php(503): CodeIgniter\CodeIgniter->runController(Object(App\Controllers\HomepageController))
#6 /var/www/html/vendor/codeigniter4/framework/system/CodeIgniter.php(361): CodeIgniter\CodeIgniter->handleRequest(NULL, Object(Config\Cache), false)
#7 /var/www/html/index.php(79): CodeIgniter\CodeIgniter->run()
#8 {main}
CRITICAL - 2025-01-29 10:33:36 --> CodeIgniter\Database\Exceptions\DatabaseException: Unknown column 'homepage_assets' in 'where clause'
in SYSTEMPATH/Database/BaseConnection.php on line 647.
 1 APPPATH/Controllers/HomepageController.php(135): CodeIgniter\Database\BaseConnection->query(' SELECT *  FROM course_batch
                                WHERE course_id = homepage_assets')
 2 SYSTEMPATH/CodeIgniter.php(943): App\Controllers\HomepageController->Course_details_view('homepage_assets', 'img', 'favicon.png')
 3 SYSTEMPATH/CodeIgniter.php(503): CodeIgniter\CodeIgniter->runController(Object(App\Controllers\HomepageController))
 4 SYSTEMPATH/CodeIgniter.php(361): CodeIgniter\CodeIgniter->handleRequest(null, Object(Config\Cache), false)
 5 FCPATH/index.php(79): CodeIgniter\CodeIgniter->run()
CRITICAL - 2025-01-29 10:33:36 --> [Caused by] CodeIgniter\Database\Exceptions\DatabaseException: Unknown column 'homepage_assets' in 'where clause'
in SYSTEMPATH/Database/MySQLi/Connection.php on line 311.
 1 SYSTEMPATH/Database/BaseConnection.php(693): CodeIgniter\Database\MySQLi\Connection->execute(' SELECT *  FROM course_batch
                                WHERE course_id = homepage_assets')
 2 SYSTEMPATH/Database/BaseConnection.php(607): CodeIgniter\Database\BaseConnection->simpleQuery(' SELECT *  FROM course_batch
                                WHERE course_id = homepage_assets')
 3 APPPATH/Controllers/HomepageController.php(135): CodeIgniter\Database\BaseConnection->query(' SELECT *  FROM course_batch
                                WHERE course_id = homepage_assets')
 4 SYSTEMPATH/CodeIgniter.php(943): App\Controllers\HomepageController->Course_details_view('homepage_assets', 'img', 'favicon.png')
 5 SYSTEMPATH/CodeIgniter.php(503): CodeIgniter\CodeIgniter->runController(Object(App\Controllers\HomepageController))
 6 SYSTEMPATH/CodeIgniter.php(361): CodeIgniter\CodeIgniter->handleRequest(null, Object(Config\Cache), false)
 7 FCPATH/index.php(79): CodeIgniter\CodeIgniter->run()
CRITICAL - 2025-01-29 10:33:36 --> [Caused by] mysqli_sql_exception: Unknown column 'homepage_assets' in 'where clause'
in SYSTEMPATH/Database/MySQLi/Connection.php on line 306.
 1 SYSTEMPATH/Database/MySQLi/Connection.php(306): mysqli->query(' SELECT *  FROM course_batch
                                WHERE course_id = homepage_assets', 0)
 2 SYSTEMPATH/Database/BaseConnection.php(693): CodeIgniter\Database\MySQLi\Connection->execute(' SELECT *  FROM course_batch
                                WHERE course_id = homepage_assets')
 3 SYSTEMPATH/Database/BaseConnection.php(607): CodeIgniter\Database\BaseConnection->simpleQuery(' SELECT *  FROM course_batch
                                WHERE course_id = homepage_assets')
 4 APPPATH/Controllers/HomepageController.php(135): CodeIgniter\Database\BaseConnection->query(' SELECT *  FROM course_batch
                                WHERE course_id = homepage_assets')
 5 SYSTEMPATH/CodeIgniter.php(943): App\Controllers\HomepageController->Course_details_view('homepage_assets', 'img', 'favicon.png')
 6 SYSTEMPATH/CodeIgniter.php(503): CodeIgniter\CodeIgniter->runController(Object(App\Controllers\HomepageController))
 7 SYSTEMPATH/CodeIgniter.php(361): CodeIgniter\CodeIgniter->handleRequest(null, Object(Config\Cache), false)
 8 FCPATH/index.php(79): CodeIgniter\CodeIgniter->run()
INFO - 2025-01-29 10:33:50 --> Session: Class initialized using 'CodeIgniter\Session\Handlers\FileHandler' driver.
ERROR - 2025-01-29 10:33:50 --> mysqli_sql_exception: Unknown column 'homepage_assets' in 'where clause' in /var/www/html/vendor/codeigniter4/framework/system/Database/MySQLi/Connection.php:306
Stack trace:
#0 /var/www/html/vendor/codeigniter4/framework/system/Database/MySQLi/Connection.php(306): mysqli->query(' SELECT *  FROM...', 0)
#1 /var/www/html/vendor/codeigniter4/framework/system/Database/BaseConnection.php(693): CodeIgniter\Database\MySQLi\Connection->execute(' SELECT *  FROM...')
#2 /var/www/html/vendor/codeigniter4/framework/system/Database/BaseConnection.php(607): CodeIgniter\Database\BaseConnection->simpleQuery(' SELECT *  FROM...')
#3 /var/www/html/app/Controllers/HomepageController.php(135): CodeIgniter\Database\BaseConnection->query(' SELECT *  FROM...')
#4 /var/www/html/vendor/codeigniter4/framework/system/CodeIgniter.php(943): App\Controllers\HomepageController->Course_details_view('homepage_assets', 'img', 'favicon.png')
#5 /var/www/html/vendor/codeigniter4/framework/system/CodeIgniter.php(503): CodeIgniter\CodeIgniter->runController(Object(App\Controllers\HomepageController))
#6 /var/www/html/vendor/codeigniter4/framework/system/CodeIgniter.php(361): CodeIgniter\CodeIgniter->handleRequest(NULL, Object(Config\Cache), false)
#7 /var/www/html/index.php(79): CodeIgniter\CodeIgniter->run()
#8 {main}
CRITICAL - 2025-01-29 10:33:50 --> CodeIgniter\Database\Exceptions\DatabaseException: Unknown column 'homepage_assets' in 'where clause'
in SYSTEMPATH/Database/BaseConnection.php on line 647.
 1 APPPATH/Controllers/HomepageController.php(135): CodeIgniter\Database\BaseConnection->query(' SELECT *  FROM course_batch
                                WHERE course_id = homepage_assets')
 2 SYSTEMPATH/CodeIgniter.php(943): App\Controllers\HomepageController->Course_details_view('homepage_assets', 'img', 'favicon.png')
 3 SYSTEMPATH/CodeIgniter.php(503): CodeIgniter\CodeIgniter->runController(Object(App\Controllers\HomepageController))
 4 SYSTEMPATH/CodeIgniter.php(361): CodeIgniter\CodeIgniter->handleRequest(null, Object(Config\Cache), false)
 5 FCPATH/index.php(79): CodeIgniter\CodeIgniter->run()
CRITICAL - 2025-01-29 10:33:50 --> [Caused by] CodeIgniter\Database\Exceptions\DatabaseException: Unknown column 'homepage_assets' in 'where clause'
in SYSTEMPATH/Database/MySQLi/Connection.php on line 311.
 1 SYSTEMPATH/Database/BaseConnection.php(693): CodeIgniter\Database\MySQLi\Connection->execute(' SELECT *  FROM course_batch
                                WHERE course_id = homepage_assets')
 2 SYSTEMPATH/Database/BaseConnection.php(607): CodeIgniter\Database\BaseConnection->simpleQuery(' SELECT *  FROM course_batch
                                WHERE course_id = homepage_assets')
 3 APPPATH/Controllers/HomepageController.php(135): CodeIgniter\Database\BaseConnection->query(' SELECT *  FROM course_batch
                                WHERE course_id = homepage_assets')
 4 SYSTEMPATH/CodeIgniter.php(943): App\Controllers\HomepageController->Course_details_view('homepage_assets', 'img', 'favicon.png')
 5 SYSTEMPATH/CodeIgniter.php(503): CodeIgniter\CodeIgniter->runController(Object(App\Controllers\HomepageController))
 6 SYSTEMPATH/CodeIgniter.php(361): CodeIgniter\CodeIgniter->handleRequest(null, Object(Config\Cache), false)
 7 FCPATH/index.php(79): CodeIgniter\CodeIgniter->run()
CRITICAL - 2025-01-29 10:33:50 --> [Caused by] mysqli_sql_exception: Unknown column 'homepage_assets' in 'where clause'
in SYSTEMPATH/Database/MySQLi/Connection.php on line 306.
 1 SYSTEMPATH/Database/MySQLi/Connection.php(306): mysqli->query(' SELECT *  FROM course_batch
                                WHERE course_id = homepage_assets', 0)
 2 SYSTEMPATH/Database/BaseConnection.php(693): CodeIgniter\Database\MySQLi\Connection->execute(' SELECT *  FROM course_batch
                                WHERE course_id = homepage_assets')
 3 SYSTEMPATH/Database/BaseConnection.php(607): CodeIgniter\Database\BaseConnection->simpleQuery(' SELECT *  FROM course_batch
                                WHERE course_id = homepage_assets')
 4 APPPATH/Controllers/HomepageController.php(135): CodeIgniter\Database\BaseConnection->query(' SELECT *  FROM course_batch
                                WHERE course_id = homepage_assets')
 5 SYSTEMPATH/CodeIgniter.php(943): App\Controllers\HomepageController->Course_details_view('homepage_assets', 'img', 'favicon.png')
 6 SYSTEMPATH/CodeIgniter.php(503): CodeIgniter\CodeIgniter->runController(Object(App\Controllers\HomepageController))
 7 SYSTEMPATH/CodeIgniter.php(361): CodeIgniter\CodeIgniter->handleRequest(null, Object(Config\Cache), false)
 8 FCPATH/index.php(79): CodeIgniter\CodeIgniter->run()
INFO - 2025-01-29 10:34:47 --> Session: Class initialized using 'CodeIgniter\Session\Handlers\FileHandler' driver.
INFO - 2025-01-29 10:39:28 --> Session: Class initialized using 'CodeIgniter\Session\Handlers\FileHandler' driver.
INFO - 2025-01-29 10:43:39 --> Session: Class initialized using 'CodeIgniter\Session\Handlers\FileHandler' driver.
INFO - 2025-01-29 11:04:46 --> Session: Class initialized using 'CodeIgniter\Session\Handlers\FileHandler' driver.
INFO - 2025-01-29 11:06:44 --> Session: Class initialized using 'CodeIgniter\Session\Handlers\FileHandler' driver.
INFO - 2025-01-29 11:26:08 --> Session: Class initialized using 'CodeIgniter\Session\Handlers\FileHandler' driver.
INFO - 2025-01-29 11:26:18 --> Session: Class initialized using 'CodeIgniter\Session\Handlers\FileHandler' driver.
INFO - 2025-01-29 11:26:18 --> Session: Class initialized using 'CodeIgniter\Session\Handlers\FileHandler' driver.
INFO - 2025-01-29 11:29:24 --> Session: Class initialized using 'CodeIgniter\Session\Handlers\FileHandler' driver.
INFO - 2025-01-29 11:37:25 --> Session: Class initialized using 'CodeIgniter\Session\Handlers\FileHandler' driver.
INFO - 2025-01-29 11:37:29 --> Session: Class initialized using 'CodeIgniter\Session\Handlers\FileHandler' driver.
ERROR - 2025-01-29 11:37:29 --> mysqli_sql_exception: Unknown column 'homepage_assets' in 'where clause' in /var/www/html/vendor/codeigniter4/framework/system/Database/MySQLi/Connection.php:306
Stack trace:
#0 /var/www/html/vendor/codeigniter4/framework/system/Database/MySQLi/Connection.php(306): mysqli->query(' SELECT *  FROM...', 0)
#1 /var/www/html/vendor/codeigniter4/framework/system/Database/BaseConnection.php(693): CodeIgniter\Database\MySQLi\Connection->execute(' SELECT *  FROM...')
#2 /var/www/html/vendor/codeigniter4/framework/system/Database/BaseConnection.php(607): CodeIgniter\Database\BaseConnection->simpleQuery(' SELECT *  FROM...')
#3 /var/www/html/app/Controllers/HomepageController.php(135): CodeIgniter\Database\BaseConnection->query(' SELECT *  FROM...')
#4 /var/www/html/vendor/codeigniter4/framework/system/CodeIgniter.php(943): App\Controllers\HomepageController->Course_details_view('homepage_assets', 'img', 'favicon.png')
#5 /var/www/html/vendor/codeigniter4/framework/system/CodeIgniter.php(503): CodeIgniter\CodeIgniter->runController(Object(App\Controllers\HomepageController))
#6 /var/www/html/vendor/codeigniter4/framework/system/CodeIgniter.php(361): CodeIgniter\CodeIgniter->handleRequest(NULL, Object(Config\Cache), false)
#7 /var/www/html/index.php(79): CodeIgniter\CodeIgniter->run()
#8 {main}
CRITICAL - 2025-01-29 11:37:29 --> CodeIgniter\Database\Exceptions\DatabaseException: Unknown column 'homepage_assets' in 'where clause'
in SYSTEMPATH/Database/BaseConnection.php on line 647.
 1 APPPATH/Controllers/HomepageController.php(135): CodeIgniter\Database\BaseConnection->query(' SELECT *  FROM course_batch
                                WHERE course_id = homepage_assets')
 2 SYSTEMPATH/CodeIgniter.php(943): App\Controllers\HomepageController->Course_details_view('homepage_assets', 'img', 'favicon.png')
 3 SYSTEMPATH/CodeIgniter.php(503): CodeIgniter\CodeIgniter->runController(Object(App\Controllers\HomepageController))
 4 SYSTEMPATH/CodeIgniter.php(361): CodeIgniter\CodeIgniter->handleRequest(null, Object(Config\Cache), false)
 5 FCPATH/index.php(79): CodeIgniter\CodeIgniter->run()
CRITICAL - 2025-01-29 11:37:29 --> [Caused by] CodeIgniter\Database\Exceptions\DatabaseException: Unknown column 'homepage_assets' in 'where clause'
in SYSTEMPATH/Database/MySQLi/Connection.php on line 311.
 1 SYSTEMPATH/Database/BaseConnection.php(693): CodeIgniter\Database\MySQLi\Connection->execute(' SELECT *  FROM course_batch
                                WHERE course_id = homepage_assets')
 2 SYSTEMPATH/Database/BaseConnection.php(607): CodeIgniter\Database\BaseConnection->simpleQuery(' SELECT *  FROM course_batch
                                WHERE course_id = homepage_assets')
 3 APPPATH/Controllers/HomepageController.php(135): CodeIgniter\Database\BaseConnection->query(' SELECT *  FROM course_batch
                                WHERE course_id = homepage_assets')
 4 SYSTEMPATH/CodeIgniter.php(943): App\Controllers\HomepageController->Course_details_view('homepage_assets', 'img', 'favicon.png')
 5 SYSTEMPATH/CodeIgniter.php(503): CodeIgniter\CodeIgniter->runController(Object(App\Controllers\HomepageController))
 6 SYSTEMPATH/CodeIgniter.php(361): CodeIgniter\CodeIgniter->handleRequest(null, Object(Config\Cache), false)
 7 FCPATH/index.php(79): CodeIgniter\CodeIgniter->run()
CRITICAL - 2025-01-29 11:37:29 --> [Caused by] mysqli_sql_exception: Unknown column 'homepage_assets' in 'where clause'
in SYSTEMPATH/Database/MySQLi/Connection.php on line 306.
 1 SYSTEMPATH/Database/MySQLi/Connection.php(306): mysqli->query(' SELECT *  FROM course_batch
                                WHERE course_id = homepage_assets', 0)
 2 SYSTEMPATH/Database/BaseConnection.php(693): CodeIgniter\Database\MySQLi\Connection->execute(' SELECT *  FROM course_batch
                                WHERE course_id = homepage_assets')
 3 SYSTEMPATH/Database/BaseConnection.php(607): CodeIgniter\Database\BaseConnection->simpleQuery(' SELECT *  FROM course_batch
                                WHERE course_id = homepage_assets')
 4 APPPATH/Controllers/HomepageController.php(135): CodeIgniter\Database\BaseConnection->query(' SELECT *  FROM course_batch
                                WHERE course_id = homepage_assets')
 5 SYSTEMPATH/CodeIgniter.php(943): App\Controllers\HomepageController->Course_details_view('homepage_assets', 'img', 'favicon.png')
 6 SYSTEMPATH/CodeIgniter.php(503): CodeIgniter\CodeIgniter->runController(Object(App\Controllers\HomepageController))
 7 SYSTEMPATH/CodeIgniter.php(361): CodeIgniter\CodeIgniter->handleRequest(null, Object(Config\Cache), false)
 8 FCPATH/index.php(79): CodeIgniter\CodeIgniter->run()
INFO - 2025-01-29 11:46:15 --> Session: Class initialized using 'CodeIgniter\Session\Handlers\FileHandler' driver.
INFO - 2025-01-29 11:47:49 --> Session: Class initialized using 'CodeIgniter\Session\Handlers\FileHandler' driver.
INFO - 2025-01-29 11:53:59 --> Session: Class initialized using 'CodeIgniter\Session\Handlers\FileHandler' driver.
INFO - 2025-01-29 11:54:08 --> Session: Class initialized using 'CodeIgniter\Session\Handlers\FileHandler' driver.
INFO - 2025-01-29 11:54:15 --> Session: Class initialized using 'CodeIgniter\Session\Handlers\FileHandler' driver.
ERROR - 2025-01-29 11:54:15 --> mysqli_sql_exception: Unknown column 'homepage_assets' in 'where clause' in /var/www/html/vendor/codeigniter4/framework/system/Database/MySQLi/Connection.php:306
Stack trace:
#0 /var/www/html/vendor/codeigniter4/framework/system/Database/MySQLi/Connection.php(306): mysqli->query(' SELECT *  FROM...', 0)
#1 /var/www/html/vendor/codeigniter4/framework/system/Database/BaseConnection.php(693): CodeIgniter\Database\MySQLi\Connection->execute(' SELECT *  FROM...')
#2 /var/www/html/vendor/codeigniter4/framework/system/Database/BaseConnection.php(607): CodeIgniter\Database\BaseConnection->simpleQuery(' SELECT *  FROM...')
#3 /var/www/html/app/Controllers/HomepageController.php(135): CodeIgniter\Database\BaseConnection->query(' SELECT *  FROM...')
#4 /var/www/html/vendor/codeigniter4/framework/system/CodeIgniter.php(943): App\Controllers\HomepageController->Course_details_view('homepage_assets', 'img', 'logo.png')
#5 /var/www/html/vendor/codeigniter4/framework/system/CodeIgniter.php(503): CodeIgniter\CodeIgniter->runController(Object(App\Controllers\HomepageController))
#6 /var/www/html/vendor/codeigniter4/framework/system/CodeIgniter.php(361): CodeIgniter\CodeIgniter->handleRequest(NULL, Object(Config\Cache), false)
#7 /var/www/html/index.php(79): CodeIgniter\CodeIgniter->run()
#8 {main}
CRITICAL - 2025-01-29 11:54:15 --> CodeIgniter\Database\Exceptions\DatabaseException: Unknown column 'homepage_assets' in 'where clause'
in SYSTEMPATH/Database/BaseConnection.php on line 647.
 1 APPPATH/Controllers/HomepageController.php(135): CodeIgniter\Database\BaseConnection->query(' SELECT *  FROM course_batch
                                WHERE course_id = homepage_assets')
 2 SYSTEMPATH/CodeIgniter.php(943): App\Controllers\HomepageController->Course_details_view('homepage_assets', 'img', 'logo.png')
 3 SYSTEMPATH/CodeIgniter.php(503): CodeIgniter\CodeIgniter->runController(Object(App\Controllers\HomepageController))
 4 SYSTEMPATH/CodeIgniter.php(361): CodeIgniter\CodeIgniter->handleRequest(null, Object(Config\Cache), false)
 5 FCPATH/index.php(79): CodeIgniter\CodeIgniter->run()
CRITICAL - 2025-01-29 11:54:15 --> [Caused by] CodeIgniter\Database\Exceptions\DatabaseException: Unknown column 'homepage_assets' in 'where clause'
in SYSTEMPATH/Database/MySQLi/Connection.php on line 311.
 1 SYSTEMPATH/Database/BaseConnection.php(693): CodeIgniter\Database\MySQLi\Connection->execute(' SELECT *  FROM course_batch
                                WHERE course_id = homepage_assets')
 2 SYSTEMPATH/Database/BaseConnection.php(607): CodeIgniter\Database\BaseConnection->simpleQuery(' SELECT *  FROM course_batch
                                WHERE course_id = homepage_assets')
 3 APPPATH/Controllers/HomepageController.php(135): CodeIgniter\Database\BaseConnection->query(' SELECT *  FROM course_batch
                                WHERE course_id = homepage_assets')
 4 SYSTEMPATH/CodeIgniter.php(943): App\Controllers\HomepageController->Course_details_view('homepage_assets', 'img', 'logo.png')
 5 SYSTEMPATH/CodeIgniter.php(503): CodeIgniter\CodeIgniter->runController(Object(App\Controllers\HomepageController))
 6 SYSTEMPATH/CodeIgniter.php(361): CodeIgniter\CodeIgniter->handleRequest(null, Object(Config\Cache), false)
 7 FCPATH/index.php(79): CodeIgniter\CodeIgniter->run()
CRITICAL - 2025-01-29 11:54:15 --> [Caused by] mysqli_sql_exception: Unknown column 'homepage_assets' in 'where clause'
in SYSTEMPATH/Database/MySQLi/Connection.php on line 306.
 1 SYSTEMPATH/Database/MySQLi/Connection.php(306): mysqli->query(' SELECT *  FROM course_batch
                                WHERE course_id = homepage_assets', 0)
 2 SYSTEMPATH/Database/BaseConnection.php(693): CodeIgniter\Database\MySQLi\Connection->execute(' SELECT *  FROM course_batch
                                WHERE course_id = homepage_assets')
 3 SYSTEMPATH/Database/BaseConnection.php(607): CodeIgniter\Database\BaseConnection->simpleQuery(' SELECT *  FROM course_batch
                                WHERE course_id = homepage_assets')
 4 APPPATH/Controllers/HomepageController.php(135): CodeIgniter\Database\BaseConnection->query(' SELECT *  FROM course_batch
                                WHERE course_id = homepage_assets')
 5 SYSTEMPATH/CodeIgniter.php(943): App\Controllers\HomepageController->Course_details_view('homepage_assets', 'img', 'logo.png')
 6 SYSTEMPATH/CodeIgniter.php(503): CodeIgniter\CodeIgniter->runController(Object(App\Controllers\HomepageController))
 7 SYSTEMPATH/CodeIgniter.php(361): CodeIgniter\CodeIgniter->handleRequest(null, Object(Config\Cache), false)
 8 FCPATH/index.php(79): CodeIgniter\CodeIgniter->run()
INFO - 2025-01-29 12:09:03 --> Session: Class initialized using 'CodeIgniter\Session\Handlers\FileHandler' driver.
INFO - 2025-01-29 12:09:06 --> Session: Class initialized using 'CodeIgniter\Session\Handlers\FileHandler' driver.
INFO - 2025-01-29 12:11:07 --> Session: Class initialized using 'CodeIgniter\Session\Handlers\FileHandler' driver.
INFO - 2025-01-29 12:11:10 --> Session: Class initialized using 'CodeIgniter\Session\Handlers\FileHandler' driver.
ERROR - 2025-01-29 12:11:10 --> mysqli_sql_exception: Unknown column 'homepage_assets' in 'where clause' in /var/www/html/vendor/codeigniter4/framework/system/Database/MySQLi/Connection.php:306
Stack trace:
#0 /var/www/html/vendor/codeigniter4/framework/system/Database/MySQLi/Connection.php(306): mysqli->query(' SELECT *  FROM...', 0)
#1 /var/www/html/vendor/codeigniter4/framework/system/Database/BaseConnection.php(693): CodeIgniter\Database\MySQLi\Connection->execute(' SELECT *  FROM...')
#2 /var/www/html/vendor/codeigniter4/framework/system/Database/BaseConnection.php(607): CodeIgniter\Database\BaseConnection->simpleQuery(' SELECT *  FROM...')
#3 /var/www/html/app/Controllers/HomepageController.php(135): CodeIgniter\Database\BaseConnection->query(' SELECT *  FROM...')
#4 /var/www/html/vendor/codeigniter4/framework/system/CodeIgniter.php(943): App\Controllers\HomepageController->Course_details_view('homepage_assets', 'img', 'favicon.png')
#5 /var/www/html/vendor/codeigniter4/framework/system/CodeIgniter.php(503): CodeIgniter\CodeIgniter->runController(Object(App\Controllers\HomepageController))
#6 /var/www/html/vendor/codeigniter4/framework/system/CodeIgniter.php(361): CodeIgniter\CodeIgniter->handleRequest(NULL, Object(Config\Cache), false)
#7 /var/www/html/index.php(79): CodeIgniter\CodeIgniter->run()
#8 {main}
CRITICAL - 2025-01-29 12:11:10 --> CodeIgniter\Database\Exceptions\DatabaseException: Unknown column 'homepage_assets' in 'where clause'
in SYSTEMPATH/Database/BaseConnection.php on line 647.
 1 APPPATH/Controllers/HomepageController.php(135): CodeIgniter\Database\BaseConnection->query(' SELECT *  FROM course_batch
                                WHERE course_id = homepage_assets')
 2 SYSTEMPATH/CodeIgniter.php(943): App\Controllers\HomepageController->Course_details_view('homepage_assets', 'img', 'favicon.png')
 3 SYSTEMPATH/CodeIgniter.php(503): CodeIgniter\CodeIgniter->runController(Object(App\Controllers\HomepageController))
 4 SYSTEMPATH/CodeIgniter.php(361): CodeIgniter\CodeIgniter->handleRequest(null, Object(Config\Cache), false)
 5 FCPATH/index.php(79): CodeIgniter\CodeIgniter->run()
CRITICAL - 2025-01-29 12:11:10 --> [Caused by] CodeIgniter\Database\Exceptions\DatabaseException: Unknown column 'homepage_assets' in 'where clause'
in SYSTEMPATH/Database/MySQLi/Connection.php on line 311.
 1 SYSTEMPATH/Database/BaseConnection.php(693): CodeIgniter\Database\MySQLi\Connection->execute(' SELECT *  FROM course_batch
                                WHERE course_id = homepage_assets')
 2 SYSTEMPATH/Database/BaseConnection.php(607): CodeIgniter\Database\BaseConnection->simpleQuery(' SELECT *  FROM course_batch
                                WHERE course_id = homepage_assets')
 3 APPPATH/Controllers/HomepageController.php(135): CodeIgniter\Database\BaseConnection->query(' SELECT *  FROM course_batch
                                WHERE course_id = homepage_assets')
 4 SYSTEMPATH/CodeIgniter.php(943): App\Controllers\HomepageController->Course_details_view('homepage_assets', 'img', 'favicon.png')
 5 SYSTEMPATH/CodeIgniter.php(503): CodeIgniter\CodeIgniter->runController(Object(App\Controllers\HomepageController))
 6 SYSTEMPATH/CodeIgniter.php(361): CodeIgniter\CodeIgniter->handleRequest(null, Object(Config\Cache), false)
 7 FCPATH/index.php(79): CodeIgniter\CodeIgniter->run()
CRITICAL - 2025-01-29 12:11:10 --> [Caused by] mysqli_sql_exception: Unknown column 'homepage_assets' in 'where clause'
in SYSTEMPATH/Database/MySQLi/Connection.php on line 306.
 1 SYSTEMPATH/Database/MySQLi/Connection.php(306): mysqli->query(' SELECT *  FROM course_batch
                                WHERE course_id = homepage_assets', 0)
 2 SYSTEMPATH/Database/BaseConnection.php(693): CodeIgniter\Database\MySQLi\Connection->execute(' SELECT *  FROM course_batch
                                WHERE course_id = homepage_assets')
 3 SYSTEMPATH/Database/BaseConnection.php(607): CodeIgniter\Database\BaseConnection->simpleQuery(' SELECT *  FROM course_batch
                                WHERE course_id = homepage_assets')
 4 APPPATH/Controllers/HomepageController.php(135): CodeIgniter\Database\BaseConnection->query(' SELECT *  FROM course_batch
                                WHERE course_id = homepage_assets')
 5 SYSTEMPATH/CodeIgniter.php(943): App\Controllers\HomepageController->Course_details_view('homepage_assets', 'img', 'favicon.png')
 6 SYSTEMPATH/CodeIgniter.php(503): CodeIgniter\CodeIgniter->runController(Object(App\Controllers\HomepageController))
 7 SYSTEMPATH/CodeIgniter.php(361): CodeIgniter\CodeIgniter->handleRequest(null, Object(Config\Cache), false)
 8 FCPATH/index.php(79): CodeIgniter\CodeIgniter->run()
INFO - 2025-01-29 12:11:45 --> Session: Class initialized using 'CodeIgniter\Session\Handlers\FileHandler' driver.
INFO - 2025-01-29 12:32:10 --> Session: Class initialized using 'CodeIgniter\Session\Handlers\FileHandler' driver.
INFO - 2025-01-29 12:53:33 --> Session: Class initialized using 'CodeIgniter\Session\Handlers\FileHandler' driver.
INFO - 2025-01-29 13:08:40 --> Session: Class initialized using 'CodeIgniter\Session\Handlers\FileHandler' driver.
INFO - 2025-01-29 13:19:21 --> Session: Class initialized using 'CodeIgniter\Session\Handlers\FileHandler' driver.
INFO - 2025-01-29 13:42:17 --> Session: Class initialized using 'CodeIgniter\Session\Handlers\FileHandler' driver.
INFO - 2025-01-29 13:45:54 --> Session: Class initialized using 'CodeIgniter\Session\Handlers\FileHandler' driver.
INFO - 2025-01-29 15:01:04 --> Session: Class initialized using 'CodeIgniter\Session\Handlers\FileHandler' driver.
INFO - 2025-01-29 15:01:12 --> Session: Class initialized using 'CodeIgniter\Session\Handlers\FileHandler' driver.
INFO - 2025-01-29 15:06:01 --> Session: Class initialized using 'CodeIgniter\Session\Handlers\FileHandler' driver.
INFO - 2025-01-29 15:06:03 --> Session: Class initialized using 'CodeIgniter\Session\Handlers\FileHandler' driver.
INFO - 2025-01-29 15:07:52 --> Session: Class initialized using 'CodeIgniter\Session\Handlers\FileHandler' driver.
INFO - 2025-01-29 15:50:29 --> Session: Class initialized using 'CodeIgniter\Session\Handlers\FileHandler' driver.
INFO - 2025-01-29 16:01:52 --> Session: Class initialized using 'CodeIgniter\Session\Handlers\FileHandler' driver.
INFO - 2025-01-29 16:16:57 --> Session: Class initialized using 'CodeIgniter\Session\Handlers\FileHandler' driver.
INFO - 2025-01-29 16:17:00 --> Session: Class initialized using 'CodeIgniter\Session\Handlers\FileHandler' driver.
ERROR - 2025-01-29 16:17:00 --> mysqli_sql_exception: Unknown column 'homepage_assets' in 'where clause' in /var/www/html/vendor/codeigniter4/framework/system/Database/MySQLi/Connection.php:306
Stack trace:
#0 /var/www/html/vendor/codeigniter4/framework/system/Database/MySQLi/Connection.php(306): mysqli->query(' SELECT *  FROM...', 0)
#1 /var/www/html/vendor/codeigniter4/framework/system/Database/BaseConnection.php(693): CodeIgniter\Database\MySQLi\Connection->execute(' SELECT *  FROM...')
#2 /var/www/html/vendor/codeigniter4/framework/system/Database/BaseConnection.php(607): CodeIgniter\Database\BaseConnection->simpleQuery(' SELECT *  FROM...')
#3 /var/www/html/app/Controllers/HomepageController.php(135): CodeIgniter\Database\BaseConnection->query(' SELECT *  FROM...')
#4 /var/www/html/vendor/codeigniter4/framework/system/CodeIgniter.php(943): App\Controllers\HomepageController->Course_details_view('homepage_assets', 'img', 'favicon.png')
#5 /var/www/html/vendor/codeigniter4/framework/system/CodeIgniter.php(503): CodeIgniter\CodeIgniter->runController(Object(App\Controllers\HomepageController))
#6 /var/www/html/vendor/codeigniter4/framework/system/CodeIgniter.php(361): CodeIgniter\CodeIgniter->handleRequest(NULL, Object(Config\Cache), false)
#7 /var/www/html/index.php(79): CodeIgniter\CodeIgniter->run()
#8 {main}
CRITICAL - 2025-01-29 16:17:00 --> CodeIgniter\Database\Exceptions\DatabaseException: Unknown column 'homepage_assets' in 'where clause'
in SYSTEMPATH/Database/BaseConnection.php on line 647.
 1 APPPATH/Controllers/HomepageController.php(135): CodeIgniter\Database\BaseConnection->query(' SELECT *  FROM course_batch
                                WHERE course_id = homepage_assets')
 2 SYSTEMPATH/CodeIgniter.php(943): App\Controllers\HomepageController->Course_details_view('homepage_assets', 'img', 'favicon.png')
 3 SYSTEMPATH/CodeIgniter.php(503): CodeIgniter\CodeIgniter->runController(Object(App\Controllers\HomepageController))
 4 SYSTEMPATH/CodeIgniter.php(361): CodeIgniter\CodeIgniter->handleRequest(null, Object(Config\Cache), false)
 5 FCPATH/index.php(79): CodeIgniter\CodeIgniter->run()
CRITICAL - 2025-01-29 16:17:00 --> [Caused by] CodeIgniter\Database\Exceptions\DatabaseException: Unknown column 'homepage_assets' in 'where clause'
in SYSTEMPATH/Database/MySQLi/Connection.php on line 311.
 1 SYSTEMPATH/Database/BaseConnection.php(693): CodeIgniter\Database\MySQLi\Connection->execute(' SELECT *  FROM course_batch
                                WHERE course_id = homepage_assets')
 2 SYSTEMPATH/Database/BaseConnection.php(607): CodeIgniter\Database\BaseConnection->simpleQuery(' SELECT *  FROM course_batch
                                WHERE course_id = homepage_assets')
 3 APPPATH/Controllers/HomepageController.php(135): CodeIgniter\Database\BaseConnection->query(' SELECT *  FROM course_batch
                                WHERE course_id = homepage_assets')
 4 SYSTEMPATH/CodeIgniter.php(943): App\Controllers\HomepageController->Course_details_view('homepage_assets', 'img', 'favicon.png')
 5 SYSTEMPATH/CodeIgniter.php(503): CodeIgniter\CodeIgniter->runController(Object(App\Controllers\HomepageController))
 6 SYSTEMPATH/CodeIgniter.php(361): CodeIgniter\CodeIgniter->handleRequest(null, Object(Config\Cache), false)
 7 FCPATH/index.php(79): CodeIgniter\CodeIgniter->run()
CRITICAL - 2025-01-29 16:17:00 --> [Caused by] mysqli_sql_exception: Unknown column 'homepage_assets' in 'where clause'
in SYSTEMPATH/Database/MySQLi/Connection.php on line 306.
 1 SYSTEMPATH/Database/MySQLi/Connection.php(306): mysqli->query(' SELECT *  FROM course_batch
                                WHERE course_id = homepage_assets', 0)
 2 SYSTEMPATH/Database/BaseConnection.php(693): CodeIgniter\Database\MySQLi\Connection->execute(' SELECT *  FROM course_batch
                                WHERE course_id = homepage_assets')
 3 SYSTEMPATH/Database/BaseConnection.php(607): CodeIgniter\Database\BaseConnection->simpleQuery(' SELECT *  FROM course_batch
                                WHERE course_id = homepage_assets')
 4 APPPATH/Controllers/HomepageController.php(135): CodeIgniter\Database\BaseConnection->query(' SELECT *  FROM course_batch
                                WHERE course_id = homepage_assets')
 5 SYSTEMPATH/CodeIgniter.php(943): App\Controllers\HomepageController->Course_details_view('homepage_assets', 'img', 'favicon.png')
 6 SYSTEMPATH/CodeIgniter.php(503): CodeIgniter\CodeIgniter->runController(Object(App\Controllers\HomepageController))
 7 SYSTEMPATH/CodeIgniter.php(361): CodeIgniter\CodeIgniter->handleRequest(null, Object(Config\Cache), false)
 8 FCPATH/index.php(79): CodeIgniter\CodeIgniter->run()
INFO - 2025-01-29 16:17:15 --> Session: Class initialized using 'CodeIgniter\Session\Handlers\FileHandler' driver.
INFO - 2025-01-29 16:18:17 --> Session: Class initialized using 'CodeIgniter\Session\Handlers\FileHandler' driver.
INFO - 2025-01-29 16:18:22 --> Session: Class initialized using 'CodeIgniter\Session\Handlers\FileHandler' driver.
INFO - 2025-01-29 16:44:38 --> Session: Class initialized using 'CodeIgniter\Session\Handlers\FileHandler' driver.
INFO - 2025-01-29 16:44:44 --> Session: Class initialized using 'CodeIgniter\Session\Handlers\FileHandler' driver.
ERROR - 2025-01-29 16:44:44 --> mysqli_sql_exception: Unknown column 'homepage_assets' in 'where clause' in /var/www/html/vendor/codeigniter4/framework/system/Database/MySQLi/Connection.php:306
Stack trace:
#0 /var/www/html/vendor/codeigniter4/framework/system/Database/MySQLi/Connection.php(306): mysqli->query(' SELECT *  FROM...', 0)
#1 /var/www/html/vendor/codeigniter4/framework/system/Database/BaseConnection.php(693): CodeIgniter\Database\MySQLi\Connection->execute(' SELECT *  FROM...')
#2 /var/www/html/vendor/codeigniter4/framework/system/Database/BaseConnection.php(607): CodeIgniter\Database\BaseConnection->simpleQuery(' SELECT *  FROM...')
#3 /var/www/html/app/Controllers/HomepageController.php(135): CodeIgniter\Database\BaseConnection->query(' SELECT *  FROM...')
#4 /var/www/html/vendor/codeigniter4/framework/system/CodeIgniter.php(943): App\Controllers\HomepageController->Course_details_view('homepage_assets', 'img', 'favicon.png')
#5 /var/www/html/vendor/codeigniter4/framework/system/CodeIgniter.php(503): CodeIgniter\CodeIgniter->runController(Object(App\Controllers\HomepageController))
#6 /var/www/html/vendor/codeigniter4/framework/system/CodeIgniter.php(361): CodeIgniter\CodeIgniter->handleRequest(NULL, Object(Config\Cache), false)
#7 /var/www/html/index.php(79): CodeIgniter\CodeIgniter->run()
#8 {main}
CRITICAL - 2025-01-29 16:44:44 --> CodeIgniter\Database\Exceptions\DatabaseException: Unknown column 'homepage_assets' in 'where clause'
in SYSTEMPATH/Database/BaseConnection.php on line 647.
 1 APPPATH/Controllers/HomepageController.php(135): CodeIgniter\Database\BaseConnection->query(' SELECT *  FROM course_batch
                                WHERE course_id = homepage_assets')
 2 SYSTEMPATH/CodeIgniter.php(943): App\Controllers\HomepageController->Course_details_view('homepage_assets', 'img', 'favicon.png')
 3 SYSTEMPATH/CodeIgniter.php(503): CodeIgniter\CodeIgniter->runController(Object(App\Controllers\HomepageController))
 4 SYSTEMPATH/CodeIgniter.php(361): CodeIgniter\CodeIgniter->handleRequest(null, Object(Config\Cache), false)
 5 FCPATH/index.php(79): CodeIgniter\CodeIgniter->run()
CRITICAL - 2025-01-29 16:44:44 --> [Caused by] CodeIgniter\Database\Exceptions\DatabaseException: Unknown column 'homepage_assets' in 'where clause'
in SYSTEMPATH/Database/MySQLi/Connection.php on line 311.
 1 SYSTEMPATH/Database/BaseConnection.php(693): CodeIgniter\Database\MySQLi\Connection->execute(' SELECT *  FROM course_batch
                                WHERE course_id = homepage_assets')
 2 SYSTEMPATH/Database/BaseConnection.php(607): CodeIgniter\Database\BaseConnection->simpleQuery(' SELECT *  FROM course_batch
                                WHERE course_id = homepage_assets')
 3 APPPATH/Controllers/HomepageController.php(135): CodeIgniter\Database\BaseConnection->query(' SELECT *  FROM course_batch
                                WHERE course_id = homepage_assets')
 4 SYSTEMPATH/CodeIgniter.php(943): App\Controllers\HomepageController->Course_details_view('homepage_assets', 'img', 'favicon.png')
 5 SYSTEMPATH/CodeIgniter.php(503): CodeIgniter\CodeIgniter->runController(Object(App\Controllers\HomepageController))
 6 SYSTEMPATH/CodeIgniter.php(361): CodeIgniter\CodeIgniter->handleRequest(null, Object(Config\Cache), false)
 7 FCPATH/index.php(79): CodeIgniter\CodeIgniter->run()
CRITICAL - 2025-01-29 16:44:44 --> [Caused by] mysqli_sql_exception: Unknown column 'homepage_assets' in 'where clause'
in SYSTEMPATH/Database/MySQLi/Connection.php on line 306.
 1 SYSTEMPATH/Database/MySQLi/Connection.php(306): mysqli->query(' SELECT *  FROM course_batch
                                WHERE course_id = homepage_assets', 0)
 2 SYSTEMPATH/Database/BaseConnection.php(693): CodeIgniter\Database\MySQLi\Connection->execute(' SELECT *  FROM course_batch
                                WHERE course_id = homepage_assets')
 3 SYSTEMPATH/Database/BaseConnection.php(607): CodeIgniter\Database\BaseConnection->simpleQuery(' SELECT *  FROM course_batch
                                WHERE course_id = homepage_assets')
 4 APPPATH/Controllers/HomepageController.php(135): CodeIgniter\Database\BaseConnection->query(' SELECT *  FROM course_batch
                                WHERE course_id = homepage_assets')
 5 SYSTEMPATH/CodeIgniter.php(943): App\Controllers\HomepageController->Course_details_view('homepage_assets', 'img', 'favicon.png')
 6 SYSTEMPATH/CodeIgniter.php(503): CodeIgniter\CodeIgniter->runController(Object(App\Controllers\HomepageController))
 7 SYSTEMPATH/CodeIgniter.php(361): CodeIgniter\CodeIgniter->handleRequest(null, Object(Config\Cache), false)
 8 FCPATH/index.php(79): CodeIgniter\CodeIgniter->run()
INFO - 2025-01-29 16:45:22 --> Session: Class initialized using 'CodeIgniter\Session\Handlers\FileHandler' driver.
INFO - 2025-01-29 16:45:23 --> Session: Class initialized using 'CodeIgniter\Session\Handlers\FileHandler' driver.
ERROR - 2025-01-29 16:45:23 --> mysqli_sql_exception: Unknown column 'homepage_assets' in 'where clause' in /var/www/html/vendor/codeigniter4/framework/system/Database/MySQLi/Connection.php:306
Stack trace:
#0 /var/www/html/vendor/codeigniter4/framework/system/Database/MySQLi/Connection.php(306): mysqli->query(' SELECT *  FROM...', 0)
#1 /var/www/html/vendor/codeigniter4/framework/system/Database/BaseConnection.php(693): CodeIgniter\Database\MySQLi\Connection->execute(' SELECT *  FROM...')
#2 /var/www/html/vendor/codeigniter4/framework/system/Database/BaseConnection.php(607): CodeIgniter\Database\BaseConnection->simpleQuery(' SELECT *  FROM...')
#3 /var/www/html/app/Controllers/HomepageController.php(135): CodeIgniter\Database\BaseConnection->query(' SELECT *  FROM...')
#4 /var/www/html/vendor/codeigniter4/framework/system/CodeIgniter.php(943): App\Controllers\HomepageController->Course_details_view('homepage_assets', 'img', 'favicon.png')
#5 /var/www/html/vendor/codeigniter4/framework/system/CodeIgniter.php(503): CodeIgniter\CodeIgniter->runController(Object(App\Controllers\HomepageController))
#6 /var/www/html/vendor/codeigniter4/framework/system/CodeIgniter.php(361): CodeIgniter\CodeIgniter->handleRequest(NULL, Object(Config\Cache), false)
#7 /var/www/html/index.php(79): CodeIgniter\CodeIgniter->run()
#8 {main}
CRITICAL - 2025-01-29 16:45:23 --> CodeIgniter\Database\Exceptions\DatabaseException: Unknown column 'homepage_assets' in 'where clause'
in SYSTEMPATH/Database/BaseConnection.php on line 647.
 1 APPPATH/Controllers/HomepageController.php(135): CodeIgniter\Database\BaseConnection->query(' SELECT *  FROM course_batch
                                WHERE course_id = homepage_assets')
 2 SYSTEMPATH/CodeIgniter.php(943): App\Controllers\HomepageController->Course_details_view('homepage_assets', 'img', 'favicon.png')
 3 SYSTEMPATH/CodeIgniter.php(503): CodeIgniter\CodeIgniter->runController(Object(App\Controllers\HomepageController))
 4 SYSTEMPATH/CodeIgniter.php(361): CodeIgniter\CodeIgniter->handleRequest(null, Object(Config\Cache), false)
 5 FCPATH/index.php(79): CodeIgniter\CodeIgniter->run()
CRITICAL - 2025-01-29 16:45:23 --> [Caused by] CodeIgniter\Database\Exceptions\DatabaseException: Unknown column 'homepage_assets' in 'where clause'
in SYSTEMPATH/Database/MySQLi/Connection.php on line 311.
 1 SYSTEMPATH/Database/BaseConnection.php(693): CodeIgniter\Database\MySQLi\Connection->execute(' SELECT *  FROM course_batch
                                WHERE course_id = homepage_assets')
 2 SYSTEMPATH/Database/BaseConnection.php(607): CodeIgniter\Database\BaseConnection->simpleQuery(' SELECT *  FROM course_batch
                                WHERE course_id = homepage_assets')
 3 APPPATH/Controllers/HomepageController.php(135): CodeIgniter\Database\BaseConnection->query(' SELECT *  FROM course_batch
                                WHERE course_id = homepage_assets')
 4 SYSTEMPATH/CodeIgniter.php(943): App\Controllers\HomepageController->Course_details_view('homepage_assets', 'img', 'favicon.png')
 5 SYSTEMPATH/CodeIgniter.php(503): CodeIgniter\CodeIgniter->runController(Object(App\Controllers\HomepageController))
 6 SYSTEMPATH/CodeIgniter.php(361): CodeIgniter\CodeIgniter->handleRequest(null, Object(Config\Cache), false)
 7 FCPATH/index.php(79): CodeIgniter\CodeIgniter->run()
CRITICAL - 2025-01-29 16:45:23 --> [Caused by] mysqli_sql_exception: Unknown column 'homepage_assets' in 'where clause'
in SYSTEMPATH/Database/MySQLi/Connection.php on line 306.
 1 SYSTEMPATH/Database/MySQLi/Connection.php(306): mysqli->query(' SELECT *  FROM course_batch
                                WHERE course_id = homepage_assets', 0)
 2 SYSTEMPATH/Database/BaseConnection.php(693): CodeIgniter\Database\MySQLi\Connection->execute(' SELECT *  FROM course_batch
                                WHERE course_id = homepage_assets')
 3 SYSTEMPATH/Database/BaseConnection.php(607): CodeIgniter\Database\BaseConnection->simpleQuery(' SELECT *  FROM course_batch
                                WHERE course_id = homepage_assets')
 4 APPPATH/Controllers/HomepageController.php(135): CodeIgniter\Database\BaseConnection->query(' SELECT *  FROM course_batch
                                WHERE course_id = homepage_assets')
 5 SYSTEMPATH/CodeIgniter.php(943): App\Controllers\HomepageController->Course_details_view('homepage_assets', 'img', 'favicon.png')
 6 SYSTEMPATH/CodeIgniter.php(503): CodeIgniter\CodeIgniter->runController(Object(App\Controllers\HomepageController))
 7 SYSTEMPATH/CodeIgniter.php(361): CodeIgniter\CodeIgniter->handleRequest(null, Object(Config\Cache), false)
 8 FCPATH/index.php(79): CodeIgniter\CodeIgniter->run()
INFO - 2025-01-29 17:51:12 --> Session: Class initialized using 'CodeIgniter\Session\Handlers\FileHandler' driver.
INFO - 2025-01-29 18:06:14 --> Session: Class initialized using 'CodeIgniter\Session\Handlers\FileHandler' driver.
INFO - 2025-01-29 21:37:17 --> Session: Class initialized using 'CodeIgniter\Session\Handlers\FileHandler' driver.
INFO - 2025-01-29 22:08:04 --> Session: Class initialized using 'CodeIgniter\Session\Handlers\FileHandler' driver.
CRITICAL - 2025-01-29 22:08:04 --> ErrorException: Undefined variable: course_title
in APPPATH/Views/student/course_details_left_contain.php on line 24.
 1 APPPATH/Views/student/course_details_left_contain.php(24): CodeIgniter\Debug\Exceptions->errorHandler(8, 'Undefined variable: course_title', '/var/www/html/app/Views/student/course_details_left_contain.php', 24, [...])
 2 APPPATH/Views/student/CourseDetailsView.php(67): include_once('/var/www/html/app/Views/student/course_details_left_contain.php')
 3 SYSTEMPATH/View/View.php(228): include('/var/www/html/app/Views/student/CourseDetailsView.php')
 4 SYSTEMPATH/View/View.php(231): CodeIgniter\View\View->CodeIgniter\View\{closure}()
 5 SYSTEMPATH/Common.php(1178): CodeIgniter\View\View->render('student/CourseDetailsView', [], true)
 6 APPPATH/Controllers/HomepageController.php(157): view('student/CourseDetailsView', [...])
 7 SYSTEMPATH/CodeIgniter.php(943): App\Controllers\HomepageController->Course_details_view('66')
 8 SYSTEMPATH/CodeIgniter.php(503): CodeIgniter\CodeIgniter->runController(Object(App\Controllers\HomepageController))
 9 SYSTEMPATH/CodeIgniter.php(361): CodeIgniter\CodeIgniter->handleRequest(null, Object(Config\Cache), false)
10 FCPATH/index.php(79): CodeIgniter\CodeIgniter->run()
INFO - 2025-01-29 22:14:46 --> Session: Class initialized using 'CodeIgniter\Session\Handlers\FileHandler' driver.
INFO - 2025-01-29 22:44:41 --> Session: Class initialized using 'CodeIgniter\Session\Handlers\FileHandler' driver.
INFO - 2025-01-29 22:44:41 --> Session: Class initialized using 'CodeIgniter\Session\Handlers\FileHandler' driver.
